ad_id,country,page_name,started_on,days_running,impressions_upper,score,ad_text,product_url,video_url,ad_library_url,keyword,date_found
1249391956667997,SA,,2025-07-31,380,,480,"​ Active Library ID: 1249391956667997 Started running on Jul 31, 2025 Platforms ​ ​ This ad has multiple versions ​",https://www.adobe.com/mena_ar/acrobat/free-trial-download.html,,https://www.facebook.com/ads/library/?id=1249391956667997,جهاز,2026-08-15T00:33:07+00:00
521104682318284,SA,,2021-08-25,1816,,480,"​ Active Library ID: 521104682318284 Started running on Aug 25, 2021 Platforms ​ ​ ​",https://www.adobe.com/mena_ar/acrobat/free-trial-download.html,,https://www.facebook.com/ads/library/?id=521104682318284,جهاز,2026-08-15T00:31:58+00:00
1872035936711282,SA,,2025-09-28,321,,436,"​ Active Library ID: 1872035936711282 Started running on Sep 28, 2025 Platforms ​ ​ ​ ​ EU transparency ​",https://www.adobe.com/mena_ar/acrobat/free-trial-download.html,,https://www.facebook.com/ads/library/?id=1872035936711282,جهاز,2026-08-15T00:32:14+00:00
1166907448776315,SA,,2025-11-04,284,,399,"​ Active Library ID: 1166907448776315 Started running on Nov 4, 2025 Platforms ​ ​",https://sa.revibe.me/ar/collections/refurbished-iphones,,https://www.facebook.com/ads/library/?id=1166907448776315,جهاز,2026-08-15T00:32:42+00:00
1188241626570548,SA,,2025-11-18,270,,385,"​ Active Library ID: 1188241626570548 Started running on Nov 18, 2025 Platforms ​ ​ ​ ​ ​ This ad has multiple versions ​",https://www.megadealksa.com/en/p-37,,https://www.facebook.com/ads/library/?id=1188241626570548,جهاز,2026-08-15T00:32:51+00:00
598612026354862,TN,Mbio Para,2025-01-29,588,0,365,"تخفيض 🤩 تخفيض 🤩 تخفيض 🤩 علبتين ب 29د و التوصيل مجاني 🔥🔥🔥 كريم Toudol الطبيعي الغني بالزيوت و مستخلصات النباتات ✅✅✅ كيما: زيت أكليل الجبل، عود القرنفل، الفليو، النعناع، الكافور، نبتة مهال الشيطان، الارنيكا ❤️💯 يعطيك شعور مش عادي بالحرارة 🔥 يقاوم التهاب المفاصل من اول الاستعمالات 👌🏻 يقضي على الوجايع و التسطير و ترجع تتحرك كانك كنت تكذب في ظرف 15دقيقة اكهو السعر🎁 29د اكهو و التوصيل مجاني 💯 يوصلوك علبتين في عوض علبة واحدة🤩🤩🤩 فاش تستنى, ابعثلنا العنوان ورقم الهاتف و احنا نوصلولك لباب الدار 😍 | موش وقيت تقول يزيني من العذاب والوجيعة؟؟",https://mbiopara.com/products/toudol,https://video.forn3-6.fna.fbcdn.net/o1/v/t2/f2/m366/AQMwk33bNyiaqSY0m4Fdqhm_piMrsyov6IIzLQFfNAb9OOEznCsoHE804hBELFY-DzmDLEv6bjAkNLmAqH9io5bEUc_p7UpbkFAhemksMC2bNg.mp4?_nc_cat=106&_nc_oc=AdpkKiohZjdA1LGY2fbW9j9WcEIOUv6er0GPv6JuQ7u-onY0c5ECug9rB7ImKuv6m4Q&_nc_sid=b66105&_nc_ht=video.forn3-6.fna.fbcdn.net&_nc_ohc=4pqiiP-W7UAQ7kNvwFlq16r&efg=eyJ2ZW5jb2RlX3RhZyI6Inhwdl9wcm9ncmVzc2l2ZS5WSV9VU0VDQVNFX1BST0RVQ1RfVFlQRS4uQzMuNzE2LmRhc2hfaDI2NC1iYXNpYy1nZW4yXzcyMHAiLCJ4cHZfYXNzZXRfaWQiOjgyMjk4Mzk5MzI5MjA2NywiYXNzZXRfYWdlX2RheXMiOjU5MywidmlfdXNlY2FzZV9pZCI6MTA3OTksImR1cmF0aW9uX3MiOjQ4LCJ1cmxnZW5fc291cmNlIjoid3d3In0%3D&ccb=17-1&vs=8b2b8d1739623842&_nc_vs=HBksFQIYRWZiX2VwaGVtZXJhbC9DQTRDNzg5OTlCRjM5N0QyMzFDRDNBMTM1MEI1RTZCQl9tdF8xX3ZpZGVvX2Rhc2hpbml0Lm1wNBUAAsgBEgAVAhg6cGFzc3Rocm91Z2hfZXZlcnN0b3JlL0dNVWlQUnpHcXEtQnJlc0RBTE5XWUhnV2djMW9idjRHQUFBRhUCAsgBEgAoABgAGwKIB3VzZV9vaWwBMRJwcm9ncmVzc2l2ZV9yZWNpcGUBMRUAACbG1JvJ_J_2AhUCKAJDMywXQEgVP3ztkWgYGWRhc2hfaDI2NC1iYXNpYy1nZW4yXzcyMHARAHUAZd6oAQA&_nc_gid=jAMSvUsbwXJU-Ny3WXW0bQ&_nc_ss=7a289&_nc_map=urlgen_bucketless&_nc_zt=28&oh=00_AQITvd6yZYy0Cgn6fAsW_wDK88H6bbZ1Cd3SYMGNpgFWFA&oe=6AA71A86,https://www.facebook.com/ads/library/?id=598612026354862,تتحصل كريم,2026-09-09T11:51:52+00:00
938117531830756,TN,Novitas Plus,2025-01-30,587,0,365,"الحل الأمثل لتفتيح المناطق الحساسة من اول الاستعمالات 🔥🔥🔥 و زيد تتحصل على ريحة بنينة و منعشة تدوملك نهار كامل 🌸🌸🌸. باك Narcisse Gold لتفتيح المناطق الحساسة اللي عمل ضجة كبيرة في سوق مواد التجميل 🥳 ❤️ متكون من جال و كريم و يجيك معاه déo intime هدية 🎁. ✅تركيبته طبيعية بنسبة 95% غنية بمستخلصات توفرلك تفتيح و ترطيب من اول الاستعمالات كيما: Sclareolide, مستخلص عرق السوس، vitamine c و niacinamide السعر هو 49د فقط في عوض 78د و التوصيل مجاني 🔥🔥 ابعقلنا العنوان ورقم الهاتف باش تعدي كومند واستغل البرومو 🥰 | اكتشف باك تفتيح المناطق الحساسة اللي عمل ضجّة في تونس",https://novitasplus.com/products/pack-eclaircissant-narcisse-gold,https://video.forn3-2.fna.fbcdn.net/o1/v/t2/f2/m366/AQOHLhPQ7Zl4pV64Z-iWxtH38t8XZv_PrSb1lnLX6RHz4-ZoLeD8FRapPj9ymqoR1F7K5YrAa6Cyb6hLqiuVll_WkM0p0cHYGCuWDGYcwgockw.mp4?_nc_cat=100&_nc_oc=Adon1jmpjSomRxn7EJvK_9NkAdZwSH41XQBV8ul8KMc8AeLWlv_vsZpWauMosLu0N5U&_nc_sid=b66105&_nc_ht=video.forn3-2.fna.fbcdn.net&_nc_ohc=CxS58ctlY4IQ7kNvwENkJTC&efg=eyJ2ZW5jb2RlX3RhZyI6Inhwdl9wcm9ncmVzc2l2ZS5WSV9VU0VDQVNFX1BST0RVQ1RfVFlQRS4uQzMuNzE2LmRhc2hfaDI2NC1iYXNpYy1nZW4yXzcyMHAiLCJ4cHZfYXNzZXRfaWQiOjIwNjY0OTY5NTM3OTIzNjQsImFzc2V0X2FnZV9kYXlzIjo1ODYsInZpX3VzZWNhc2VfaWQiOjEwNzk5LCJkdXJhdGlvbl9zIjo3MywidXJsZ2VuX3NvdXJjZSI6Ind3dyJ9&ccb=17-1&vs=1e122549bdb92b68&_nc_vs=HBksFQIYRWZiX2VwaGVtZXJhbC85NDQ0OUM4MDk2QjI4NzM0NjMzRUMwOTk1MzNGNDM5NV9tdF8xX3ZpZGVvX2Rhc2hpbml0Lm1wNBUAAsgBEgAVAhg6cGFzc3Rocm91Z2hfZXZlcnN0b3JlL0dNb2lYQnhxbk9ZTmVxc0ZBT1NvZ0hCNXpoeEJidjRHQUFBRhUCAsgBEgAoABgAGwKIB3VzZV9vaWwBMRJwcm9ncmVzc2l2ZV9yZWNpcGUBMRUAACbY3eGN-t2rBxUCKAJDMywXQFJkOVgQYk4YGWRhc2hfaDI2NC1iYXNpYy1nZW4yXzcyMHARAHUAZd6oAQA&_nc_gid=jAMSvUsbwXJU-Ny3WXW0bQ&_nc_ss=7a289&_nc_map=urlgen_bucketless&_nc_zt=28&oh=00_AQJ9VmhtdPCMaoeQhftzaYos9z9l0fAujlO-zLjmFBI8Gg&oe=6AA705DC,https://www.facebook.com/ads/library/?id=938117531830756,تتحصل كريم,2026-09-09T11:51:52+00:00
2370470806670359,TN,Le Lab Pharma,2025-05-23,474,0,365,🚨🚨 اخر فرصة باش تخلط على البرومو 🚨 ✨ اكرون مع هدية ب39د فقط 🥹🥰❤️باك متكامل لتفتيح البشرة وترطيبها و زيد توصيل بلاااش 🤯🤯🤯 نقدّم لك واقي الشمس الشفاف SPF 50، يحمي بشرتك من أشعة الشمس الضارة بدون أي آثار بيضاء. ومع كل واقي شمس، تحصلين مجاناً على كريم تفتيح فعّال بتركيبة غنيّة تحتوي على: 🔸 النياسيناميد 🔸 فيتامين C 🔸 حمض الهيالورونيك 🔸 مستخلص العرقسوس 🔸 السكلاريولايد تركيبة تساعد على توحيد لون البشرة وتفتيح البقع الداكنة، لتبدو بشرتك أكثر نضارة وإشراقًا. 📦 السعر: فقط 39 دينار 🚚 والتوصيل مجاني إلى جميع الولايات. 📲 العرض محدود، سارعي بالحجز الآن! | عرض اليوم ما يتفلتش 🚨 écran ومعاه هدية 🎁 ب 39د فقط 🥰,https://lelabpara.com/products/ecran-solaire-invisible,https://video.forn3-5.fna.fbcdn.net/o1/v/t2/f2/m366/AQMG8In-8Het3AKzA2_XxcxKZHdTn4B159zBfy9cmxAJiK7uHdLzdnRuc-B5GDa5fHnBJi2piqqxQvSkkRqvN0xi-qcdLD17CSqw91M39WHGKg.mp4?_nc_cat=107&_nc_oc=AdpA3YcAuckfVc_ElQjYUfibzue8B0VW1HtCJXRDtJL87q9wLltz5RHKRXsRlYDj7iU&_nc_sid=b66105&_nc_ht=video.forn3-5.fna.fbcdn.net&_nc_ohc=Avz9p6mpkvwQ7kNvwEyG8dH&efg=eyJ2ZW5jb2RlX3RhZyI6Inhwdl9wcm9ncmVzc2l2ZS5WSV9VU0VDQVNFX1BST0RVQ1RfVFlQRS4uQzMuNzIwLmRhc2hfaDI2NC1iYXNpYy1nZW4yXzcyMHAiLCJ4cHZfYXNzZXRfaWQiOjE1MDkwOTUzNDA0NzE1MDIsImFzc2V0X2FnZV9kYXlzIjo0NzQsInZpX3VzZWNhc2VfaWQiOjEwNzk5LCJkdXJhdGlvbl9zIjo0NSwidXJsZ2VuX3NvdXJjZSI6Ind3dyJ9&ccb=17-1&vs=322ef214a99af971&_nc_vs=HBksFQIYRWZiX2VwaGVtZXJhbC9ERTRFMjVDRDZCQTRCRkMwOERBMjZFMzFEOThGRkM5OF9tdF8xX3ZpZGVvX2Rhc2hpbml0Lm1wNBUAAsgBEgAVAhg6cGFzc3Rocm91Z2hfZXZlcnN0b3JlL0dPS2R6QjBmdUJ5YURRa0VBQkttQWVhX0I3d0lidjRHQUFBRhUCAsgBEgAoABgAGwKIB3VzZV9vaWwBMRJwcm9ncmVzc2l2ZV9yZWNpcGUBMRUAACac05u79KCuBRUCKAJDMywXQEbEOVgQYk4YGWRhc2hfaDI2NC1iYXNpYy1nZW4yXzcyMHARAHUAZd6oAQA&_nc_gid=SVB8pXtIQ30ZElxK8b851g&_nc_ss=7a289&_nc_map=urlgen_bucketless&_nc_zt=28&oh=00_AQI4wIeyfKoil5j7ZMr2tLjc72sI5pnV0a29iqs8V0lh3A&oe=6AA70FB1,https://www.facebook.com/ads/library/?id=2370470806670359,تتحصل كريم,2026-09-09T11:51:52+00:00
761687473186268,TN,Le Lab Pharma,2025-07-11,425,0,365,"🚨 ب29د فققط 🤑 تتحصل على سيروم لتفتيح الحواق تحت العينين 🥰 من مجموعة Narcisse Gold الايطالية الرائدة في مجال التفتيح وزيد يجيك معاه غسول للوجه هدية 🔥🔥🎁🎁 سيروم تفتيح الهالات السوداء الغني عن التعريف اليوم في تخفيض فررررصة 🥰🥰🥰 غني بالنياسنميد و الاسيد هياليرونيك لضمان تفتيح فعال, ترطيب من الاعماق و تقليل التجاعيد. سيروم خال من البرابين والمواد الكيمائية الضارة, مناسب لبشرة تحت العين الحساسة. مجرب من قبل مئات الحرفاء و الحريفات ❤️ اللي لقاو نتائج مفرحة و تحسن ملحوظ من اول الاسابيع. يجيك معاه هدية من عنا غسول للوجه ريحته بنينة , يرطب البشرة و ينظفها بعمق وزيد ينظم عملية افراز الزيت في الوجه 🌸 هذا الكل ب 29د اكهو والتوصيل 6د فقط 🤑 حطلنا رقمك والعنوان وخلي الباقي علينا | برشا ناس تحب ترتاح من الحواق لكن تغفل على اهم نقطة 🤯🚨",https://lelabpara.com/products/serum-contour-des-yeux,https://video.forn3-1.fna.fbcdn.net/o1/v/t2/f2/m412/AQO1K4LypUaEDhMbkE3d5nJbrbC4XL4wjYoQQh14SFjDJHautapDcCrWerVzGGb_UQ0zZJkX0kP9CmCKdSDpLKdW.mp4?_nc_cat=100&_nc_oc=Adq1-4HfH9dVfLxazZJ-qO4IxQVDa_15B4NTRAJOrW8o6PWBRkS2xB9KxAnXKHCE7cA&_nc_sid=ef5aa3&_nc_ht=video.forn3-1.fna.fbcdn.net&_nc_ohc=nI-BE6NJ2GkQ7kNvwHMppN-&efg=eyJ2ZW5jb2RlX3RhZyI6Inhwdl9wcm9ncmVzc2l2ZS5WSV9VU0VDQVNFX1BST0RVQ1RfVFlQRS4uQzMuNzE2LmFzaWNfaHEyX2hkX3Byb2dyZXNzaXZlIiwieHB2X2Fzc2V0X2lkIjozMDM0Mjg3NjQwMTA1MzEyLCJhc3NldF9hZ2VfZGF5cyI6MTU5LCJ2aV91c2VjYXNlX2lkIjoxMDY4MCwiZHVyYXRpb25fcyI6ODMsInVybGdlbl9zb3VyY2UiOiJ3d3cifQ%3D%3D&ccb=17-1&_nc_gid=OTJqKNrTgmVpKzjgDv56vA&_nc_ss=7b289&_nc_map=urlgen_bucketless&_nc_zt=28&oh=00_AQLFbEqhS2Lox_S_at79gKewqCtI2HKXLI8ndggyncIl1g&oe=6AA7005D,https://www.facebook.com/ads/library/?id=761687473186268,مش لازم تكمل سيروم,2026-09-09T11:41:11+00:00
4103364476542404,AE,New Me Clinic ,2025-08-24,381,0,365,⁨ 🎥✨ المذيعة رنيم الباشا تحكي تجربتها مع نيو مي ✨🎥 استمتعت بخدمات المركز وخاصة خدمة الليزر بجهاز كانديلا جنتل ماكس برو 💎 والنتيجة؟ نعومة، راحة، وتجربة مختلفة 👌 📍 نيو مي كلينك – مدينة دبي الطبية 📞 للحجز والتواصل: 0551266005 استشارتج علينا 💚⁩,https://api.whatsapp.com/send,https://video.forn3-5.fna.fbcdn.net/o1/v/t2/f2/m86/AQPwtOyWLkMj91rsTs9QbBY8sP8Au1IJ91cokV0Cmjm1XfjqBiBcLZQOAZp8yLQnvfOGG9oSjzS0ZGl4cyIUs7wvOYkEw5GEvDTAcaI.mp4?_nc_cat=101&_nc_oc=AdrlvsCeX5x7ap5NSNBctC2NQdDMAbsmwN6OkYjCsnbTrjbB5d57INsq9fd_Y9BNm6g&_nc_sid=b66105&_nc_ht=video.forn3-5.fna.fbcdn.net&_nc_ohc=xFfhAte2jKsQ7kNvwFuwogv&efg=eyJ2ZW5jb2RlX3RhZyI6Inhwdl9wcm9ncmVzc2l2ZS5WSV9VU0VDQVNFX1BST0RVQ1RfVFlQRS4uQzMuNzIwLmRhc2hfYmFzZWxpbmVfMV92MSIsInhwdl9hc3NldF9pZCI6Njk0MjAxMDgwMzQ1OTc0LCJhc3NldF9hZ2VfZGF5cyI6MzgxLCJ2aV91c2VjYXNlX2lkIjoxMDA5OSwiZHVyYXRpb25fcyI6NDcsInVybGdlbl9zb3VyY2UiOiJ3d3cifQ%3D%3D&ccb=17-1&vs=e889aed547a7ced2&_nc_vs=HBksFQIYUmlnX3hwdl9yZWVsc19wZXJtYW5lbnRfc3JfcHJvZC8xQjQ3QkQ1OERBM0VENEFDRTQ0QkRBN0NGMDU5OUNBOV92aWRlb19kYXNoaW5pdC5tcDQVAALIARIAFQIYRmlnX3hwdl9yZWVsc19wZXJtYW5lbnRfc3JfcHJvZC83MzMyOTQ0NTYyMTYxNThfNjk0MTExNDM0MDgxNTM2MjI1NS5tcDQVAgLIARIAKAAYABsCiAd1c2Vfb2lsATEScHJvZ3Jlc3NpdmVfcmVjaXBlATEVAAAm7NXfjOnXuwIVAigCQzMsF0BH92yLQ5WBGBJkYXNoX2Jhc2VsaW5lXzFfdjERAHUAZeadAQA&_nc_gid=4ydYv4n3mrtYV7Uglqie9Q&_nc_ss=7b289&_nc_map=urlgen_bucketless&_nc_zt=28&oh=00_AQJDf3iK4InPKul5T06XbkJu-G8-eFhHk-5o5tVJ_wYCyw&oe=6AA3072A,https://www.facebook.com/ads/library/?id=4103364476542404,جهاز الليزر,2026-09-09T10:39:21+00:00
1884348119009948,LY,Softskin By Secretreza,2025-03-20,538,0,365,ازالة الشعر بالليزر يعني اصدار الخط الاحمر من سيكريت ريزا البريطانية 🇬🇧 👈🏼 استخدم كود SUM10 للحصول على خصم اضافي ميزات اصدار الخط الاحمر ( redline edition ) ‌‎🧊 يحتوي على نظام التبريد الثلجي ‌‎⚡️ نظام الضربات السريع ‌‎💥 فعالية اكثر ‌‎♾ عدد ضربات لا محدودة ‌‌‏🇬🇧 بريطاني الصنع ‌‎💯ضمان ٥ سنوات ‌‎🎁 هدية قيمة مع العرض ‌‎🚚 توصيل مجاني,https://www.secretreza.com/ar,https://video.forn3-1.fna.fbcdn.net/o1/v/t2/f2/m366/AQNEjnyugeLc3lI0HIw-Xvs7UpR7TnjBw7HzU6PyGfKFBSkKVgkzefusXEEDuflq2T_EQAnw0p0roqCcCMTD2QOqlZWUsGKD_Mg0cf4RzeaJYA.mp4?_nc_cat=102&_nc_oc=AdqlclWflUS_zwWPQN4-VJ91pSzh5ZBKxnIf98nDwnsOy18xwlK_1yrv5mSJDyyQjlg&_nc_sid=b66105&_nc_ht=video.forn3-1.fna.fbcdn.net&_nc_ohc=6rdeVyhR_v0Q7kNvwGQNecN&efg=eyJ2ZW5jb2RlX3RhZyI6Inhwdl9wcm9ncmVzc2l2ZS5WSV9VU0VDQVNFX1BST0RVQ1RfVFlQRS4uQzMuNzIwLmRhc2hfaDI2NC1iYXNpYy1nZW4yXzcyMHAiLCJ4cHZfYXNzZXRfaWQiOjEyOTQ4Njc4NDg0NTA3MTQsImFzc2V0X2FnZV9kYXlzIjo1NjksInZpX3VzZWNhc2VfaWQiOjEwNzk5LCJkdXJhdGlvbl9zIjoyMTQsInVybGdlbl9zb3VyY2UiOiJ3d3cifQ%3D%3D&ccb=17-1&vs=3133da491073c9f9&_nc_vs=HBksFQIYRWZiX2VwaGVtZXJhbC8xMzRCNTE3MjQ2MzlGOTcwQjcwQzMxN0JEMEIzRDE4Nl9tdF8xX3ZpZGVvX2Rhc2hpbml0Lm1wNBUAAsgBEgAVAhg6cGFzc3Rocm91Z2hfZXZlcnN0b3JlL0dJUW1teHdzUjBjcWRDVUNBUEc1QUJpRGNVSnVidjRHQUFBRhUCAsgBEgAoABgAGwKIB3VzZV9vaWwBMRJwcm9ncmVzc2l2ZV9yZWNpcGUBMRUAACa0ypqinevMBBUCKAJDMywXQGrTMzMzMzMYGWRhc2hfaDI2NC1iYXNpYy1nZW4yXzcyMHARAHUAZd6oAQA&_nc_gid=OUFXamilKKlip51aRtyEUw&_nc_ss=7a289&_nc_map=urlgen_bucketless&_nc_zt=28&oh=00_AQIMUVxcwLB2Xzlo3rYR2ISexQYyyYYPRIUjKWETkfc9Pw&oe=6AA71E9A,https://www.facebook.com/ads/library/?id=1884348119009948,إصدار جهاز هو إصدار,2026-09-09T10:12:45+00:00
1966305690806053,TN,Le Lab Pharma,2025-04-18,508,0,365,✨ب39د فقط 🥹🥰❤️ احصلي على تفتيح فعّال لبشرتك وهدية مجانا🎁في نفس الوقت! نقدّم لك واقي الشمس الشفاف SPF 50، يحمي بشرتك من أشعة الشمس الضارة بدون أي آثار بيضاء. ومع كل واقي شمس، تحصلين مجاناً على كريم تفتيح فعّال بتركيبة غنيّة تحتوي على: 🔸 النياسيناميد 🔸 فيتامين C 🔸 حمض الهيالورونيك 🔸 مستخلص العرقسوس 🔸 السكلاريولايد تركيبة تساعد على توحيد لون البشرة وتفتيح البقع الداكنة، لتبدو بشرتك أكثر نضارة وإشراقًا. 📦 السعر: فقط 39 دينار 🚚 والتوصيل مجاني إلى جميع الولايات. 📲 العرض محدود، سارعي بالحجز الآن! | وجهك معبي بالتصبغات و les tâches 🤯؟ تبع الفيديو,https://lelabpara.com/products/ecran-solaire-invisible,https://video.forn3-5.fna.fbcdn.net/o1/v/t2/f2/m366/AQMBVd9Fci5zKM5iCi3sII3Xxt2JkOxj_TCxXvakE2HTe79mWX3mryMl309JpGZb6_DedRWQvVmk2yJzyNYu27Wyxbl6Yhm7K6XlWGdMOBtP-Q.mp4?_nc_cat=107&_nc_oc=AdqapA2Y_yvnO3_b9kw_fIPz48xsDS17qyt9XNRoi9oDPlF9BmrDq2Eqnzq9rY6_MlI&_nc_sid=b66105&_nc_ht=video.forn3-5.fna.fbcdn.net&_nc_ohc=elcSsv5Er70Q7kNvwFYNs_T&efg=eyJ2ZW5jb2RlX3RhZyI6Inhwdl9wcm9ncmVzc2l2ZS5WSV9VU0VDQVNFX1BST0RVQ1RfVFlQRS4uQzMuNzE2LmRhc2hfaDI2NC1iYXNpYy1nZW4yXzcyMHAiLCJ4cHZfYXNzZXRfaWQiOjEwMTU5NzE2MTA1MTM3MTYsImFzc2V0X2FnZV9kYXlzIjo1MDgsInZpX3VzZWNhc2VfaWQiOjEwNzk5LCJkdXJhdGlvbl9zIjo1OCwidXJsZ2VuX3NvdXJjZSI6Ind3dyJ9&ccb=17-1&vs=b39beec74c7ec16&_nc_vs=HBksFQIYRWZiX2VwaGVtZXJhbC81NTQ4ODc3MzFGMUREOTBDMDFCNzFBQTcxNUM0MzA5Q19tdF8xX3ZpZGVvX2Rhc2hpbml0Lm1wNBUAAsgBEgAVAhg6cGFzc3Rocm91Z2hfZXZlcnN0b3JlL0dKSDZTeDN0MXB0SU0wWUhBSmtaUFNaa3o2d3VidjRHQUFBRhUCAsgBEgAoABgAGwKIB3VzZV9vaWwBMRJwcm9ncmVzc2l2ZV9yZWNpcGUBMRUAACboxJKvqoHOAxUCKAJDMywXQE0qn752yLQYGWRhc2hfaDI2NC1iYXNpYy1nZW4yXzcyMHARAHUAZd6oAQA&_nc_gid=gbdqoKVY9es8FpOL4_pjfA&_nc_ss=7a289&_nc_map=urlgen_bucketless&_nc_zt=28&oh=00_AQIoGhFvcoyBX3a9KDTW-gtTJcKbrNnFa_N1L2Ya6ZAb1Q&oe=6AA6D5D9,https://www.facebook.com/ads/library/?id=1966305690806053,كريم الوقاية من البقع الداكنة,2026-09-09T07:39:40+00:00
649070458184928,TN,Le Lab Pharma,2025-05-23,473,0,365,"تخفيض ب 65% ❤️‍🔥 زوز منتجات ب 39د + هدية 🎁🎁🎁 ايه نعم قريت بالصحيح 🤑🤑🤑 🚨🚨🚨 فرصة ما تتفلتش 🚨🚨🚨 نقدّم لك واقي الشمس الشفاف SPF 50، يحمي بشرتك من أشعة الشمس الضارة بدون أي آثار بيضاء. ومع كل واقي شمس، تحصلين مجاناً على كريم تفتيح فعّال بتركيبة غنيّة تحتوي على: 🔸 النياسيناميد 🔸 فيتامين C 🔸 حمض الهيالورونيك 🔸 مستخلص العرقسوس 🔸 السكلاريولايد تركيبة تساعد على توحيد لون البشرة وتفتيح البقع الداكنة، لتبدو بشرتك أكثر نضارة وإشراقًا. 📦 السعر: فقط 39 دينار 🚚 والتوصيل مجاني إلى جميع الولايات. 📲 العرض محدود، سارعي بالحجز الآن! | كان تحب تخسر فلوسك, ما تتفرجش في الفيديو هذا 🤑🤑🤑",https://lelabpara.com/products/ecran-solaire-invisible,https://video.forn3-2.fna.fbcdn.net/o1/v/t2/f2/m366/AQMQ23RngE-36GA2CJZlPDfizTY_gOhS4xc-Ui1DkOHZq6YOH0sIBvq-sd-klQPndJJE46kHfX7M2-9x1KtMys8rv6bWFUO-JFPzkF-VO1OFHQ.mp4?_nc_cat=109&_nc_oc=Adp8rZ8ySMzjOnAg3ApOSAkzWcpBwCzgqgJdS3CX3d42qHrzgWtkpzUoT8irn-5gVu4&_nc_sid=b66105&_nc_ht=video.forn3-2.fna.fbcdn.net&_nc_ohc=Odb0iUY-LAgQ7kNvwHBqT7l&efg=eyJ2ZW5jb2RlX3RhZyI6Inhwdl9wcm9ncmVzc2l2ZS5WSV9VU0VDQVNFX1BST0RVQ1RfVFlQRS4uQzMuNzIwLmRhc2hfaDI2NC1iYXNpYy1nZW4yXzcyMHAiLCJ4cHZfYXNzZXRfaWQiOjEzNTk4MDIyMDg2ODQ3OTksImFzc2V0X2FnZV9kYXlzIjo0NzQsInZpX3VzZWNhc2VfaWQiOjEwNzk5LCJkdXJhdGlvbl9zIjo1NiwidXJsZ2VuX3NvdXJjZSI6Ind3dyJ9&ccb=17-1&vs=20fa39e7818fef69&_nc_vs=HBksFQIYRWZiX2VwaGVtZXJhbC8yMDQ0RkVDMDQ0NzkzRDBENzU5MTIxNTVFRkMyRThBN19tdF8xX3ZpZGVvX2Rhc2hpbml0Lm1wNBUAAsgBEgAVAhg6cGFzc3Rocm91Z2hfZXZlcnN0b3JlL0dNRXkwUjNQWkVfTGJoTUZBTEk4MHc5blcwdHJidjRHQUFBRhUCAsgBEgAoABgAGwKIB3VzZV9vaWwBMRJwcm9ncmVzc2l2ZV9yZWNpcGUBMRUAACb-q-j5867qBBUCKAJDMywXQExAAAAAAAAYGWRhc2hfaDI2NC1iYXNpYy1nZW4yXzcyMHARAHUAZd6oAQA&_nc_gid=gbdqoKVY9es8FpOL4_pjfA&_nc_ss=7a289&_nc_map=urlgen_bucketless&_nc_zt=28&oh=00_AQKCbj1pYiuMz29TgQ0tyzVeSmh18K9G4kr-8cNIjCLuWQ&oe=6AA6CA0F,https://www.facebook.com/ads/library/?id=649070458184928,كريم الوقاية من البقع الداكنة,2026-09-09T07:39:40+00:00
1368269384413286,TN,Le Lab Pharma,2025-05-23,473,0,365,تخفيض ب 65% ❤️‍🔥 في pack تفتيح تصبغات الوجه 🥰 🚨🚨🚨 فرصة ما تتفلتش 🚨🚨🚨 نقدّم لك واقي الشمس الشفاف SPF 50، يحمي بشرتك من أشعة الشمس الضارة بدون أي آثار بيضاء. ومع كل واقي شمس، تحصلين مجاناً على كريم تفتيح فعّال بتركيبة غنيّة تحتوي على: 🔸 النياسيناميد 🔸 فيتامين C 🔸 حمض الهيالورونيك 🔸 مستخلص العرقسوس 🔸 السكلاريولايد تركيبة تساعد على توحيد لون البشرة وتفتيح البقع الداكنة، لتبدو بشرتك أكثر نضارة وإشراقًا. 📦 السعر: فقط 39 دينار 🚚 والتوصيل مجاني إلى جميع الولايات. 📲 العرض محدود، سارعي بالحجز الآن! | تصبغات في الوجه؟ دسة؟ كلف؟ 🚨 فرصة اليوم ما تتفلتش 🚨,https://lelabpara.com/products/ecran-solaire-invisible,https://video.forn3-2.fna.fbcdn.net/o1/v/t2/f2/m366/AQPxXwKQRKY95bnAoCXUSeHZcT4HkjQGcVHgSAA9ruL2vwwoOCwEOqGlSg-iEf5xj2lZKEQG7jAcf05g_uPHwtGQY-EpWjM6B4d-ZeK3RupiNg.mp4?_nc_cat=100&_nc_oc=AdplEGoi1kgK8IiOa35vaU30i5Csd98XhFcA0_8FtPvsw0wNqghVWHlqtmNwsn850hY&_nc_sid=b66105&_nc_ht=video.forn3-2.fna.fbcdn.net&_nc_ohc=Mva8n2As-kAQ7kNvwGPOWJf&efg=eyJ2ZW5jb2RlX3RhZyI6Inhwdl9wcm9ncmVzc2l2ZS5WSV9VU0VDQVNFX1BST0RVQ1RfVFlQRS4uQzMuNzIwLmRhc2hfaDI2NC1iYXNpYy1nZW4yXzcyMHAiLCJ4cHZfYXNzZXRfaWQiOjEyMjIxOTE4OTk2MzMwNTksImFzc2V0X2FnZV9kYXlzIjo0NzQsInZpX3VzZWNhc2VfaWQiOjEwNzk5LCJkdXJhdGlvbl9zIjo3NCwidXJsZ2VuX3NvdXJjZSI6Ind3dyJ9&ccb=17-1&vs=7bc2e5288edfe121&_nc_vs=HBksFQIYRWZiX2VwaGVtZXJhbC8zNDQ1OUYzREE0NTAwRkJENDg1NkJGOTM5OURENDc5Rl9tdF8xX3ZpZGVvX2Rhc2hpbml0Lm1wNBUAAsgBEgAVAhg6cGFzc3Rocm91Z2hfZXZlcnN0b3JlL0dOVG0wQjFaWEIxWm45TUVBSGFPaTVPMS14b2tidjRHQUFBRhUCAsgBEgAoABgAGwKIB3VzZV9vaWwBMRJwcm9ncmVzc2l2ZV9yZWNpcGUBMRUAACbGlrOg9-SrBBUCKAJDMywXQFKmZmZmZmYYGWRhc2hfaDI2NC1iYXNpYy1nZW4yXzcyMHARAHUAZd6oAQA&_nc_gid=gbdqoKVY9es8FpOL4_pjfA&_nc_ss=7a289&_nc_map=urlgen_bucketless&_nc_zt=28&oh=00_AQJ0jTdH1_DvGeZSw-2ywey4L_--826WYcqj0glaFhxRjg&oe=6AA6C590,https://www.facebook.com/ads/library/?id=1368269384413286,كريم الوقاية من البقع الداكنة,2026-09-09T07:39:40+00:00
3950082535203843,TN,Le Lab Pharma,2025-05-23,473,0,365,✨ب39د فقط 🥹🥰❤️ احصلي على تفتيح فعّال لبشرتك وهدية مجانا🎁في نفس الوقت! نقدّم لك واقي الشمس الشفاف SPF 50، يحمي بشرتك من أشعة الشمس الضارة بدون أي آثار بيضاء. ومع كل واقي شمس، تحصلين مجاناً على كريم تفتيح فعّال بتركيبة غنيّة تحتوي على: 🔸 النياسيناميد 🔸 فيتامين C 🔸 حمض الهيالورونيك 🔸 مستخلص العرقسوس 🔸 السكلاريولايد تركيبة تساعد على توحيد لون البشرة وتفتيح البقع الداكنة، لتبدو بشرتك أكثر نضارة وإشراقًا. 📦 السعر: فقط 39 دينار 🚚 والتوصيل مجاني إلى جميع الولايات. 📲 العرض محدود، سارعي بالحجز الآن! | وجهك معبي بالتصبغات و les tâches 🤯؟ تبع الفيديو,https://lelabpara.com/products/ecran-solaire-invisible,https://video.forn3-5.fna.fbcdn.net/o1/v/t2/f2/m366/AQNK3X3lLGG3XfMyl-u8Z-XUYLccBWshfkuzruNr6qdc4lRxDM_o9VZ7rB8nFV4uvHcKTtdXBoMRwaPhEHSbUgpiuN9oFfsx7ObnD9mh1TqBFA.mp4?_nc_cat=104&_nc_oc=Adpq9BYPyX-5PGbR7fBwTrhCXE002d81slt2AOiiyp2y5G-84TO3DEU9W2Ozsz3VWdk&_nc_sid=b66105&_nc_ht=video.forn3-5.fna.fbcdn.net&_nc_ohc=BsG2zmg4XhoQ7kNvwEuBU3j&efg=eyJ2ZW5jb2RlX3RhZyI6Inhwdl9wcm9ncmVzc2l2ZS5WSV9VU0VDQVNFX1BST0RVQ1RfVFlQRS4uQzMuNzIwLmRhc2hfaDI2NC1iYXNpYy1nZW4yXzcyMHAiLCJ4cHZfYXNzZXRfaWQiOjEyMDQ4Njg0MjQyNzY2MTgsImFzc2V0X2FnZV9kYXlzIjo0NzQsInZpX3VzZWNhc2VfaWQiOjEwNzk5LCJkdXJhdGlvbl9zIjo1NSwidXJsZ2VuX3NvdXJjZSI6Ind3dyJ9&ccb=17-1&vs=88a13e3b7c4f37aa&_nc_vs=HBksFQIYRWZiX2VwaGVtZXJhbC84MDRCRDk1RDEyOTEzMzQ3MDQ2QTE0QzI4MUQxODI4MF9tdF8xX3ZpZGVvX2Rhc2hpbml0Lm1wNBUAAsgBEgAVAhg6cGFzc3Rocm91Z2hfZXZlcnN0b3JlL0dGem13aDJ1SVFicjA0c0NBR0JRb3c0bmZwQTFidjRHQUFBRhUCAsgBEgAoABgAGwKIB3VzZV9vaWwBMRJwcm9ncmVzc2l2ZV9yZWNpcGUBMRUAACaU6vCmyfSjBBUCKAJDMywXQEvMzMzMzM0YGWRhc2hfaDI2NC1iYXNpYy1nZW4yXzcyMHARAHUAZd6oAQA&_nc_gid=gbdqoKVY9es8FpOL4_pjfA&_nc_ss=7a289&_nc_map=urlgen_bucketless&_nc_zt=28&oh=00_AQKTRY8mSk7OQfi1Ukssuo9fBF47ibsNWw1W9AC10C-TFA&oe=6AA6CB78,https://www.facebook.com/ads/library/?id=3950082535203843,كريم الوقاية من البقع الداكنة,2026-09-09T07:39:40+00:00
1312096099898122,TN,Le Lab Pharma,2025-04-18,508,0,365,"✨ احصلي على حماية يومية وتفتيح فعّال لبشرتك في نفس الوقت! نقدّم لك واقي الشمس الشفاف SPF 50، يحمي بشرتك من أشعة الشمس الضارة بدون أي آثار بيضاء. ومع كل واقي شمس، تحصلين مجاناً على كريم تفتيح فعّال بتركيبة غنيّة تحتوي على: 🔸 النياسيناميد 🔸 فيتامين C 🔸 حمض الهيالورونيك 🔸 مستخلص العرقسوس 🔸 السكلاريولايد تركيبة تساعد على توحيد لون البشرة وتفتيح البقع الداكنة، لتبدو بشرتك أكثر نضارة وإشراقًا. 📦 السعر: فقط 39 دينار 🚚 والتوصيل مجاني إلى جميع الولايات. 📲 العرض محدود، سارعي بالحجز الآن! | ما تخسرش فلوسك, باك كامل للعناية بالوجه ب 39د ❤️",https://lelabpara.com/products/ecran-solaire-invisible,https://video.forn3-5.fna.fbcdn.net/o1/v/t2/f2/m366/AQPskvEtbbofJh6sPnzGHVq6bC2B1PZrhlcuC3Eu9x7iRpxAmTZLOupCroEQYQ95doaQF0CYDmtR7BfMDW5N1-a9nUP1nYtVXhpmPMm4kaQcLQ.mp4?_nc_cat=108&_nc_oc=AdqtSQu9IOQwN9ybY3nLDxH4h1xnhMQSHFpSo8MHyLUk5Z4j9GkcRDNSMy-nZY0UWw8&_nc_sid=b66105&_nc_ht=video.forn3-5.fna.fbcdn.net&_nc_ohc=R8z2BvgYBXYQ7kNvwET7JUp&efg=eyJ2ZW5jb2RlX3RhZyI6Inhwdl9wcm9ncmVzc2l2ZS5WSV9VU0VDQVNFX1BST0RVQ1RfVFlQRS4uQzMuNzE2LmRhc2hfaDI2NC1iYXNpYy1nZW4yXzcyMHAiLCJ4cHZfYXNzZXRfaWQiOjEwMTM0ODcwMTA3MzE3NzUsImFzc2V0X2FnZV9kYXlzIjo1MDgsInZpX3VzZWNhc2VfaWQiOjEwNzk5LCJkdXJhdGlvbl9zIjo2MiwidXJsZ2VuX3NvdXJjZSI6Ind3dyJ9&ccb=17-1&vs=d6316587ca2c8fdb&_nc_vs=HBksFQIYRWZiX2VwaGVtZXJhbC81NjQ1QUI5OUMxMjgzQ0VFRjRCNThBNzFBMDZCOTZCRV9tdF8xX3ZpZGVvX2Rhc2hpbml0Lm1wNBUAAsgBEgAVAhg6cGFzc3Rocm91Z2hfZXZlcnN0b3JlL0dKeGZTeDJjUndtcFNmOEVBSmhobVhDZ0pBeG9idjRHQUFBRhUCAsgBEgAoABgAGwKIB3VzZV9vaWwBMRJwcm9ncmVzc2l2ZV9yZWNpcGUBMRUAACb-25LU2vDMAxUCKAJDMywXQE8d0vGp--cYGWRhc2hfaDI2NC1iYXNpYy1nZW4yXzcyMHARAHUAZd6oAQA&_nc_gid=0TpCcMYproH3KSGozMspyw&_nc_ss=7a289&_nc_map=urlgen_bucketless&_nc_zt=28&oh=00_AQJyx2rkPQ3-EvpaPHjnGoEgaitrKsDs-fOawuqNeC3peA&oe=6AA6C7B4,https://www.facebook.com/ads/library/?id=1312096099898122,كريم الوقاية من البقع الداكنة,2026-09-09T07:39:40+00:00
666060939345462,TN,Le Lab Pharma,2025-04-18,508,0,365,✨ب39د فقط 🥹🥰❤️ احصلي على تفتيح فعّال لبشرتك وهدية مجانا🎁في نفس الوقت! نقدّم لك واقي الشمس الشفاف SPF 50، يحمي بشرتك من أشعة الشمس الضارة بدون أي آثار بيضاء. ومع كل واقي شمس، تحصلين مجاناً على كريم تفتيح فعّال بتركيبة غنيّة تحتوي على: 🔸 النياسيناميد 🔸 فيتامين C 🔸 حمض الهيالورونيك 🔸 مستخلص العرقسوس 🔸 السكلاريولايد تركيبة تساعد على توحيد لون البشرة وتفتيح البقع الداكنة، لتبدو بشرتك أكثر نضارة وإشراقًا. 📦 السعر: فقط 39 دينار 🚚 والتوصيل مجاني إلى جميع الولايات. 📲 العرض محدود، سارعي بالحجز الآن! | وجهك معبي بالتصبغات و les tâches 🤯؟ تبع الفيديو,https://lelabpara.com/products/ecran-solaire-invisible,https://video.forn3-1.fna.fbcdn.net/o1/v/t2/f2/m366/AQPh4fWS3RORwrzpjBvnocVI5M2aOTog3ZxVxIcgyuF3uyOS7AfqtcArCFJ-5h84FcVwenGtGOPrjZt5QxaGS-G44luZQbUzz_H0h-6T2ShvTw.mp4?_nc_cat=108&_nc_oc=AdoI0nCQf-jtzhEX035GjODL5NW3T8kyKJto68KTR8A22Cno9aF3jNy2Dgy4yL005dA&_nc_sid=b66105&_nc_ht=video.forn3-1.fna.fbcdn.net&_nc_ohc=4TGIrdJrE_AQ7kNvwGfzK_a&efg=eyJ2ZW5jb2RlX3RhZyI6Inhwdl9wcm9ncmVzc2l2ZS5WSV9VU0VDQVNFX1BST0RVQ1RfVFlQRS4uQzMuNzE2LmRhc2hfaDI2NC1iYXNpYy1nZW4yXzcyMHAiLCJ4cHZfYXNzZXRfaWQiOjE1MzQ5NTYwNzc0NDMxODUsImFzc2V0X2FnZV9kYXlzIjo1MDgsInZpX3VzZWNhc2VfaWQiOjEwNzk5LCJkdXJhdGlvbl9zIjoyMTAsInVybGdlbl9zb3VyY2UiOiJ3d3cifQ%3D%3D&ccb=17-1&vs=b9960c801afb3b11&_nc_vs=HBksFQIYRWZiX2VwaGVtZXJhbC9GQjQ3RDBDMjI0OUY4MzIyMEM2M0JCQ0Y3MTU0MDRCQ19tdF8xX3ZpZGVvX2Rhc2hpbml0Lm1wNBUAAsgBEgAVAhg6cGFzc3Rocm91Z2hfZXZlcnN0b3JlL0dCTnlTeDNzUXlleU5Yb0RBSERtZlBaYUpkb1JidjRHQUFBRhUCAsgBEgAoABgAGwKIB3VzZV9vaWwBMRJwcm9ncmVzc2l2ZV9yZWNpcGUBMRUAACbioe_7mYK6BRUCKAJDMywXQGpO6XjU_fQYGWRhc2hfaDI2NC1iYXNpYy1nZW4yXzcyMHARAHUAZd6oAQA&_nc_gid=0TpCcMYproH3KSGozMspyw&_nc_ss=7a289&_nc_map=urlgen_bucketless&_nc_zt=28&oh=00_AQK5M20M4PbSTi2pmClrcVDxeJ_jb0W4XMRFa5so7jx0jQ&oe=6AA6DC08,https://www.facebook.com/ads/library/?id=666060939345462,كريم الوقاية من البقع الداكنة,2026-09-09T07:39:40+00:00
24034263186171751,TN,Le Lab Pharma,2025-05-22,474,0,365,تخفيض ب 65% ❤️‍🔥 في pack تفتيح تصبغات الوجه 🥰 🚨🚨🚨 فرصة ما تتفلتش 🚨🚨🚨 نقدّم لك واقي الشمس الشفاف SPF 50، يحمي بشرتك من أشعة الشمس الضارة بدون أي آثار بيضاء. ومع كل واقي شمس، تحصلين مجاناً على كريم تفتيح فعّال بتركيبة غنيّة تحتوي على: 🔸 النياسيناميد 🔸 فيتامين C 🔸 حمض الهيالورونيك 🔸 مستخلص العرقسوس 🔸 السكلاريولايد تركيبة تساعد على توحيد لون البشرة وتفتيح البقع الداكنة، لتبدو بشرتك أكثر نضارة وإشراقًا. 📦 السعر: فقط 39 دينار 🚚 والتوصيل مجاني إلى جميع الولايات. 📲 العرض محدود، سارعي بالحجز الآن! | تصبغات في الوجه؟ دسة؟ كلف؟ ما تفلتش الفيديو,https://lelabpara.com/products/ecran-solaire-invisible,https://video.forn3-6.fna.fbcdn.net/o1/v/t2/f2/m366/AQP149eJp-L3Z-ocA2Qu6jKgiYbP2PU5fMZzwWOVKylQesiaY5fq6htT9x2ozUEKhwdzpJwUg8tRP4KzzqpKPgjtD0JhMcNMsjZFYI41_wl41w.mp4?_nc_cat=109&_nc_oc=AdqsOaplrrsFgEAgGm-2xdNxmTEQEzaSgaczFN0zxEtJnK2gQKPwmExbK0HppsweaiA&_nc_sid=b66105&_nc_ht=video.forn3-6.fna.fbcdn.net&_nc_ohc=YjIt70Er-MAQ7kNvwGEr0jk&efg=eyJ2ZW5jb2RlX3RhZyI6Inhwdl9wcm9ncmVzc2l2ZS5WSV9VU0VDQVNFX1BST0RVQ1RfVFlQRS4uQzMuNzIwLmRhc2hfaDI2NC1iYXNpYy1nZW4yXzcyMHAiLCJ4cHZfYXNzZXRfaWQiOjI3OTA2NDg5MDExNDUwNzQsImFzc2V0X2FnZV9kYXlzIjo0NzQsInZpX3VzZWNhc2VfaWQiOjEwNzk5LCJkdXJhdGlvbl9zIjo1OSwidXJsZ2VuX3NvdXJjZSI6Ind3dyJ9&ccb=17-1&vs=12791a3da711d11c&_nc_vs=HBksFQIYRWZiX2VwaGVtZXJhbC9GMjQwMTI3Qjg4NTNFNkMwMjZDNDFDMjhENUVCRTFCN19tdF8xX3ZpZGVvX2Rhc2hpbml0Lm1wNBUAAsgBEgAVAhg6cGFzc3Rocm91Z2hfZXZlcnN0b3JlL0dLbWJ4UjE0VFFLYTBXQUVBSlRBTVZXd2JuazZidjRHQUFBRhUCAsgBEgAoABgAGwKIB3VzZV9vaWwBMRJwcm9ncmVzc2l2ZV9yZWNpcGUBMRUAACbkx5DHkoX1CRUCKAJDMywXQE3VP3ztkWgYGWRhc2hfaDI2NC1iYXNpYy1nZW4yXzcyMHARAHUAZd6oAQA&_nc_gid=0TpCcMYproH3KSGozMspyw&_nc_ss=7a289&_nc_map=urlgen_bucketless&_nc_zt=28&oh=00_AQINQuvfPj4LIyIf9btBl4pqf4r28aY3MkZLTeAAZ82bjQ&oe=6AA6F80F,https://www.facebook.com/ads/library/?id=24034263186171751,كريم الوقاية من البقع الداكنة,2026-09-09T07:39:40+00:00
1011678684274208,TN,Le Lab Pharma,2025-04-18,508,0,365,✨ احصلي على حماية يومية وتفتيح فعّال لبشرتك في نفس الوقت! نقدّم لك واقي الشمس الشفاف SPF 50، يحمي بشرتك من أشعة الشمس الضارة بدون أي آثار بيضاء. ومع كل واقي شمس، تحصلين مجاناً على كريم تفتيح فعّال بتركيبة غنيّة تحتوي على: 🔸 النياسيناميد 🔸 فيتامين C 🔸 حمض الهيالورونيك 🔸 مستخلص العرقسوس 🔸 السكلاريولايد تركيبة تساعد على توحيد لون البشرة وتفتيح البقع الداكنة، لتبدو بشرتك أكثر نضارة وإشراقًا. 📦 السعر: فقط 39 دينار 🚚 والتوصيل مجاني إلى جميع الولايات. 📲 العرض محدود، سارعي بالحجز الآن! | باك كامل للعناية بالوجه وتفتيح البشرة 39د فقققط 🥰!!,https://lelabpara.com/products/ecran-solaire-invisible,https://video.forn3-1.fna.fbcdn.net/o1/v/t2/f2/m366/AQOVWSN-_wnfpFYH0LoSSOSnK2sweun3V6u4nayg0CPSBMJo49M3blonN4kX3vUGJNIkTVf54q0HmQnoW6Nn5Gn9de-dM8cxSqj4lHWUd4L0wA.mp4?_nc_cat=103&_nc_oc=Adp29PGYPOvGe2kAQ5LVP5HCoyxHYi3JjJ4JjQJjbjdCI_TLYxEcTI1yfWwYD6vlIgs&_nc_sid=b66105&_nc_ht=video.forn3-1.fna.fbcdn.net&_nc_ohc=jEmbheX_gjoQ7kNvwHgtVao&efg=eyJ2ZW5jb2RlX3RhZyI6Inhwdl9wcm9ncmVzc2l2ZS5WSV9VU0VDQVNFX1BST0RVQ1RfVFlQRS4uQzMuNzE2LmRhc2hfaDI2NC1iYXNpYy1nZW4yXzcyMHAiLCJ4cHZfYXNzZXRfaWQiOjEwMjE5ODk3MjU5ODExMjMsImFzc2V0X2FnZV9kYXlzIjo1MDgsInZpX3VzZWNhc2VfaWQiOjEwNzk5LCJkdXJhdGlvbl9zIjo2MSwidXJsZ2VuX3NvdXJjZSI6Ind3dyJ9&ccb=17-1&vs=9b7fc305af4a56&_nc_vs=HBksFQIYRWZiX2VwaGVtZXJhbC9CQjQ0QkQxNjY5OTRBQzRBNUFCNEE2OURDNjg5OUFCOV9tdF8xX3ZpZGVvX2Rhc2hpbml0Lm1wNBUAAsgBEgAVAhg6cGFzc3Rocm91Z2hfZXZlcnN0b3JlL0dKbVBUQjNnVVpxUnphZ0hBRGpESWJ1dWg3QXdidjRHQUFBRhUCAsgBEgAoABgAGwKIB3VzZV9vaWwBMRJwcm9ncmVzc2l2ZV9yZWNpcGUBMRUAACaGp6bp0N_QAxUCKAJDMywXQE7u2RaHKwIYGWRhc2hfaDI2NC1iYXNpYy1nZW4yXzcyMHARAHUAZd6oAQA&_nc_gid=0TpCcMYproH3KSGozMspyw&_nc_ss=7a289&_nc_map=urlgen_bucketless&_nc_zt=28&oh=00_AQL-X6m3bCXb29Z9sWIwj8W0uPOhPc9maoAvgWSTio_LDg&oe=6AA6F049,https://www.facebook.com/ads/library/?id=1011678684274208,كريم الوقاية من البقع الداكنة,2026-09-09T07:39:40+00:00
582708027491859,TN,Le Lab Pharma,2025-04-18,508,0,365,✨ احصلي على تخفيض ب 65% ❤️‍🔥 في باك تفتيح تصبغات الوجه من المجموعة الايطالية Narcisse Gold🥰 و احصلي على حماية يومية وتفتيح فعّال لبشرتك في نفس الوقت! ومع كل واقي شمس، تحصلين مجاناً على كريم تفتيح فعّال بتركيبة غنيّة تحتوي على: 🔸 النياسيناميد 🔸 فيتامين C 🔸 حمض الهيالورونيك 🔸 مستخلص العرقسوس 🔸 السكلاريولايد تركيبة تساعد على توحيد لون البشرة وتفتيح البقع الداكنة، لتبدو بشرتك أكثر نضارة وإشراقًا. 📦 السعر: فقط 39 دينار 🚚 والتوصيل مجاني إلى جميع الولايات. 📲 العرض محدود، سارعي بالحجز الآن! | تخفيض ب 65% ❤️‍🔥 في pack تفتيح تصبغات الوجه 🥰,https://lelabpara.com/products/ecran-solaire-invisible,https://video.forn3-5.fna.fbcdn.net/o1/v/t2/f2/m366/AQNu4nqwjEwyhRieQtcUrJThQO4SEZlFQae-vxTCASj0DfhsFWersvRfdszSSReoHNWkOLkp3586Wc_aX8UtSSvzo8F7uVwgFyWz8wn8xSRGng.mp4?_nc_cat=106&_nc_oc=Adp_3HK-Yxr9jAktR2dkdR7i9ot93KzxtbY1qhfwx7WbNKUBI3dMbMzURIUN4bAlAn8&_nc_sid=b66105&_nc_ht=video.forn3-5.fna.fbcdn.net&_nc_ohc=59DliWxcU1gQ7kNvwHb8vvZ&efg=eyJ2ZW5jb2RlX3RhZyI6Inhwdl9wcm9ncmVzc2l2ZS5WSV9VU0VDQVNFX1BST0RVQ1RfVFlQRS4uQzMuNzE2LmRhc2hfaDI2NC1iYXNpYy1nZW4yXzcyMHAiLCJ4cHZfYXNzZXRfaWQiOjE0MDY3MzM3ODQwOTc4MzksImFzc2V0X2FnZV9kYXlzIjo1MDgsInZpX3VzZWNhc2VfaWQiOjEwNzk5LCJkdXJhdGlvbl9zIjoyMTAsInVybGdlbl9zb3VyY2UiOiJ3d3cifQ%3D%3D&ccb=17-1&vs=d7b3c5f4071ea301&_nc_vs=HBksFQIYRWZiX2VwaGVtZXJhbC9GMTRBRkVCRDQyMDk3NkM0QUEwRDYxNDUwOTFFODc5M19tdF8xX3ZpZGVvX2Rhc2hpbml0Lm1wNBUAAsgBEgAVAhg6cGFzc3Rocm91Z2hfZXZlcnN0b3JlL0dIemFUQjFVZFJwLXVVOEVBR1M4RHpwaldVUk5idjRHQUFBRhUCAsgBEgAoABgAGwKIB3VzZV9vaWwBMRJwcm9ncmVzc2l2ZV9yZWNpcGUBMRUAACbekPW319r_BBUCKAJDMywXQGpO6XjU_fQYGWRhc2hfaDI2NC1iYXNpYy1nZW4yXzcyMHARAHUAZd6oAQA&_nc_gid=_nprJlR4GOHn8mlviM9g3Q&_nc_ss=7a289&_nc_map=urlgen_bucketless&_nc_zt=28&oh=00_AQIEoWCgLu1Sz33HW3N8NU0sJ89qd3i1JS7_yDwAI9afPA&oe=6AA6E54A,https://www.facebook.com/ads/library/?id=582708027491859,كريم الوقاية من البقع الداكنة,2026-09-09T07:39:40+00:00
684978634524122,TN,Le Lab Pharma,2025-05-23,473,0,365,✨ب39د فقط 🥹🥰❤️ احصلي على تفتيح فعّال لبشرتك وهدية مجانا🎁في نفس الوقت! نقدّم لك واقي الشمس الشفاف SPF 50، يحمي بشرتك من أشعة الشمس الضارة بدون أي آثار بيضاء. ومع كل واقي شمس، تحصلين مجاناً على كريم تفتيح فعّال بتركيبة غنيّة تحتوي على: 🔸 النياسيناميد 🔸 فيتامين C 🔸 حمض الهيالورونيك 🔸 مستخلص العرقسوس 🔸 السكلاريولايد تركيبة تساعد على توحيد لون البشرة وتفتيح البقع الداكنة، لتبدو بشرتك أكثر نضارة وإشراقًا. 📦 السعر: فقط 39 دينار 🚚 والتوصيل مجاني إلى جميع الولايات. 📲 العرض محدود، سارعي بالحجز الآن! | عرض اليوم ما يتفلتش 🚨 écran ومعاه هدية 🎁 ب 39د فقط 🥰,https://lelabpara.com/products/ecran-solaire-invisible,https://video.forn3-5.fna.fbcdn.net/o1/v/t2/f2/m366/AQMCbWf6-02_aIFmPGUZLBw4wPIKJ9PTj3znV0w39glysWUooZkeeK6H_68QE0M2OmqCN2RnYSQacY6HebjsjPA7OVCQoU1Sh1S0D-Ssyc0Krw.mp4?_nc_cat=100&_nc_oc=AdqZEnhCbuFe1qJUoAe-9Ai2XhQZntkDbBqI0JVfFDBixSe0YRA_z9tnckUoEQBhK3o&_nc_sid=b66105&_nc_ht=video.forn3-5.fna.fbcdn.net&_nc_ohc=96u6Cqi5BKYQ7kNvwGYDBCx&efg=eyJ2ZW5jb2RlX3RhZyI6Inhwdl9wcm9ncmVzc2l2ZS5WSV9VU0VDQVNFX1BST0RVQ1RfVFlQRS4uQzMuNzIwLmRhc2hfaDI2NC1iYXNpYy1nZW4yXzcyMHAiLCJ4cHZfYXNzZXRfaWQiOjIwNTYxMzY0OTQ4NjgzMzAsImFzc2V0X2FnZV9kYXlzIjo0NzQsInZpX3VzZWNhc2VfaWQiOjEwNzk5LCJkdXJhdGlvbl9zIjo3MiwidXJsZ2VuX3NvdXJjZSI6Ind3dyJ9&ccb=17-1&vs=e518fedf6a79466d&_nc_vs=HBksFQIYRWZiX2VwaGVtZXJhbC83NDRCMTdDMDcxOTE2M0RFNkFFQ0NCMDcwMUIyMDBCMF9tdF8xX3ZpZGVvX2Rhc2hpbml0Lm1wNBUAAsgBEgAVAhg6cGFzc3Rocm91Z2hfZXZlcnN0b3JlL0dFeEoxeDAzVXlndHJZQUNBTmwyQ1pXRlM3WTlidjRHQUFBRhUCAsgBEgAoABgAGwKIB3VzZV9vaWwBMRJwcm9ncmVzc2l2ZV9yZWNpcGUBMRUAACbUnZfW8oKnBxUCKAJDMywXQFI5mZmZmZoYGWRhc2hfaDI2NC1iYXNpYy1nZW4yXzcyMHARAHUAZd6oAQA&_nc_gid=_nprJlR4GOHn8mlviM9g3Q&_nc_ss=7a289&_nc_map=urlgen_bucketless&_nc_zt=28&oh=00_AQKSLoRF6hT8mHQMd9jzDTZma9Jci9tcm55rJyL_lCrwrw&oe=6AA6E8FC,https://www.facebook.com/ads/library/?id=684978634524122,كريم الوقاية من البقع الداكنة,2026-09-09T07:39:40+00:00
3106044492936478,SA,,2025-12-08,250,,365,"​ Active Library ID: 3106044492936478 Started running on Dec 8, 2025 Platforms ​ ​ ​ ​ ​",https://trust.fordeal.com/ar-SA/detail/39358581?f=p_fb.o_duoyi.g_webdan.c_cxj-39358581-1208-4-bfbx-im-93-edbx.b_2294.t_20251208-181641.v_1&wa_id=8618026275833&wa_num=3,,https://www.facebook.com/ads/library/?id=3106044492936478,جهاز,2026-08-15T00:32:23+00:00
807680674997108,MA,RIZQ Bio Solutions,2025-09-20,354,0,354,بزاااف ديال الناس باقي كيخبيو ضفارهوم باش ميبانش… وخا الحل موجود، ومجرّب، وبشهادات أكثر من 1500 زبون RIZQ BIO هو الرقم 1 فالمغرب فـ علاج فطريات وتشوه الأظافر 👣 وماشي غير منتج… بل حل متكامل طبيعي كيرجعلك الراحة والثقة فراسك 📌 علاش كيختلف RIZQ BIO؟ لأنه كيحارب المشكل من الجذر، ماشي غير كيخفيه مؤقتاً. ✔️ يقضي على الفطريات بشكل طبيعي ✔️ يساعد على نمو ظفر صحي، نظيف، وبلونه الطبيعي ✔️ النتائج من الاسبوع الأول ✔️ آمن حتى للبشرة الحساسة 📦 الباك فيه كلشي تحتاجيه: سيروم مركز، صابونة مطهّرة، كريم مغذي، ومبرد احترافي | RIZQ BIO هو الرقم 1 فالمغرب فـ علاج فطريات وتشوه الأظافر 👣,https://www.rizqbio.store/products/nail-fungus-treatment-serum,https://video.forn3-2.fna.fbcdn.net/o1/v/t2/f2/m366/AQO2Ylk7XEi7h4_w2GHGLdbXdC-34eT0W44k5_C4BEcxa9PQlda6ymOq3v2PRq5THJDDZ-ewemirwycc0R_PdJYpk5M5T0r2FiDkQOthC4Q5hA.mp4?_nc_cat=109&_nc_oc=Adrvj9CPVsjGPT1NEgf3d56djUP-NtLh7UC6M6QLqnWFC3TTSFwZJJZYDlwj2wUp_Bw&_nc_sid=b66105&_nc_ht=video.forn3-2.fna.fbcdn.net&_nc_ohc=2_g9o7v6L1QQ7kNvwG74FT4&efg=eyJ2ZW5jb2RlX3RhZyI6Inhwdl9wcm9ncmVzc2l2ZS5WSV9VU0VDQVNFX1BST0RVQ1RfVFlQRS4uQzMuNzIwLmRhc2hfaDI2NC1iYXNpYy1nZW4yXzcyMHAiLCJ4cHZfYXNzZXRfaWQiOjExNDE3MjQzMDc4MjM4MzIsImFzc2V0X2FnZV9kYXlzIjozODgsInZpX3VzZWNhc2VfaWQiOjEwNzk5LCJkdXJhdGlvbl9zIjo3MywidXJsZ2VuX3NvdXJjZSI6Ind3dyJ9&ccb=17-1&vs=3307168a478d0a66&_nc_vs=HBksFQIYRWZiX2VwaGVtZXJhbC8yNzQxN0YzNUQ1NTEwNDI3MDc2MDBCMDNGNzAxN0Y4OV9tdF8xX3ZpZGVvX2Rhc2hpbml0Lm1wNBUAAsgBEgAVAhhAZmJfcGVybWFuZW50Lzc4NDYzOEE1MUQ5NDlFRUMwMEEyMTNCMTQxNEI3OEJEX2F1ZGlvX2Rhc2hpbml0Lm1wNBUCAsgBEgAoABgAGwKIB3VzZV9vaWwBMRJwcm9ncmVzc2l2ZV9yZWNpcGUBMRUAACaw8-T8jJmHBBUCKAJDMywXQFJGZmZmZmYYGWRhc2hfaDI2NC1iYXNpYy1nZW4yXzcyMHARAHUAZd6oAQA&_nc_gid=sWItWoy5OWKPDmV_S5m0Dw&_nc_ss=7b289&_nc_map=urlgen_bucketless&_nc_zt=28&oh=00_AQJRWTGiN8J57xVBS19kaj_yAIxObnRGKefvMAL3z_8nGg&oe=6AA6F3C3,https://www.facebook.com/ads/library/?id=807680674997108,كريم العرقسوس هو الحل,2026-09-09T09:01:47+00:00
3198014270352313,MA,RIZQ Bio Solutions,2025-09-20,354,0,354,بزاااف ديال الناس باقي كيخبيو ضفارهوم باش ميبانش… وخا الحل موجود، ومجرّب، وبشهادات أكثر من 1500 زبون RIZQ BIO هو الرقم 1 فالمغرب فـ علاج فطريات وتشوه الأظافر 👣 وماشي غير منتج… بل حل متكامل طبيعي كيرجعلك الراحة والثقة فراسك 📌 علاش كيختلف RIZQ BIO؟ لأنه كيحارب المشكل من الجذر، ماشي غير كيخفيه مؤقتاً. ✔️ يقضي على الفطريات بشكل طبيعي ✔️ يساعد على نمو ظفر صحي، نظيف، وبلونه الطبيعي ✔️ النتائج من الاسبوع الأول ✔️ آمن حتى للبشرة الحساسة 📦 الباك فيه كلشي تحتاجيه: سيروم مركز، صابونة مطهّرة، كريم مغذي، ومبرد احترافي | RIZQ BIO هو الرقم 1 فالمغرب فـ علاج فطريات وتشوه الأظافر 👣,https://www.rizqbio.store/products/nail-fungus-treatment-serum,https://video.forn3-2.fna.fbcdn.net/o1/v/t2/f2/m366/AQO2Ylk7XEi7h4_w2GHGLdbXdC-34eT0W44k5_C4BEcxa9PQlda6ymOq3v2PRq5THJDDZ-ewemirwycc0R_PdJYpk5M5T0r2FiDkQOthC4Q5hA.mp4?_nc_cat=109&_nc_oc=Adrvj9CPVsjGPT1NEgf3d56djUP-NtLh7UC6M6QLqnWFC3TTSFwZJJZYDlwj2wUp_Bw&_nc_sid=b66105&_nc_ht=video.forn3-2.fna.fbcdn.net&_nc_ohc=2_g9o7v6L1QQ7kNvwG74FT4&efg=eyJ2ZW5jb2RlX3RhZyI6Inhwdl9wcm9ncmVzc2l2ZS5WSV9VU0VDQVNFX1BST0RVQ1RfVFlQRS4uQzMuNzIwLmRhc2hfaDI2NC1iYXNpYy1nZW4yXzcyMHAiLCJ4cHZfYXNzZXRfaWQiOjExNDE3MjQzMDc4MjM4MzIsImFzc2V0X2FnZV9kYXlzIjozODgsInZpX3VzZWNhc2VfaWQiOjEwNzk5LCJkdXJhdGlvbl9zIjo3MywidXJsZ2VuX3NvdXJjZSI6Ind3dyJ9&ccb=17-1&vs=3307168a478d0a66&_nc_vs=HBksFQIYRWZiX2VwaGVtZXJhbC8yNzQxN0YzNUQ1NTEwNDI3MDc2MDBCMDNGNzAxN0Y4OV9tdF8xX3ZpZGVvX2Rhc2hpbml0Lm1wNBUAAsgBEgAVAhhAZmJfcGVybWFuZW50Lzc4NDYzOEE1MUQ5NDlFRUMwMEEyMTNCMTQxNEI3OEJEX2F1ZGlvX2Rhc2hpbml0Lm1wNBUCAsgBEgAoABgAGwKIB3VzZV9vaWwBMRJwcm9ncmVzc2l2ZV9yZWNpcGUBMRUAACaw8-T8jJmHBBUCKAJDMywXQFJGZmZmZmYYGWRhc2hfaDI2NC1iYXNpYy1nZW4yXzcyMHARAHUAZd6oAQA&_nc_gid=sWItWoy5OWKPDmV_S5m0Dw&_nc_ss=7b289&_nc_map=urlgen_bucketless&_nc_zt=28&oh=00_AQJRWTGiN8J57xVBS19kaj_yAIxObnRGKefvMAL3z_8nGg&oe=6AA6F3C3,https://www.facebook.com/ads/library/?id=3198014270352313,كريم العرقسوس هو الحل,2026-09-09T09:01:47+00:00
4055050281374030,MA,RIZQ Bio Solutions,2025-09-20,354,0,354,بزاااف ديال الناس باقي كيخبيو ضفارهوم باش ميبانش… وخا الحل موجود، ومجرّب، وبشهادات أكثر من 1500 زبون RIZQ BIO هو الرقم 1 فالمغرب فـ علاج فطريات وتشوه الأظافر 👣 وماشي غير منتج… بل حل متكامل طبيعي كيرجعلك الراحة والثقة فراسك 📌 علاش كيختلف RIZQ BIO؟ لأنه كيحارب المشكل من الجذر، ماشي غير كيخفيه مؤقتاً. ✔️ يقضي على الفطريات بشكل طبيعي ✔️ يساعد على نمو ظفر صحي، نظيف، وبلونه الطبيعي ✔️ النتائج من الاسبوع الأول ✔️ آمن حتى للبشرة الحساسة 📦 الباك فيه كلشي تحتاجيه: سيروم مركز، صابونة مطهّرة، كريم مغذي، ومبرد احترافي | RIZQ BIO هو الرقم 1 فالمغرب فـ علاج فطريات وتشوه الأظافر 👣,https://www.rizqbio.store/products/nail-fungus-treatment-serum,https://video.forn3-1.fna.fbcdn.net/o1/v/t2/f2/m366/AQORWI8-sHIrh0rLnnot69X_BoF5TluCMNXfGv09qjTej7rOgOOadMIZXQlSNPn5OMlkWyAj1YLuaN69vnZEqb15B7dKFczMFZwID2XTEJgYlA.mp4?_nc_cat=106&_nc_oc=AdqpIVXaEvjAdV4djvn_xoJdYorFUF7E3uv0_yQO2W2L--q9FFMcbdLs3EB11lpRv0M&_nc_sid=b66105&_nc_ht=video.forn3-1.fna.fbcdn.net&_nc_ohc=DxTkDCCjiMAQ7kNvwFpZJEF&efg=eyJ2ZW5jb2RlX3RhZyI6Inhwdl9wcm9ncmVzc2l2ZS5WSV9VU0VDQVNFX1BST0RVQ1RfVFlQRS4uQzMuNzIwLmRhc2hfaDI2NC1iYXNpYy1nZW4yXzcyMHAiLCJ4cHZfYXNzZXRfaWQiOjEwOTQ0NzUzNTYxMzU2NDIsImFzc2V0X2FnZV9kYXlzIjozNjIsInZpX3VzZWNhc2VfaWQiOjEwNzk5LCJkdXJhdGlvbl9zIjoxMTUsInVybGdlbl9zb3VyY2UiOiJ3d3cifQ%3D%3D&ccb=17-1&vs=581319349283c7a4&_nc_vs=HBksFQIYRWZiX2VwaGVtZXJhbC9FRjQwQzQ3QUZGNzY5NTVCOEFDNzg1ODY5NDE3MEM5M19tdF8xX3ZpZGVvX2Rhc2hpbml0Lm1wNBUAAsgBEgAVAhhAZmJfcGVybWFuZW50LzZGNEU3OEMxMjQzRjI3OEYzMjlGQTY0RjE0NENGMTg5X2F1ZGlvX2Rhc2hpbml0Lm1wNBUCAsgBEgAoABgAGwKIB3VzZV9vaWwBMRJwcm9ncmVzc2l2ZV9yZWNpcGUBMRUAACa0g4vt7NrxAxUCKAJDMywXQFzO6XjU_fQYGWRhc2hfaDI2NC1iYXNpYy1nZW4yXzcyMHARAHUAZd6oAQA&_nc_gid=QDqwVFK8iWAdXqFniXjKCw&_nc_ss=7b289&_nc_map=urlgen_bucketless&_nc_zt=28&oh=00_AQJhLPkYbY7ujaKQZWNdzW98Oh_DjaWYyGavWEud3oYoXg&oe=6AA70E12,https://www.facebook.com/ads/library/?id=4055050281374030,كريم العرقسوس هو الحل,2026-09-09T09:01:46+00:00
782446647865708,MA,RIZQ Bio Solutions,2025-09-20,354,0,354,بزاااف ديال الناس باقي كيخبيو ضفارهوم باش ميبانش… وخا الحل موجود، ومجرّب، وبشهادات أكثر من 1500 زبون RIZQ BIO هو الرقم 1 فالمغرب فـ علاج فطريات وتشوه الأظافر 👣 وماشي غير منتج… بل حل متكامل طبيعي كيرجعلك الراحة والثقة فراسك 📌 علاش كيختلف RIZQ BIO؟ لأنه كيحارب المشكل من الجذر، ماشي غير كيخفيه مؤقتاً. ✔️ يقضي على الفطريات بشكل طبيعي ✔️ يساعد على نمو ظفر صحي، نظيف، وبلونه الطبيعي ✔️ النتائج من الاسبوع الأول ✔️ آمن حتى للبشرة الحساسة 📦 الباك فيه كلشي تحتاجيه: سيروم مركز، صابونة مطهّرة، كريم مغذي، ومبرد احترافي | RIZQ BIO هو الرقم 1 فالمغرب فـ علاج فطريات وتشوه الأظافر 👣,https://www.rizqbio.store/products/nail-fungus-treatment-serum,https://video.forn3-2.fna.fbcdn.net/o1/v/t2/f2/m366/AQOvr3-RW7ngz2lYoazre5Bbs7LxfcsML704A4o1Sl4IwcwXvGBIz5TWLsUDK_xeVjJlUmxguAtVBYC94Lp3TiqDkZbVPAwiy7ILvX6CgVGOcQ.mp4?_nc_cat=111&_nc_oc=AdpJ9SsrMYgNvjsmqgCrIxqiAMYkHbfkH8I7tlJ9F0Di0h4UNoBs5F3mxDOLmRjoPqM&_nc_sid=b66105&_nc_ht=video.forn3-2.fna.fbcdn.net&_nc_ohc=mHuqMbh-Ch8Q7kNvwFtiY6U&efg=eyJ2ZW5jb2RlX3RhZyI6Inhwdl9wcm9ncmVzc2l2ZS5WSV9VU0VDQVNFX1BST0RVQ1RfVFlQRS4uQzMuNzIwLmRhc2hfaDI2NC1iYXNpYy1nZW4yXzcyMHAiLCJ4cHZfYXNzZXRfaWQiOjIxMjc5MDIxNTc3MDEyNjIsImFzc2V0X2FnZV9kYXlzIjozODgsInZpX3VzZWNhc2VfaWQiOjEwNzk5LCJkdXJhdGlvbl9zIjoxMjEsInVybGdlbl9zb3VyY2UiOiJ3d3cifQ%3D%3D&ccb=17-1&vs=a9539a29c542c194&_nc_vs=HBksFQIYRWZiX2VwaGVtZXJhbC80MjQyNTRBNjcyMUU5MUI3ODIwRjIzNkM0NTExMjBBMV9tdF8xX3ZpZGVvX2Rhc2hpbml0Lm1wNBUAAsgBEgAVAhhAZmJfcGVybWFuZW50LzA2NDg2OTlFQjEwMTMyMDg4RjQ0RjMzRjQzNkZCRkFFX2F1ZGlvX2Rhc2hpbml0Lm1wNBUCAsgBEgAoABgAGwKIB3VzZV9vaWwBMRJwcm9ncmVzc2l2ZV9yZWNpcGUBMRUAACacgtDDmtTHBxUCKAJDMywXQF5xBiTdLxsYGWRhc2hfaDI2NC1iYXNpYy1nZW4yXzcyMHARAHUAZd6oAQA&_nc_gid=QDqwVFK8iWAdXqFniXjKCw&_nc_ss=7b289&_nc_map=urlgen_bucketless&_nc_zt=28&oh=00_AQKUD_nQ2JaomJZsTzU44HkAgzrQUsZnda8R-mSnonQaaQ&oe=6AA6E259,https://www.facebook.com/ads/library/?id=782446647865708,كريم العرقسوس هو الحل,2026-09-09T09:01:46+00:00
3168320703344266,MA,RIZQ Bio Solutions,2025-09-22,352,0,352,بزاااف ديال الناس باقي كيخبيو ضفارهوم باش ميبانش… وخا الحل موجود، ومجرّب، وبشهادات أكثر من 1500 زبون RIZQ BIO هو الرقم 1 فالمغرب فـ علاج فطريات وتشوه الأظافر 👣 وماشي غير منتج… بل حل متكامل طبيعي كيرجعلك الراحة والثقة فراسك 📌 علاش كيختلف RIZQ BIO؟ لأنه كيحارب المشكل من الجذر، ماشي غير كيخفيه مؤقتاً. ✔️ يقضي على الفطريات بشكل طبيعي ✔️ يساعد على نمو ظفر صحي، نظيف، وبلونه الطبيعي ✔️ النتائج من الاسبوع الأول ✔️ آمن حتى للبشرة الحساسة 📦 الباك فيه كلشي تحتاجيه: سيروم مركز، صابونة مطهّرة، كريم مغذي، ومبرد احترافي | RIZQ BIO هو الرقم 1 فالمغرب فـ علاج فطريات وتشوه الأظافر 👣,https://www.rizqbio.store/products/nail-fungus-treatment-serum,https://video.forn3-5.fna.fbcdn.net/o1/v/t2/f2/m366/AQPsSyITz0paoMvWkkXQ2SFrl6Dtk9owf2piMcdtzRTkM3ROPalyzwSq5jj82DsntdcY796brlrXJFktinO2aVJxm7VFYxIcFslNw-SaP8NU-A.mp4?_nc_cat=100&_nc_oc=AdrhyxvZ8tYVPCnU4tN2xpYcDy1mfd20Hs3_ytx78hx62-hoGTbffqfjwP8cWEixKRo&_nc_sid=b66105&_nc_ht=video.forn3-5.fna.fbcdn.net&_nc_ohc=hXw454-xfZUQ7kNvwHZecSj&efg=eyJ2ZW5jb2RlX3RhZyI6Inhwdl9wcm9ncmVzc2l2ZS5WSV9VU0VDQVNFX1BST0RVQ1RfVFlQRS4uQzMuNzIwLmRhc2hfaDI2NC1iYXNpYy1nZW4yXzcyMHAiLCJ4cHZfYXNzZXRfaWQiOjIyMTQ2OTEyMjIzMjYwMzIsImFzc2V0X2FnZV9kYXlzIjozODgsInZpX3VzZWNhc2VfaWQiOjEwNzk5LCJkdXJhdGlvbl9zIjo5NywidXJsZ2VuX3NvdXJjZSI6Ind3dyJ9&ccb=17-1&vs=c7e1d94c0a721154&_nc_vs=HBksFQIYRWZiX2VwaGVtZXJhbC83RDQyRjVGQTY4Q0EyNDE4MEUzQ0YzQTg5MkEwQ0JBRV9tdF8xX3ZpZGVvX2Rhc2hpbml0Lm1wNBUAAsgBEgAVAhhAZmJfcGVybWFuZW50L0FGNDMwMUFGQjA0NTBGNEFCN0ZGNkFFNEZEMkE2QjhEX2F1ZGlvX2Rhc2hpbml0Lm1wNBUCAsgBEgAoABgAGwKIB3VzZV9vaWwBMRJwcm9ncmVzc2l2ZV9yZWNpcGUBMRUAACagrMC5_4_vBxUCKAJDMywXQFhd0vGp--cYGWRhc2hfaDI2NC1iYXNpYy1nZW4yXzcyMHARAHUAZd6oAQA&_nc_gid=QDqwVFK8iWAdXqFniXjKCw&_nc_ss=7b289&_nc_map=urlgen_bucketless&_nc_zt=28&oh=00_AQJEI5L_vfh-eBEFfJyKCmVksUWWUmOPzNZP42LgtVJ2OQ&oe=6AA6D978,https://www.facebook.com/ads/library/?id=3168320703344266,كريم العرقسوس هو الحل,2026-09-09T09:01:46+00:00
2652700265070315,MA,RIZQ Bio Solutions,2025-09-22,352,0,352,بزاااف ديال الناس باقي كيخبيو ضفارهوم باش ميبانش… وخا الحل موجود، ومجرّب، وبشهادات أكثر من 1500 زبون RIZQ BIO هو الرقم 1 فالمغرب فـ علاج فطريات وتشوه الأظافر 👣 وماشي غير منتج… بل حل متكامل طبيعي كيرجعلك الراحة والثقة فراسك 📌 علاش كيختلف RIZQ BIO؟ لأنه كيحارب المشكل من الجذر، ماشي غير كيخفيه مؤقتاً. ✔️ يقضي على الفطريات بشكل طبيعي ✔️ يساعد على نمو ظفر صحي، نظيف، وبلونه الطبيعي ✔️ النتائج من الاسبوع الأول ✔️ آمن حتى للبشرة الحساسة 📦 الباك فيه كلشي تحتاجيه: سيروم مركز، صابونة مطهّرة، كريم مغذي، ومبرد احترافي | RIZQ BIO هو الرقم 1 فالمغرب فـ علاج فطريات وتشوه الأظافر 👣,https://www.rizqbio.store/products/nail-fungus-treatment-serum,https://video.forn3-5.fna.fbcdn.net/o1/v/t2/f2/m366/AQPsSyITz0paoMvWkkXQ2SFrl6Dtk9owf2piMcdtzRTkM3ROPalyzwSq5jj82DsntdcY796brlrXJFktinO2aVJxm7VFYxIcFslNw-SaP8NU-A.mp4?_nc_cat=100&_nc_oc=AdrhyxvZ8tYVPCnU4tN2xpYcDy1mfd20Hs3_ytx78hx62-hoGTbffqfjwP8cWEixKRo&_nc_sid=b66105&_nc_ht=video.forn3-5.fna.fbcdn.net&_nc_ohc=hXw454-xfZUQ7kNvwHZecSj&efg=eyJ2ZW5jb2RlX3RhZyI6Inhwdl9wcm9ncmVzc2l2ZS5WSV9VU0VDQVNFX1BST0RVQ1RfVFlQRS4uQzMuNzIwLmRhc2hfaDI2NC1iYXNpYy1nZW4yXzcyMHAiLCJ4cHZfYXNzZXRfaWQiOjIyMTQ2OTEyMjIzMjYwMzIsImFzc2V0X2FnZV9kYXlzIjozODgsInZpX3VzZWNhc2VfaWQiOjEwNzk5LCJkdXJhdGlvbl9zIjo5NywidXJsZ2VuX3NvdXJjZSI6Ind3dyJ9&ccb=17-1&vs=c7e1d94c0a721154&_nc_vs=HBksFQIYRWZiX2VwaGVtZXJhbC83RDQyRjVGQTY4Q0EyNDE4MEUzQ0YzQTg5MkEwQ0JBRV9tdF8xX3ZpZGVvX2Rhc2hpbml0Lm1wNBUAAsgBEgAVAhhAZmJfcGVybWFuZW50L0FGNDMwMUFGQjA0NTBGNEFCN0ZGNkFFNEZEMkE2QjhEX2F1ZGlvX2Rhc2hpbml0Lm1wNBUCAsgBEgAoABgAGwKIB3VzZV9vaWwBMRJwcm9ncmVzc2l2ZV9yZWNpcGUBMRUAACagrMC5_4_vBxUCKAJDMywXQFhd0vGp--cYGWRhc2hfaDI2NC1iYXNpYy1nZW4yXzcyMHARAHUAZd6oAQA&_nc_gid=QDqwVFK8iWAdXqFniXjKCw&_nc_ss=7b289&_nc_map=urlgen_bucketless&_nc_zt=28&oh=00_AQJEI5L_vfh-eBEFfJyKCmVksUWWUmOPzNZP42LgtVJ2OQ&oe=6AA6D978,https://www.facebook.com/ads/library/?id=2652700265070315,كريم العرقسوس هو الحل,2026-09-09T09:01:46+00:00
1679626249661868,MA,RIZQ Bio Solutions,2025-09-25,349,0,349,بزاااف ديال الناس باقي كيخبيو ضفارهوم باش ميبانش… وخا الحل موجود، ومجرّب، وبشهادات أكثر من 1500 زبون RIZQ BIO هو الرقم 1 فالمغرب فـ علاج فطريات وتشوه الأظافر 👣 وماشي غير منتج… بل حل متكامل طبيعي كيرجعلك الراحة والثقة فراسك 📌 علاش كيختلف RIZQ BIO؟ لأنه كيحارب المشكل من الجذر، ماشي غير كيخفيه مؤقتاً. ✔️ يقضي على الفطريات بشكل طبيعي ✔️ يساعد على نمو ظفر صحي، نظيف، وبلونه الطبيعي ✔️ النتائج من الاسبوع الأول ✔️ آمن حتى للبشرة الحساسة 📦 الباك فيه كلشي تحتاجيه: سيروم مركز، صابونة مطهّرة، كريم مغذي، ومبرد احترافي | RIZQ BIO هو الرقم 1 فالمغرب فـ علاج فطريات وتشوه الأظافر 👣,https://www.rizqbio.store/products/nail-fungus-treatment-serum,https://video.forn3-1.fna.fbcdn.net/o1/v/t2/f2/m366/AQORWI8-sHIrh0rLnnot69X_BoF5TluCMNXfGv09qjTej7rOgOOadMIZXQlSNPn5OMlkWyAj1YLuaN69vnZEqb15B7dKFczMFZwID2XTEJgYlA.mp4?_nc_cat=106&_nc_oc=AdqpIVXaEvjAdV4djvn_xoJdYorFUF7E3uv0_yQO2W2L--q9FFMcbdLs3EB11lpRv0M&_nc_sid=b66105&_nc_ht=video.forn3-1.fna.fbcdn.net&_nc_ohc=DxTkDCCjiMAQ7kNvwFpZJEF&efg=eyJ2ZW5jb2RlX3RhZyI6Inhwdl9wcm9ncmVzc2l2ZS5WSV9VU0VDQVNFX1BST0RVQ1RfVFlQRS4uQzMuNzIwLmRhc2hfaDI2NC1iYXNpYy1nZW4yXzcyMHAiLCJ4cHZfYXNzZXRfaWQiOjEwOTQ0NzUzNTYxMzU2NDIsImFzc2V0X2FnZV9kYXlzIjozNjIsInZpX3VzZWNhc2VfaWQiOjEwNzk5LCJkdXJhdGlvbl9zIjoxMTUsInVybGdlbl9zb3VyY2UiOiJ3d3cifQ%3D%3D&ccb=17-1&vs=581319349283c7a4&_nc_vs=HBksFQIYRWZiX2VwaGVtZXJhbC9FRjQwQzQ3QUZGNzY5NTVCOEFDNzg1ODY5NDE3MEM5M19tdF8xX3ZpZGVvX2Rhc2hpbml0Lm1wNBUAAsgBEgAVAhhAZmJfcGVybWFuZW50LzZGNEU3OEMxMjQzRjI3OEYzMjlGQTY0RjE0NENGMTg5X2F1ZGlvX2Rhc2hpbml0Lm1wNBUCAsgBEgAoABgAGwKIB3VzZV9vaWwBMRJwcm9ncmVzc2l2ZV9yZWNpcGUBMRUAACa0g4vt7NrxAxUCKAJDMywXQFzO6XjU_fQYGWRhc2hfaDI2NC1iYXNpYy1nZW4yXzcyMHARAHUAZd6oAQA&_nc_gid=QDqwVFK8iWAdXqFniXjKCw&_nc_ss=7b289&_nc_map=urlgen_bucketless&_nc_zt=28&oh=00_AQJhLPkYbY7ujaKQZWNdzW98Oh_DjaWYyGavWEud3oYoXg&oe=6AA70E12,https://www.facebook.com/ads/library/?id=1679626249661868,كريم العرقسوس هو الحل,2026-09-09T09:01:46+00:00
24722600197415300,SA,,2025-12-30,228,,343,"​ Active Library ID: 24722600197415300 Started running on Dec 30, 2025 Platforms ​ ​ ​ ​ ​",https://www.adobe.com/mena_ar/acrobat/free-trial-download.html,,https://www.facebook.com/ads/library/?id=24722600197415300,جهاز,2026-08-15T00:32:45+00:00
1945460756014858,TN,NovaGlow Para ,2025-10-22,321,0,321,"وجهك معبي بالبلايص الغامقة و الكلف و الدسة و بلايص الحبوب؟ ننصحك بالكرام الايطالية هذه وزيد في تخفيض و معاها كادو 🎁 39د فققققطططط 🤑 تتحصل على كريم لتفتيح البقع الغامقة و الكلف و الدسة و بلايص الحبوب و تزيد تجيك معاها هدية 🎁 من Narcisse gold🌸 ايه نعم, باك كامل ومتكامل للعناية بالوجه, تفتيح التصبغات و حماية البشرة من الظهور المبكر لعلامات التقدم في السن🙏🏻❤️ ب 39د فقط 🌸 ✅ متكون من crème pure lumière تفتح البقع الداكنة في الوجه،تعطي لمعة و نضارة من اول استعمال، ترطب من الأعماق و تقاوم ظهور التجاعيد. ✅و اكرون يقدم حماية عالية +SPF 50 غني بالفيتامينات E و C و الالوا فيرا و ال provitamine b5. الزوز منتجات هاذم ب 39د و التوصيل مجاني على كامل تراب الجمهورية🥳🥳🥳 باش تعدي كومند يكفي انك تبعثلنا رقم الهاتف و العنوان واحنا نوصلولك لباب الدار | لكل مرا وجهها معبي بالtaches brunes 😭 مهم ياسر تتفرج في الفيديو هذه 🚨🚨",https://novaglowpara.com/products/ecran-solaire-teinte,https://video.forn3-5.fna.fbcdn.net/o1/v/t2/f2/m366/AQPi1pb791OCArzu8RZHsI4mapr9wL3jsW30mIm8Fvv3XugPL5pb9dN_u18v-YygAai2Zu6F8epI42SAH5six8uGm5nPJWLA2UohdNTLeB91Ng.mp4?_nc_cat=111&_nc_oc=Adr08LhzPCUjiRBV9mStKVfKB3nsxjmq5t-tfMOSTkK0Afxs_pQfd192LiGYTvDntbU&_nc_sid=b66105&_nc_ht=video.forn3-5.fna.fbcdn.net&_nc_ohc=yU_reQ8btSYQ7kNvwGU_MMu&efg=eyJ2ZW5jb2RlX3RhZyI6Inhwdl9wcm9ncmVzc2l2ZS5WSV9VU0VDQVNFX1BST0RVQ1RfVFlQRS4uQzMuNzIwLmRhc2hfaDI2NC1iYXNpYy1nZW4yXzcyMHAiLCJ4cHZfYXNzZXRfaWQiOjgxNzA2MTk5NDAyMDY0MSwiYXNzZXRfYWdlX2RheXMiOjMyMSwidmlfdXNlY2FzZV9pZCI6MTA3OTksImR1cmF0aW9uX3MiOjgwLCJ1cmxnZW5fc291cmNlIjoid3d3In0%3D&ccb=17-1&vs=9c563e8edf6338a3&_nc_vs=HBksFQIYRWZiX2VwaGVtZXJhbC82MjQwQUEyM0NBODA4OTkwQjMzMEI5QjlGNzVBNjY4OV9tdF8xX3ZpZGVvX2Rhc2hpbml0Lm1wNBUAAsgBEgAVAhhAZmJfcGVybWFuZW50LzIwNDJFMUE2QTNDMzc2MkY0MUU4RkI5OTk4NTdBMEFFX2F1ZGlvX2Rhc2hpbml0Lm1wNBUCAsgBEgAoABgAGwKIB3VzZV9vaWwBMRJwcm9ncmVzc2l2ZV9yZWNpcGUBMRUAACbC_M2eosfzAhUCKAJDMywXQFQAAAAAAAAYGWRhc2hfaDI2NC1iYXNpYy1nZW4yXzcyMHARAHUAZd6oAQA&_nc_gid=0TpCcMYproH3KSGozMspyw&_nc_ss=7a289&_nc_map=urlgen_bucketless&_nc_zt=28&oh=00_AQKFU6q9IhAm2SvQSDlZ-rSXgIJe7pJK3g-AnoGZZv3Ozw&oe=6AA6CE8D,https://www.facebook.com/ads/library/?id=1945460756014858,كريم الوقاية من البقع الداكنة,2026-09-09T07:39:40+00:00
1141227971547892,TN,NovaGlow Para ,2025-10-23,320,0,320,"وجهك معبي بالبلايص الغامقة و الكلف و الدسة و بلايص الحبوب؟ ننصحك بالكرام الايطالية هذه وزيد في تخفيض و معاها كادو 🎁 39د فققققطططط 🤑 تتحصل على كريم لتفتيح البقع الغامقة و الكلف و الدسة و بلايص الحبوب و تزيد تجيك معاها هدية 🎁 من Narcisse gold🌸 ايه نعم, باك كامل ومتكامل للعناية بالوجه, تفتيح التصبغات و حماية البشرة من الظهور المبكر لعلامات التقدم في السن🙏🏻❤️ ب 39د فقط 🌸 ✅ متكون من crème pure lumière تفتح البقع الداكنة في الوجه،تعطي لمعة و نضارة من اول استعمال، ترطب من الأعماق و تقاوم ظهور التجاعيد. ✅و اكرون يقدم حماية عالية +SPF 50 غني بالفيتامينات E و C و الالوا فيرا و ال provitamine b5. الزوز منتجات هاذم ب 39د و التوصيل مجاني على كامل تراب الجمهورية🥳🥳🥳 باش تعدي كومند يكفي انك تبعثلنا رقم الهاتف و العنوان واحنا نوصلولك لباب الدار | بروموو 😱 كرام تفتيح و ترطيب الوجه مع هدية 🎁 39د فقققط😱",https://novaglowpara.com/products/ecran-solaire-teinte,https://video.forn3-2.fna.fbcdn.net/o1/v/t2/f2/m366/AQM8ZPcSgfnLGrpbBgB49z6FsSV1v6TKZwqe0W3eG9qz5HfKe-vItA-2VO5tQILqhiL4GcDu7dmn7MYQJN8Yhnp_nacbX-aq6LN1kqK0s-Y9MA.mp4?_nc_cat=109&_nc_oc=AdrbwpguOkYY4_Po4HTEj6EqlGMrRsGbQzQKVetXA5Sw2yo_08TYaWYBvko3_NIcb8c&_nc_sid=b66105&_nc_ht=video.forn3-2.fna.fbcdn.net&_nc_ohc=ZEn-g91Cs4sQ7kNvwEWm14A&efg=eyJ2ZW5jb2RlX3RhZyI6Inhwdl9wcm9ncmVzc2l2ZS5WSV9VU0VDQVNFX1BST0RVQ1RfVFlQRS4uQzMuNzIwLmRhc2hfaDI2NC1iYXNpYy1nZW4yXzcyMHAiLCJ4cHZfYXNzZXRfaWQiOjEzNzQ3OTI5NTQyMzM4NDMsImFzc2V0X2FnZV9kYXlzIjozMjEsInZpX3VzZWNhc2VfaWQiOjEwNzk5LCJkdXJhdGlvbl9zIjo3NywidXJsZ2VuX3NvdXJjZSI6Ind3dyJ9&ccb=17-1&vs=147355772ab4ed63&_nc_vs=HBksFQIYRWZiX2VwaGVtZXJhbC9CNzQxQUUwQUUwQ0ExMzEwNEU2ODY2MzJDM0VDMUVBOV9tdF8xX3ZpZGVvX2Rhc2hpbml0Lm1wNBUAAsgBEgAVAhhAZmJfcGVybWFuZW50L0RDNDVDRDVCRTA2REVCNEVBNUVFNzkzNDI2MUM0RkFGX2F1ZGlvX2Rhc2hpbml0Lm1wNBUCAsgBEgAoABgAGwKIB3VzZV9vaWwBMRJwcm9ncmVzc2l2ZV9yZWNpcGUBMRUAACbmj-ravZfxBBUCKAJDMywXQFNIgxJul40YGWRhc2hfaDI2NC1iYXNpYy1nZW4yXzcyMHARAHUAZd6oAQA&_nc_gid=gbdqoKVY9es8FpOL4_pjfA&_nc_ss=7a289&_nc_map=urlgen_bucketless&_nc_zt=28&oh=00_AQJL3Vbi852xHTW69Am7gpVuujZejbV_kl9pE8r0t4BKfw&oe=6AA6C9D7,https://www.facebook.com/ads/library/?id=1141227971547892,كريم الوقاية من البقع الداكنة,2026-09-09T07:39:40+00:00
708577862267363,YE,دكتور شادي منسي - Top Heart Clinic,2025-10-26,318,0,318,"انسداد الشرايين المزمن ممكن يتعالج من غير جراحة، ولا قلب مفتوح، ولا حتى تخدير شاهد كيف نجح دكتور شادي منسي، في فتح انسداد الشريان لمريض 60 سنه يعاني من انسداد بالشريان الرئيسي مع وجود تكلسات بالشريان بدون جراحة القلب المفتوح.، باستخدام تقنية IVUS اللي بتكشف الشرايين من الداخل وبتخلي العلاج أكثر دقة وأمان ​حيث يُمكّن المريض من العودة إلى حياته الطبيعية في وقت قياسي في الفيديو ده هتشوف بنفسك: أهمية القسطرة كبديل آمن وفعال لعلاج انسداد الشرايين. كيف غيرت تقنية IVUS من دقة التشخيص والعلاج. خبرة د. شادي منسي في إجراء العمليات بدون جراحة قلب مفتوح بروفيسور دكتور شادي منسي استشاري امراض القلب والاوعية الدموية دكتوراة امراض القلب والاوعية الدموية استشاري قسطرة القلب والشرايين التاجية الحاصل علي البورد الأمريكي في تخصص الاشعة المقطعية علي القلب عضو الجمعية الاوربية لضعف عضلة القلب استشاري تركيب صمامات القلب عن طريق القسطرة الحاصل علي الرخصة الدولية لتركيب الصمام الاورطي عن طريق القسطرة (TAVI) خدمات المركز الكشف الطبي ومتابعة حالات ضعف عضلة القلب متابعة حالات انسداد الشرايين التاجية وتركيب الدعامات رسم القلب الكهربائي الموجات فوق الصوتية علي القلب (ايكو) متابعة حالات الازمات القلبية رسم القلب 24 - 48 ساعة (هولتر) جهاز قياس ضغط الدم 24 ساعة للتواصل برج دار الفؤاد شارع يوسف عباس مدينه نصر, Nasr City, Egypt, 11765 رقم التواصل 01122186866 222628620 ​#قسطرة_القلب #انسداد_الشرايين #دكتور_شادي_منسي #صحة_القلب #جراحة_القلب #قلب_مفتوح #TAVI | دكتور شادي منسي - Top Heart Clinic",https://api.whatsapp.com/send,https://video.forn3-6.fna.fbcdn.net/o1/v/t2/f2/m366/AQMNKoddW6Ari9wJPE_SGo4wFHWdTrNMPc0V52B1zZ6rOPmNVPoGtnURrd5W6tNHBFHJvLg772mPjM-Jo75E3XnsYFmz5GAfi5Gad7ZOfDcRIg.mp4?_nc_cat=111&_nc_oc=AdoscYa4FNUOhJkHgNWfFUFFbP8vuIaFD5EJiFVN0AH4N0-9FCVd_HjmefsnYTxSBQ0&_nc_sid=b66105&_nc_ht=video.forn3-6.fna.fbcdn.net&_nc_ohc=I_EtCWJPx0EQ7kNvwG6ndZy&efg=eyJ2ZW5jb2RlX3RhZyI6Inhwdl9wcm9ncmVzc2l2ZS5WSV9VU0VDQVNFX1BST0RVQ1RfVFlQRS4uQzMuNzIwLmRhc2hfaDI2NC1iYXNpYy1nZW4yXzcyMHAiLCJ4cHZfYXNzZXRfaWQiOjQxNjIzODY4OTM5OTgyMTAsImFzc2V0X2FnZV9kYXlzIjozNTksInZpX3VzZWNhc2VfaWQiOjEyMzczLCJkdXJhdGlvbl9zIjozMDcsInVybGdlbl9zb3VyY2UiOiJ3d3cifQ%3D%3D&ccb=17-1&vs=2eff535723377ceb&_nc_vs=HBksFQIYRWZiX2VwaGVtZXJhbC84NTQ4MjdCQTU3QTNFOTNBRUMwRTI3QjBDQ0FEQUVBRl9tdF8xX3ZpZGVvX2Rhc2hpbml0Lm1wNBUAAsgBEgAVAhhAZmJfcGVybWFuZW50LzZGNDI1QUM4MjE5MjZGNjBEMUY2OUI4M0RCNUQ5MkE3X2F1ZGlvX2Rhc2hpbml0Lm1wNBUCAsgBEgAoABgAGwKIB3VzZV9vaWwBMRJwcm9ncmVzc2l2ZV9yZWNpcGUBMRUAACaEouCD5-rkDhUCKAJDMywXQHM_dLxqfvoYGWRhc2hfaDI2NC1iYXNpYy1nZW4yXzcyMHARAHUAZarBAQA&_nc_gid=kogJayJ3SL2w94UuNbbZKA&_nc_ss=7a289&_nc_map=urlgen_bucketless&_nc_zt=28&oh=00_AQLGxBwSMmWN5MiNALJ0xi1lgagksogtFzQP0NT6rE05Sg&oe=6AA7119D,https://www.facebook.com/ads/library/?id=708577862267363,جهاز ازالة,2026-09-09T10:32:22+00:00
1239169748007200,MA,RIZQ Bio Solutions,2025-11-14,299,0,299,بزاااف ديال الناس باقي كيخبيو ضفارهوم باش ميبانش… وخا الحل موجود، ومجرّب، وبشهادات أكثر من 1500 زبون RIZQ BIO هو الرقم 1 فالمغرب فـ علاج فطريات وتشوه الأظافر 👣 وماشي غير منتج… بل حل متكامل طبيعي كيرجعلك الراحة والثقة فراسك 📌 علاش كيختلف RIZQ BIO؟ لأنه كيحارب المشكل من الجذر، ماشي غير كيخفيه مؤقتاً. ✔️ يقضي على الفطريات بشكل طبيعي ✔️ يساعد على نمو ظفر صحي، نظيف، وبلونه الطبيعي ✔️ النتائج من الاسبوع الأول ✔️ آمن حتى للبشرة الحساسة 📦 الباك فيه كلشي تحتاجيه: سيروم مركز، صابونة مطهّرة، كريم مغذي، ومبرد احترافي | RIZQ BIO هو الرقم 1 فالمغرب فـ علاج فطريات وتشوه الأظافر 👣,https://rizqbio.store/products/nail-fungus-treatment-serum,https://video.forn3-2.fna.fbcdn.net/o1/v/t2/f2/m366/AQPwjcFPyst6JI9dE7zQ0DGHmooCflyNHhXVJhYmVhuUwBEbxtdXhAvkNsjdJ3Uv4Yb32_z4CrROYNoKZxK-3nFp1UaKwXA4TonjGi-T3MNSnw.mp4?_nc_cat=104&_nc_oc=Ado4K22bDnoghqXog5SAySbCsZu0B9NrTuNMeyApfYbMaCHpaOlBJ4Ai82xznZ_KLGA&_nc_sid=b66105&_nc_ht=video.forn3-2.fna.fbcdn.net&_nc_ohc=_HizNHv5SesQ7kNvwHoMIUE&efg=eyJ2ZW5jb2RlX3RhZyI6Inhwdl9wcm9ncmVzc2l2ZS5WSV9VU0VDQVNFX1BST0RVQ1RfVFlQRS4uQzMuNzIwLmRhc2hfaDI2NC1iYXNpYy1nZW4yXzcyMHAiLCJ4cHZfYXNzZXRfaWQiOjg0Njk4Mzk2NzkxNjA3MSwiYXNzZXRfYWdlX2RheXMiOjI5OCwidmlfdXNlY2FzZV9pZCI6MTA3OTksImR1cmF0aW9uX3MiOjYwLCJ1cmxnZW5fc291cmNlIjoid3d3In0%3D&ccb=17-1&vs=910ea349f87dfee4&_nc_vs=HBksFQIYRWZiX2VwaGVtZXJhbC9BQjQxRERDRDBBMjZDOTkwNEQ0MDI2NkM5NkIyOEFCOV9tdF8xX3ZpZGVvX2Rhc2hpbml0Lm1wNBUAAsgBEgAVAhhAZmJfcGVybWFuZW50LzlFNDY1MzBEQzgzREMzM0FCNUU1OUUzMTBFQjMyMjlDX2F1ZGlvX2Rhc2hpbml0Lm1wNBUCAsgBEgAoABgAGwKIB3VzZV9vaWwBMRJwcm9ncmVzc2l2ZV9yZWNpcGUBMRUAACbOgM6o-pSBAxUCKAJDMywXQE4u2RaHKwIYGWRhc2hfaDI2NC1iYXNpYy1nZW4yXzcyMHARAHUAZd6oAQA&_nc_gid=QDqwVFK8iWAdXqFniXjKCw&_nc_ss=7b289&_nc_map=urlgen_bucketless&_nc_zt=28&oh=00_AQLiXxQPvf1rNOpzl-ZdFen0S_JqRs1-VlKXk-xkCOpwkA&oe=6AA6DA84,https://www.facebook.com/ads/library/?id=1239169748007200,كريم العرقسوس هو الحل,2026-09-09T09:01:46+00:00
903873312560624,SA,,2026-02-17,179,,294,"​ Active Library ID: 903873312560624 Started running on Feb 17, 2026 Platforms ​ ​ ​ ​",https://sa.revibe.me/ar,,https://www.facebook.com/ads/library/?id=903873312560624,جهاز,2026-08-15T00:33:35+00:00
2079256132644519,SA,,2026-02-23,173,,288,"​ Active Library ID: 2079256132644519 Started running on Feb 23, 2026 Platforms ​ ​",https://www.adobe.com/mena_ar/acrobat/free-trial-download.html,,https://www.facebook.com/ads/library/?id=2079256132644519,جهاز,2026-08-15T00:33:18+00:00
819890340917344,MA,RIZQ Bio Solutions,2025-11-26,287,0,287,بزاااف ديال الناس باقي كيخبيو ضفارهوم باش ميبانش… وخا الحل موجود، ومجرّب، وبشهادات أكثر من 1500 زبون RIZQ BIO هو الرقم 1 فالمغرب فـ علاج فطريات وتشوه الأظافر 👣 وماشي غير منتج… بل حل متكامل طبيعي كيرجعلك الراحة والثقة فراسك 📌 علاش كيختلف RIZQ BIO؟ لأنه كيحارب المشكل من الجذر، ماشي غير كيخفيه مؤقتاً. ✔️ يقضي على الفطريات بشكل طبيعي ✔️ يساعد على نمو ظفر صحي، نظيف، وبلونه الطبيعي ✔️ النتائج من الاسبوع الأول ✔️ آمن حتى للبشرة الحساسة 📦 الباك فيه كلشي تحتاجيه: سيروم مركز، صابونة مطهّرة، كريم مغذي، ومبرد احترافي | RIZQ BIO هو الرقم 1 فالمغرب فـ علاج فطريات وتشوه الأظافر 👣,https://rizqbio.store/products/nail-fungus-treatment-serum,https://video.forn3-2.fna.fbcdn.net/o1/v/t2/f2/m366/AQMmYgszGTgmuJvuPIkJmZboWecA71XJToaoF4V6jeDzy3lnnAcyE2wBqlVM153_nHvwarvsZ5rs0X-aRGlN5xZo9pJdiufCVc3hpSBm2L2ing.mp4?_nc_cat=101&_nc_oc=AdpyPkM7xHi1nU2eufsHWuFG1qzjMtO5_pRwfNctK2HXDZV8y2YUxB3e6kNMMsAbVy4&_nc_sid=b66105&_nc_ht=video.forn3-2.fna.fbcdn.net&_nc_ohc=uB_tG7Q_04EQ7kNvwHVSMza&efg=eyJ2ZW5jb2RlX3RhZyI6Inhwdl9wcm9ncmVzc2l2ZS5WSV9VU0VDQVNFX1BST0RVQ1RfVFlQRS4uQzMuNzIwLmRhc2hfaDI2NC1iYXNpYy1nZW4yXzcyMHAiLCJ4cHZfYXNzZXRfaWQiOjI1NDE0MDMyNDU0ODU2OTQyLCJhc3NldF9hZ2VfZGF5cyI6Mjg3LCJ2aV91c2VjYXNlX2lkIjoxMDc5OSwiZHVyYXRpb25fcyI6MzgsInVybGdlbl9zb3VyY2UiOiJ3d3cifQ%3D%3D&ccb=17-1&vs=4edc56a553577bad&_nc_vs=HBksFQIYRWZiX2VwaGVtZXJhbC8zODQyQzMxRjI3OTY0MzhFNTU2RDlDRjIwOEQ4ODdCRV9tdF8xX3ZpZGVvX2Rhc2hpbml0Lm1wNBUAAsgBEgAVAhhAZmJfcGVybWFuZW50L0RFNDNBMzdERTEyN0QyNjg5ODQ0RDFDOTEyNzM3Q0FFX2F1ZGlvX2Rhc2hpbml0Lm1wNBUCAsgBEgAoABgAGwKIB3VzZV9vaWwBMRJwcm9ncmVzc2l2ZV9yZWNpcGUBMRUAACbcw8GMsfukWhUCKAJDMywXQENqn752yLQYGWRhc2hfaDI2NC1iYXNpYy1nZW4yXzcyMHARAHUAZd6oAQA&_nc_gid=D25IcPzOU8XlCF8Gmm0LYg&_nc_ss=7b289&_nc_map=urlgen_bucketless&_nc_zt=28&oh=00_AQIricbc0WtjRodhy6xeCw8lW9GSLraV1ugVR3XyQKywEw&oe=6AA70B3F,https://www.facebook.com/ads/library/?id=819890340917344,كريم العرقسوس هو الحل,2026-09-09T09:01:47+00:00
1973640829845216,MA,تعاونية تراب البلاد,2025-12-02,281,0,281,بغيتي الحل النهائي للبرد القديم راه كاين عندنا 🔥ولكن بشرط الفساد ممنوع 🚫 تعاونية تراب البلاد جابت ليكوم العلاج الفعال والنهائي لمشكل البرد القديم✨ تواصلو معانا عبر الواطساب 📍الموقع:أگادير تكوين امام محطة طاكسيات درارگة 🚛التوصيل بالمجان فالمغرب كامل بالمجان,https://api.whatsapp.com/send,https://video.forn3-6.fna.fbcdn.net/o1/v/t2/f2/m366/AQPfwt_NOR-jTalZT-CVcvvfdonVvSWHKpaBwB2CdYhs1TD3wzgkip_tzYKmcQsj9hPW3z5e6gbAU8B0vyG-SPW8WQnP7t6_VjkXdw0KfC10gg.mp4?_nc_cat=108&_nc_oc=AdqHEnoMwtSgv25oQV3YFeh0NXE4m7UbZ4uYdo1uRrBaPBmEyGuttBRFuTpm0Qr2Vho&_nc_sid=b66105&_nc_ht=video.forn3-6.fna.fbcdn.net&_nc_ohc=jbbdtzepocEQ7kNvwHb5n9T&efg=eyJ2ZW5jb2RlX3RhZyI6Inhwdl9wcm9ncmVzc2l2ZS5WSV9VU0VDQVNFX1BST0RVQ1RfVFlQRS4uQzMuNzIwLmRhc2hfaDI2NC1iYXNpYy1nZW4yXzcyMHAiLCJ4cHZfYXNzZXRfaWQiOjgxNzIxMzU5NzYwOTYwNiwiYXNzZXRfYWdlX2RheXMiOjMxOCwidmlfdXNlY2FzZV9pZCI6MTIzNzMsImR1cmF0aW9uX3MiOjI3NywidXJsZ2VuX3NvdXJjZSI6Ind3dyJ9&ccb=17-1&vs=75a786dbe65b7a89&_nc_vs=HBksFQIYRWZiX2VwaGVtZXJhbC8yMDRBMzk5QzkyNzc1RTIwMjVDRDZCRDhGQjI1OEU5MF9tdF8xX3ZpZGVvX2Rhc2hpbml0Lm1wNBUAAsgBEgAVAhhAZmJfcGVybWFuZW50L0FGNDM2RUNDOUQwNUExOTZGQ0VFNzQ1MjAwOEY5MTk1X2F1ZGlvX2Rhc2hpbml0Lm1wNBUCAsgBEgAoABgAGwKIB3VzZV9vaWwBMRJwcm9ncmVzc2l2ZV9yZWNpcGUBMRUAACaMuofji9DzAhUCKAJDMywXQHFbul41P30YGWRhc2hfaDI2NC1iYXNpYy1nZW4yXzcyMHARAHUAZarBAQA&_nc_gid=D25IcPzOU8XlCF8Gmm0LYg&_nc_ss=7b289&_nc_map=urlgen_bucketless&_nc_zt=28&oh=00_AQIXTAZmWuUrmZD2-XOa8LAvBW5Xvgaf40YFWZt0HSXRvg&oe=6AA6DB5C,https://www.facebook.com/ads/library/?id=1973640829845216,كريم العرقسوس هو الحل,2026-09-09T09:01:47+00:00
1097283132359218,IQ,Aleef House - اليف هاوس,2025-12-10,273,0,273,⁨ ليش تحتار ب طعام كلبك .. ب أليف هاوس تگدر تلگة أنواع مختلفة ومتنوعة من طعام الكلاب بماركات عالمية سواء دراي فود أو ويت فود 🔥 ✅دراي فود 👇 🌵Dr.clauder's الألماني تركيبة غنية بـ البروتينات والمكملات الغذائية متوفر لجميع الأعمار والأحجام 🌵Tast of the wild الأمريكي تركيبة مستوحاه من النظام الغذائي للكلاب البرية غني بالمصادر الطبيعية مثل السلمون و الغزال والبط المشوي غني بالحبوب والغلوتين ومضادات الأكسدة ويدعم الهضم 🌵Molly التركي تركيبة منخفضة الحبوب ويدعم الجهاز الهضمي غني بالأحماض الأساسية ويدعم صحة المفاصل خالي من المواد الصناعية 🌵 Jungle خيار اقتصادي ومغذي للكلاب 🌵 Pascal ينتج ب تقنيات حديثة تحت إشراف خبراء التغذية يساعد على الحفاظ على الأسنان خالية من الجير ✅ويت فود 👇 🌵 معلبات Molly 🌵 معلبات Dr.cluder's 🌵معلبات Jungle 🌵معلبات Snacky 🌵 أيضا معلبات Plaisir الفرنسية 🌸البيع جملة ومفرد 🌸 ما عندك وقت تجي يمنة .. هسه تقدر تطلب كل اللي تريده من خلال موقعنه الإلكتروني .. رابط الموقع بالبايو واحنة نوصلك ونجيبلك اللي تريدة للبيت باي مكان بانحاء العراق وتدلل الفرع الأول: بغداد - نفق الشرطة - مجاور كنيسة مار يوسف 07737336455 - 07821188888 الفرع الثاني: أربيل - شارع زوركزراو بالقرب من سوق گوران و جامع خضر سواره. 07833320500 - 07510000215 facebook Aleef House - اليف هاوس instagram ‪@aleefhouse‬⁩,https://aleefhouse.com/product-category/dogs/?filter_tasnef=dog-dray-food,https://video.forn3-1.fna.fbcdn.net/o1/v/t2/f2/m86/AQNWaUAvMOkrcx3k7IX8qUO1QP91Y9IGTZJ1hayl_SvsWxPYO0XIdsIMn2N_OIWN1LTDXLrbVYieyvNm-2S8CteaUk8xZoMEXcVKGJ8.mp4?_nc_cat=109&_nc_oc=AdpGjAj596_TblikQmn7vd7fkbpxQmq0eC-XCUoqcFwQzaQ4M6t3pcbRH2a4LCy_1mo&_nc_sid=b66105&_nc_ht=video.forn3-1.fna.fbcdn.net&_nc_ohc=MSDuyPlHi8UQ7kNvwHAKJb9&efg=eyJ2ZW5jb2RlX3RhZyI6Inhwdl9wcm9ncmVzc2l2ZS5WSV9VU0VDQVNFX1BST0RVQ1RfVFlQRS4uQzMuMzYwLmRhc2hfYmFzZWxpbmVfM192MSIsInhwdl9hc3NldF9pZCI6MTE0MjIzMzYzMDk5NDg3OSwiYXNzZXRfYWdlX2RheXMiOjQ3MiwidmlfdXNlY2FzZV9pZCI6MTAwOTksImR1cmF0aW9uX3MiOjEwNiwidXJsZ2VuX3NvdXJjZSI6Ind3dyJ9&ccb=17-1&vs=67bdd7ac5b6ea3b9&_nc_vs=HBksFQIYUmlnX3hwdl9yZWVsc19wZXJtYW5lbnRfc3JfcHJvZC82QzQzRTdFNzI1MjU4NjZCQ0E2NDg3QTdFQTE4ODg4Ql92aWRlb19kYXNoaW5pdC5tcDQVAALIARIAFQIYRmlnX3hwdl9yZWVsc19wZXJtYW5lbnRfc3JfcHJvZC82ODQ0MTU2NTQ0NTAzNzlfODc0OTI4OTIyNzg0NjYxNDg5OC5tcDQVAgLIARIAKAAYABsCiAd1c2Vfb2lsATEScHJvZ3Jlc3NpdmVfcmVjaXBlATEVAAAm_sab3d-2hwQVAigCQzMsF0BaoAAAAAAAGBJkYXNoX2Jhc2VsaW5lXzNfdjERAHUAZeadAQA&_nc_gid=cB4qEP3gHqQg1Aq1c2P0Fw&_nc_ss=7b289&_nc_map=urlgen_bucketless&_nc_zt=28&oh=00_AQLEtuei1EApBV5Pu987OI7c7EvyEPwuBiKWQ99wnE8-xg&oe=6AA3209A,https://www.facebook.com/ads/library/?id=1097283132359218,الجهاز الهضمي,2026-09-09T11:31:33+00:00
747876394993999,LB,ZiadHany,2025-12-10,273,0,273,🎯 عايز تعرف إزاي ناس عادية بقت بتعمل فيديوهات بتجو فايرال و بتكسر الدنيا؟! بص على دول: 🚀 محمد كتب أول فيديو لدكتور في مجال طبي متخصص، أول فيديو عدى ٣٠٠ ألف مشاهدة، والتاني اللي كتبه له عدى الـ ٧٠٠ ألف مشاهدة 🚀 مريم عملت سكربت لفيديو لبراندها، الفيديو جاب أكتر من مليون مشاهدة، وانصدمت من المبيعات اللي جاتلها لدرجة انها خلصت الاستوك في يوم واحد بس عارف إزاي عملوا كده؟ ببساطة... طبقوا اللي اتعلموه في كورس فايرال اسكربت لان في الكورس هتتعلم: 👉 إزاي تكتب هوك يشد المشاهد من أول ثانية 👉 المعادلة النفسية اللي بتخلي الناس تكمل الفيديو للآخر 👉 أنواع فورمات الفيديوهات اللي بتجيب ملايين… وإمتى تستخدم كل نوع 👉 ازاي تعمل فيديو في أي مجال وبرضك يحقق ملايين والمفاجأة؟ هتفهم ليه الاسكربت هو السبب الحقيقي ورا نجاح أي فيديو، مهما كانت جودة التصوير والمونتاج لو عايز تتعلم إزاي تكتب سكربتات تحول أي فكرة بسيطة لفيديو يكسر الدنيا ويحققلك علي الاقل 100 الف مشاهدة يبقى الكورس ده معمول عشانك 👇 https://ziadhany.com/viral-script-course | خصم الجمعة البيضاء 72% فقط لثلاث ايام | دي اسرع طريقة تحقق بيها مليون مشاهدة,https://offer.ziadhany.com/viral-script,https://video.forn3-5.fna.fbcdn.net/o1/v/t2/f2/m366/AQPdVOFHNTY2-ArgOTMicYF2zmcfMyS-IiZ7s7CpUNMF0drFmmZ4KFB6K9kax8oFcClQ6KXW2vuwJ7rssUquSkpcCa6_tZnSGSCeKgCTnQ25sQ.mp4?_nc_cat=110&_nc_oc=Ado7FKmazrRsVAtIM5lZ-2nFh15mMG7zAJInBEHNg9qEQSi9X3UiJnHIn5WyszV0Dlg&_nc_sid=b66105&_nc_ht=video.forn3-5.fna.fbcdn.net&_nc_ohc=k8qdDH5YYWEQ7kNvwEFRUF6&efg=eyJ2ZW5jb2RlX3RhZyI6Inhwdl9wcm9ncmVzc2l2ZS5WSV9VU0VDQVNFX1BST0RVQ1RfVFlQRS4uQzMuMTA4MC5kYXNoX2gyNjQtYmFzaWMtZ2VuMl83MjBwIiwieHB2X2Fzc2V0X2lkIjo2OTg3MDE2MTI4OTA0MzcsImFzc2V0X2FnZV9kYXlzIjoyOTQsInZpX3VzZWNhc2VfaWQiOjEwMTM5LCJkdXJhdGlvbl9zIjoxMDYsInVybGdlbl9zb3VyY2UiOiJ3d3cifQ%3D%3D&ccb=17-1&vs=e1e6bd322a85f2e2&_nc_vs=HBksFQIYRWZiX2VwaGVtZXJhbC83QjQ2NTk2QjNFRUQ0QjBFOUYzRTcxQTUxREE1RDg4NF9tdF8xX3ZpZGVvX2Rhc2hpbml0Lm1wNBUAAsgBEgAVAhhAZmJfcGVybWFuZW50LzA1NDQ4QzY3QzMyMjMyQkU5Rjc1MUU4RkNEQkM4QjgyX2F1ZGlvX2Rhc2hpbml0Lm1wNBUCAsgBEgAoABgAGwKIB3VzZV9vaWwBMRJwcm9ncmVzc2l2ZV9yZWNpcGUBMRUAACaK5YXX5N29AhUCKAJDMywXQFqMzMzMzM0YGWRhc2hfaDI2NC1iYXNpYy1nZW4yXzcyMHARAHUAZbaeAQA&_nc_gid=yjsW889VdN_P2J51A7mdkw&_nc_ss=7a289&_nc_map=urlgen_bucketless&_nc_zt=28&oh=00_AQIU8z5d2lmPQ9fyjEqhxyQtb1GCGypxFMbpFD7n-G327w&oe=6AA71002,https://www.facebook.com/ads/library/?id=747876394993999,مروحة قوية، وفي نفس,2026-09-09T11:08:14+00:00
1923988085166500,OM,SHAVA ,2025-12-11,272,0,272,"""تعبتي من مواعيد العيادات؟ من الألم؟ ومن التكلفة العالية؟ جربي بديل الليزر… الحل الأسرع، الأأمن، والأوفر للتخلص من الشعر غير المرغوب فيه! ✨ نتائج واضحة من أول استخدام… مناسب لكل أنواع البشرة… بدون ألم… بدون تعقيد… وبدون ما تضيّعين وقتك! جاهزة لبشرة ناعمة طول الوقت؟ ابدئي تجربتك اليوم… وخلّي الروتين أسهل وأجمل! 💗✨"" | المنتج اللي قلب روتين إزالة الشعر… تجربة تغيّر كل شي!",https://shavaproducts.myecomsite.net/71S_6h-Xe?fbclid=fbclid,https://video.forn3-6.fna.fbcdn.net/o1/v/t2/f2/m366/AQPQki0obCYk7mCqiuFmkrEhSHZk3ObJe-4_w3t84Epbl28D0cVEetTgWIkhcwIV5VXxk2xn7jMVUcmQh2GZrG3LHYq2LxJ7eAyJj404D7hqoA.mp4?_nc_cat=100&_nc_oc=AdrJB3BrpwtRdJcccG9PnQEpa3vsCIA8CZwB9rT0zDAUH1UY2u7xTsbXfjUjKAH5EQE&_nc_sid=b66105&_nc_ht=video.forn3-6.fna.fbcdn.net&_nc_ohc=hcjTCbsfur0Q7kNvwE92zQG&efg=eyJ2ZW5jb2RlX3RhZyI6Inhwdl9wcm9ncmVzc2l2ZS5WSV9VU0VDQVNFX1BST0RVQ1RfVFlQRS4uQzMuMTI4MC5kYXNoX2gyNjQtYmFzaWMtZ2VuMl83MjBwIiwieHB2X2Fzc2V0X2lkIjoxNTAzNTY4MTA3NTI2ODcwLCJhc3NldF9hZ2VfZGF5cyI6MzAyLCJ2aV91c2VjYXNlX2lkIjoxMDc5OSwiZHVyYXRpb25fcyI6ODksInVybGdlbl9zb3VyY2UiOiJ3d3cifQ%3D%3D&ccb=17-1&vs=32ef0cdf6e7aa26a&_nc_vs=HBksFQIYRWZiX2VwaGVtZXJhbC8xMzQ3NTRBM0VGNDFDOTNFMUY1MDk1QjY5Q0IwQzc4Rl9tdF8xX3ZpZGVvX2Rhc2hpbml0Lm1wNBUAAsgBEgAVAhhAZmJfcGVybWFuZW50LzhGNDY2OENDNTQ5QTg1OUQ0MkM2QzQ1MjI2NkRGNkJFX2F1ZGlvX2Rhc2hpbml0Lm1wNBUCAsgBEgAoABgAGwKIB3VzZV9vaWwBMRJwcm9ncmVzc2l2ZV9yZWNpcGUBMRUAACas646vl9-rBRUCKAJDMywXQFZCj1wo9cMYGWRhc2hfaDI2NC1iYXNpYy1nZW4yXzcyMHARAHUAZd6oAQA&_nc_gid=Qb47ypCcsDgudXi9JYE_9Q&_nc_ss=7b289&_nc_map=urlgen_bucketless&_nc_zt=28&oh=00_AQKMbWnPePs_a6Bm4zV205MVtbNSeqr11CB5vHViEgd5Lw&oe=6AA70910,https://www.facebook.com/ads/library/?id=1923988085166500,الكريمات اللي,2026-09-09T09:28:32+00:00
850433687955047,EG,SHOES Offers,2025-12-13,270,0,270,خصومات السنة الجديدة متتعوضتش 🥳 لمدة 48 ساعة خصم 50% وكمان شحن مجاني 🤩 كوتشي P01 بسعر ولا في الخيال! ✅ خامة فوم مستورد ✅ نعل PVC طبي مريح ✅ تصميم شبابي أنيق ⏰ العرض النهارده بس! https://fapishi.myeasyorders.com/products/p01 | لمدة 48 ساعة خصم 50% وكمان شحن مجاني 🤩,https://fapishi.myeasyorders.com/products/p01,https://video.forn3-6.fna.fbcdn.net/o1/v/t2/f2/m366/AQOk6sA0dwKkzPQ1MYlMG3bSeiffR2Mxc2GxEbq3ztjlqdN-AAFzrTIADmuAMAbMkebUkLWTtLH6sovZgBhoJqJCPAq7_QAWwkto6mW6BkLZ3A.mp4?_nc_cat=105&_nc_oc=AdoKhveZOH-sLJBX3sAeBh8ytoQ1376boBFJnN9auNBSFGZKwowD2iWV16GVnQGQOHw&_nc_sid=b66105&_nc_ht=video.forn3-6.fna.fbcdn.net&_nc_ohc=5hXxAhCbqw4Q7kNvwHLHRcr&efg=eyJ2ZW5jb2RlX3RhZyI6Inhwdl9wcm9ncmVzc2l2ZS5WSV9VU0VDQVNFX1BST0RVQ1RfVFlQRS4uQzMuNzIwLmRhc2hfaDI2NC1iYXNpYy1nZW4yXzcyMHAiLCJ4cHZfYXNzZXRfaWQiOjEyODU5NTQ0MDMyNTE0NjksImFzc2V0X2FnZV9kYXlzIjozNzgsInZpX3VzZWNhc2VfaWQiOjEwNzk5LCJkdXJhdGlvbl9zIjo0OCwidXJsZ2VuX3NvdXJjZSI6Ind3dyJ9&ccb=17-1&vs=b04f317106bee025&_nc_vs=HBksFQIYRWZiX2VwaGVtZXJhbC81MTQwQkY0NDNEMzE5MEZBMjYyOEQ3NDAyOUFGQUY5Q19tdF8xX3ZpZGVvX2Rhc2hpbml0Lm1wNBUAAsgBEgAVAhhAZmJfcGVybWFuZW50L0VDNDcwRTNCODMzQ0Y4RjYwRjU3Nzg0MTNERTdDRUJDX2F1ZGlvX2Rhc2hpbml0Lm1wNBUCAsgBEgAoABgAGwKIB3VzZV9vaWwBMRJwcm9ncmVzc2l2ZV9yZWNpcGUBMRUAACaa1Ln2suTIBBUCKAJDMywXQEhu2RaHKwIYGWRhc2hfaDI2NC1iYXNpYy1nZW4yXzcyMHARAHUAZd6oAQA&_nc_gid=95mXcB57ow5j8o0R8yKrZw&_nc_ss=7b289&_nc_map=urlgen_bucketless&_nc_zt=28&oh=00_AQJe-9c0NkiewkHaFdSEJ0Q10m3uO0OsxYmi583UR4QEtg&oe=6AA6F60B,https://www.facebook.com/ads/library/?id=850433687955047,ساعة العرض اللي,2026-09-09T09:16:22+00:00
1184645190478202,EG,SHOES Offers,2025-12-13,270,0,270,خصومات السنة الجديدة متتعوضتش 🥳 لمدة 48 ساعة خصم 50% وكمان شحن مجاني 🤩 كوتشي P01 بسعر ولا في الخيال! ✅ خامة فوم مستورد ✅ نعل PVC طبي مريح ✅ تصميم شبابي أنيق ⏰ العرض النهارده بس! https://fapishi.myeasyorders.com/products/p01 | لمدة 48 ساعة خصم 50% وكمان شحن مجاني 🤩,https://fapishi.myeasyorders.com/products/p01,https://video.forn3-6.fna.fbcdn.net/o1/v/t2/f2/m366/AQOk6sA0dwKkzPQ1MYlMG3bSeiffR2Mxc2GxEbq3ztjlqdN-AAFzrTIADmuAMAbMkebUkLWTtLH6sovZgBhoJqJCPAq7_QAWwkto6mW6BkLZ3A.mp4?_nc_cat=105&_nc_oc=AdoKhveZOH-sLJBX3sAeBh8ytoQ1376boBFJnN9auNBSFGZKwowD2iWV16GVnQGQOHw&_nc_sid=b66105&_nc_ht=video.forn3-6.fna.fbcdn.net&_nc_ohc=5hXxAhCbqw4Q7kNvwHLHRcr&efg=eyJ2ZW5jb2RlX3RhZyI6Inhwdl9wcm9ncmVzc2l2ZS5WSV9VU0VDQVNFX1BST0RVQ1RfVFlQRS4uQzMuNzIwLmRhc2hfaDI2NC1iYXNpYy1nZW4yXzcyMHAiLCJ4cHZfYXNzZXRfaWQiOjEyODU5NTQ0MDMyNTE0NjksImFzc2V0X2FnZV9kYXlzIjozNzgsInZpX3VzZWNhc2VfaWQiOjEwNzk5LCJkdXJhdGlvbl9zIjo0OCwidXJsZ2VuX3NvdXJjZSI6Ind3dyJ9&ccb=17-1&vs=b04f317106bee025&_nc_vs=HBksFQIYRWZiX2VwaGVtZXJhbC81MTQwQkY0NDNEMzE5MEZBMjYyOEQ3NDAyOUFGQUY5Q19tdF8xX3ZpZGVvX2Rhc2hpbml0Lm1wNBUAAsgBEgAVAhhAZmJfcGVybWFuZW50L0VDNDcwRTNCODMzQ0Y4RjYwRjU3Nzg0MTNERTdDRUJDX2F1ZGlvX2Rhc2hpbml0Lm1wNBUCAsgBEgAoABgAGwKIB3VzZV9vaWwBMRJwcm9ncmVzc2l2ZV9yZWNpcGUBMRUAACaa1Ln2suTIBBUCKAJDMywXQEhu2RaHKwIYGWRhc2hfaDI2NC1iYXNpYy1nZW4yXzcyMHARAHUAZd6oAQA&_nc_gid=95mXcB57ow5j8o0R8yKrZw&_nc_ss=7b289&_nc_map=urlgen_bucketless&_nc_zt=28&oh=00_AQJe-9c0NkiewkHaFdSEJ0Q10m3uO0OsxYmi583UR4QEtg&oe=6AA6F60B,https://www.facebook.com/ads/library/?id=1184645190478202,ساعة العرض اللي,2026-09-09T09:16:22+00:00
877881187991101,EG,SHOES Offers,2025-12-13,270,0,270,خصومات السنة الجديدة متتعوضتش 🥳 لمدة 48 ساعة خصم 50% وكمان شحن مجاني 🤩 كوتشي P01 بسعر ولا في الخيال! ✅ خامة فوم مستورد ✅ نعل PVC طبي مريح ✅ تصميم شبابي أنيق ⏰ العرض النهارده بس! https://fapishi.myeasyorders.com/products/p01 | لمدة 48 ساعة خصم 50% وكمان شحن مجاني 🤩,https://fapishi.myeasyorders.com/products/p01,https://video.forn3-6.fna.fbcdn.net/o1/v/t2/f2/m366/AQOk6sA0dwKkzPQ1MYlMG3bSeiffR2Mxc2GxEbq3ztjlqdN-AAFzrTIADmuAMAbMkebUkLWTtLH6sovZgBhoJqJCPAq7_QAWwkto6mW6BkLZ3A.mp4?_nc_cat=105&_nc_oc=AdoKhveZOH-sLJBX3sAeBh8ytoQ1376boBFJnN9auNBSFGZKwowD2iWV16GVnQGQOHw&_nc_sid=b66105&_nc_ht=video.forn3-6.fna.fbcdn.net&_nc_ohc=5hXxAhCbqw4Q7kNvwHLHRcr&efg=eyJ2ZW5jb2RlX3RhZyI6Inhwdl9wcm9ncmVzc2l2ZS5WSV9VU0VDQVNFX1BST0RVQ1RfVFlQRS4uQzMuNzIwLmRhc2hfaDI2NC1iYXNpYy1nZW4yXzcyMHAiLCJ4cHZfYXNzZXRfaWQiOjEyODU5NTQ0MDMyNTE0NjksImFzc2V0X2FnZV9kYXlzIjozNzgsInZpX3VzZWNhc2VfaWQiOjEwNzk5LCJkdXJhdGlvbl9zIjo0OCwidXJsZ2VuX3NvdXJjZSI6Ind3dyJ9&ccb=17-1&vs=b04f317106bee025&_nc_vs=HBksFQIYRWZiX2VwaGVtZXJhbC81MTQwQkY0NDNEMzE5MEZBMjYyOEQ3NDAyOUFGQUY5Q19tdF8xX3ZpZGVvX2Rhc2hpbml0Lm1wNBUAAsgBEgAVAhhAZmJfcGVybWFuZW50L0VDNDcwRTNCODMzQ0Y4RjYwRjU3Nzg0MTNERTdDRUJDX2F1ZGlvX2Rhc2hpbml0Lm1wNBUCAsgBEgAoABgAGwKIB3VzZV9vaWwBMRJwcm9ncmVzc2l2ZV9yZWNpcGUBMRUAACaa1Ln2suTIBBUCKAJDMywXQEhu2RaHKwIYGWRhc2hfaDI2NC1iYXNpYy1nZW4yXzcyMHARAHUAZd6oAQA&_nc_gid=95mXcB57ow5j8o0R8yKrZw&_nc_ss=7b289&_nc_map=urlgen_bucketless&_nc_zt=28&oh=00_AQJe-9c0NkiewkHaFdSEJ0Q10m3uO0OsxYmi583UR4QEtg&oe=6AA6F60B,https://www.facebook.com/ads/library/?id=877881187991101,ساعة العرض اللي,2026-09-09T09:16:22+00:00
33338042215809778,KW,Safiyya Store,2025-12-22,261,0,261,✨ جهاز التدليك الحراري هو إجابتك! ✅ مزايا مبتكرة بلمسة واحدة: • تدفئة عميقة قابلة للتعديل (40-50 درجة) – تذوب البرودة وتنشط الدورة الدموية. • تدليك اهتزازي ذكي – يحاكي حركات المساج المحترف لتخفيف التوتر العضلي. • تصميم مريح وشامل – يناسب جميع مقاسات القدمين والكاحلين، سهل الارتداء والاستخدام. • تقنية التسخين السريع – تشعر بالدفء خلال 60 ثانية فقط! • تحكم بسيط – زر تشغيل/إيقاف و3 أوضاع للتدليك (خفيف، متوسط، قوي). • شحن لاسلكي – استخدمه في أي مكان (المنزل، المكتب، السفر). | 🦵جهاز تدليك القدمين 3 في 1🛒 | ✨ساعد بشكل طبيعي على تخفيف آلام القدم وتقليل التورم والقضاء على الخدر باستخدام جهاز التدليك Soleva المدعوم علميًا.,https://saf.safiyya.vip/product/x9uwsbow7f?i=k3t7ufls6a,https://video.forn3-5.fna.fbcdn.net/o1/v/t2/f2/m366/AQMPuL8IOkpCSKWlafKWsgysC5eatIZk36a3p6BQxxA8b_s3M9OzjUpBNxIUcrVe84qFukeawKXOTy1afnBhDfTOmXJWgFuWlC6yABJ7-lFfuw.mp4?_nc_cat=104&_nc_oc=Adpc2B0K3tbfRDoFhE-YJ8MKqoPtWEE56yPJNyd_56Vw8b6wqiJRseK3HMeqmfEJ8MY&_nc_sid=b66105&_nc_ht=video.forn3-5.fna.fbcdn.net&_nc_ohc=d56baqKKxNUQ7kNvwE5FDq0&efg=eyJ2ZW5jb2RlX3RhZyI6Inhwdl9wcm9ncmVzc2l2ZS5WSV9VU0VDQVNFX1BST0RVQ1RfVFlQRS4uQzMuNTQwLmRhc2hfaDI2NC1iYXNpYy1nZW4yXzcyMHAiLCJ4cHZfYXNzZXRfaWQiOjExMDczMDU1MDgwMTk5MzgsImFzc2V0X2FnZV9kYXlzIjoyNjEsInZpX3VzZWNhc2VfaWQiOjEwNzk5LCJkdXJhdGlvbl9zIjo2MywidXJsZ2VuX3NvdXJjZSI6Ind3dyJ9&ccb=17-1&vs=4dc34f3c48b6458b&_nc_vs=HBksFQIYRWZiX2VwaGVtZXJhbC82MDQ5ODExOTVBNUJFMjAyRDlEODc0NjBBQjg0Q0FCM19tdF8xX3ZpZGVvX2Rhc2hpbml0Lm1wNBUAAsgBEgAVAhhAZmJfcGVybWFuZW50LzJFNDFBN0VCOUZFMjlBRUEwNDdFQkVGRDdBRjQ3MTg1X2F1ZGlvX2Rhc2hpbml0Lm1wNBUCAsgBEgAoABgAGwKIB3VzZV9vaWwBMRJwcm9ncmVzc2l2ZV9yZWNpcGUBMRUAACbE-7T31MX3AxUCKAJDMywXQE-qn752yLQYGWRhc2hfaDI2NC1iYXNpYy1nZW4yXzcyMHARAHUAZd6oAQA&_nc_gid=nIY7ojLu2nyVMK5RaeqT3w&_nc_ss=7a289&_nc_map=urlgen_bucketless&_nc_zt=28&oh=00_AQIJa0WLkTeaEHEY0EWyA-GVROM_CT_yr3ONlpGxshqO8Q&oe=6AA7072C,https://www.facebook.com/ads/library/?id=33338042215809778,المنزل جهاز,2026-09-09T10:56:37+00:00
2261855774220360,AE,Damas Medical Center,2025-12-24,259,0,259,"قبل ما تختاري جهاز الليزر… لازم تعرفي الفرق! الكانديلا مثالي لكل أنواع البرة، والسيناشور يناسب درجات البشرة الفاتحة مع ألم أقل. واحنا بنشرحلك كل التفاصيل في الجلسة عشان تختاري الأفضل لنتيجتك. ✔️ إزالة شعر أسرع ✔️ ألم أقل ✔️ نتيجة أوضح احجزي جلستك الآن 📞 اتصل بنا: 065067444 💳 دفع سهل: تابي | تمارا | توث باي | فيزا وماستر كارد Before choosing your laser device… you must know the difference! Candela works great for all skin tones, while Cynosure suits the lighter skin types with less discomfort. I’ll guide you during the session so you get the best possible result. ✔️ Faster hair removal ✔️ Less pain ✔️ Clearer results Book your session today 📞 Call us: 065067444 💳 Easy payment: Tabby | Tamara | ToothPay | Visa & Mastercard | ودّعي الشعر الزائد... وبدون الم",https://api.whatsapp.com/send,https://video.forn3-1.fna.fbcdn.net/o1/v/t2/f2/m366/AQNGqnHoAP5LYWSZJbbyVoFRdyfCnrdcyVTGGEwrZIUSvy4qYUG1LBba55dXS-HXs2vJbhekb0I5Ccfst2BSwjdALAaU5xZl0Ke54PWcNsmPyA.mp4?_nc_cat=106&_nc_oc=AdqOkybxOqaBoNS0iY8CEUd4Jm3fvWkvgPfXnyGRyfoNur18LWVV5xh1cIJ805veTSE&_nc_sid=b66105&_nc_ht=video.forn3-1.fna.fbcdn.net&_nc_ohc=PcAzXU7Z5JMQ7kNvwGJr4rE&efg=eyJ2ZW5jb2RlX3RhZyI6Inhwdl9wcm9ncmVzc2l2ZS5WSV9VU0VDQVNFX1BST0RVQ1RfVFlQRS4uQzMuNzIwLmRhc2hfaDI2NC1iYXNpYy1nZW4yXzcyMHAiLCJ4cHZfYXNzZXRfaWQiOjE1NjYwNzMyMjc3NDYwMTMsImFzc2V0X2FnZV9kYXlzIjoyNTgsInZpX3VzZWNhc2VfaWQiOjEwNzk5LCJkdXJhdGlvbl9zIjoxOCwidXJsZ2VuX3NvdXJjZSI6Ind3dyJ9&ccb=17-1&vs=acbcc3dbfa51300&_nc_vs=HBksFQIYRWZiX2VwaGVtZXJhbC9GNTQ2OUUwRkI0OEU3MjYwMkQxNzhGOTYzMzU1NkQ4Nl9tdF8xX3ZpZGVvX2Rhc2hpbml0Lm1wNBUAAsgBEgAVAhhAZmJfcGVybWFuZW50L0QxNEYzNzhCMTlEMzhENjA4QzFGMjdDODUwNEQ1NEE4X2F1ZGlvX2Rhc2hpbml0Lm1wNBUCAsgBEgAoABgAGwKIB3VzZV9vaWwBMRJwcm9ncmVzc2l2ZV9yZWNpcGUBMRUAACa66_TmupXIBRUCKAJDMywXQDIqfvnbItEYGWRhc2hfaDI2NC1iYXNpYy1nZW4yXzcyMHARAHUAZd6oAQA&_nc_gid=ioVhIZe52bCYjije4wigfg&_nc_ss=7b289&_nc_map=urlgen_bucketless&_nc_zt=28&oh=00_AQJ_kF9Ewe_o0W17nVYYRi4dCQm-9OpgTedgMuyIEGOzdA&oe=6AA71222,https://www.facebook.com/ads/library/?id=2261855774220360,جهاز الليزر,2026-09-09T10:39:21+00:00
1615053536243882,SA,,2026-04-12,125,,240,"​ Active Library ID: 1615053536243882 Started running on Apr 12, 2026 Platforms ​ ​ ​",https://www.adobe.com/mena_ar/acrobat/free-trial-download.html,,https://www.facebook.com/ads/library/?id=1615053536243882,جهاز,2026-08-15T00:33:29+00:00
1205197861743424,EG,Uni Shop,2026-01-14,238,0,238,متزعلش المدام منك وحلق العش اللي تحت 😵‍💫​ بتواجه صعوبة في حلاقة الأماكن الحساسة ​ بسبب الحلاقة بالموس ❌ ده غير الحكة والالتهابات الشديدة اللي بتحصل ​✅​ سيبك من تعب الموس وجرب المكنة الأصلية من براند Uni Shop – متخصصة للأماكن الحساسة 🔹 شفرات ناعمة وآمنة تحلق من غير أي جروح أو تهيج 🔹 مقاومة للمياه 100% – استخدمها براحتك في الشاور 🔹 موتور نحاس أصلي بيقدملك أداء قوي وثابت 🔹 تصميم مريح بيوفرلك تحكم كامل وثبات أثناء الاستخدام 🔹 توصيل مجاني لحد باب البيت ​✔️​ المكنة معاها ضمان سنة كاملة ضد عيوب الصناعة ​✔️​ سياسة استبدال واسترجاع خلال 14 يوم عشان تشتري وإنت مطمن ⚡️ دلوقتي عليها خصم خاص لفترة محدودة اطلبها بسرعة قبل ما العرض يخلص | ضمان سنة كاملة ضد عيوب الصناعة ✔️,https://unishopeg.com/collections/frontpage/products/kemei-km-1910,https://video.forn3-2.fna.fbcdn.net/o1/v/t2/f2/m366/AQNoleSsMOlliJMQXh19zd-3BOmlK9I8H1Qw9GksXV_axisq-h1mcGxFoK2Z9VGvfUEzCzufsk57bjn7FPQC0PfDKpzdYy7vowN9mzQZvYzaRg.mp4?_nc_cat=104&_nc_oc=AdpTV2iFd3oBcd84nZYfKItjiqCrC7BgJ0-OOye5r3OVP-HZHtIJpicOj0S_4wIZj0U&_nc_sid=b66105&_nc_ht=video.forn3-2.fna.fbcdn.net&_nc_ohc=bybGTxCosE0Q7kNvwFN3spB&efg=eyJ2ZW5jb2RlX3RhZyI6Inhwdl9wcm9ncmVzc2l2ZS5WSV9VU0VDQVNFX1BST0RVQ1RfVFlQRS4uQzMuNzIwLmRhc2hfaDI2NC1iYXNpYy1nZW4yXzcyMHAiLCJ4cHZfYXNzZXRfaWQiOjEyMzIxNTg2ODg3ODU1ODIsImFzc2V0X2FnZV9kYXlzIjoyMzksInZpX3VzZWNhc2VfaWQiOjEwNzk5LCJkdXJhdGlvbl9zIjo5NSwidXJsZ2VuX3NvdXJjZSI6Ind3dyJ9&ccb=17-1&vs=20f522bcbf380e9a&_nc_vs=HBksFQIYRWZiX2VwaGVtZXJhbC9FNDQwM0E0MEY2MkNDNTQ3NTk4M0QyQ0FFRTY3MDg5Nl9tdF8xX3ZpZGVvX2Rhc2hpbml0Lm1wNBUAAsgBEgAVAhhAZmJfcGVybWFuZW50LzRBNEExQjkyNDM3QUFEMDMzRkE5QTc1M0E4QTU4MkJGX2F1ZGlvX2Rhc2hpbml0Lm1wNBUCAsgBEgAoABgAGwKIB3VzZV9vaWwBMRJwcm9ncmVzc2l2ZV9yZWNpcGUBMRUAACbc0p3PiamwBBUCKAJDMywXQFfszMzMzM0YGWRhc2hfaDI2NC1iYXNpYy1nZW4yXzcyMHARAHUAZd6oAQA&_nc_gid=vlgb1BN0IDav7IazVu3Asw&_nc_ss=7b289&_nc_map=urlgen_bucketless&_nc_zt=28&oh=00_AQJimKODkoS_tSi4y9NjFLyDn8KWtXDRC-6gPifTK-VLTA&oe=6AA72D9C,https://www.facebook.com/ads/library/?id=1205197861743424,يوم توصيل مجاني كريم,2026-09-09T12:04:33+00:00
891823283589098,LY,Softskin By Secretreza,2026-01-17,235,0,235,بدون ألم وبدون شعر 💗 مع جهاز الليزر البريطاني الأصلي Secretreza 🇬🇧 ✨ احصلي عليه الآن بأفضل سعر لهذا العام! متوفر الان في لبنان 🇱🇧 مميزات إصدار الخط الأحمر (Redline Edition): 🧊 مزود بنظام تبريد ثلجي مريح للبشرة ⚡️ جلسة كاملة في أقل من 10 دقائق بفضل نظام النبضات السريعة 💥 قوة فعالة تصل إلى 21 جول لنتائج أسرع وأوضح ♾ عدد نبضات غير محدود 🇬🇧 صناعة بريطانية أصلية 💯 ضمان لمدة 5 سنوات 🚚 توصيل مجاني إلى باب المنزل | جهاز ازالة الشعر من المنزل 💗 | يستخدم لكامل الجسم، بما في ذلك البكيني🌹,https://api.whatsapp.com/send,https://video.forn3-6.fna.fbcdn.net/o1/v/t2/f2/m366/AQOtwhHUc53KRTpRDrm3KcoM153_EYJjuJxCGeOBx7EbcKkTxnADA34LXgLR4ZF21KMBGgit6KE68I1tp_aEcfkDRiH8-uwzkuHyMl76uYJaVQ.mp4?_nc_cat=101&_nc_oc=AdrhP-awr1ydxKNbnpzW3tXhGROdS9KA7GlyEVak3uDNlEy_4qExGYhwdMGNkLwy0nU&_nc_sid=b66105&_nc_ht=video.forn3-6.fna.fbcdn.net&_nc_ohc=gTlt_mX69wMQ7kNvwErEmTJ&efg=eyJ2ZW5jb2RlX3RhZyI6Inhwdl9wcm9ncmVzc2l2ZS5WSV9VU0VDQVNFX1BST0RVQ1RfVFlQRS4uQzMuNzIwLmRhc2hfaDI2NC1iYXNpYy1nZW4yXzcyMHAiLCJ4cHZfYXNzZXRfaWQiOjE1NzAxNDE2MzQyMzYwODgsImFzc2V0X2FnZV9kYXlzIjoyMzgsInZpX3VzZWNhc2VfaWQiOjEwNzk5LCJkdXJhdGlvbl9zIjo3OCwidXJsZ2VuX3NvdXJjZSI6Ind3dyJ9&ccb=17-1&vs=37e7139aeedb9b00&_nc_vs=HBksFQIYRWZiX2VwaGVtZXJhbC8yNTRFRjc2NjBGRDRFQkM4QURCMDc3NjJFQjkyMjJCNV9tdF8xX3ZpZGVvX2Rhc2hpbml0Lm1wNBUAAsgBEgAVAhhAZmJfcGVybWFuZW50L0VGNDYxMDA2MDYyMTFFNzVCOTg5RDdFNTJDN0UyQkEzX2F1ZGlvX2Rhc2hpbml0Lm1wNBUCAsgBEgAoABgAGwKIB3VzZV9vaWwBMRJwcm9ncmVzc2l2ZV9yZWNpcGUBMRUAACbwutjlooLKBRUCKAJDMywXQFOCHKwIMScYGWRhc2hfaDI2NC1iYXNpYy1nZW4yXzcyMHARAHUAZd6oAQA&_nc_gid=OUFXamilKKlip51aRtyEUw&_nc_ss=7a289&_nc_map=urlgen_bucketless&_nc_zt=28&oh=00_AQLexh7ZEBfskClGb5_9pZFXSr8FfoST8ydSk4QF-f8b4A&oe=6AA6FC8B,https://www.facebook.com/ads/library/?id=891823283589098,إصدار جهاز هو إصدار,2026-09-09T10:12:45+00:00
2904605849743729,LY,Softskin By Secretreza,2026-01-17,235,0,235,بدون ألم وبدون شعر 💗 مع جهاز الليزر البريطاني الأصلي Secretreza 🇬🇧 ✨ احصلي عليه الآن بأفضل سعر لهذا العام! متوفر الان في لبنان 🇱🇧 مميزات إصدار الخط الأحمر (Redline Edition): 🧊 مزود بنظام تبريد ثلجي مريح للبشرة ⚡️ جلسة كاملة في أقل من 10 دقائق بفضل نظام النبضات السريعة 💥 قوة فعالة تصل إلى 21 جول لنتائج أسرع وأوضح ♾ عدد نبضات غير محدود 🇬🇧 صناعة بريطانية أصلية 💯 ضمان لمدة 5 سنوات 🚚 توصيل مجاني إلى باب المنزل | جهاز ازالة الشعر من المنزل 💗 | يستخدم لكامل الجسم، بما في ذلك البكيني🌹,https://api.whatsapp.com/send,https://video.forn3-2.fna.fbcdn.net/o1/v/t2/f2/m366/AQPbg8PImaGBwiJBpfrsWIYIRTFE5_ISFw5uUIoTZOlgw4SibSyQ64Yvb7l1C7KpnxEzaR9bSFBw1rWe_VqcaF5TrIKyJ1o7Z2ZylkqIHEjFTA.mp4?_nc_cat=100&_nc_oc=AdqYo1IVB5n7GKc9rzuS044BXfa7AQjRdsw4RQF9Asu-W1uRuZRhby8W28WtMKPlOR0&_nc_sid=b66105&_nc_ht=video.forn3-2.fna.fbcdn.net&_nc_ohc=ByyrJBXbXpQQ7kNvwE1EumJ&efg=eyJ2ZW5jb2RlX3RhZyI6Inhwdl9wcm9ncmVzc2l2ZS5WSV9VU0VDQVNFX1BST0RVQ1RfVFlQRS4uQzMuNzIwLmRhc2hfaDI2NC1iYXNpYy1nZW4yXzcyMHAiLCJ4cHZfYXNzZXRfaWQiOjE5Nzg4MTE2MzI2Njc5NzMsImFzc2V0X2FnZV9kYXlzIjoyNDIsInZpX3VzZWNhc2VfaWQiOjEwNzk5LCJkdXJhdGlvbl9zIjo2NCwidXJsZ2VuX3NvdXJjZSI6Ind3dyJ9&ccb=17-1&vs=b592ed9ba560def1&_nc_vs=HBksFQIYRWZiX2VwaGVtZXJhbC85QTRDMjlCNjlGQTY5NTgyNERCQTNFQUFBODJEMUY4RF9tdF8xX3ZpZGVvX2Rhc2hpbml0Lm1wNBUAAsgBEgAVAhhAZmJfcGVybWFuZW50LzY2NDRDNkRDMjU1NzkwNDY5NzJEOUM4MzMwMDM3NDhGX2F1ZGlvX2Rhc2hpbml0Lm1wNBUCAsgBEgAoABgAGwKIB3VzZV9vaWwBMRJwcm9ncmVzc2l2ZV9yZWNpcGUBMRUAACaKtYrH_-2DBxUCKAJDMywXQFAgAAAAAAAYGWRhc2hfaDI2NC1iYXNpYy1nZW4yXzcyMHARAHUAZd6oAQA&_nc_gid=OUFXamilKKlip51aRtyEUw&_nc_ss=7a289&_nc_map=urlgen_bucketless&_nc_zt=28&oh=00_AQKFEiz5Q6RiJ--dXRd4aNGk4ZDm56-gLYf_UkWg4Q2Yfw&oe=6AA6F8FC,https://www.facebook.com/ads/library/?id=2904605849743729,إصدار جهاز هو إصدار,2026-09-09T10:12:45+00:00
1194993702795979,LY,Softskin By Secretreza,2026-01-17,235,0,235,بدون ألم وبدون شعر 💗 مع جهاز الليزر البريطاني الأصلي Secretreza 🇬🇧 ✨ احصلي عليه الآن بأفضل سعر لهذا العام! متوفر الان في لبنان 🇱🇧 مميزات إصدار الخط الأحمر (Redline Edition): 🧊 مزود بنظام تبريد ثلجي مريح للبشرة ⚡️ جلسة كاملة في أقل من 10 دقائق بفضل نظام النبضات السريعة 💥 قوة فعالة تصل إلى 21 جول لنتائج أسرع وأوضح ♾ عدد نبضات غير محدود 🇬🇧 صناعة بريطانية أصلية 💯 ضمان لمدة 5 سنوات 🚚 توصيل مجاني إلى باب المنزل | جهاز ازالة الشعر من المنزل 💗 | يستخدم لكامل الجسم، بما في ذلك البكيني🌹,https://api.whatsapp.com/send,https://video.forn3-2.fna.fbcdn.net/o1/v/t2/f2/m366/AQNgxbkzy21shogHW5FtcoU-pOR7ETzmprBSLizlKOYDuS1tOKUrpVrvsNmbQX5iAsYGooxY-m5W1ArxynIG1KwAr-C9BFcFcI0-z-cMvQHlzw.mp4?_nc_cat=102&_nc_oc=AdrQ88lEhTkzL5gAYeE11jc7SbQtSFzjqeajWRxmFvncfdmjUEPnHmIS7TZF_Iy_4C4&_nc_sid=b66105&_nc_ht=video.forn3-2.fna.fbcdn.net&_nc_ohc=2b-RDj1F7ZwQ7kNvwHHFweA&efg=eyJ2ZW5jb2RlX3RhZyI6Inhwdl9wcm9ncmVzc2l2ZS5WSV9VU0VDQVNFX1BST0RVQ1RfVFlQRS4uQzMuNzIwLmRhc2hfaDI2NC1iYXNpYy1nZW4yXzcyMHAiLCJ4cHZfYXNzZXRfaWQiOjIwNjkzNTcyMjA0OTI4NTMsImFzc2V0X2FnZV9kYXlzIjoyNTcsInZpX3VzZWNhc2VfaWQiOjEwNzk5LCJkdXJhdGlvbl9zIjo2NCwidXJsZ2VuX3NvdXJjZSI6Ind3dyJ9&ccb=17-1&vs=903f91dccfb4411c&_nc_vs=HBksFQIYRWZiX2VwaGVtZXJhbC81NTRCMEMzNTBEOEQ0MzU3QURGNjQyRDZFM0ZCREI5RV9tdF8xX3ZpZGVvX2Rhc2hpbml0Lm1wNBUAAsgBEgAVAhhAZmJfcGVybWFuZW50LzBDNEM1ODVCQ0E0Q0U3QjI3NDkxRDNFRTA0Q0EzNzkxX2F1ZGlvX2Rhc2hpbml0Lm1wNBUCAsgBEgAoABgAGwKIB3VzZV9vaWwBMRJwcm9ncmVzc2l2ZV9yZWNpcGUBMRUAACbq2NPguIStBxUCKAJDMywXQFAZmZmZmZoYGWRhc2hfaDI2NC1iYXNpYy1nZW4yXzcyMHARAHUAZd6oAQA&_nc_gid=OUFXamilKKlip51aRtyEUw&_nc_ss=7a289&_nc_map=urlgen_bucketless&_nc_zt=28&oh=00_AQJyryu751DifdpeD7edQJYvwA8NWRQ1dOgjKaXl9eGcjQ&oe=6AA71702,https://www.facebook.com/ads/library/?id=1194993702795979,إصدار جهاز هو إصدار,2026-09-09T10:12:45+00:00
1150937196909914,EG,دنيا حامد - Donia Hamed,2026-01-23,229,0,229,"🔥 عرض ديفوريا لمدة 48 ساعة بس! 🔥 لو بتدوري على حل سريع وفعّال للتصبغات، الغمقان، وآثار الحبوب… ولو زهقتي من الكريمات اللي بتسيب أثر أبيض أو بتسببلك تهيج… وجربتي كل حاجة ولسه مش لاقية نتيجة ترضيك؟ 📌 كريم العرقسوس هو الحل! ٣ فوائد في منتج واحد: ✅ بيفتح ويوحد لون البشرة ✅ بيعالج التصبغات وآثار الحبوب ✅ فيه صن بلوك طبيعي يحميكي من الشمس 💯 مناسب لكل أنواع البشرة، حتى الحساسة تقدري تستخدميه يوميًا قبل الشغل، الجامعة، أو الخروجات بتركيبة طبيعية فيها خلاصة العرقسوس… يعني نتيجة سريعة من غير خوف! ⚠️ العرض ساري ليومين بس الكمية محدودة… والفرصة دي مش هتتكرر 💥 الحقّي العرض وعيشي إحساس ""وشك منور"" كل يوم ✨ https://devoria-cosmetics.myeasyorders.com/products/licorice-cream | بشرتك هتبقي زي الفلتر ومن غير فلتر✨💧",https://devoria-cosmetics.myeasyorders.com/products/licorice-cream,https://video.forn3-1.fna.fbcdn.net/o1/v/t2/f2/m366/AQOcZpkn_XIihPCLfXJSi0-FYheDYHDPoOwyYv2e37DFhBNwqQZlpkzL0UxWkVAl41gEUob7uENiOk5Xy53rQmSh4Tlm0C5GRu7V3eLDmZ8aUQ.mp4?_nc_cat=104&_nc_oc=AdpLxB-0TweEnF00KzKl6fLPoLqbYRb1EQZOBIq14QsZgJQfNM2aEk-s6eeO4lwzU7M&_nc_sid=b66105&_nc_ht=video.forn3-1.fna.fbcdn.net&_nc_ohc=dBo38ars24AQ7kNvwGChqDP&efg=eyJ2ZW5jb2RlX3RhZyI6Inhwdl9wcm9ncmVzc2l2ZS5WSV9VU0VDQVNFX1BST0RVQ1RfVFlQRS4uQzMuNzIwLmRhc2hfaDI2NC1iYXNpYy1nZW4yXzcyMHAiLCJ4cHZfYXNzZXRfaWQiOjkxOTQ4MjIxMDk3NDI5MywiYXNzZXRfYWdlX2RheXMiOjIzMCwidmlfdXNlY2FzZV9pZCI6MTA3OTksImR1cmF0aW9uX3MiOjE0NywidXJsZ2VuX3NvdXJjZSI6Ind3dyJ9&ccb=17-1&vs=7f9425d7860d4328&_nc_vs=HBksFQIYRWZiX2VwaGVtZXJhbC81RjQzNjg2NUNDQTE3Qzc3NzBGQkU3NTdEMDI4MENBRV9tdF8xX3ZpZGVvX2Rhc2hpbml0Lm1wNBUAAsgBEgAVAhhAZmJfcGVybWFuZW50LzMxNEM2NDNBRTc0RDQyQkVFNzE3QzBBMjA0M0I4Mjg4X2F1ZGlvX2Rhc2hpbml0Lm1wNBUCAsgBEgAoABgAGwKIB3VzZV9vaWwBMRJwcm9ncmVzc2l2ZV9yZWNpcGUBMRUAACaq6f-o9JCiAxUCKAJDMywXQGJrtkWhysEYGWRhc2hfaDI2NC1iYXNpYy1nZW4yXzcyMHARAHUAZd6oAQA&_nc_gid=lcaS38gGFDaudO-kS1AIyA&_nc_ss=7b289&_nc_map=urlgen_bucketless&_nc_zt=28&oh=00_AQKO8s_TN5lCNX08FV04At83DDgX7TXVkRW-JImdHc-DTw&oe=6AA70E08,https://www.facebook.com/ads/library/?id=1150937196909914,عرض ديفوريا لمدة ساعة,2026-09-09T09:05:33+00:00
879549521531058,MA,RIZQ Bio Solutions,2026-01-23,229,0,229,بزاااف ديال الناس باقي كيخبيو ضفارهوم باش ميبانش… وخا الحل موجود، ومجرّب، وبشهادات أكثر من 1500 زبون RIZQ BIO هو الرقم 1 فالمغرب فـ علاج فطريات وتشوه الأظافر 👣 وماشي غير منتج… بل حل متكامل طبيعي كيرجعلك الراحة والثقة فراسك 📌 علاش كيختلف RIZQ BIO؟ لأنه كيحارب المشكل من الجذر، ماشي غير كيخفيه مؤقتاً. ✔️ يقضي على الفطريات بشكل طبيعي ✔️ يساعد على نمو ظفر صحي، نظيف، وبلونه الطبيعي ✔️ النتائج من الاسبوع الأول ✔️ آمن حتى للبشرة الحساسة 📦 الباك فيه كلشي تحتاجيه: سيروم مركز، صابونة مطهّرة، كريم مغذي، ومبرد احترافي | RIZQ BIO هو الرقم 1 فالمغرب فـ علاج فطريات وتشوه الأظافر 👣,http://rizqbio.store/,https://video.forn3-1.fna.fbcdn.net/o1/v/t2/f2/m366/AQPM1nXj06B7OXe18gCEx49qeRml3ZMJoBV6XQrYOEze54ef62MHTc8GKHYsg5hCG8gBYRGUG5FwDM_l7jaCkICYXhGxopp4EbxuE2wqrivlNw.mp4?_nc_cat=107&_nc_oc=AdqRELGjU5JPtCo9JyYE3civWkoU9mBqtcGpxb_jZ3mGYLldBj_r6nwJ49so22bZvHo&_nc_sid=b66105&_nc_ht=video.forn3-1.fna.fbcdn.net&_nc_ohc=ucKwvzC05TcQ7kNvwGbNBO4&efg=eyJ2ZW5jb2RlX3RhZyI6Inhwdl9wcm9ncmVzc2l2ZS5WSV9VU0VDQVNFX1BST0RVQ1RfVFlQRS4uQzMuNzIwLmRhc2hfaDI2NC1iYXNpYy1nZW4yXzcyMHAiLCJ4cHZfYXNzZXRfaWQiOjExOTQwMDUxNjI5MjY3OTEsImFzc2V0X2FnZV9kYXlzIjoyMjgsInZpX3VzZWNhc2VfaWQiOjEwNzk5LCJkdXJhdGlvbl9zIjo2MCwidXJsZ2VuX3NvdXJjZSI6Ind3dyJ9&ccb=17-1&vs=c4e475f7566b6d5c&_nc_vs=HBksFQIYRWZiX2VwaGVtZXJhbC80RTQ5MTRDNjNGNTcwMTY3QkQyRjgzMjIxRUU5QjFBQl9tdF8xX3ZpZGVvX2Rhc2hpbml0Lm1wNBUAAsgBEgAVAhhAZmJfcGVybWFuZW50LzU3NDUwNEZDM0M1ODJBRTlGRjkwRjM2RUVFMzYwQThFX2F1ZGlvX2Rhc2hpbml0Lm1wNBUCAsgBEgAoABgAGwKIB3VzZV9vaWwBMRJwcm9ncmVzc2l2ZV9yZWNpcGUBMRUAACaOi8XZn_yeBBUCKAJDMywXQE4EOVgQYk4YGWRhc2hfaDI2NC1iYXNpYy1nZW4yXzcyMHARAHUAZd6oAQA&_nc_gid=QDqwVFK8iWAdXqFniXjKCw&_nc_ss=7b289&_nc_map=urlgen_bucketless&_nc_zt=28&oh=00_AQL0SMCiGKdWQPV2zDpmKKw74xq7ep-qP6cBIu3lALk-dQ&oe=6AA6DAD9,https://www.facebook.com/ads/library/?id=879549521531058,كريم العرقسوس هو الحل,2026-09-09T09:01:47+00:00
1628195164970053,SA,,2026-04-28,109,,224,"​ Active Library ID: 1628195164970053 Started running on Apr 28, 2026 Platforms ​ ​ ​ ​ 4 ads use this creative and text",https://www.adobe.com/mena_ar/acrobat/free-trial-download.html,,https://www.facebook.com/ads/library/?id=1628195164970053,جهاز,2026-08-15T00:32:20+00:00
884667400854317,LB,Softskin By Secretreza,2026-01-29,223,0,223,ازالة الشعر بالليزر يعني اصدار الخط الاحمر من سيكريت ريزا البريطانية 🇬🇧 👈🏼 استخدم كود SUM10 للحصول على خصم اضافي ميزات اصدار الخط الاحمر ( redline edition ) ‌‎🧊 يحتوي على نظام التبريد الثلجي ‌‎⚡️ نظام الضربات السريع ‌‎💥 فعالية اكثر ‌‎♾ عدد ضربات لا محدودة ‌‌‏🇬🇧 بريطاني الصنع ‌‎💯ضمان ٥ سنوات ‌‎🎁 هدية قيمة مع العرض ‌‎🚚 توصيل مجاني,https://www.secretreza.com/ar,https://video.forn3-1.fna.fbcdn.net/o1/v/t2/f2/m366/AQNEjnyugeLc3lI0HIw-Xvs7UpR7TnjBw7HzU6PyGfKFBSkKVgkzefusXEEDuflq2T_EQAnw0p0roqCcCMTD2QOqlZWUsGKD_Mg0cf4RzeaJYA.mp4?_nc_cat=102&_nc_oc=AdqlclWflUS_zwWPQN4-VJ91pSzh5ZBKxnIf98nDwnsOy18xwlK_1yrv5mSJDyyQjlg&_nc_sid=b66105&_nc_ht=video.forn3-1.fna.fbcdn.net&_nc_ohc=6rdeVyhR_v0Q7kNvwGQNecN&efg=eyJ2ZW5jb2RlX3RhZyI6Inhwdl9wcm9ncmVzc2l2ZS5WSV9VU0VDQVNFX1BST0RVQ1RfVFlQRS4uQzMuNzIwLmRhc2hfaDI2NC1iYXNpYy1nZW4yXzcyMHAiLCJ4cHZfYXNzZXRfaWQiOjEyOTQ4Njc4NDg0NTA3MTQsImFzc2V0X2FnZV9kYXlzIjo1NjksInZpX3VzZWNhc2VfaWQiOjEwNzk5LCJkdXJhdGlvbl9zIjoyMTQsInVybGdlbl9zb3VyY2UiOiJ3d3cifQ%3D%3D&ccb=17-1&vs=3133da491073c9f9&_nc_vs=HBksFQIYRWZiX2VwaGVtZXJhbC8xMzRCNTE3MjQ2MzlGOTcwQjcwQzMxN0JEMEIzRDE4Nl9tdF8xX3ZpZGVvX2Rhc2hpbml0Lm1wNBUAAsgBEgAVAhg6cGFzc3Rocm91Z2hfZXZlcnN0b3JlL0dJUW1teHdzUjBjcWRDVUNBUEc1QUJpRGNVSnVidjRHQUFBRhUCAsgBEgAoABgAGwKIB3VzZV9vaWwBMRJwcm9ncmVzc2l2ZV9yZWNpcGUBMRUAACa0ypqinevMBBUCKAJDMywXQGrTMzMzMzMYGWRhc2hfaDI2NC1iYXNpYy1nZW4yXzcyMHARAHUAZd6oAQA&_nc_gid=gnM_oy7-Lmz36cIMDwCO5A&_nc_ss=7a289&_nc_map=urlgen_bucketless&_nc_zt=28&oh=00_AQKSpb0U5RPl4KwmuBLZNm9nF93MgLl70ygNMJt6ysYCrQ&oe=6AA71E9A,https://www.facebook.com/ads/library/?id=884667400854317,شعر وجع جهاز,2026-09-09T10:36:14+00:00
4137688083133812,EG,دنيا حامد - Donia Hamed,2026-02-01,220,0,220,"🔥 عرض ديفوريا لمدة 48 ساعة بس! 🔥 لو بتدوري على حل سريع وفعّال للتصبغات، الغمقان، وآثار الحبوب… ولو زهقتي من الكريمات اللي بتسيب أثر أبيض أو بتسببلك تهيج… وجربتي كل حاجة ولسه مش لاقية نتيجة ترضيك؟ 📌 كريم العرقسوس هو الحل! ٣ فوائد في منتج واحد: ✅ بيفتح ويوحد لون البشرة ✅ بيعالج التصبغات وآثار الحبوب ✅ فيه صن بلوك طبيعي يحميكي من الشمس 💯 مناسب لكل أنواع البشرة، حتى الحساسة تقدري تستخدميه يوميًا قبل الشغل، الجامعة، أو الخروجات بتركيبة طبيعية فيها خلاصة العرقسوس… يعني نتيجة سريعة من غير خوف! ⚠️ العرض ساري ليومين بس الكمية محدودة… والفرصة دي مش هتتكرر 💥 الحقّي العرض وعيشي إحساس ""وشك منور"" كل يوم ✨ https://devoria-cosmetics.myeasyorders.com/products/licorice-cream | بشرتك هتبقي زي الفلتر ومن غير فلتر✨💧",https://devoria-cosmetics.myeasyorders.com/products/licorice-cream,https://video.forn3-1.fna.fbcdn.net/o1/v/t2/f2/m366/AQPwKNmzGbImRYYy_ynWc26bnTx3ImFOEKlRgy_hmkoVbRTdvn1g5bw7Cn-G_ecRypahiy4wWnH19_tn00lHPKLVblzdtzMLj8PiKim3NgDhYw.mp4?_nc_cat=100&_nc_oc=AdqavEpGe65IIHdb_OfYQiqwGTguhxXzs4Kv0j465PfLLsGR9yxgicZ8JwaenkRWF8k&_nc_sid=b66105&_nc_ht=video.forn3-1.fna.fbcdn.net&_nc_ohc=pPACz5A__yIQ7kNvwFA1Ckr&efg=eyJ2ZW5jb2RlX3RhZyI6Inhwdl9wcm9ncmVzc2l2ZS5WSV9VU0VDQVNFX1BST0RVQ1RfVFlQRS4uQzMuNzIwLmRhc2hfaDI2NC1iYXNpYy1nZW4yXzcyMHAiLCJ4cHZfYXNzZXRfaWQiOjg3MTcwOTA5NTM2NjU3NiwiYXNzZXRfYWdlX2RheXMiOjI4OSwidmlfdXNlY2FzZV9pZCI6MTA3OTksImR1cmF0aW9uX3MiOjc3LCJ1cmxnZW5fc291cmNlIjoid3d3In0%3D&ccb=17-1&vs=14ea35d9925e97d&_nc_vs=HBksFQIYRWZiX2VwaGVtZXJhbC8wQjRGQTNGRUJENDFCNDkwNEU5MDQzMzYwMTI2QUZCQ19tdF8xX3ZpZGVvX2Rhc2hpbml0Lm1wNBUAAsgBEgAVAhhAZmJfcGVybWFuZW50LzIyNEM5QTk3Qzk5QUM1REIyQURBQzhGQkY2RDIxOUI1X2F1ZGlvX2Rhc2hpbml0Lm1wNBUCAsgBEgAoABgAGwKIB3VzZV9vaWwBMRJwcm9ncmVzc2l2ZV9yZWNpcGUBMRUAACbgvtDvkrSMAxUCKAJDMywXQFNCHKwIMScYGWRhc2hfaDI2NC1iYXNpYy1nZW4yXzcyMHARAHUAZd6oAQA&_nc_gid=F5YiRe71dhxR3BPKp0kSQw&_nc_ss=7b289&_nc_map=urlgen_bucketless&_nc_zt=28&oh=00_AQJ4TOenu-GDPQFkoJqN3ksyDz6bquDyKpx848jh1xj4eA&oe=6AA6E464,https://www.facebook.com/ads/library/?id=4137688083133812,عرض ديفوريا لمدة ساعة,2026-09-09T09:05:33+00:00
2342847759493908,EG,دنيا حامد - Donia Hamed,2026-02-02,219,0,219,"🔥 عرض ديفوريا لمدة 48 ساعة بس! 🔥 لو بتدوري على حل سريع وفعّال للتصبغات، الغمقان، وآثار الحبوب… ولو زهقتي من الكريمات اللي بتسيب أثر أبيض أو بتسببلك تهيج… وجربتي كل حاجة ولسه مش لاقية نتيجة ترضيك؟ 📌 كريم العرقسوس هو الحل! ٣ فوائد في منتج واحد: ✅ بيفتح ويوحد لون البشرة ✅ بيعالج التصبغات وآثار الحبوب ✅ فيه صن بلوك طبيعي يحميكي من الشمس 💯 مناسب لكل أنواع البشرة، حتى الحساسة تقدري تستخدميه يوميًا قبل الشغل، الجامعة، أو الخروجات بتركيبة طبيعية فيها خلاصة العرقسوس… يعني نتيجة سريعة من غير خوف! ⚠️ العرض ساري ليومين بس الكمية محدودة… والفرصة دي مش هتتكرر 💥 الحقّي العرض وعيشي إحساس ""وشك منور"" كل يوم ✨ https://devoria-cosmetics.myeasyorders.com/products/licorice-cream | بشرتك هتبقي زي الفلتر ومن غير فلتر✨💧",https://devoria-cosmetics.myeasyorders.com/products/licorice-cream,https://video.forn3-1.fna.fbcdn.net/o1/v/t2/f2/m366/AQOcZpkn_XIihPCLfXJSi0-FYheDYHDPoOwyYv2e37DFhBNwqQZlpkzL0UxWkVAl41gEUob7uENiOk5Xy53rQmSh4Tlm0C5GRu7V3eLDmZ8aUQ.mp4?_nc_cat=104&_nc_oc=AdpLxB-0TweEnF00KzKl6fLPoLqbYRb1EQZOBIq14QsZgJQfNM2aEk-s6eeO4lwzU7M&_nc_sid=b66105&_nc_ht=video.forn3-1.fna.fbcdn.net&_nc_ohc=dBo38ars24AQ7kNvwGChqDP&efg=eyJ2ZW5jb2RlX3RhZyI6Inhwdl9wcm9ncmVzc2l2ZS5WSV9VU0VDQVNFX1BST0RVQ1RfVFlQRS4uQzMuNzIwLmRhc2hfaDI2NC1iYXNpYy1nZW4yXzcyMHAiLCJ4cHZfYXNzZXRfaWQiOjkxOTQ4MjIxMDk3NDI5MywiYXNzZXRfYWdlX2RheXMiOjIzMCwidmlfdXNlY2FzZV9pZCI6MTA3OTksImR1cmF0aW9uX3MiOjE0NywidXJsZ2VuX3NvdXJjZSI6Ind3dyJ9&ccb=17-1&vs=7f9425d7860d4328&_nc_vs=HBksFQIYRWZiX2VwaGVtZXJhbC81RjQzNjg2NUNDQTE3Qzc3NzBGQkU3NTdEMDI4MENBRV9tdF8xX3ZpZGVvX2Rhc2hpbml0Lm1wNBUAAsgBEgAVAhhAZmJfcGVybWFuZW50LzMxNEM2NDNBRTc0RDQyQkVFNzE3QzBBMjA0M0I4Mjg4X2F1ZGlvX2Rhc2hpbml0Lm1wNBUCAsgBEgAoABgAGwKIB3VzZV9vaWwBMRJwcm9ncmVzc2l2ZV9yZWNpcGUBMRUAACaq6f-o9JCiAxUCKAJDMywXQGJrtkWhysEYGWRhc2hfaDI2NC1iYXNpYy1nZW4yXzcyMHARAHUAZd6oAQA&_nc_gid=lcaS38gGFDaudO-kS1AIyA&_nc_ss=7b289&_nc_map=urlgen_bucketless&_nc_zt=28&oh=00_AQKO8s_TN5lCNX08FV04At83DDgX7TXVkRW-JImdHc-DTw&oe=6AA70E08,https://www.facebook.com/ads/library/?id=2342847759493908,عرض ديفوريا لمدة ساعة,2026-09-09T09:05:33+00:00
3070874483085154,EG,دنيا حامد - Donia Hamed,2026-02-04,217,0,217,"🔥 عرض ديفوريا لمدة 48 ساعة بس! 🔥 لو بتدوري على حل سريع وفعّال للتصبغات، الغمقان، وآثار الحبوب… ولو زهقتي من الكريمات اللي بتسيب أثر أبيض أو بتسببلك تهيج… وجربتي كل حاجة ولسه مش لاقية نتيجة ترضيك؟ 📌 كريم العرقسوس هو الحل! ٣ فوائد في منتج واحد: ✅ بيفتح ويوحد لون البشرة ✅ بيعالج التصبغات وآثار الحبوب ✅ فيه صن بلوك طبيعي يحميكي من الشمس 💯 مناسب لكل أنواع البشرة، حتى الحساسة تقدري تستخدميه يوميًا قبل الشغل، الجامعة، أو الخروجات بتركيبة طبيعية فيها خلاصة العرقسوس… يعني نتيجة سريعة من غير خوف! ⚠️ العرض ساري ليومين بس الكمية محدودة… والفرصة دي مش هتتكرر 💥 الحقّي العرض وعيشي إحساس ""وشك منور"" كل يوم ✨ https://devoria-cosmetics.myeasyorders.com/products/licorice-cream | بشرتك هتبقي زي الفلتر ومن غير فلتر✨💧",https://devoria-cosmetics.myeasyorders.com/products/licorice-cream,https://video.forn3-1.fna.fbcdn.net/o1/v/t2/f2/m366/AQOzO-6qr0kEIUpYlqmiFeMvZanBLKfQfcmaSk4ShBo-P799FBqaC7kMkOQx7_POn5YVbVFUZywjzHGvUmsjBFV9Ymi96QLOmdZ7FPLDt-4Z-w.mp4?_nc_cat=107&_nc_oc=AdpXyzzZ94deGAYvpIRKo3WMJvc1cERX26PuI9fAH6sv-H01FmrRr3bHOAFBpwgmyr8&_nc_sid=b66105&_nc_ht=video.forn3-1.fna.fbcdn.net&_nc_ohc=KjfiwuP9_FEQ7kNvwG_PcuC&efg=eyJ2ZW5jb2RlX3RhZyI6Inhwdl9wcm9ncmVzc2l2ZS5WSV9VU0VDQVNFX1BST0RVQ1RfVFlQRS4uQzMuNDgwLmRhc2hfaDI2NC1iYXNpYy1nZW4yXzcyMHAiLCJ4cHZfYXNzZXRfaWQiOjkwMDk3NDY5NTg1NzA4MiwiYXNzZXRfYWdlX2RheXMiOjIxNywidmlfdXNlY2FzZV9pZCI6MTA3OTksImR1cmF0aW9uX3MiOjgxLCJ1cmxnZW5fc291cmNlIjoid3d3In0%3D&ccb=17-1&vs=bbd334ae575b5714&_nc_vs=HBksFQIYRWZiX2VwaGVtZXJhbC81MjQ1REE4QkNBODIzNTYxOENGRENBNjU5OEMwRjg5MV9tdF8xX3ZpZGVvX2Rhc2hpbml0Lm1wNBUAAsgBEgAVAhhAZmJfcGVybWFuZW50LzE2NDUxNTY3QTg0NDYwNzhGNDI0Q0E3NjkzQUMxNDk3X2F1ZGlvX2Rhc2hpbml0Lm1wNBUCAsgBEgAoABgAGwKIB3VzZV9vaWwBMRJwcm9ncmVzc2l2ZV9yZWNpcGUBMRUAACb07pXL0NuZAxUCKAJDMywXQFRd0vGp--cYGWRhc2hfaDI2NC1iYXNpYy1nZW4yXzcyMHARAHUAZd6oAQA&_nc_gid=lcaS38gGFDaudO-kS1AIyA&_nc_ss=7b289&_nc_map=urlgen_bucketless&_nc_zt=28&oh=00_AQJGvyVt3uP2LrLXBPDODPsQvyLCoM-aJoptthvseFenuA&oe=6AA6F8B1,https://www.facebook.com/ads/library/?id=3070874483085154,عرض ديفوريا لمدة ساعة,2026-09-09T09:05:33+00:00
24819490611060593,EG,دنيا حامد - Donia Hamed,2026-02-03,217,0,217,هل سئمتِ من البقع الداكنة والكلف وآثار الحبوب؟ 😣 كل مرة تنظرين للمرآة وتشعرين أن لون بشرتك غير موحّد؟ 🌿 مجموعة العرقسوس للبشرة من ديفوريا = روتين ذكي في 3 خطوات: 🧼 صابونة تنظّف بلطف + 💧 سيروم عرقسوس مركّز + 🧴 كريم عرقسوس 3×1 🧼 صابونة لطيفة تهيّئ البشرة للروتين 🎯 مناسبة لمن تعاني من: بقع غمقان، آثار ما بعد الحبوب، بهتان اللون. 📌 مع الالتزام، تظهر إشراقة أوضح تدريجيًا خلال أسابيع. ✔ يساعد على تقليل مظهر التصبغات ✔ يدعم توحيد اللون وإشراقة طبيعية ✔ قوام خفيف مناسب للاستخدام اليومي بدون ثِقل ✨ 👉 اطلبيها الآن وابدئي روتينك اليومي ✅ https://devoria-cosmetics.myeasyorders.com/products/licorice-bunndle | نضارة، ترطيب، ولمعة مع مجموعة العرقسوس من ديفوريا! 🕒💫,https://devoria-cosmetics.myeasyorders.com/products/licorice-bunndle,https://video.forn3-6.fna.fbcdn.net/o1/v/t2/f2/m366/AQOolWFee-DKgAQK7mklG-149fRy46cYNzGKzrU215SarG9zM3FlE85Lw2oIQVGuZ6rbwWE6njsIbIbZs8JmHqhYPENyEPOGsQzbwt6nxDn4Bw.mp4?_nc_cat=110&_nc_oc=Adqafo8gtTEQRJhb_d9YYYiJrPEa4IVZrKFghHsW-u-3-Ljng6dDMJTnpt1tikHReg4&_nc_sid=b66105&_nc_ht=video.forn3-6.fna.fbcdn.net&_nc_ohc=9QpgTQXqxJ0Q7kNvwHlLhpP&efg=eyJ2ZW5jb2RlX3RhZyI6Inhwdl9wcm9ncmVzc2l2ZS5WSV9VU0VDQVNFX1BST0RVQ1RfVFlQRS4uQzMuNDY0LmRhc2hfaDI2NC1iYXNpYy1nZW4yXzcyMHAiLCJ4cHZfYXNzZXRfaWQiOjk1NzM0MzEyMDA1NDQyNCwiYXNzZXRfYWdlX2RheXMiOjIxNywidmlfdXNlY2FzZV9pZCI6MTA3OTksImR1cmF0aW9uX3MiOjk1LCJ1cmxnZW5fc291cmNlIjoid3d3In0%3D&ccb=17-1&vs=948825f5b2e5ed8a&_nc_vs=HBksFQIYRWZiX2VwaGVtZXJhbC9CNjQzNzY5OTQyQTE5OTE3RDkxRTMyMDdERjc2ODM4MF9tdF8xX3ZpZGVvX2Rhc2hpbml0Lm1wNBUAAsgBEgAVAhhAZmJfcGVybWFuZW50L0I5NDRFREMwNEM1MzM5NURGNjNBRjlENjFFM0MwM0EzX2F1ZGlvX2Rhc2hpbml0Lm1wNBUCAsgBEgAoABgAGwKIB3VzZV9vaWwBMRJwcm9ncmVzc2l2ZV9yZWNpcGUBMRUAACaw4sqJ2qyzAxUCKAJDMywXQFfkOVgQYk4YGWRhc2hfaDI2NC1iYXNpYy1nZW4yXzcyMHARAHUAZd6oAQA&_nc_gid=2vgEewhjC7DlF7G6zTGcdA&_nc_ss=7b289&_nc_map=urlgen_bucketless&_nc_zt=28&oh=00_AQJnfj9UIKD58T9CcTSEUPhaXQAluxuGCwI-mFskOUkeqA&oe=6AA6B852,https://www.facebook.com/ads/library/?id=24819490611060593,الحبوب الناتجة عن العرق,2026-09-09T04:21:42+00:00
1701156470857613,MA,RIZQ Bio Solutions,2026-02-05,216,0,216,بزاااف ديال الناس باقي كيخبيو ضفارهوم باش ميبانش… وخا الحل موجود، ومجرّب، وبشهادات أكثر من 1500 زبون RIZQ BIO هو الرقم 1 فالمغرب فـ علاج فطريات وتشوه الأظافر 👣 وماشي غير منتج… بل حل متكامل طبيعي كيرجعلك الراحة والثقة فراسك 📌 علاش كيختلف RIZQ BIO؟ لأنه كيحارب المشكل من الجذر، ماشي غير كيخفيه مؤقتاً. ✔️ يقضي على الفطريات بشكل طبيعي ✔️ يساعد على نمو ظفر صحي، نظيف، وبلونه الطبيعي ✔️ النتائج من الاسبوع الأول ✔️ آمن حتى للبشرة الحساسة 📦 الباك فيه كلشي تحتاجيه: سيروم مركز، صابونة مطهّرة، كريم مغذي، ومبرد احترافي | RIZQ BIO هو الرقم 1 فالمغرب فـ علاج فطريات وتشوه الأظافر 👣,http://rizqbio.store/,https://video.forn3-2.fna.fbcdn.net/o1/v/t2/f2/m366/AQNiDHlvUsa9lIvrmE9VyxMNdYTIiCgm1liahmeGKiS4yNsW1uD7hejiiPxX9_nuG2q1Etqn8XOwxQDAr3PEtLPNXQu1MRGpYD7L5GR9hfdqLw.mp4?_nc_cat=100&_nc_oc=AdqAXJ3pOFjQWZ85yYYQ39wqCGOV2pmXLsQeq6pi3wV-xWVzqT6fhpLyjqVGUL0qaDM&_nc_sid=b66105&_nc_ht=video.forn3-2.fna.fbcdn.net&_nc_ohc=f2TgsQUfckwQ7kNvwEoXcuu&efg=eyJ2ZW5jb2RlX3RhZyI6Inhwdl9wcm9ncmVzc2l2ZS5WSV9VU0VDQVNFX1BST0RVQ1RfVFlQRS4uQzMuNzIwLmRhc2hfaDI2NC1iYXNpYy1nZW4yXzcyMHAiLCJ4cHZfYXNzZXRfaWQiOjI0MzU4MjY5ODY4NjkwNTQsImFzc2V0X2FnZV9kYXlzIjoyMTUsInZpX3VzZWNhc2VfaWQiOjEwNzk5LCJkdXJhdGlvbl9zIjo1NCwidXJsZ2VuX3NvdXJjZSI6Ind3dyJ9&ccb=17-1&vs=aac08b4cdeb31960&_nc_vs=HBksFQIYRWZiX2VwaGVtZXJhbC84RjQ2M0NCNkQ1NTU3MDhDM0QwMzYxMDZENEZFREFBMF9tdF8xX3ZpZGVvX2Rhc2hpbml0Lm1wNBUAAsgBEgAVAhhAZmJfcGVybWFuZW50LzY1NEQyQThCRUNGMENGRDYxQkQxNkY4OTBCRjY2ODk3X2F1ZGlvX2Rhc2hpbml0Lm1wNBUCAsgBEgAoABgAGwKIB3VzZV9vaWwBMRJwcm9ncmVzc2l2ZV9yZWNpcGUBMRUAACb8hMuk5dfTCBUCKAJDMywXQEsqn752yLQYGWRhc2hfaDI2NC1iYXNpYy1nZW4yXzcyMHARAHUAZd6oAQA&_nc_gid=D25IcPzOU8XlCF8Gmm0LYg&_nc_ss=7b289&_nc_map=urlgen_bucketless&_nc_zt=28&oh=00_AQJuAmdJbLo--yltLO9FQsBiIKg_FQOsYWELXgHr3wIZog&oe=6AA70E20,https://www.facebook.com/ads/library/?id=1701156470857613,كريم العرقسوس هو الحل,2026-09-09T09:01:47+00:00
33741714358776141,EG,دنيا حامد - Donia Hamed,2026-02-06,215,0,215,"🔥 عرض ديفوريا لمدة 48 ساعة بس! 🔥 لو بتدوري على حل سريع وفعّال للتصبغات، الغمقان، وآثار الحبوب… ولو زهقتي من الكريمات اللي بتسيب أثر أبيض أو بتسببلك تهيج… وجربتي كل حاجة ولسه مش لاقية نتيجة ترضيك؟ 📌 كريم العرقسوس هو الحل! ٣ فوائد في منتج واحد: ✅ بيفتح ويوحد لون البشرة ✅ بيعالج التصبغات وآثار الحبوب ✅ فيه صن بلوك طبيعي يحميكي من الشمس 💯 مناسب لكل أنواع البشرة، حتى الحساسة تقدري تستخدميه يوميًا قبل الشغل، الجامعة، أو الخروجات بتركيبة طبيعية فيها خلاصة العرقسوس… يعني نتيجة سريعة من غير خوف! ⚠️ العرض ساري ليومين بس الكمية محدودة… والفرصة دي مش هتتكرر 💥 الحقّي العرض وعيشي إحساس ""وشك منور"" كل يوم ✨ https://devoria-cosmetics.myeasyorders.com/products/licorice-cream | بشرتك هتبقي زي الفلتر ومن غير فلتر✨💧",https://devoria-cosmetics.myeasyorders.com/products/licorice-cream,https://video.forn3-1.fna.fbcdn.net/o1/v/t2/f2/m366/AQNLRrg3FzhjBDN4yGaI2jYee-rcZ39J_MHB_bhj82_aN4HefcSOZMtSx71Ic1SjPjtErC9aCABkiNEUY4UIp3uPODreI9liOXckXp8vU-qADQ.mp4?_nc_cat=108&_nc_oc=AdodkPLlPlywtHbQKg3lko0Mb9AxTKK_fEUf9D9CXgJ_fIYSunAb09BeDCV0EhsM3PA&_nc_sid=b66105&_nc_ht=video.forn3-1.fna.fbcdn.net&_nc_ohc=KfX-dAXmve8Q7kNvwGyrrNg&efg=eyJ2ZW5jb2RlX3RhZyI6Inhwdl9wcm9ncmVzc2l2ZS5WSV9VU0VDQVNFX1BST0RVQ1RfVFlQRS4uQzMuNzIwLmRhc2hfaDI2NC1iYXNpYy1nZW4yXzcyMHAiLCJ4cHZfYXNzZXRfaWQiOjg4ODc2NjQxNjg2MDU0MywiYXNzZXRfYWdlX2RheXMiOjIzMCwidmlfdXNlY2FzZV9pZCI6MTA3OTksImR1cmF0aW9uX3MiOjgwLCJ1cmxnZW5fc291cmNlIjoid3d3In0%3D&ccb=17-1&vs=6196139420eb78dd&_nc_vs=HBksFQIYRWZiX2VwaGVtZXJhbC9CQzQ3MkIxN0Q1NUU3QUU1MURBNzcxNjA0OEU1OTlBOF9tdF8xX3ZpZGVvX2Rhc2hpbml0Lm1wNBUAAsgBEgAVAhhAZmJfcGVybWFuZW50L0NFNEVGRUQxREEwQkVBN0JGNDg2MDk3ODBGOUZFOTkxX2F1ZGlvX2Rhc2hpbml0Lm1wNBUCAsgBEgAoABgAGwKIB3VzZV9vaWwBMRJwcm9ncmVzc2l2ZV9yZWNpcGUBMRUAACb-1YXpgZWUAxUCKAJDMywXQFQheNT987YYGWRhc2hfaDI2NC1iYXNpYy1nZW4yXzcyMHARAHUAZd6oAQA&_nc_gid=F5YiRe71dhxR3BPKp0kSQw&_nc_ss=7b289&_nc_map=urlgen_bucketless&_nc_zt=28&oh=00_AQJHelpDu4JjiCrGT9TKtjw4N6oIQxKwm-GxkS4-pIXhJA&oe=6AA70CC8,https://www.facebook.com/ads/library/?id=33741714358776141,عرض ديفوريا لمدة ساعة,2026-09-09T09:05:33+00:00
1844607456220627,EG,دنيا حامد - Donia Hamed,2026-02-06,215,0,215,"🔥 عرض ديفوريا لمدة 48 ساعة بس! 🔥 لو بتدوري على حل سريع وفعّال للتصبغات، الغمقان، وآثار الحبوب… ولو زهقتي من الكريمات اللي بتسيب أثر أبيض أو بتسببلك تهيج… وجربتي كل حاجة ولسه مش لاقية نتيجة ترضيك؟ 📌 كريم العرقسوس هو الحل! ٣ فوائد في منتج واحد: ✅ بيفتح ويوحد لون البشرة ✅ بيعالج التصبغات وآثار الحبوب ✅ فيه صن بلوك طبيعي يحميكي من الشمس 💯 مناسب لكل أنواع البشرة، حتى الحساسة تقدري تستخدميه يوميًا قبل الشغل، الجامعة، أو الخروجات بتركيبة طبيعية فيها خلاصة العرقسوس… يعني نتيجة سريعة من غير خوف! ⚠️ العرض ساري ليومين بس الكمية محدودة… والفرصة دي مش هتتكرر 💥 الحقّي العرض وعيشي إحساس ""وشك منور"" كل يوم ✨ https://devoria-cosmetics.myeasyorders.com/products/licorice-cream | بشرتك هتبقي زي الفلتر ومن غير فلتر✨💧",https://devoria-cosmetics.myeasyorders.com/products/licorice-cream,https://video.forn3-1.fna.fbcdn.net/o1/v/t2/f2/m366/AQP-oIUhVHvw5LqevpA4CasvcTC9AgSSyAbuO5rFtuc8vTblphrynCONP7RCIOs0sJ0ewmd3dMsiaewkRVr8e7CrnbMCYQR7kEy4kpt5R_KtuQ.mp4?_nc_cat=103&_nc_oc=AdqC5FrN2bWhe9-CAXSblhSRvaibdsAn5yxQMQQZTQI9vTsPZGlY9pK2tRKA2BPxbYc&_nc_sid=b66105&_nc_ht=video.forn3-1.fna.fbcdn.net&_nc_ohc=aWdIEzbf67wQ7kNvwGDa1pu&efg=eyJ2ZW5jb2RlX3RhZyI6Inhwdl9wcm9ncmVzc2l2ZS5WSV9VU0VDQVNFX1BST0RVQ1RfVFlQRS4uQzMuNDc2LmRhc2hfaDI2NC1iYXNpYy1nZW4yXzcyMHAiLCJ4cHZfYXNzZXRfaWQiOjEyMDEwMzU5MTU1NjY5MTQsImFzc2V0X2FnZV9kYXlzIjoyMzAsInZpX3VzZWNhc2VfaWQiOjEwNzk5LCJkdXJhdGlvbl9zIjoxMDQsInVybGdlbl9zb3VyY2UiOiJ3d3cifQ%3D%3D&ccb=17-1&vs=e6cd76c46dc4d5ed&_nc_vs=HBksFQIYRWZiX2VwaGVtZXJhbC9GMjQ3RkNERTBBQjQyM0VEODYxRTk0MzI2NjY5MTBBOV9tdF8xX3ZpZGVvX2Rhc2hpbml0Lm1wNBUAAsgBEgAVAhhAZmJfcGVybWFuZW50LzhENDMxMkMxREZCOTg0Q0JCNTkzMjk2QTIyRkVFOTk3X2F1ZGlvX2Rhc2hpbml0Lm1wNBUCAsgBEgAoABgAGwKIB3VzZV9vaWwBMRJwcm9ncmVzc2l2ZV9yZWNpcGUBMRUAACaE_eDxvpWiBBUCKAJDMywXQFoiHKwIMScYGWRhc2hfaDI2NC1iYXNpYy1nZW4yXzcyMHARAHUAZd6oAQA&_nc_gid=F5YiRe71dhxR3BPKp0kSQw&_nc_ss=7b289&_nc_map=urlgen_bucketless&_nc_zt=28&oh=00_AQKwn1oIZ7sKNxmg0lsXTWBygISaLNupxjoj1jlQ1TdGhA&oe=6AA6FB69,https://www.facebook.com/ads/library/?id=1844607456220627,عرض ديفوريا لمدة ساعة,2026-09-09T09:05:33+00:00
977109474284189,EG,عيادة الدكتور محمد نبيل القاضي - Dr Mohamed Nabil Alkady clinic,2026-02-07,213,0,213,الحلقة كاملة 👋 #د_محمد_نبيل_القاضي برنامج #الناس_الحلوة مع ا.د#ايمن_رشوان . ✍️موضوع الحلقة #صعوبة_البلع (الأسباب و العلاج). شرح مرض #الأكاليزيا واستخدام #_الفراغ_الثالث_في_العلاج عن طريق تقنية شق عضلة الفؤاد #POEM. 🏥عيادة الدكتور محمد نبيل القاضي استشاري الجهاز الهضمي والكبد بوحدة مناظير بكلية طب قصر العيني 📲 💬 01011119948 📍٧٠ شارع المنيل (عمارة الأعظمية)، أمام مسجد الباشا، ميدان الباشا، الدور الأول فوق الأرضي - منيل الروضة - القاهرة الموقع: https://bit.ly/3dDTmJv #دكتورمحمد_نبيل_القاضي #الأكاليزيا #الناس_الحلوة #ايمن_رشوان #القاهرةوالناس2 | #صعوبة_البلع (الأسباب و العلاج).,https://api.whatsapp.com/send,https://video.forn3-2.fna.fbcdn.net/o1/v/t2/f2/m412/AQMc6fiy-5Z7yXV_5TpaaKxFwpUSvPB6c_q6oSM72Ip9RL-L6KnChUUxLPZ8VCiJneLVGvwSZw323n7h7MSLXUBY.mp4?_nc_cat=107&_nc_oc=Adq2LzIjcbMVF84wMk8H3O8PZBp9VypYIutbJltJZOB-_sZk6056JNoNkBj5cOmNSBs&_nc_sid=ef5aa3&_nc_ht=video.forn3-2.fna.fbcdn.net&_nc_ohc=3VRkpgmr9NgQ7kNvwEP1Lui&efg=eyJ2ZW5jb2RlX3RhZyI6Inhwdl9wcm9ncmVzc2l2ZS5WSV9VU0VDQVNFX1BST0RVQ1RfVFlQRS4uQzMuNzIwLmFzaWNfaHEyX2hkX3Byb2dyZXNzaXZlIiwieHB2X2Fzc2V0X2lkIjoxNDU5MTU5NDAyMzgwNzI2LCJhc3NldF9hZ2VfZGF5cyI6MTY4LCJ2aV91c2VjYXNlX2lkIjoxMDY4MCwiZHVyYXRpb25fcyI6MTUyOSwidXJsZ2VuX3NvdXJjZSI6Ind3dyJ9&ccb=17-1&_nc_gid=CTnpWMoQTqwx1lTX6R8y2A&_nc_ss=7b289&_nc_map=urlgen_bucketless&_nc_zt=28&oh=00_AQJBzN3yIC6GBsdKt1ASo2E_pKF2FqQO6NEDK4tA3qwIYQ&oe=6AA6BE3C,https://www.facebook.com/ads/library/?id=977109474284189,التهاب الجلد الناتج عن الاحتكاك,2026-09-09T06:59:27+00:00
1289958299717380,TN,ElPara Pharma,2026-02-10,211,0,211,الاحساس بالحكة عند الرجال 👨🏻 حاجة مزعجة 🙃 خاصة وقت تجي في لحظة والا بلاصة موش مناسبة 😭 سببها في معظم الحالات هو الفطريات. اليوم فما طريقة بسيطة وعمليّة 💯 تنجم تعاونك برشا 🥰 كريم Calma Men لتهدئة الحكة في المنطقة الحسا*سة. مناسبة لمناطق البشرة الحساسة و مصنوعة بمعايير جودة عالية ❤️. اكثر تفاصيل عليها موجودة في الموقع الالكتروني 🥰 سعر الكرام هو 19 والتوصيل ب6لاف 😍 ابعثلنا رقمك و عنوانك و احنا نوصلولك لباب الدار. | إحساس بالحكة مزعج يجي في وقت موش مناسب🤔؟ فما حل!,https://elparapharma.com/products/creme-calma-men,https://video.forn3-5.fna.fbcdn.net/o1/v/t2/f2/m412/AQMB8Sc_oAv3f6SVd91MgMK5EjDfUJSkhv9DknIDK0j42c20-Bckz49jWm0R2uR2LJyaK8pAhxckbdC8ORsQVxK964Pz17cwfyVJXcjrvQ.mp4?_nc_cat=104&_nc_oc=AdoPCvhHUqGMa3WPxeh2yoRhYO0kIB3mn1A8h_Oixh62BGDOrtYDlm0fgBDD4WIeB2U&_nc_sid=ef5aa3&_nc_ht=video.forn3-5.fna.fbcdn.net&_nc_ohc=mkmhHF3sNLgQ7kNvwE8nX_4&efg=eyJ2ZW5jb2RlX3RhZyI6Inhwdl9wcm9ncmVzc2l2ZS5WSV9VU0VDQVNFX1BST0RVQ1RfVFlQRS4uQzMuMzYwLnN2ZV9zZCIsInhwdl9hc3NldF9pZCI6MzQxMjY4NzI4NTU2NDM3NCwiYXNzZXRfYWdlX2RheXMiOjIxMCwidmlfdXNlY2FzZV9pZCI6MTA3OTksImR1cmF0aW9uX3MiOjYwLCJ1cmxnZW5fc291cmNlIjoid3d3In0%3D&ccb=17-1&_nc_gid=jAMSvUsbwXJU-Ny3WXW0bQ&_nc_ss=7a289&_nc_map=urlgen_bucketless&_nc_zt=28&oh=00_AQI3lFkBNV-diEYeCy-Tvaxlte8TuxLivyH5UG3pjavGjQ&oe=6AA70F36,https://www.facebook.com/ads/library/?id=1289958299717380,تتحصل كريم,2026-09-09T11:51:52+00:00
1362943888998702,SA,,2026-05-11,96,,211,"​ Active Library ID: 1362943888998702 Started running on May 11, 2026 Platforms ​",https://www.adobe.com/mena_ar/acrobat/free-trial-download.html,,https://www.facebook.com/ads/library/?id=1362943888998702,جهاز,2026-08-15T00:33:40+00:00
837992115878855,EG,دنيا حامد - Donia Hamed,2026-02-10,210,0,210,"🔥 العرض اللي هيخليكي ما تفكريش مرتين! 🔥 خصم 40% لمدة يومين بس او حتي نفاذ الكمية ❌ لو بتدوري على حل سريع وفعّال للتصبغات، الغمقان، وآثار الحبوب… ولو زهقتي من الكريمات اللي بتسيب أثر أبيض أو بتسببلك تهيج… وجربتي كل حاجة ولسه مش لاقية نتيجة ترضيك؟ 📌 كريم العرقسوس هو الحل! ٣ فوائد في منتج واحد: ✅ بيفتح ويوحد لون البشرة ✅ بيعالج التصبغات وآثار الحبوب ✅ فيه صن بلوك طبيعي يحميكي من الشمس 💯 مناسب لكل أنواع البشرة، حتى الحساسة تقدري تستخدميه يوميًا قبل الشغل، الجامعة، أو الخروجات بتركيبة طبيعية فيها خلاصة العرقسوس… يعني نتيجة سريعة من غير خوف! لو طلبتيه دلوقتي هتاخديه بسعر السنة اللي فاتت 🔥 الكمية محدودة… والفرصة دي مش هتتكرر 💥 الحقّي العرض وعيشي إحساس ""وشك منور"" كل يوم ✨ https://devoria-cosmetics.myeasyorders.com/products/licorice-cream | خصم 110 جنيه لما تشتري النهاردة بس ❌",https://devoria-cosmetics.myeasyorders.com/products/licorice-cream,https://video.forn3-6.fna.fbcdn.net/o1/v/t2/f2/m366/AQM4OfCEroC22zZPGTHBDErRUF5Cy5Prf-jW5-gTbYRCiIO4x4FWUZLQIFER16Q_kI5wU70wV6g4NZoTNVhKMVX6Y04ViPiKByUh4F0in7yb6Q.mp4?_nc_cat=101&_nc_oc=AdrdiYmDvP5jdICY6LcaVLiOt7WZy3PaIQS0EM3vPQsSmZJujysUG9BkJ-wWYRvAAlI&_nc_sid=b66105&_nc_ht=video.forn3-6.fna.fbcdn.net&_nc_ohc=JAX-DcD5Jg8Q7kNvwGeD_pX&efg=eyJ2ZW5jb2RlX3RhZyI6Inhwdl9wcm9ncmVzc2l2ZS5WSV9VU0VDQVNFX1BST0RVQ1RfVFlQRS4uQzMuNzIwLmRhc2hfaDI2NC1iYXNpYy1nZW4yXzcyMHAiLCJ4cHZfYXNzZXRfaWQiOjc5MDQ5MDQ4NDA4OTE1OCwiYXNzZXRfYWdlX2RheXMiOjIxMSwidmlfdXNlY2FzZV9pZCI6MTA3OTksImR1cmF0aW9uX3MiOjE4NSwidXJsZ2VuX3NvdXJjZSI6Ind3dyJ9&ccb=17-1&vs=ff4a6fb46ce88f8e&_nc_vs=HBksFQIYRWZiX2VwaGVtZXJhbC84QzQyNEM1QjJBNDRERERGMEFBMTg4RTRBNDRGQ0FBN19tdF8xX3ZpZGVvX2Rhc2hpbml0Lm1wNBUAAsgBEgAVAhhAZmJfcGVybWFuZW50LzlCNDAxMUVGQjg0MkQwQzRERjZBMDhCQjU5RkVFMEI3X2F1ZGlvX2Rhc2hpbml0Lm1wNBUCAsgBEgAoABgAGwKIB3VzZV9vaWwBMRJwcm9ncmVzc2l2ZV9yZWNpcGUBMRUAACaMhYWIzbznAhUCKAJDMywXQGcwAAAAAAAYGWRhc2hfaDI2NC1iYXNpYy1nZW4yXzcyMHARAHUAZd6oAQA&_nc_gid=2vgEewhjC7DlF7G6zTGcdA&_nc_ss=7b289&_nc_map=urlgen_bucketless&_nc_zt=28&oh=00_AQKwD06h0omqAdSGCteCp0QpV56wQLLTN52Dn6SeaS_ffg&oe=6AA6C0C7,https://www.facebook.com/ads/library/?id=837992115878855,الحبوب الناتجة عن العرق,2026-09-09T04:21:42+00:00
1292105296459612,SA,,2026-05-12,95,,210,"​ Active Library ID: 1292105296459612 Started running on May 12, 2026 Platforms ​ ​ ​ ​ ​ EU transparency ​",https://www.adobe.com/mena_ar/acrobat/free-trial-download.html,,https://www.facebook.com/ads/library/?id=1292105296459612,جهاز,2026-08-15T00:33:21+00:00
1569007391011141,EG,دنيا حامد - Donia Hamed,2026-02-11,209,0,209,"خصم 40% لمدة 48 ساعة ❌ 🔥 العرض اللي هيخليكي ما تفكريش مرتين! 🔥 لو بتدوري على حل سريع وفعّال للتصبغات، الغمقان، وآثار الحبوب… ولو زهقتي من الكريمات اللي بتسيب أثر أبيض أو بتسببلك تهيج… وجربتي كل حاجة ولسه مش لاقية نتيجة ترضيك؟ 📌 كريم العرقسوس هو الحل! ٣ فوائد في منتج واحد: ✅ بيفتح ويوحد لون البشرة ✅ بيعالج التصبغات وآثار الحبوب ✅ فيه صن بلوك طبيعي يحميكي من الشمس 💯 مناسب لكل أنواع البشرة، حتى الحساسة تقدري تستخدميه يوميًا قبل الشغل، الجامعة، أو الخروجات بتركيبة طبيعية فيها خلاصة العرقسوس… يعني نتيجة سريعة من غير خوف! لو طلبتيه دلوقتي هتاخديه بسعر السنة اللي فاتت 🔥 الكمية محدودة… والفرصة دي مش هتتكرر 💥 الحقّي العرض وعيشي إحساس ""وشك منور"" كل يوم ✨ https://devoria-cosmetics.myeasyorders.com/products/licorice-cream | خصم 110 جنيه لما تشتري النهاردة بس ❌",https://devoria-cosmetics.myeasyorders.com/products/licorice-cream,https://video.forn3-6.fna.fbcdn.net/o1/v/t2/f2/m366/AQM4OfCEroC22zZPGTHBDErRUF5Cy5Prf-jW5-gTbYRCiIO4x4FWUZLQIFER16Q_kI5wU70wV6g4NZoTNVhKMVX6Y04ViPiKByUh4F0in7yb6Q.mp4?_nc_cat=101&_nc_oc=AdrdiYmDvP5jdICY6LcaVLiOt7WZy3PaIQS0EM3vPQsSmZJujysUG9BkJ-wWYRvAAlI&_nc_sid=b66105&_nc_ht=video.forn3-6.fna.fbcdn.net&_nc_ohc=JAX-DcD5Jg8Q7kNvwGeD_pX&efg=eyJ2ZW5jb2RlX3RhZyI6Inhwdl9wcm9ncmVzc2l2ZS5WSV9VU0VDQVNFX1BST0RVQ1RfVFlQRS4uQzMuNzIwLmRhc2hfaDI2NC1iYXNpYy1nZW4yXzcyMHAiLCJ4cHZfYXNzZXRfaWQiOjc5MDQ5MDQ4NDA4OTE1OCwiYXNzZXRfYWdlX2RheXMiOjIxMSwidmlfdXNlY2FzZV9pZCI6MTA3OTksImR1cmF0aW9uX3MiOjE4NSwidXJsZ2VuX3NvdXJjZSI6Ind3dyJ9&ccb=17-1&vs=ff4a6fb46ce88f8e&_nc_vs=HBksFQIYRWZiX2VwaGVtZXJhbC84QzQyNEM1QjJBNDRERERGMEFBMTg4RTRBNDRGQ0FBN19tdF8xX3ZpZGVvX2Rhc2hpbml0Lm1wNBUAAsgBEgAVAhhAZmJfcGVybWFuZW50LzlCNDAxMUVGQjg0MkQwQzRERjZBMDhCQjU5RkVFMEI3X2F1ZGlvX2Rhc2hpbml0Lm1wNBUCAsgBEgAoABgAGwKIB3VzZV9vaWwBMRJwcm9ncmVzc2l2ZV9yZWNpcGUBMRUAACaMhYWIzbznAhUCKAJDMywXQGcwAAAAAAAYGWRhc2hfaDI2NC1iYXNpYy1nZW4yXzcyMHARAHUAZd6oAQA&_nc_gid=2vgEewhjC7DlF7G6zTGcdA&_nc_ss=7b289&_nc_map=urlgen_bucketless&_nc_zt=28&oh=00_AQKwD06h0omqAdSGCteCp0QpV56wQLLTN52Dn6SeaS_ffg&oe=6AA6C0C7,https://www.facebook.com/ads/library/?id=1569007391011141,الحبوب الناتجة عن العرق,2026-09-09T04:21:42+00:00
1903400253592092,SA,,2026-05-13,94,,209,"​ Active Library ID: 1903400253592092 Started running on May 13, 2026 Platforms ​ ​ ​ ​ ​ EU transparency ​",https://www.adobe.com/mena_ar/acrobat/free-trial-download.html,,https://www.facebook.com/ads/library/?id=1903400253592092,جهاز,2026-08-15T00:32:48+00:00
1569948108017478,SA,,2026-05-15,92,,207,"​ Active Library ID: 1569948108017478 Started running on May 15, 2026 Platforms ​ ​ ​ ​ ​ This ad is not active for some audiences because it did not meet certain requirements. ​ EU transparency ​",https://www.adobe.com/mena_ar/acrobat/free-trial-download.html,,https://www.facebook.com/ads/library/?id=1569948108017478,جهاز,2026-08-15T00:32:31+00:00
2322838584810787,EG,دنيا حامد - Donia Hamed,2026-02-20,201,0,201,"خصم 40% لمدة 48 ساعة ❌ 🔥 العرض اللي هيخليكي ما تفكريش مرتين! 🔥 لو بتدوري على حل سريع وفعّال للتصبغات، الغمقان، وآثار الحبوب… ولو زهقتي من الكريمات اللي بتسيب أثر أبيض أو بتسببلك تهيج… وجربتي كل حاجة ولسه مش لاقية نتيجة ترضيك؟ 📌 كريم العرقسوس هو الحل! ٣ فوائد في منتج واحد: ✅ بيفتح ويوحد لون البشرة ✅ بيعالج التصبغات وآثار الحبوب ✅ فيه صن بلوك طبيعي يحميكي من الشمس 💯 مناسب لكل أنواع البشرة، حتى الحساسة تقدري تستخدميه يوميًا قبل الشغل، الجامعة، أو الخروجات بتركيبة طبيعية فيها خلاصة العرقسوس… يعني نتيجة سريعة من غير خوف! لو طلبتيه دلوقتي هتاخديه بسعر السنة اللي فاتت 🔥 الكمية محدودة… والفرصة دي مش هتتكرر 💥 الحقّي العرض وعيشي إحساس ""وشك منور"" كل يوم ✨ https://devoria-cosmetics.myeasyorders.com/products/licorice-cream | خصم 110 جنيه لما تشتري النهاردة بس ❌",https://devoria-cosmetics.myeasyorders.com/products/licorice-cream,https://video.forn3-1.fna.fbcdn.net/o1/v/t2/f2/m366/AQOX9niLXjGogePVDZRxaCHOYV-rgmAA73goc_4m2rivfnqREyMsKOIfn2UboXtI2Xx--d-7KXugIGr8Z4jRH0Y8aVHmNrELF5-QNWF1J-89QA.mp4?_nc_cat=111&_nc_oc=AdpPTjLzyNJBg8t7lIFBUKlnfdCqooHLhEam5ITlqBXJpEV9cmtj0JC1wssZFzDW2Z8&_nc_sid=b66105&_nc_ht=video.forn3-1.fna.fbcdn.net&_nc_ohc=yvWNGyiFYoYQ7kNvwEB7iyJ&efg=eyJ2ZW5jb2RlX3RhZyI6Inhwdl9wcm9ncmVzc2l2ZS5WSV9VU0VDQVNFX1BST0RVQ1RfVFlQRS4uQzMuNDgwLmRhc2hfaDI2NC1iYXNpYy1nZW4yXzcyMHAiLCJ4cHZfYXNzZXRfaWQiOjExODkxMTQzMDY1NDU4MDMsImFzc2V0X2FnZV9kYXlzIjoyMDksInZpX3VzZWNhc2VfaWQiOjEwNzk5LCJkdXJhdGlvbl9zIjoxMzUsInVybGdlbl9zb3VyY2UiOiJ3d3cifQ%3D%3D&ccb=17-1&vs=17ca276e36c75a5&_nc_vs=HBksFQIYRWZiX2VwaGVtZXJhbC85RjQ5RUY5MDhGQjQxQzNCOTc0RjM0RDFDMEQ2ODk4OF9tdF8xX3ZpZGVvX2Rhc2hpbml0Lm1wNBUAAsgBEgAVAhhAZmJfcGVybWFuZW50LzM5NDM1RkYwNjlBNEY0MTY4QkZFRDM0NDhFQUIyMjg2X2F1ZGlvX2Rhc2hpbml0Lm1wNBUCAsgBEgAoABgAGwKIB3VzZV9vaWwBMRJwcm9ncmVzc2l2ZV9yZWNpcGUBMRUAACaWorb9x9-cBBUCKAJDMywXQGD5mZmZmZoYGWRhc2hfaDI2NC1iYXNpYy1nZW4yXzcyMHARAHUAZd6oAQA&_nc_gid=Ia66e7EFccwOL_HGvQijQw&_nc_ss=7b289&_nc_map=urlgen_bucketless&_nc_zt=28&oh=00_AQI9MAx1MKQPC_ssxqNpQTS27ZoPVdP3jBXB40XGt2N_BA&oe=6AA6DB51,https://www.facebook.com/ads/library/?id=2322838584810787,ساعة العرض اللي,2026-09-09T09:16:22+00:00
963356742722534,AE,Dr. Mazen Shaheen,2026-02-28,193,0,193,"💡 نقبل جميع شركات التأمين ودّع دوالي الساقين مع العلاج المتطور للدكتور مازن شاهين! استمتع بساقين أكثر نعومة وصحة بسهولة وراحة 💃🦵 📞 للحجز والاستفسار: 0501728300 ✅ حاصل على البورد الأمريكي ✅ أكثر من 6,000 إجراء لعلاج دوالي الساقين ✅ أكثر من 550 تقييم ⭐⭐⭐⭐⭐ على Google 💡Varicose Vein Treatment Covered by Insurance No surgery. No general anesthesia. No downtime. With Dr. Mazen Shaheen ✅ American Board Certified ✅ 6,000+ Varicose Vein Treatments ✅ 550+ 5-Star Google Reviews 📞 Book your appointment: +971 50 172 8300 | Contact Dr. Mazen Shaheen",https://api.whatsapp.com/send,https://video.forn3-6.fna.fbcdn.net/o1/v/t2/f2/m366/AQOyzRPHQWNTaLVcCzIQ_jZz-r1tkLIohT4N4AqSfN_xX_t4ZsdGE6Oo2Tgwzbc1zEVy8cNz4KjohD1vW-TFxK6okzOJmqcpbKUHT2q4w21VGA.mp4?_nc_cat=102&_nc_oc=AdqaVYihcJNoHzzssxo4K7qvdrnKsr4319vbkEuAozrhQdypfkaisaxRuQ7F2Wu7_PI&_nc_sid=b66105&_nc_ht=video.forn3-6.fna.fbcdn.net&_nc_ohc=7AMY52-K4YwQ7kNvwGDKgrf&efg=eyJ2ZW5jb2RlX3RhZyI6Inhwdl9wcm9ncmVzc2l2ZS5WSV9VU0VDQVNFX1BST0RVQ1RfVFlQRS4uQzMuNzIwLmRhc2hfaDI2NC1iYXNpYy1nZW4yXzcyMHAiLCJ4cHZfYXNzZXRfaWQiOjEyMzkyMjk0NjQ0Mjg2NjUsImFzc2V0X2FnZV9kYXlzIjoxOTMsInZpX3VzZWNhc2VfaWQiOjEwNzk5LCJkdXJhdGlvbl9zIjozNywidXJsZ2VuX3NvdXJjZSI6Ind3dyJ9&ccb=17-1&vs=4e22ecea382ff7e7&_nc_vs=HBksFQIYRWZiX2VwaGVtZXJhbC8wRDQ0RjUyMzYzQUM5NEEyODlENEU0MTkyN0ZGQTg4Q19tdF8xX3ZpZGVvX2Rhc2hpbml0Lm1wNBUAAsgBEgAVAhhAZmJfcGVybWFuZW50LzE4NDE1MzU0OTgzMzBDOThFQzU5QjBGMjM3RTAzN0E2X2F1ZGlvX2Rhc2hpbml0Lm1wNBUCAsgBEgAoABgAGwKIB3VzZV9vaWwBMRJwcm9ncmVzc2l2ZV9yZWNpcGUBMRUAACbyga6A08SzBBUCKAJDMywXQEKAAAAAAAAYGWRhc2hfaDI2NC1iYXNpYy1nZW4yXzcyMHARAHUAZd6oAQA&_nc_gid=k4C9EqfIKgJEcKWvCBCpFA&_nc_ss=7a289&_nc_map=urlgen_bucketless&_nc_zt=28&oh=00_AQJdgGIqHfuw9lxNuJvYh7BVMqW7tzVr_aN3GYL4syguzg&oe=6AA72C9E,https://www.facebook.com/ads/library/?id=963356742722534,الكريم الأمريكي,2026-09-09T12:03:48+00:00
1594450324944131,AE,Dr. Mazen Shaheen,2026-03-01,192,0,192,"💡 نقبل جميع شركات التأمين ودّع دوالي الساقين مع العلاج المتطور للدكتور مازن شاهين! استمتع بساقين أكثر نعومة وصحة بسهولة وراحة 💃🦵 📞 للحجز والاستفسار: 0501728300 ✅ حاصل على البورد الأمريكي ✅ أكثر من 6,000 إجراء لعلاج دوالي الساقين ✅ أكثر من 550 تقييم ⭐⭐⭐⭐⭐ على Google 💡Varicose Vein Treatment Covered by Insurance No surgery. No general anesthesia. No downtime. With Dr. Mazen Shaheen ✅ American Board Certified ✅ 6,000+ Varicose Vein Treatments ✅ 550+ 5-Star Google Reviews 📞 Book your appointment: +971 50 172 8300",https://api.whatsapp.com/send,https://video.forn3-6.fna.fbcdn.net/o1/v/t2/f2/m366/AQOyzRPHQWNTaLVcCzIQ_jZz-r1tkLIohT4N4AqSfN_xX_t4ZsdGE6Oo2Tgwzbc1zEVy8cNz4KjohD1vW-TFxK6okzOJmqcpbKUHT2q4w21VGA.mp4?_nc_cat=102&_nc_oc=AdqaVYihcJNoHzzssxo4K7qvdrnKsr4319vbkEuAozrhQdypfkaisaxRuQ7F2Wu7_PI&_nc_sid=b66105&_nc_ht=video.forn3-6.fna.fbcdn.net&_nc_ohc=7AMY52-K4YwQ7kNvwGDKgrf&efg=eyJ2ZW5jb2RlX3RhZyI6Inhwdl9wcm9ncmVzc2l2ZS5WSV9VU0VDQVNFX1BST0RVQ1RfVFlQRS4uQzMuNzIwLmRhc2hfaDI2NC1iYXNpYy1nZW4yXzcyMHAiLCJ4cHZfYXNzZXRfaWQiOjEyMzkyMjk0NjQ0Mjg2NjUsImFzc2V0X2FnZV9kYXlzIjoxOTMsInZpX3VzZWNhc2VfaWQiOjEwNzk5LCJkdXJhdGlvbl9zIjozNywidXJsZ2VuX3NvdXJjZSI6Ind3dyJ9&ccb=17-1&vs=4e22ecea382ff7e7&_nc_vs=HBksFQIYRWZiX2VwaGVtZXJhbC8wRDQ0RjUyMzYzQUM5NEEyODlENEU0MTkyN0ZGQTg4Q19tdF8xX3ZpZGVvX2Rhc2hpbml0Lm1wNBUAAsgBEgAVAhhAZmJfcGVybWFuZW50LzE4NDE1MzU0OTgzMzBDOThFQzU5QjBGMjM3RTAzN0E2X2F1ZGlvX2Rhc2hpbml0Lm1wNBUCAsgBEgAoABgAGwKIB3VzZV9vaWwBMRJwcm9ncmVzc2l2ZV9yZWNpcGUBMRUAACbyga6A08SzBBUCKAJDMywXQEKAAAAAAAAYGWRhc2hfaDI2NC1iYXNpYy1nZW4yXzcyMHARAHUAZd6oAQA&_nc_gid=k4C9EqfIKgJEcKWvCBCpFA&_nc_ss=7a289&_nc_map=urlgen_bucketless&_nc_zt=28&oh=00_AQJdgGIqHfuw9lxNuJvYh7BVMqW7tzVr_aN3GYL4syguzg&oe=6AA72C9E,https://www.facebook.com/ads/library/?id=1594450324944131,الكريم الأمريكي,2026-09-09T12:03:48+00:00
1453900756142646,AE,Dr. Mazen Shaheen,2026-03-04,189,0,189,"💡 نقبل جميع شركات التأمين ودّع دوالي الساقين مع العلاج المتطور للدكتور مازن شاهين! استمتع بساقين أكثر نعومة وصحة بسهولة وراحة 💃🦵 📞 للحجز والاستفسار: 0501728300 ✅ حاصل على البورد الأمريكي ✅ أكثر من 6,000 إجراء لعلاج دوالي الساقين ✅ أكثر من 550 تقييم ⭐⭐⭐⭐⭐ على Google 💡Varicose Vein Treatment Covered by Insurance No surgery. No general anesthesia. No downtime. With Dr. Mazen Shaheen ✅ American Board Certified ✅ 6,000+ Varicose Vein Treatments ✅ 550+ 5-Star Google Reviews 📞 Book your appointment: +971 50 172 8300",https://api.whatsapp.com/send,https://video.forn3-6.fna.fbcdn.net/o1/v/t2/f2/m366/AQOyzRPHQWNTaLVcCzIQ_jZz-r1tkLIohT4N4AqSfN_xX_t4ZsdGE6Oo2Tgwzbc1zEVy8cNz4KjohD1vW-TFxK6okzOJmqcpbKUHT2q4w21VGA.mp4?_nc_cat=102&_nc_oc=AdqaVYihcJNoHzzssxo4K7qvdrnKsr4319vbkEuAozrhQdypfkaisaxRuQ7F2Wu7_PI&_nc_sid=b66105&_nc_ht=video.forn3-6.fna.fbcdn.net&_nc_ohc=7AMY52-K4YwQ7kNvwGDKgrf&efg=eyJ2ZW5jb2RlX3RhZyI6Inhwdl9wcm9ncmVzc2l2ZS5WSV9VU0VDQVNFX1BST0RVQ1RfVFlQRS4uQzMuNzIwLmRhc2hfaDI2NC1iYXNpYy1nZW4yXzcyMHAiLCJ4cHZfYXNzZXRfaWQiOjEyMzkyMjk0NjQ0Mjg2NjUsImFzc2V0X2FnZV9kYXlzIjoxOTMsInZpX3VzZWNhc2VfaWQiOjEwNzk5LCJkdXJhdGlvbl9zIjozNywidXJsZ2VuX3NvdXJjZSI6Ind3dyJ9&ccb=17-1&vs=4e22ecea382ff7e7&_nc_vs=HBksFQIYRWZiX2VwaGVtZXJhbC8wRDQ0RjUyMzYzQUM5NEEyODlENEU0MTkyN0ZGQTg4Q19tdF8xX3ZpZGVvX2Rhc2hpbml0Lm1wNBUAAsgBEgAVAhhAZmJfcGVybWFuZW50LzE4NDE1MzU0OTgzMzBDOThFQzU5QjBGMjM3RTAzN0E2X2F1ZGlvX2Rhc2hpbml0Lm1wNBUCAsgBEgAoABgAGwKIB3VzZV9vaWwBMRJwcm9ncmVzc2l2ZV9yZWNpcGUBMRUAACbyga6A08SzBBUCKAJDMywXQEKAAAAAAAAYGWRhc2hfaDI2NC1iYXNpYy1nZW4yXzcyMHARAHUAZd6oAQA&_nc_gid=k4C9EqfIKgJEcKWvCBCpFA&_nc_ss=7a289&_nc_map=urlgen_bucketless&_nc_zt=28&oh=00_AQJdgGIqHfuw9lxNuJvYh7BVMqW7tzVr_aN3GYL4syguzg&oe=6AA72C9E,https://www.facebook.com/ads/library/?id=1453900756142646,الكريم الأمريكي,2026-09-09T12:03:48+00:00
2177195909686642,DJ,Ns-LY-1,2026-03-05,188,0,188,"مواصلة المشاهدة | سامي في يوم تسجيل الزواج انفصلت عنه صديقته، لكنه تزوج فجأة من هالة، الرئيسة الجميلة لعائلة الصلاحي، والتي كانت مخطوبة لفارس، ابن عائلة العمري. ظنّ أن حياته ستصبح هادئة، لكنه بسبب العقدة حول عنقه لاحظت هالة أنه قد يكون ناصر، الذي فقد من عائلة العمري قبل ثمانية عشر عامًا. بعد استعادة والديه البيولوجيين، تورط سامي في صراعات داخلية لعائلة العمري، وفي مؤتمر التكنولوجيا كشف عن هويته ""الماستر خالد""، لكنه في حفل عيد ميلاد جده سامر بدأ يكتشف تدريجيًا حقيقة ماضيه المفقود",https://fb.netshort.com/netshort-h5-landing-page/wSeXSJnsj9G.html?pid=metaweb_int&c={{campaign.name}}&af_c_id={{campaign.id}}&af_adset={{adset.name}}&af_adset_id={{adset.id}}&af_ad={{ad.name}}&af_ad_id={{ad.id}}&af_channel={{placement}}&af_siteid={{site_source_name}}&af_force_deeplink=true&type=1&link_id=2029455487254134785&af_sub2=0,https://video.forn3-5.fna.fbcdn.net/o1/v/t2/f2/m412/AQNW_0HyVw_X1e89QlvEGHmjC5xFbmoBZGq-J8XsGepuUkvVeU7KdvGqmt6BGCgZUll1E6UkstFrF3XpTEZItOnq1I0Zd0wxhVkWINDbjw.mp4?_nc_cat=101&_nc_oc=AdqWEm4B4Zld2a86XNjNhC03tpQIszAvDfOi_raDVXZecX_1HTgwfeZ6VRhZs9M75T0&_nc_sid=ef5aa3&_nc_ht=video.forn3-5.fna.fbcdn.net&_nc_ohc=p3UX-pgG0qMQ7kNvwF1TF5k&efg=eyJ2ZW5jb2RlX3RhZyI6Inhwdl9wcm9ncmVzc2l2ZS5WSV9VU0VDQVNFX1BST0RVQ1RfVFlQRS4uQzMuMzYwLnN2ZV9zZCIsInhwdl9hc3NldF9pZCI6MTIxNDU4OTA4NDA3NTkyOCwiYXNzZXRfYWdlX2RheXMiOjE4OCwidmlfdXNlY2FzZV9pZCI6MTAxMzksImR1cmF0aW9uX3MiOjE3MjQsInVybGdlbl9zb3VyY2UiOiJ3d3cifQ%3D%3D&ccb=17-1&_nc_gid=4KobYoCI1dMPl6Z0gVbHMg&_nc_ss=7b289&_nc_map=urlgen_bucketless&_nc_zt=28&oh=00_AQKqYEHhbNc5IPid-Zxv-NMo8gMJGk_7b7butEjmih1kHQ&oe=6AA739E5,https://www.facebook.com/ads/library/?id=2177195909686642,مرتاح كريم,2026-09-09T12:11:49+00:00
1439007200939476,DJ,Ns-LY-1,2026-03-05,188,0,188,"مواصلة المشاهدة | سامي في يوم تسجيل الزواج انفصلت عنه صديقته، لكنه تزوج فجأة من هالة، الرئيسة الجميلة لعائلة الصلاحي، والتي كانت مخطوبة لفارس، ابن عائلة العمري. ظنّ أن حياته ستصبح هادئة، لكنه بسبب العقدة حول عنقه لاحظت هالة أنه قد يكون ناصر، الذي فقد من عائلة العمري قبل ثمانية عشر عامًا. بعد استعادة والديه البيولوجيين، تورط سامي في صراعات داخلية لعائلة العمري، وفي مؤتمر التكنولوجيا كشف عن هويته ""الماستر خالد""، لكنه في حفل عيد ميلاد جده سامر بدأ يكتشف تدريجيًا حقيقة ماضيه المفقود",https://fb.netshort.com/netshort-h5-landing-page/wSeXSJnsj9G.html?pid=metaweb_int&c={{campaign.name}}&af_c_id={{campaign.id}}&af_adset={{adset.name}}&af_adset_id={{adset.id}}&af_ad={{ad.name}}&af_ad_id={{ad.id}}&af_channel={{placement}}&af_siteid={{site_source_name}}&af_force_deeplink=true&type=1&link_id=2029455487254134785&af_sub2=0,https://video.forn3-6.fna.fbcdn.net/o1/v/t2/f2/m412/AQPSE9sYC9GqKrqQFNgoyJGDJVuC0The7_300Nz94jLNLukXz6j37jgNRnpDpyXQmLHysngv6813-qqOEQiKk6Lzo0waIqMnOUPgIP6Log.mp4?_nc_cat=109&_nc_oc=AdppkhxXE_5uiuqpj51G0sK7RORzP-OozG6xEJUO8JbcCjtcUZbzaflJKebu6lyjL9s&_nc_sid=ef5aa3&_nc_ht=video.forn3-6.fna.fbcdn.net&_nc_ohc=r6dsQJlox_wQ7kNvwHBrlwu&efg=eyJ2ZW5jb2RlX3RhZyI6Inhwdl9wcm9ncmVzc2l2ZS5WSV9VU0VDQVNFX1BST0RVQ1RfVFlQRS4uQzMuMzYwLnN2ZV9zZCIsInhwdl9hc3NldF9pZCI6MTYwNzI4MDUwMDYwNTc2MywiYXNzZXRfYWdlX2RheXMiOjE4OCwidmlfdXNlY2FzZV9pZCI6MTAxMzksImR1cmF0aW9uX3MiOjE5MzksInVybGdlbl9zb3VyY2UiOiJ3d3cifQ%3D%3D&ccb=17-1&_nc_gid=4KobYoCI1dMPl6Z0gVbHMg&_nc_ss=7b289&_nc_map=urlgen_bucketless&_nc_zt=28&oh=00_AQKHDZViYqFIjKjeJqj9he3y2yIIVxCvmNvpUYpWc4qDYg&oe=6AA73831,https://www.facebook.com/ads/library/?id=1439007200939476,مرتاح كريم,2026-09-09T12:11:49+00:00
3015976378608836,DJ,Ns-LY-1,2026-03-05,188,0,188,"مواصلة المشاهدة | سامي في يوم تسجيل الزواج انفصلت عنه صديقته، لكنه تزوج فجأة من هالة، الرئيسة الجميلة لعائلة الصلاحي، والتي كانت مخطوبة لفارس، ابن عائلة العمري. ظنّ أن حياته ستصبح هادئة، لكنه بسبب العقدة حول عنقه لاحظت هالة أنه قد يكون ناصر، الذي فقد من عائلة العمري قبل ثمانية عشر عامًا. بعد استعادة والديه البيولوجيين، تورط سامي في صراعات داخلية لعائلة العمري، وفي مؤتمر التكنولوجيا كشف عن هويته ""الماستر خالد""، لكنه في حفل عيد ميلاد جده سامر بدأ يكتشف تدريجيًا حقيقة ماضيه المفقود",https://fb.netshort.com/netshort-h5-landing-page/wSeXSJnsj9G.html?pid=metaweb_int&c={{campaign.name}}&af_c_id={{campaign.id}}&af_adset={{adset.name}}&af_adset_id={{adset.id}}&af_ad={{ad.name}}&af_ad_id={{ad.id}}&af_channel={{placement}}&af_siteid={{site_source_name}}&af_force_deeplink=true&type=1&link_id=2029455487254134785&af_sub2=0,https://video.forn3-1.fna.fbcdn.net/o1/v/t2/f2/m412/AQNoVShSH8Xmv5Fo3qhtYAoWrUwHo9KmbuDPSsWCN_Y5cnrsRBr069JpK4O3uvtlX7qEb5ejSHox8fchCv0Pt0TD_mGdQ2Yc7fAxwJ-Shw.mp4?_nc_cat=104&_nc_oc=AdpdL-AwDngEDsts6C4E-rzZhYn-qm-q6DDwRqN9z19BRKO3D2XkWo4llykOQCV14u4&_nc_sid=ef5aa3&_nc_ht=video.forn3-1.fna.fbcdn.net&_nc_ohc=JrzyF_1f_sIQ7kNvwFnDT0T&efg=eyJ2ZW5jb2RlX3RhZyI6Inhwdl9wcm9ncmVzc2l2ZS5WSV9VU0VDQVNFX1BST0RVQ1RfVFlQRS4uQzMuMzYwLnN2ZV9zZCIsInhwdl9hc3NldF9pZCI6MjYxODYwODQzNTc2OTIzMDMsImFzc2V0X2FnZV9kYXlzIjoxODgsInZpX3VzZWNhc2VfaWQiOjEwMTM5LCJkdXJhdGlvbl9zIjoxOTM5LCJ1cmxnZW5fc291cmNlIjoid3d3In0%3D&ccb=17-1&_nc_gid=4KobYoCI1dMPl6Z0gVbHMg&_nc_ss=7b289&_nc_map=urlgen_bucketless&_nc_zt=28&oh=00_AQJn94lATiFpaSQLvk8XizuVHbkH6L1bnP1yY2mT2flZtA&oe=6AA72276,https://www.facebook.com/ads/library/?id=3015976378608836,مرتاح كريم,2026-09-09T12:11:49+00:00
1657738268739241,DJ,Ns-LY-1,2026-03-05,188,0,188,"مواصلة المشاهدة | سامي في يوم تسجيل الزواج انفصلت عنه صديقته، لكنه تزوج فجأة من هالة، الرئيسة الجميلة لعائلة الصلاحي، والتي كانت مخطوبة لفارس، ابن عائلة العمري. ظنّ أن حياته ستصبح هادئة، لكنه بسبب العقدة حول عنقه لاحظت هالة أنه قد يكون ناصر، الذي فقد من عائلة العمري قبل ثمانية عشر عامًا. بعد استعادة والديه البيولوجيين، تورط سامي في صراعات داخلية لعائلة العمري، وفي مؤتمر التكنولوجيا كشف عن هويته ""الماستر خالد""، لكنه في حفل عيد ميلاد جده سامر بدأ يكتشف تدريجيًا حقيقة ماضيه المفقود",https://fb.netshort.com/netshort-h5-landing-page/wSeXSJnsj9G.html?pid=metaweb_int&c={{campaign.name}}&af_c_id={{campaign.id}}&af_adset={{adset.name}}&af_adset_id={{adset.id}}&af_ad={{ad.name}}&af_ad_id={{ad.id}}&af_channel={{placement}}&af_siteid={{site_source_name}}&af_force_deeplink=true&type=1&link_id=2029455487254134785&af_sub2=0,https://video.forn3-5.fna.fbcdn.net/o1/v/t2/f2/m412/AQOgCzRoNjUER4m8xg4fNtez3GdvcUpRKnrZ0As7YJrIzak1nAKtyFHpAAYz7Gtb6Z_fEmnZLoh1yoY8tIXWBaYCdLvNdN_AhO28tSo9sg.mp4?_nc_cat=102&_nc_oc=AdqYliCsZtVWoRcZLvtWspad-GgkGAdx8P-d3fF9i6YfLVu3Z8S9GEdEz5prlrZLcZE&_nc_sid=ef5aa3&_nc_ht=video.forn3-5.fna.fbcdn.net&_nc_ohc=JOY2RTJAOgQQ7kNvwFMvaLP&efg=eyJ2ZW5jb2RlX3RhZyI6Inhwdl9wcm9ncmVzc2l2ZS5WSV9VU0VDQVNFX1BST0RVQ1RfVFlQRS4uQzMuMzYwLnN2ZV9zZCIsInhwdl9hc3NldF9pZCI6MjA1NzYzNzAzODE0MTk5NywiYXNzZXRfYWdlX2RheXMiOjE4OCwidmlfdXNlY2FzZV9pZCI6MTAxMzksImR1cmF0aW9uX3MiOjE5NDEsInVybGdlbl9zb3VyY2UiOiJ3d3cifQ%3D%3D&ccb=17-1&_nc_gid=4KobYoCI1dMPl6Z0gVbHMg&_nc_ss=7b289&_nc_map=urlgen_bucketless&_nc_zt=28&oh=00_AQIz1jO2p9DgOtd39-hFbh_3F-3gFVd21xFNSRJ0Tvmlag&oe=6AA70574,https://www.facebook.com/ads/library/?id=1657738268739241,مرتاح كريم,2026-09-09T12:11:49+00:00
960028653249705,JO,Yelena Natural Therapy,2026-03-10,183,0,183,تجربة ابرة هيفا وهبي .. اصبحت ضرورة 😍👍 #فلر رادييس Radiesse الامريكي من شركه Merz 💉 لشد ونضاره البشره الفلر العالمي الاول💉💕 #راديس(Radiesse) فلر الكالسيوم 💉 المختلف كليا عن باقي انواع الفلر حيث ان المادة الفعالة كالسيوم هايدروكسي ابتايت (Ca hydroxyapatite ) والتي تمتاز بقدرة فائقة على تحفيز الكولاجين والايلاستين وشد الجلد لاطول فترة على الاطلاق يمتاز هذا النوع بفاعلية ثلاثية 👍🏻✔️: ✔️اعطاء حجم وامتلاء ✔️شد ونضاره الجلد ✔️زيادة سمك وحيوية الجلد يستخدم للوجه والرقبه واليدين ✔️ ✔️يمتاز بفترة بقاء اطول: سنه ونصف الى سنتين. ✔️حاصل على ترخيص هيئة الغذاء والدواء الامريكية (FDA approved) للحجز والاستفسار على الرقم 0795961269 بعيادتنا بندللك وبنعطيكي اكبر كمية راحة وجمال 😍💆‍♀️ أحجز/ي جلستك الآن ✨ 📍 موقعنا : عمان_ الدوار السابع_ شارع عبد الرحمن خليفة . 📞للاستفسار: 0795961269 أو عبر مسجات الصفحة 💭 أفخم وأحدث مركز طبي تجميلي على مستوى الشرق الأوسط.. أجهزة وتقنيات لأول مرة في الأردن... أمهر الاطباء والاخصائيين👌 نستقبلكم في قسم : ✅الأسنان ✅البشرة والتجميل (تنظيف البشرة، بلازما ،ميزوثيرابي، فيلر،بوتكس) ✅ التنحيف والنحت وشد الجسم ✅المختبر والطوارئ ✅زراعة الشعر ✅ليزر ازالة الشعر افضل جهاز ليزر ازالة الشعر من2022 DEKA again هيدرافيشل من ٩ مراحل بلازماPRP للشعر لنعومة وكثافة ووقف التساقط ميزوثيرابي للنضارة وتوريد الشفاه وعلاج للهالات السوداء #cuppingtherapy #cuppingmassage #mesotherapy #glowingskin #piercing #amman #ammanjordan #Yelena #therapy #beuaty #skincare #bride #2022wedding #hijama #hijamatherapy #lips #darkcirclestreatment #darkcircles #pinklips #microneedling #درمابن #تفتيح_بشرة #دهون #ليزر_لازالة_الشعر #تفتيح #نحت #الجسم #بلازما 📍الدوار السابع للحجز والتفاصيل لطفا ارسال رسالة للصفحة او واتس اب رقم 📞 0795961269,https://api.whatsapp.com/send,https://video.forn3-6.fna.fbcdn.net/o1/v/t2/f2/m86/AQMvwe18DFnJ6miJXggulXjUoXvHJ2z-vRS8rC92aKYd-eQJeaEOWTjC3lkONwDx4Nrb-Hdskwoo_TfFJlfs878R6J6JIfQdCxt6TvU.mp4?_nc_cat=104&_nc_oc=AdoCoR9QNiLVCil00EBmvqYJjt9WdnYimu4qLTmG5Q1bAre-rLbTt1_MPEyRoFmYrtU&_nc_sid=b66105&_nc_ht=video.forn3-6.fna.fbcdn.net&_nc_ohc=AxAXG69ToooQ7kNvwGTexr4&efg=eyJ2ZW5jb2RlX3RhZyI6Inhwdl9wcm9ncmVzc2l2ZS5WSV9VU0VDQVNFX1BST0RVQ1RfVFlQRS4uQzMuNzIwLmRhc2hfYmFzZWxpbmVfMV92MSIsInhwdl9hc3NldF9pZCI6MTQ3NzM4NDM1NjU1NTQwNiwiYXNzZXRfYWdlX2RheXMiOjUwOCwidmlfdXNlY2FzZV9pZCI6MTAwOTksImR1cmF0aW9uX3MiOjE5LCJ1cmxnZW5fc291cmNlIjoid3d3In0%3D&ccb=17-1&vs=31a3898b45e7c997&_nc_vs=HBksFQIYUmlnX3hwdl9yZWVsc19wZXJtYW5lbnRfc3JfcHJvZC8xNTQ4QjlFNUU0NjE4N0RBNTNGNzE4RDkzMTZCQ0U4OF92aWRlb19kYXNoaW5pdC5tcDQVAALIARIAFQIYR2lnX3hwdl9yZWVsc19wZXJtYW5lbnRfc3JfcHJvZC8xMzczMDQwODg3MjY5NjA2XzE3NDAyMjcwNDAyNTgxMzk2NzYubXA0FQICyAESACgAGAAbAogHdXNlX29pbAExEnByb2dyZXNzaXZlX3JlY2lwZQExFQAAJpyqp5yL658FFQIoAkMzLBdAM12yLQ5WBBgSZGFzaF9iYXNlbGluZV8xX3YxEQB1AGXmnQEA&_nc_gid=A3Ly95n8jukg4TiSusXo9w&_nc_ss=7b289&_nc_map=urlgen_bucketless&_nc_zt=28&oh=00_AQLF1G2xYhfZUr7nnU7Rgadp4vRXYk3ZvMGdLx0LhAHP5w&oe=6AA306E5,https://www.facebook.com/ads/library/?id=960028653249705,أكبر جهاز ازالة الشعر,2026-09-09T11:01:32+00:00
4612660268961659,SA,,2026-05-20,87,,182,"​ Active Library ID: 4612660268961659 Started running on May 20, 2026 Platforms ​ ​ ​ ​ ​ 3 ads use this creative and text",https://www.adobe.com/mena_ar/acrobat/free-trial-download.html,,https://www.facebook.com/ads/library/?id=4612660268961659,جهاز,2026-08-15T00:32:11+00:00
1451092896771243,SA,,2026-05-22,85,,180,"​ Active Library ID: 1451092896771243 Started running on May 22, 2026 Platforms ​ ​ ​ ​ ​ This ad is not active for some audiences because it did not meet certain requirements. ​ EU transparency ​",https://www.adobe.com/mena_ar/acrobat/free-trial-download.html,,https://www.facebook.com/ads/library/?id=1451092896771243,جهاز,2026-08-15T00:32:08+00:00
1609988643484504,MA,RIZQ Bio Solutions,2026-03-14,179,0,179,بزاااف ديال الناس باقي كيخبيو ضفارهوم باش ميبانش… وخا الحل موجود، ومجرّب، وبشهادات أكثر من 1500 زبون RIZQ BIO هو الرقم 1 فالمغرب فـ علاج فطريات وتشوه الأظافر 👣 وماشي غير منتج… بل حل متكامل طبيعي كيرجعلك الراحة والثقة فراسك 📌 علاش كيختلف RIZQ BIO؟ لأنه كيحارب المشكل من الجذر، ماشي غير كيخفيه مؤقتاً. ✔️ يقضي على الفطريات بشكل طبيعي ✔️ يساعد على نمو ظفر صحي، نظيف، وبلونه الطبيعي ✔️ النتائج من الاسبوع الأول ✔️ آمن حتى للبشرة الحساسة 📦 الباك فيه كلشي تحتاجيه: سيروم مركز، صابونة مطهّرة، كريم مغذي، ومبرد احترافي | RIZQ BIO هو الرقم 1 فالمغرب فـ علاج فطريات وتشوه الأظافر 👣,http://rizqbio.store/,https://video.forn3-5.fna.fbcdn.net/o1/v/t2/f2/m366/AQOdEaaHY7zuK5So4685Es3NXkpx1weNiwJCNSn2c4p2igRIcoLlrJeuM8TouYfU2pTwgiBAi7vFUx-wd425l91YmyWSMK6vZMeQvMtLBuZ95Q.mp4?_nc_cat=108&_nc_oc=AdogynlleUy669FfC5GEib9R6moq1OM2WCTDZWiW9K7fgOD8q13x6-OkgVez72pS534&_nc_sid=b66105&_nc_ht=video.forn3-5.fna.fbcdn.net&_nc_ohc=S2MQ0Ny7t0EQ7kNvwE65pzr&efg=eyJ2ZW5jb2RlX3RhZyI6Inhwdl9wcm9ncmVzc2l2ZS5WSV9VU0VDQVNFX1BST0RVQ1RfVFlQRS4uQzMuNzIwLmRhc2hfaDI2NC1iYXNpYy1nZW4yXzcyMHAiLCJ4cHZfYXNzZXRfaWQiOjM4MzgwMjI1OTYzMzE3MTQsImFzc2V0X2FnZV9kYXlzIjoxNzksInZpX3VzZWNhc2VfaWQiOjEwNzk5LCJkdXJhdGlvbl9zIjoxMDMsInVybGdlbl9zb3VyY2UiOiJ3d3cifQ%3D%3D&ccb=17-1&vs=ac74fdc1b7617bd5&_nc_vs=HBksFQIYRWZiX2VwaGVtZXJhbC9BMTQ0MDM5NjlFODBFOEVBNTMzRkRDRjlGOTk2OTk4Ql9tdF8xX3ZpZGVvX2Rhc2hpbml0Lm1wNBUAAsgBEgAVAhhAZmJfcGVybWFuZW50LzM1NDBFNTRFRDBGMUNCRjJBQUIyN0RENTE0NDMzQkE0X2F1ZGlvX2Rhc2hpbml0Lm1wNBUCAsgBEgAoABgAGwKIB3VzZV9vaWwBMRJwcm9ncmVzc2l2ZV9yZWNpcGUBMRUAACaEo_TXqKrRDRUCKAJDMywXQFnVT987ZFoYGWRhc2hfaDI2NC1iYXNpYy1nZW4yXzcyMHARAHUAZd6oAQA&_nc_gid=sWItWoy5OWKPDmV_S5m0Dw&_nc_ss=7b289&_nc_map=urlgen_bucketless&_nc_zt=28&oh=00_AQKvD_s-QmwqbQOfXLhxj64LbWEqxBqEXQW47zEKIflLRw&oe=6AA6E1F4,https://www.facebook.com/ads/library/?id=1609988643484504,كريم العرقسوس هو الحل,2026-09-09T09:01:47+00:00
1027859259836660,MA,RIZQ Bio Solutions,2026-03-14,179,0,179,بزاااف ديال الناس باقي كيخبيو ضفارهوم باش ميبانش… وخا الحل موجود، ومجرّب، وبشهادات أكثر من 1500 زبون RIZQ BIO هو الرقم 1 فالمغرب فـ علاج فطريات وتشوه الأظافر 👣 وماشي غير منتج… بل حل متكامل طبيعي كيرجعلك الراحة والثقة فراسك 📌 علاش كيختلف RIZQ BIO؟ لأنه كيحارب المشكل من الجذر، ماشي غير كيخفيه مؤقتاً. ✔️ يقضي على الفطريات بشكل طبيعي ✔️ يساعد على نمو ظفر صحي، نظيف، وبلونه الطبيعي ✔️ النتائج من الاسبوع الأول ✔️ آمن حتى للبشرة الحساسة 📦 الباك فيه كلشي تحتاجيه: سيروم مركز، صابونة مطهّرة، كريم مغذي، ومبرد احترافي | RIZQ BIO هو الرقم 1 فالمغرب فـ علاج فطريات وتشوه الأظافر 👣,http://rizqbio.store/,https://video.forn3-6.fna.fbcdn.net/o1/v/t2/f2/m366/AQPDe81frBIUhg2wxpqYfhBj1yS_JJXSxqXZKiNP-d_g5lWwzpKHKzrfkWoUr2q5rJ-vSBHis8JP9XcVX2pDKp1CoW-N6x9wwyWJTgh_J8a5-A.mp4?_nc_cat=101&_nc_oc=AdoM42rriHpGoXM8_c4ChZdikV7YTLDxkCUovUQVZmSdfm7Hps7eRwxwuUYz6BE23v4&_nc_sid=b66105&_nc_ht=video.forn3-6.fna.fbcdn.net&_nc_ohc=PhVRmUMUZNQQ7kNvwEzJ3ve&efg=eyJ2ZW5jb2RlX3RhZyI6Inhwdl9wcm9ncmVzc2l2ZS5WSV9VU0VDQVNFX1BST0RVQ1RfVFlQRS4uQzMuNzIwLmRhc2hfaDI2NC1iYXNpYy1nZW4yXzcyMHAiLCJ4cHZfYXNzZXRfaWQiOjkyMTk0MTg4NzI1ODAxNywiYXNzZXRfYWdlX2RheXMiOjE3OSwidmlfdXNlY2FzZV9pZCI6MTA3OTksImR1cmF0aW9uX3MiOjExMSwidXJsZ2VuX3NvdXJjZSI6Ind3dyJ9&ccb=17-1&vs=b1c2f9a4609c21fb&_nc_vs=HBksFQIYRWZiX2VwaGVtZXJhbC82QjQ4NzgyQjA4QjYzNkMzQjZBQUU1ODk1Q0FCMjE4Rl9tdF8xX3ZpZGVvX2Rhc2hpbml0Lm1wNBUAAsgBEgAVAhhAZmJfcGVybWFuZW50L0NDNEQ5QzFEQzg2N0FFM0RENTUxNjU5NjU4N0UzOEJEX2F1ZGlvX2Rhc2hpbml0Lm1wNBUCAsgBEgAoABgAGwKIB3VzZV9vaWwBMRJwcm9ncmVzc2l2ZV9yZWNpcGUBMRUAACbCtoyriqCjAxUCKAJDMywXQFv3bItDlYEYGWRhc2hfaDI2NC1iYXNpYy1nZW4yXzcyMHARAHUAZd6oAQA&_nc_gid=D25IcPzOU8XlCF8Gmm0LYg&_nc_ss=7b289&_nc_map=urlgen_bucketless&_nc_zt=28&oh=00_AQLKA37o3KGZgAAKnqOVjyop7kObL_riNPw7lLnVXiWM7Q&oe=6AA6FA4B,https://www.facebook.com/ads/library/?id=1027859259836660,كريم العرقسوس هو الحل,2026-09-09T09:01:47+00:00
1231157648929062,SA,,2026-05-24,83,,178,"​ Active Library ID: 1231157648929062 Started running on May 24, 2026 Platforms ​ ​ ​ ​ ​ This ad is not active for some audiences because it did not meet certain requirements. ​ EU transparency ​",https://www.adobe.com/mena_ar/acrobat/free-trial-download.html,,https://www.facebook.com/ads/library/?id=1231157648929062,جهاز,2026-08-15T00:32:17+00:00
1426501782057514,EG,Talabix - طلبكس,2026-03-30,163,0,163,"🚨بطل تدفع فلوس في المغاسل وتضيع يومك في الزحمة! مسدس الغسيل الـ 48 فولت الأصلي ببطاريتين هيرجع عربيتك زيرو قدام بيتك في 5 دقايق وبأقل مجهود. 👇 الحق خصم الـ 50% (لمدة 48 ساعة فقط) واطلبه من هنا: https://www.talabix.com/products/Gun2b1/ref/A1 🚀 ليه المسدس ده هو اللي هينجزك؟ ✅ ضغط 30 بار جبار: بينسف الطين والتراب من الجنوط والموتور والدواسات في ثانية. ✅ بطاريتين 48 فولت: عشان تغسل عربيتك مرتين وتلمعها من غير ما الشحن يفصل منك. ✅ موفر للمياه: بيوجه تيار قوي ومركز فبتنضف أكتر بمياه أقل بكتير من الخرطوم العادي. ✅ 3 أوضاع رش: (فوم، شطف، تنظيف قوي) كأنك نقلت ""بنزينة"" كاملة في شنطة عربيتك. ✅ المنتج الأصلي: بيجيلك في شنطة عدة فخمة فيها كل الوصلات والشاحن السريع. 📢 دي مش رفاهية.. دي راحة بال ونضافة تشرفك قدام أي حد يركب معاك. ⚠️ الكمية بتخلص بسرعة البرق.. الحق العرض واطلبها من هنا: https://www.talabix.com/products/Gun2b1/ref/A1 🛒 اضغط هنا 👆 واطلبه فوراً | باقي 11 قطعة فقط داخل عرض خصم 50% | ⏳تحذير: الكمية المخصصة لخصم 50% قاربت على النفاذ!",https://www.talabix.com/products/Gun2b1/ref/A1,https://video.forn3-6.fna.fbcdn.net/o1/v/t2/f2/m366/AQMiqFk-KFdw6giD2u0JI3b_XgOXupKlWS8QjmU2tNZmOivDnwRSSzfI3NA7KfV5_iWrWrPzocjNq2eW5oBmJI7UhHA8FjYMSNKL8O2SGSM0bQ.mp4?_nc_cat=109&_nc_oc=Adoq3vHws23GMTQOkL5RxnTrmsp8WXSdOZZi4EoTOLEZch4yKh5MvBQvKLuHS2wUW4k&_nc_sid=b66105&_nc_ht=video.forn3-6.fna.fbcdn.net&_nc_ohc=gG0JY_3-THYQ7kNvwEFgOYc&efg=eyJ2ZW5jb2RlX3RhZyI6Inhwdl9wcm9ncmVzc2l2ZS5WSV9VU0VDQVNFX1BST0RVQ1RfVFlQRS4uQzMuNzIwLmRhc2hfaDI2NC1iYXNpYy1nZW4yXzcyMHAiLCJ4cHZfYXNzZXRfaWQiOjk3ODIwNjAwODIyODM0NCwiYXNzZXRfYWdlX2RheXMiOjE2MiwidmlfdXNlY2FzZV9pZCI6MTA3OTksImR1cmF0aW9uX3MiOjQ1LCJ1cmxnZW5fc291cmNlIjoid3d3In0%3D&ccb=17-1&vs=b0e40f38c4d2a372&_nc_vs=HBksFQIYRWZiX2VwaGVtZXJhbC8wODQ5MEE3RjJDRkI4MDI5MDIzNENGMDEwNUIzNzFBQV9tdF8xX3ZpZGVvX2Rhc2hpbml0Lm1wNBUAAsgBEgAVAhhAZmJfcGVybWFuZW50LzdBNDlGNTkxNDhFOEExNzdBRkYxN0Y5ODAxQUY1MTkwX2F1ZGlvX2Rhc2hpbml0Lm1wNBUCAsgBEgAoABgAGwKIB3VzZV9vaWwBMRJwcm9ncmVzc2l2ZV9yZWNpcGUBMRUAACbw55naiuu8AxUCKAJDMywXQEbMzMzMzM0YGWRhc2hfaDI2NC1iYXNpYy1nZW4yXzcyMHARAHUAZd6oAQA&_nc_gid=t7hhWOFSkRch7mAfUnEz8A&_nc_ss=7b289&_nc_map=urlgen_bucketless&_nc_zt=28&oh=00_AQJtnnaAcDkDluxpggHcje11V3OXaJjha79I8As2JY7i7Q&oe=6AA703E7,https://www.facebook.com/ads/library/?id=1426501782057514,ساعة العرض اللي,2026-09-09T09:16:22+00:00
1507080184096445,EG,Donia cosmatics Dc,2026-03-31,162,0,162,"💗 جديد من Devoria 💗 ""ميك أب النو ميك أب"" – سر الإطلالة الطبيعية والمشرقة من أول استخدام! ✔️ تفتيح فوري وتوحيد لون البشرة ✔️ نضارة تدوم طول اليوم وملمس ناعم كالحرير ✔️ حماية من الشمس وتغذية بالكولاجين الطبيعي ✔️ يناسب جميع أنواع البشرة حتى الحساسة المجموعة تحتوي على: 🟩 صابونة لبان الدكر ❤️ كريم العرقسوس 💋 تنت طبيعي للخدود والشفايف ✨ بدون مكياج.. بشرة صافية، نضرة، ومتألقة! اطلبي الآن قبل ما يخلص العرض 👇 https://devoria-cosmetics.myeasyorders.com/products/Makeup-No-Mekeup | خصم 165 جنيه لما تشتري النهاردة بس ❌",https://devoria-cosmetics.myeasyorders.com/products/Makeup-No-Mekeup,https://video.forn3-1.fna.fbcdn.net/o1/v/t2/f2/m366/AQOLxc30oT6VLfcdzQFQWFyo2jP5C9Z6ggcKdnuh0xHWeK7NECWoz3ZpwDhlucEaBAlV8SiwYnCCkQBlnojJmjpvVbXd1F9SO-ooZCbtvLJU3g.mp4?_nc_cat=109&_nc_oc=AdqoW6y1kUtG4UxNIlUbJ3LEqxFJN0G74rg5K7R_dXEYHpnJjpHvKrZvCcVQU5FToKY&_nc_sid=b66105&_nc_ht=video.forn3-1.fna.fbcdn.net&_nc_ohc=tsaRDvl9M14Q7kNvwFPgN8A&efg=eyJ2ZW5jb2RlX3RhZyI6Inhwdl9wcm9ncmVzc2l2ZS5WSV9VU0VDQVNFX1BST0RVQ1RfVFlQRS4uQzIuNzIwLmRhc2hfaDI2NC1iYXNpYy1nZW4yXzcyMHAiLCJ4cHZfYXNzZXRfaWQiOjIzNDAzMzk1MzY0NDQ2NDUsImFzc2V0X2FnZV9kYXlzIjoxNjEsInZpX3VzZWNhc2VfaWQiOjEwNzk5LCJkdXJhdGlvbl9zIjoxNTMsInVybGdlbl9zb3VyY2UiOiJ3d3cifQ%3D%3D&ccb=17-1&vs=adc7063f2ede2457&_nc_vs=HBksFQIYRWZiX2VwaGVtZXJhbC9FMzQ2NDYyMTEzNkExMkE3MTdFNTRGN0JGM0MzODE5Q19tdF8xX3ZpZGVvX2Rhc2hpbml0Lm1wNBUAAsgBEgAVAhhAZmJfcGVybWFuZW50LzhFNEMxRjMyNEY3MzEzRTA1QjhCNDg1REM2MEJBN0E0X2F1ZGlvX2Rhc2hpbml0Lm1wNBUCAsgBEgAoABgAGwKIB3VzZV9vaWwBMRJwcm9ncmVzc2l2ZV9yZWNpcGUBMRUAACbK88mr2KGoCBUCKAJDMiwXQGMiHKwIMScYGWRhc2hfaDI2NC1iYXNpYy1nZW4yXzcyMHARAHUAZd6oAQA&_nc_gid=3IwMZ2g-bRDXKRlYhoCw9A&_nc_ss=7a289&_nc_map=urlgen_bucketless&_nc_zt=28&oh=00_AQJDntxo6QDBmcx60RdR0WKMIMV3SR3TwMD1c3XuJUgcMQ&oe=6AA700E7,https://www.facebook.com/ads/library/?id=1507080184096445,صابونة لبان الدكر كريم,2026-09-09T09:57:37+00:00
26927252433554476,AE,American Aesthetic Medical Center,2026-04-02,160,0,160,"سانيكوس سيل ✨ تقنية مبتكرة لتحسين مظهر السيلوليت، شدّ البشرة، وتعزيز نعومتها من العمق. نتيجة أوضح… ملمس أنعم… وثقة أكبر. Sunekos Cell An advanced solution to reduce cellulite appearance, firm the skin, and restore smoothness from within. 📞 8004005 | 0582620994",https://api.whatsapp.com/send,https://video.forn3-5.fna.fbcdn.net/o1/v/t2/f2/m69/AQMYZfqZDCXvjMGngmiitDMFgCt7-bA2o-_DMscjeUFEd6Db-06R3liw-8_BAyrRtJLiqbWBGwJDeEmCMq1-ARaP.mp4?strext=1&_nc_cat=101&_nc_oc=Adr-bHGNYukTPqySO1DxxwHbI7pX6Bsw2pOX06mLOMG9HvCr2qztsji_b-7Uy7TVNek&_nc_sid=b66105&_nc_ht=video.forn3-5.fna.fbcdn.net&_nc_ohc=78MJtqH8SbcQ7kNvwH_kt4V&efg=eyJ2ZW5jb2RlX3RhZyI6Inhwdl9wcm9ncmVzc2l2ZS5WSV9VU0VDQVNFX1BST0RVQ1RfVFlQRS4uQzMuNzIwLmRhc2hfYmFzZWxpbmVfMV92MSIsInhwdl9hc3NldF9pZCI6MTc4Nzc1ODA0Njc1MTM0ODgsImFzc2V0X2FnZV9kYXlzIjoxODgsInZpX3VzZWNhc2VfaWQiOjEyMzc0LCJkdXJhdGlvbl9zIjozNSwidXJsZ2VuX3NvdXJjZSI6Ind3dyJ9&ccb=17-1&vs=c5667fa069bce45&_nc_vs=HBksFQIYOnBhc3N0aHJvdWdoX2V2ZXJzdG9yZS9HSDBQb3lid0JkUVd5QXdQQUhZVmdBNHU2T2xIYnNwVEFRQUYVAALIARIAFQIYUWlnX3hwdl9wbGFjZW1lbnRfcGVybWFuZW50X3YyL0JDNEJBMjk0Qzg5QjcwQjEwNEVGOTk0RTk5NEU5OUExX2F1ZGlvX2Rhc2hpbml0Lm1wNBUCAsgBEgAoABgAGwKIB3VzZV9vaWwBMRJwcm9ncmVzc2l2ZV9yZWNpcGUBMRUAACagoq2TkuTBPxUCKAJDMywXQEHrhR64UewYEmRhc2hfYmFzZWxpbmVfMV92MREAdQBlrMEBAA&_nc_gid=IQsccFzH_fo3A6qlBrAcKw&_nc_ss=7a289&_nc_map=urlgen_bucketless&_nc_zt=28&oh=00_AQIevoh_DkPTMza2-NnEYFUILMSAGar4qZmahZlIluYvrQ&oe=6AA71AA9,https://www.facebook.com/ads/library/?id=26927252433554476,أنعم وثقة أكبر جهاز,2026-09-09T11:00:27+00:00
1294020552817777,SA,,2026-06-11,65,,160,"​ Active Library ID: 1294020552817777 Started running on Jun 11, 2026 Platforms ​ ​ ​ ​ This ad has multiple versions ​",https://www.adobe.com/mena_ar/acrobat/free-trial-download.html,,https://www.facebook.com/ads/library/?id=1294020552817777,جهاز,2026-08-15T00:32:04+00:00
26327735200235162,SA,,2026-06-11,65,,160,"​ Active Library ID: 26327735200235162 Started running on Jun 11, 2026 Platforms ​ ​ ​ ​ This ad has multiple versions ​",https://www.adobe.com/mena_ar/acrobat/free-trial-download.html,,https://www.facebook.com/ads/library/?id=26327735200235162,جهاز,2026-08-15T00:32:01+00:00
2171451503670093,LY,ليبيا شوب,2026-04-08,153,0,153,💧مع هذا الكريم الأمريكي لإزالة الندوب، ستختفي ندوب الجراحة والحروق في غضون 3 أيام وتختفي في غضون 15 يومًا 🔹 مناسب لجميع أنواع الندبات: بما في ذلك ندبات الحروق، الندبات الجراحية، الندبات القديمة، الندبات الوجهية، وأكثر. 💪 مفعول سريع: يساعد على تحفيز الكولاجين، مما يسرع من عملية الشفاء بأربعة أضعاف. | وداعاً لندبات العمليات والحروق للأبد! 🛡️✨ | استرجع جمال بشرتك وثقتك.. وداعاً للندبات والأثار! ✨🧴,https://www.buy-libya.store/kelocote,https://video.forn3-1.fna.fbcdn.net/o1/v/t2/f2/m412/AQN9-UMCG83UqYWpY4XvGSfvWmDiVIBFvTfIxi4CluUkFzaSdGLuxczVci2PjqvdBeKMHss8Eu9bUC86xdd-wGvcpRdq_QXc52RI99idYg.mp4?_nc_cat=101&_nc_oc=AdonKOCMUGAe5z2zvGWQ1FvcA6TdlwRruxbhiK0mZkz_YNsLMxcxZyQPOFPK-xS2e78&_nc_sid=ef5aa3&_nc_ht=video.forn3-1.fna.fbcdn.net&_nc_ohc=QVkyxpsjqhgQ7kNvwEyQg2w&efg=eyJ2ZW5jb2RlX3RhZyI6Inhwdl9wcm9ncmVzc2l2ZS5WSV9VU0VDQVNFX1BST0RVQ1RfVFlQRS4uQzIuMzYwLnN2ZV9zZCIsInhwdl9hc3NldF9pZCI6NzE3Mzc4NDQ0NzM1MDc5LCJhc3NldF9hZ2VfZGF5cyI6MTU0LCJ2aV91c2VjYXNlX2lkIjoxMDc5OSwiZHVyYXRpb25fcyI6MjIsInVybGdlbl9zb3VyY2UiOiJ3d3cifQ%3D%3D&ccb=17-1&_nc_gid=mH07kQyRu1kbyS5YOmpnJw&_nc_ss=7a289&_nc_map=urlgen_bucketless&_nc_zt=28&oh=00_AQIXtWHNq_a9zu2ggXVjCGzJuLb3MwaDM2Cmr7QyqAwtfw&oe=6AA6F6DD,https://www.facebook.com/ads/library/?id=2171451503670093,البقع الصفراء على الجلد,2026-09-09T08:38:49+00:00
1980357905893452,EG,دنيا حامد - Donia Hamed,2026-04-12,150,0,150,"💗 جديد من Devoria 💗 ""ميك أب النو ميك أب"" – سر الإطلالة الطبيعية والمشرقة من أول استخدام! ✔️ تفتيح فوري وتوحيد لون البشرة ✔️ نضارة تدوم طول اليوم وملمس ناعم كالحرير ✔️ حماية من الشمس وتغذية بالكولاجين الطبيعي ✔️ يناسب جميع أنواع البشرة حتى الحساسة المجموعة تحتوي على: 🟩 صابونة لبان الدكر ❤️ كريم العرقسوس 💋 تنت طبيعي للخدود والشفايف ✨ بدون مكياج.. بشرة صافية، نضرة، ومتألقة! اطلبي الآن قبل ما يخلص العرض 👇 https://devoria-cosmetics.myeasyorders.com/products/Makeup-No-Mekeup | خصم 165 جنيه لما تشتري النهاردة بس ❌",https://devoria-cosmetics.myeasyorders.com/products/Makeup-No-Mekeup,https://video.forn3-1.fna.fbcdn.net/o1/v/t2/f2/m366/AQP28cdPO3jbsLO564Nyy_5jXaPugrJ5sSY3zuxnoYDvkVuIw1wo483bklKLhwN68ExBeUlzdBlArA8THKLmJ0nBsuK-HNFMYbh5WRz5N6AqEw.mp4?_nc_cat=110&_nc_oc=AdrduKmwkJXlYfPYlh5OlD6gNSR2Yg0XQTC_gcRCsy_k9bRZvg7W0UfbcrqGIipT7Bc&_nc_sid=b66105&_nc_ht=video.forn3-1.fna.fbcdn.net&_nc_ohc=RsqRR0sI23oQ7kNvwFSiR4f&efg=eyJ2ZW5jb2RlX3RhZyI6Inhwdl9wcm9ncmVzc2l2ZS5WSV9VU0VDQVNFX1BST0RVQ1RfVFlQRS4uQzIuNzIwLmRhc2hfaDI2NC1iYXNpYy1nZW4yXzcyMHAiLCJ4cHZfYXNzZXRfaWQiOjkxMDYwODIxODM2OTA1MywiYXNzZXRfYWdlX2RheXMiOjE4MSwidmlfdXNlY2FzZV9pZCI6MTA3OTksImR1cmF0aW9uX3MiOjE5MCwidXJsZ2VuX3NvdXJjZSI6Ind3dyJ9&ccb=17-1&vs=c9dbb816fd33836f&_nc_vs=HBksFQIYRWZiX2VwaGVtZXJhbC82QTQ3QjNEMUE1MkJGQUI2MTAzNDRBNEVFMDE3OERCRF9tdF8xX3ZpZGVvX2Rhc2hpbml0Lm1wNBUAAsgBEgAVAhhAZmJfcGVybWFuZW50L0QwNDlEQkMzQThDN0E3QkRGNEExRENFNkRCNUI2NEJEX2F1ZGlvX2Rhc2hpbml0Lm1wNBUCAsgBEgAoABgAGwKIB3VzZV9vaWwBMRJwcm9ncmVzc2l2ZV9yZWNpcGUBMRUAACa6sJX2r4yeAxUCKAJDMiwXQGfZmZmZmZoYGWRhc2hfaDI2NC1iYXNpYy1nZW4yXzcyMHARAHUAZd6oAQA&_nc_gid=3IwMZ2g-bRDXKRlYhoCw9A&_nc_ss=7a289&_nc_map=urlgen_bucketless&_nc_zt=28&oh=00_AQKfWSS2G_4AKxDpsUCFfbw9yU-TG33T9eY5JZkdRx7mzw&oe=6AA7042E,https://www.facebook.com/ads/library/?id=1980357905893452,صابونة لبان الدكر كريم,2026-09-09T09:57:37+00:00
1470772771268622,EG,دنيا حامد - Donia Hamed,2026-04-12,150,0,150,"كنت فاكرة إن بشرتي خلاص فقدت نضارتها من كتر الإرهاق والشمس.. كل مرة أجرب كريم أو فاونديشن يزود المشكلة 😩 لحد ما واحدة صاحبتي قالت لي على **""ميك أب النو ميك أب"" من Devoria**! من أول استخدام لاحظت الفرق 😍 البشرة بقت أنعم وأنضر بشكل طبيعي.. كأني عاملة ""مكياج خفيف"" من غير نقطة فاونديشن! الصابونة ريحتها حلوة وبتنظف من غير ما تنشف، والكريم خفيف جدًا على البشرة. أما التنت؟ فبيعطي توريد رقيق للخدود والشفايف يخليكِ شكلِك طبيعي وراقي 💋 بعد أسبوع واحد بس.. فعلاً ثقتي في نفسي رجعت وبقيت أخرج من غير مكياج 💖 المنتج ده مش بس تجميلي، ده عناية كاملة في علبة واحدة 🌸 انضمي لآلاف البنات اللي جربوه وقالوا نفس الكلام ❤️ https://devoria-cosmetics.myeasyorders.com/products/Makeup-No-Mekeup | خصم 165 جنيه لما تشتري النهاردة بس ❌",https://devoria-cosmetics.myeasyorders.com/products/Makeup-No-Mekeup,https://video.forn3-1.fna.fbcdn.net/o1/v/t2/f2/m366/AQNgpOb81O2npUnSI8bnVsQ8EMPhhNwxs32qk4Y2jo4YyH0sKml96JgjSRdgHM1y8peY7N2p4SKMNFA0drVFm3YMLDUyQ_XByicOMyhMuISlqw.mp4?_nc_cat=104&_nc_oc=Adp6CXM-zkzA3NypzXyveCQZE1Z_nXY4sXz1y3_R74RXrUJkTO1CP6T4KmlODfl9UJY&_nc_sid=b66105&_nc_ht=video.forn3-1.fna.fbcdn.net&_nc_ohc=gv62qAbg7T8Q7kNvwELkTRb&efg=eyJ2ZW5jb2RlX3RhZyI6Inhwdl9wcm9ncmVzc2l2ZS5WSV9VU0VDQVNFX1BST0RVQ1RfVFlQRS4uQzIuNzIwLmRhc2hfaDI2NC1iYXNpYy1nZW4yXzcyMHAiLCJ4cHZfYXNzZXRfaWQiOjEyODcwMDYyNjY2NTg2MTEsImFzc2V0X2FnZV9kYXlzIjoxODEsInZpX3VzZWNhc2VfaWQiOjEwNzk5LCJkdXJhdGlvbl9zIjoxMTcsInVybGdlbl9zb3VyY2UiOiJ3d3cifQ%3D%3D&ccb=17-1&vs=deeb9e78e953bb17&_nc_vs=HBksFQIYRWZiX2VwaGVtZXJhbC8wMTQ5MkNGNzEzNkZGNkQzMzk4NDM2OTEwRTdCOUFCNV9tdF8xX3ZpZGVvX2Rhc2hpbml0Lm1wNBUAAsgBEgAVAhhAZmJfcGVybWFuZW50LzcyNDgxNTg4MkVGMUM4MkNFQjAzMzI0QzIxOTQyNEFDX2F1ZGlvX2Rhc2hpbml0Lm1wNBUCAsgBEgAoABgAGwKIB3VzZV9vaWwBMRJwcm9ncmVzc2l2ZV9yZWNpcGUBMRUAACbmvMj1z6HJBBUCKAJDMiwXQF1zMzMzMzMYGWRhc2hfaDI2NC1iYXNpYy1nZW4yXzcyMHARAHUAZd6oAQA&_nc_gid=2egYFDM6ps_2u768MnpKMg&_nc_ss=7a289&_nc_map=urlgen_bucketless&_nc_zt=28&oh=00_AQKq_R_gGVeeVH1lGUOAMTekDqYz1vvI4wSxWJjQvxQ2UQ&oe=6AA71928,https://www.facebook.com/ads/library/?id=1470772771268622,صابونة لبان الدكر كريم,2026-09-09T09:57:37+00:00
1303074655220708,EG,دنيا حامد - Donia Hamed,2026-04-13,149,0,149,"🔥 عرض ديفوريا لمدة 48 ساعة بس! 🔥 لو بتدوري على حل سريع وفعّال للتصبغات، الغمقان، وآثار الحبوب… ولو زهقتي من الكريمات اللي بتسيب أثر أبيض أو بتسببلك تهيج… وجربتي كل حاجة ولسه مش لاقية نتيجة ترضيك؟ 📌 كريم العرقسوس هو الحل! ٣ فوائد في منتج واحد: ✅ بيفتح ويوحد لون البشرة ✅ بيعالج التصبغات وآثار الحبوب ✅ فيه صن بلوك طبيعي يحميكي من الشمس 💯 مناسب لكل أنواع البشرة، حتى الحساسة تقدري تستخدميه يوميًا قبل الشغل، الجامعة، أو الخروجات بتركيبة طبيعية فيها خلاصة العرقسوس… يعني نتيجة سريعة من غير خوف! ⚠️ العرض ساري ليومين بس الكمية محدودة… والفرصة دي مش هتتكرر 💥 الحقّي العرض وعيشي إحساس ""وشك منور"" كل يوم ✨ https://devoria-cosmetics.myeasyorders.com/products/licorice-cream | بشرتك هتبقي زي الفلتر ومن غير فلتر✨💧",https://devoria-cosmetics.myeasyorders.com/products/licorice-cream,https://video.forn3-1.fna.fbcdn.net/o1/v/t2/f2/m366/AQPwKNmzGbImRYYy_ynWc26bnTx3ImFOEKlRgy_hmkoVbRTdvn1g5bw7Cn-G_ecRypahiy4wWnH19_tn00lHPKLVblzdtzMLj8PiKim3NgDhYw.mp4?_nc_cat=100&_nc_oc=AdqavEpGe65IIHdb_OfYQiqwGTguhxXzs4Kv0j465PfLLsGR9yxgicZ8JwaenkRWF8k&_nc_sid=b66105&_nc_ht=video.forn3-1.fna.fbcdn.net&_nc_ohc=pPACz5A__yIQ7kNvwFA1Ckr&efg=eyJ2ZW5jb2RlX3RhZyI6Inhwdl9wcm9ncmVzc2l2ZS5WSV9VU0VDQVNFX1BST0RVQ1RfVFlQRS4uQzMuNzIwLmRhc2hfaDI2NC1iYXNpYy1nZW4yXzcyMHAiLCJ4cHZfYXNzZXRfaWQiOjg3MTcwOTA5NTM2NjU3NiwiYXNzZXRfYWdlX2RheXMiOjI4OSwidmlfdXNlY2FzZV9pZCI6MTA3OTksImR1cmF0aW9uX3MiOjc3LCJ1cmxnZW5fc291cmNlIjoid3d3In0%3D&ccb=17-1&vs=14ea35d9925e97d&_nc_vs=HBksFQIYRWZiX2VwaGVtZXJhbC8wQjRGQTNGRUJENDFCNDkwNEU5MDQzMzYwMTI2QUZCQ19tdF8xX3ZpZGVvX2Rhc2hpbml0Lm1wNBUAAsgBEgAVAhhAZmJfcGVybWFuZW50LzIyNEM5QTk3Qzk5QUM1REIyQURBQzhGQkY2RDIxOUI1X2F1ZGlvX2Rhc2hpbml0Lm1wNBUCAsgBEgAoABgAGwKIB3VzZV9vaWwBMRJwcm9ncmVzc2l2ZV9yZWNpcGUBMRUAACbgvtDvkrSMAxUCKAJDMywXQFNCHKwIMScYGWRhc2hfaDI2NC1iYXNpYy1nZW4yXzcyMHARAHUAZd6oAQA&_nc_gid=F5YiRe71dhxR3BPKp0kSQw&_nc_ss=7b289&_nc_map=urlgen_bucketless&_nc_zt=28&oh=00_AQJ4TOenu-GDPQFkoJqN3ksyDz6bquDyKpx848jh1xj4eA&oe=6AA6E464,https://www.facebook.com/ads/library/?id=1303074655220708,عرض ديفوريا لمدة ساعة,2026-09-09T09:05:33+00:00
26407393635611488,EG,الدكتور باهر السعيد,2026-04-18,144,0,144,كريم الجلوتاثيون لتفتيح المناطق الحساسه و البشره و الهالات السوداء | الدكتور باهر السعيد,https://api.whatsapp.com/send?phone=201142555044,https://video.forn3-5.fna.fbcdn.net/o1/v/t2/f2/m366/AQP12TL8elc6Afn3n-B6vpiwd4bDM2rV8YCbztvcBFt7DibW83secWMIAQQJBbxEMFu8raCQvPopbpIkno17LvScpTRovOc9qeffbEg6ZsKcoA.mp4?_nc_cat=103&_nc_oc=Adov7U9KtjyIg75UgVMjOvO6NV-CBR1vB0VYXNGcSqPd9aZuYNdSxvoTLJyUSq4IGlw&_nc_sid=b66105&_nc_ht=video.forn3-5.fna.fbcdn.net&_nc_ohc=9VF73o5BbsYQ7kNvwFwVfW_&efg=eyJ2ZW5jb2RlX3RhZyI6Inhwdl9wcm9ncmVzc2l2ZS5WSV9VU0VDQVNFX1BST0RVQ1RfVFlQRS4uQzMuNDc2LmRhc2hfaDI2NC1iYXNpYy1nZW4yXzcyMHAiLCJ4cHZfYXNzZXRfaWQiOjEyOTgyMzMzNjIzNDc0MTUsImFzc2V0X2FnZV9kYXlzIjoyNjQsInZpX3VzZWNhc2VfaWQiOjEwMTM5LCJkdXJhdGlvbl9zIjoxNiwidXJsZ2VuX3NvdXJjZSI6Ind3dyJ9&ccb=17-1&vs=38ae8d01f57ef8b&_nc_vs=HBksFQIYRWZiX2VwaGVtZXJhbC84MTRBRjU2ODQwQUNENTE5QUM0NzQwMUUzOTlBNDRCRl9tdF8xX3ZpZGVvX2Rhc2hpbml0Lm1wNBUAAsgBEgAVAhhAZmJfcGVybWFuZW50L0UwNEY1OEY0RjhDRTk4OTI4OTgyMzkxNEMxRjdBOTgzX2F1ZGlvX2Rhc2hpbml0Lm1wNBUCAsgBEgAoABgAGwKIB3VzZV9vaWwBMRJwcm9ncmVzc2l2ZV9yZWNpcGUBMRUAACau1q-mkK_OBBUCKAJDMywXQDBu2RaHKwIYGWRhc2hfaDI2NC1iYXNpYy1nZW4yXzcyMHARAHUAZbaeAQA&_nc_gid=SgFXy-SF0Nl28Cwt0vc7zA&_nc_ss=7b289&_nc_map=urlgen_bucketless&_nc_zt=28&oh=00_AQIxDM9CfpkFAEyLLlRgO_Dop9cSDBfJc6HQg1eS5k1H9g&oe=6AA70825,https://www.facebook.com/ads/library/?id=26407393635611488,بيمارو كريم تفتيح,2026-09-09T10:07:50+00:00
1452816379861873,EG,دنيا حامد - Donia Hamed,2026-04-18,144,0,144,"خصم 30% لمدة 48 ساعة ❌ 🔥 العرض اللي هيخليكي ما تفكريش مرتين! 🔥 لو بتدوري على حل سريع وفعّال للتصبغات، الغمقان، وآثار الحبوب… ولو زهقتي من الكريمات اللي بتسيب أثر أبيض أو بتسببلك تهيج… وجربتي كل حاجة ولسه مش لاقية نتيجة ترضيك؟ 📌 كريم العرقسوس هو الحل! ٣ فوائد في منتج واحد: ✅ بيفتح ويوحد لون البشرة ✅ بيعالج التصبغات وآثار الحبوب ✅ فيه صن بلوك طبيعي يحميكي من الشمس 💯 مناسب لكل أنواع البشرة، حتى الحساسة تقدري تستخدميه يوميًا قبل الشغل، الجامعة، أو الخروجات بتركيبة طبيعية فيها خلاصة العرقسوس… يعني نتيجة سريعة من غير خوف! لو طلبتيه دلوقتي هتاخديه بسعر السنة اللي فاتت 🔥 الكمية محدودة… والفرصة دي مش هتتكرر 💥 الحقّي العرض وعيشي إحساس ""وشك منور"" كل يوم ✨ https://devoria-cosmetics.myeasyorders.com/products/licorice-cream | خصم 110 جنيه لما تشتري النهاردة بس ❌",https://devoria-cosmetics.myeasyorders.com/products/licorice-cream,https://video.forn3-5.fna.fbcdn.net/o1/v/t2/f2/m366/AQNB60kSm7iJ153VDOsCVaTXKVN98G_BdOXTOq-aKmMUhgiy2Qr7yhrv0dd-d1YgZ39rMU0ub6YxvLeTaeEd4UgnF2nw4X5Ojj-Gdi1dsjxAvw.mp4?_nc_cat=107&_nc_oc=AdpmR6bOXpe4WY2FjcKHAhllW9OJBCaHtoYlBuzmyJ33lgr2aLF7Z2vx_iO7Fc4P0JY&_nc_sid=b66105&_nc_ht=video.forn3-5.fna.fbcdn.net&_nc_ohc=MLyTCFZtHk4Q7kNvwFsmJRu&efg=eyJ2ZW5jb2RlX3RhZyI6Inhwdl9wcm9ncmVzc2l2ZS5WSV9VU0VDQVNFX1BST0RVQ1RfVFlQRS4uQzMuNTc2LmRhc2hfaDI2NC1iYXNpYy1nZW4yXzcyMHAiLCJ4cHZfYXNzZXRfaWQiOjk1NjcxMzY1MDQyOTc4MywiYXNzZXRfYWdlX2RheXMiOjE0NCwidmlfdXNlY2FzZV9pZCI6MTA3OTksImR1cmF0aW9uX3MiOjI0LCJ1cmxnZW5fc291cmNlIjoid3d3In0%3D&ccb=17-1&vs=a14ce3fefce74471&_nc_vs=HBksFQIYRWZiX2VwaGVtZXJhbC9DODRGMThEREYyRTdFQ0Q3OUIzNzk3QTQyODlDMURBQV9tdF8xX3ZpZGVvX2Rhc2hpbml0Lm1wNBUAAsgBEgAVAhhAZmJfcGVybWFuZW50L0UxNEFCNzU0QTRBOTZGQ0Y1NUMxNDczQjU1QkJEQUEwX2F1ZGlvX2Rhc2hpbml0Lm1wNBUCAsgBEgAoABgAGwKIB3VzZV9vaWwBMRJwcm9ncmVzc2l2ZV9yZWNpcGUBMRUAACau_ciUiIizAxUCKAJDMywXQDg7peNT988YGWRhc2hfaDI2NC1iYXNpYy1nZW4yXzcyMHARAHUAZd6oAQA&_nc_gid=t7hhWOFSkRch7mAfUnEz8A&_nc_ss=7b289&_nc_map=urlgen_bucketless&_nc_zt=28&oh=00_AQLJrvcBrOYwB670RRE2Z5I4XFdyy6u-SdCNy-f3EiHazg&oe=6AA6E135,https://www.facebook.com/ads/library/?id=1452816379861873,ساعة العرض اللي,2026-09-09T09:16:22+00:00
1605048047277702,EG,دنيا حامد - Donia Hamed,2026-04-27,135,0,135,"💗 جديد من Devoria 💗 ""ميك أب النو ميك أب"" – سر الإطلالة الطبيعية والمشرقة من أول استخدام! ✔️ تفتيح فوري وتوحيد لون البشرة ✔️ نضارة تدوم طول اليوم وملمس ناعم كالحرير ✔️ حماية من الشمس وتغذية بالكولاجين الطبيعي ✔️ يناسب جميع أنواع البشرة حتى الحساسة المجموعة تحتوي على: 🟩 صابونة لبان الدكر ❤️ كريم العرقسوس 💋 تنت طبيعي للخدود والشفايف ✨ بدون مكياج.. بشرة صافية، نضرة، ومتألقة! اطلبي الآن قبل ما يخلص العرض 👇 https://devoria-cosmetics.myeasyorders.com/products/Makeup-No-Mekeup | خصم 165 جنيه لما تشتري النهاردة بس ❌",https://devoria-cosmetics.myeasyorders.com/products/Makeup-No-Mekeup,https://video.forn3-1.fna.fbcdn.net/o1/v/t2/f2/m366/AQMYulTlPqHLwT7xgB-FCcj0enc8W8rSNcR89xZhp49HldfT6wNJhslEAR2UmVseq06sWpqpdN1j0DuGfPfkWTEXb99u1dcfgWkvuhFiF1pkaA.mp4?_nc_cat=103&_nc_oc=Adq6gxuP6cyR2mTA5s80wHwP_tM5ZA3S7J5Mp2D7c6xcUKLFS4TDncuCtPr7u5TC_AM&_nc_sid=b66105&_nc_ht=video.forn3-1.fna.fbcdn.net&_nc_ohc=UNcUNJtAr6EQ7kNvwF5EI50&efg=eyJ2ZW5jb2RlX3RhZyI6Inhwdl9wcm9ncmVzc2l2ZS5WSV9VU0VDQVNFX1BST0RVQ1RfVFlQRS4uQzIuNzIwLmRhc2hfaDI2NC1iYXNpYy1nZW4yXzcyMHAiLCJ4cHZfYXNzZXRfaWQiOjE1MDE5OTMyNzgyMjMzOTgsImFzc2V0X2FnZV9kYXlzIjoxNDMsInZpX3VzZWNhc2VfaWQiOjEwNzk5LCJkdXJhdGlvbl9zIjoxMzQsInVybGdlbl9zb3VyY2UiOiJ3d3cifQ%3D%3D&ccb=17-1&vs=f088343fd37ff16b&_nc_vs=HBksFQIYRWZiX2VwaGVtZXJhbC80MjQ4Qjc4Q0Y3NjExOTU3N0UxRDg2RkFFNUFBMzU5Ml9tdF8xX3ZpZGVvX2Rhc2hpbml0Lm1wNBUAAsgBEgAVAhhAZmJfcGVybWFuZW50L0Q2NDYwM0I5QzIzNDg3NkIwQ0EyMkMxRDE0NTYyNkE1X2F1ZGlvX2Rhc2hpbml0Lm1wNBUCAsgBEgAoABgAGwKIB3VzZV9vaWwBMRJwcm9ncmVzc2l2ZV9yZWNpcGUBMRUAACbM0O38wYOrBRUCKAJDMiwXQGDUQYk3S8cYGWRhc2hfaDI2NC1iYXNpYy1nZW4yXzcyMHARAHUAZd6oAQA&_nc_gid=l2TT--VhFcAU2xxwUJ5l-A&_nc_ss=7a289&_nc_map=urlgen_bucketless&_nc_zt=28&oh=00_AQLwoAgmEIwJKUTm6d8Ww_RHdT3kQ7rdahSqUuPnkUDFsA&oe=6AA6F109,https://www.facebook.com/ads/library/?id=1605048047277702,صابونة لبان الدكر كريم,2026-09-09T09:57:37+00:00
1707993580639459,OM,Olympia Sports  مول عُمان,2026-04-29,133,0,133,ارتقِ بلياقتك مع جهاز Elliptical Cross Trainer من Olympia المصمم ليوفر تمرينًا فعّالًا وآمنًا لكامل الجسم، مع نظام مقاومة مغناطيسي هادئ وسلس يناسب الاستخدام المنزلي اليومي. المواصفات: 🔹 نوع الجهاز: Magnetic Elliptical Cross Trainer 🔹 وزن الفلاي ويل: 5 كجم 🔹 أقصى وزن للمستخدم: 120 كجم 🔹 نظام المقاومة: مغناطيسي مع 8 مستويات تحكم 🔹 نظام الحركة: Belt-driven 🔹 الدوران: نظام Bearings ثنائي الاتجاه 🔹 مراقبة النبض: حساسات مدمجة في المقابض 🔹 الشاشة تعرض: السرعة – المسافة – الوقت – السعرات الحرارية – النبض 🔹 المقابض: قابلة للتعديل 🔹 المقعد: تعديل عمودي وأفقي لراحة أكبر 🔹 عجلات نقل: لسهولة التحريك داخل المنزل المميزات: ✅ تمرين كارديو كامل للجسم ✅ حركة ناعمة وقليلة الضجيج ✅ مناسب لجميع مستويات اللياقة ✅ تصميم عملي ومريح 📞 للاستفسار والطلب: 92495577 📍 موقعنا: عمان مول – الطابق الأرضي – أمام صيدلية مسقط ابدأ رحلتك نحو أسلوب حياة صحي مع Olympia 💪,https://api.whatsapp.com/send,https://video.forn3-6.fna.fbcdn.net/o1/v/t2/f2/m86/AQP5KvAAXyss64JC3WJbzA-YXHo9n-1whHQ1JOYbbZmTR4K7Ig1fBmBkC5YTWYVrer8f89tvqvi9JTj3zkrZJ1M7DJm7nuMiXpugF2U.mp4?_nc_cat=103&_nc_oc=Adq5yZZH_ZFdvSDY_hglaWJErBZD4Ngm3wbtHjFDTjlRBRRx8mt4boD4BuhVc1Y7_fc&_nc_sid=b66105&_nc_ht=video.forn3-6.fna.fbcdn.net&_nc_ohc=3gu-2niaIXwQ7kNvwEgpH-n&efg=eyJ2ZW5jb2RlX3RhZyI6Inhwdl9wcm9ncmVzc2l2ZS5WSV9VU0VDQVNFX1BST0RVQ1RfVFlQRS4uQzMuMzYwLmRhc2hfYmFzZWxpbmVfM192MSIsInhwdl9hc3NldF9pZCI6MTc5NTQ5OTUxNDYxMDY3MjAsImFzc2V0X2FnZV9kYXlzIjoxNjQsInZpX3VzZWNhc2VfaWQiOjEwMDk5LCJkdXJhdGlvbl9zIjozMCwidXJsZ2VuX3NvdXJjZSI6Ind3dyJ9&ccb=17-1&vs=41166ba0b04be22d&_nc_vs=HBksFQIYUmlnX3hwdl9yZWVsc19wZXJtYW5lbnRfc3JfcHJvZC9EQTQ1MTM3QkZBMUQ0QjY0QzBCMkQyQzlFMjQyOTc4RV92aWRlb19kYXNoaW5pdC5tcDQVAALIARIAFQIYUWlnX3hwdl9wbGFjZW1lbnRfcGVybWFuZW50X3YyLzNDNDI2RDMwNDc3Mjk2NTYwMzQ0QjMzNkQ0REZCMTk1X2F1ZGlvX2Rhc2hpbml0Lm1wNBUCAsgBEgAoABgAGwKIB3VzZV9vaWwBMRJwcm9ncmVzc2l2ZV9yZWNpcGUBMRUAACbAnYW6ov7kPxUCKAJDMywXQD53S8an754YEmRhc2hfYmFzZWxpbmVfM192MREAdQBl5p0BAA&_nc_gid=KFlf2BnCFari1lWhBU7pug&_nc_ss=7a289&_nc_map=urlgen_bucketless&_nc_zt=28&oh=00_AQJBqFQoSru3gCr7tmIOtBFYwwVB1evAGpW5ByoUY9EgrQ&oe=6AA31900,https://www.facebook.com/ads/library/?id=1707993580639459,أكبر جهاز,2026-09-09T11:03:13+00:00
1489607899845258,SA,,2026-06-19,57,,132,"​ Active Library ID: 1489607899845258 Started running on Jun 19, 2026 Platforms ​ ​ ​ ​ ​ EU transparency ​",https://www.adobe.com/mena_ar/acrobat/free-trial-download.html,,https://www.facebook.com/ads/library/?id=1489607899845258,جهاز,2026-08-15T00:33:14+00:00
1032880575864436,SA,,2026-06-20,56,,131,"​ Active Library ID: 1032880575864436 Started running on Jun 20, 2026 Platforms ​ ​ ​ 2 ads use this creative and text",https://www.adobe.com/mena_ar/acrobat/free-trial-download.html,,https://www.facebook.com/ads/library/?id=1032880575864436,جهاز,2026-08-15T00:33:11+00:00
1364932622130841,SY,العيادة الأمريكية للاستشارات الطبية,2026-05-03,129,0,129,استشاري أمراض القلب | د. محمد أديب صفيّة | استشاري أمراض القلب التداخلية والقلب البنيوي | د. محمد قنطار | استشاري أمراض القلب و الأوعية الدموية | د. محمد خيّاطة | اختصاصي أمراض الدم والأورام | د. جهاد المصري | د. محمد فراس بربور | استشاري أمراض الدم والأورام | د. أحمد الحزوري | استشارية أورام الصدر | د. سوسن رشدان | أخصائية أمراض الغدد الصماء والسكري | د. علا عبد الوهاب | استشاري الأمراض العصبية | د. ياسر شحرور | استشاري أمراض القلب التداخلية | د. أنس العمر,https://api.whatsapp.com/send,https://video.forn3-5.fna.fbcdn.net/o1/v/t2/f2/m366/AQMZtFWEhPaQRtGHfdjpN1DcwoW-ettDaAJWD4qPNhZDvkkcmVvNEKAgrLQE1M7i07N3Yn-fSGAPPMaUEyltpq17L5ABpYViOdEAPAZSYrYe0A.mp4?_nc_cat=111&_nc_oc=AdqjfE9p1JFOVEYoDdccE0dnFHKVyBpAe3gWMW2KDBB4yQ0Alt5vgewoNW0_Vc6o2cA&_nc_sid=b66105&_nc_ht=video.forn3-5.fna.fbcdn.net&_nc_ohc=EVGpFtINfbAQ7kNvwG9P3Lb&efg=eyJ2ZW5jb2RlX3RhZyI6Inhwdl9wcm9ncmVzc2l2ZS5WSV9VU0VDQVNFX1BST0RVQ1RfVFlQRS4uQzMuMTI1Ni5kYXNoX2gyNjQtYmFzaWMtZ2VuMl83MjBwIiwieHB2X2Fzc2V0X2lkIjo5NDc1NTcxNzQ4MzcxMDgsImFzc2V0X2FnZV9kYXlzIjoxNDAsInZpX3VzZWNhc2VfaWQiOjEwNzk5LCJkdXJhdGlvbl9zIjo1OSwidXJsZ2VuX3NvdXJjZSI6Ind3dyJ9&ccb=17-1&vs=537d98e217318e0d&_nc_vs=HBksFQIYRWZiX2VwaGVtZXJhbC9DQjQ5Mjg1QURDMUJFNzc3MTcwNjMyMDY4RDAyMjY4M19tdF8xX3ZpZGVvX2Rhc2hpbml0Lm1wNBUAAsgBEgAVAhhAZmJfcGVybWFuZW50LzlGNDY1REQ4RkY5MjE2QTQ2RUI0ODA0NTg1MkYwNjgzX2F1ZGlvX2Rhc2hpbml0Lm1wNBUCAsgBEgAoABgAGwKIB3VzZV9vaWwBMRJwcm9ncmVzc2l2ZV9yZWNpcGUBMRUAACbo_fuMi_OuAxUCKAJDMywXQE3RBiTdLxsYGWRhc2hfaDI2NC1iYXNpYy1nZW4yXzcyMHARAHUAZd6oAQA&_nc_gid=BawTloXa5D_KJ22WPm3GEg&_nc_ss=7a289&_nc_map=urlgen_bucketless&_nc_zt=28&oh=00_AQJXpngUeY-tIJOVAVNUFTa4oeT8hUV7E_cdDiBAprVa3w&oe=6AA6FB41,https://www.facebook.com/ads/library/?id=1364932622130841,استشاري الجهاز,2026-09-09T11:31:50+00:00
947100834604995,SA,TREND Arabia,2026-05-03,129,0,129,🔥 عرض خاص اليوم فقط 2 قطعة بـ 99 ريال فقط بدل سعر أعلى! ✔️ إزالة سهلة وآمنة ✔️ مناسب للجسم والمناطق الصغيرة ✔️ استخدام سريع ومريح ✔️ نتائج أفضل من الطرق التقليدية وفري وقتك وفلوسك وخلي العناية أسهل 😍 🚚 الدفع عند الاستلام متوفر اطلبيه الآن قبل نفاد العرض! | 🔥 2 جهاز إزالة شعر بـ 99 ريال فقط | نعومة أسرع وأسهل من المنزل + الدفع عند الاستلام,https://trendarabia.youcan.store/products/hair-removal-device,https://video.forn3-6.fna.fbcdn.net/o1/v/t2/f2/m366/AQPR-hgj42a3Q_egdZ-tc9B1vORC8ITvRtiw7WIgdontq6JqbGKBpC7NaKz2EPSNIxZu5FWyoCaRq5zdYk_9P3wFU7hrdeRHNq3s-Fea3vNZ9Q.mp4?_nc_cat=102&_nc_oc=AdrWB6ulf2m-ZWIaGspvUCKRnRSrepZOg6dMUsGRkCds3DkbIXBz4ynYnUg6LZXVr2g&_nc_sid=b66105&_nc_ht=video.forn3-6.fna.fbcdn.net&_nc_ohc=glLavmL2thAQ7kNvwGxrip0&efg=eyJ2ZW5jb2RlX3RhZyI6Inhwdl9wcm9ncmVzc2l2ZS5WSV9VU0VDQVNFX1BST0RVQ1RfVFlQRS4uQzIuNzIwLmRhc2hfaDI2NC1iYXNpYy1nZW4yXzcyMHAiLCJ4cHZfYXNzZXRfaWQiOjMwMDc4NDU3MDk0MjE2NDMsImFzc2V0X2FnZV9kYXlzIjoxMzAsInZpX3VzZWNhc2VfaWQiOjEwNzk5LCJkdXJhdGlvbl9zIjoxOSwidXJsZ2VuX3NvdXJjZSI6Ind3dyJ9&ccb=17-1&vs=611244aa249ec29a&_nc_vs=HBksFQIYRWZiX2VwaGVtZXJhbC8xRjQzN0JEREI4RTk0REFDNTQxMkVCQjkxQkY2NTJBQV9tdF8xX3ZpZGVvX2Rhc2hpbml0Lm1wNBUAAsgBEgAVAhhAZmJfcGVybWFuZW50LzkxNDA2QkUwRjQzNUQzMzgxQzA2MzA4QzIyQTU4OEFDX2F1ZGlvX2Rhc2hpbml0Lm1wNBUCAsgBEgAoABgAGwKIB3VzZV9vaWwBMRJwcm9ncmVzc2l2ZV9yZWNpcGUBMRUAACaW8eTw1OfXChUCKAJDMiwXQDOZmZmZmZoYGWRhc2hfaDI2NC1iYXNpYy1nZW4yXzcyMHARAHUAZd6oAQA&_nc_gid=1qfy9Gjd9d3vs8H_mT38CQ&_nc_ss=7a289&_nc_map=urlgen_bucketless&_nc_zt=28&oh=00_AQKaDi0M6rRtaKRArzMFXcvGngwjuMRWSPRrzPn5lowNdA&oe=6AA70772,https://www.facebook.com/ads/library/?id=947100834604995,جهاز ازالة الشعر,2026-09-09T10:30:54+00:00
4369792379900118,SA,TREND Arabia,2026-05-03,129,0,129,تعبتي من إزالة الشعر كل فترة؟ 😩 الحل الأسهل والأوفر وصل لك ✨ جهاز إزالة الشعر العملي يمنحك بشرة ناعمة بسرعة وسهولة من البيت 🏠💖 🔥 عرض خاص اليوم فقط 2 قطعة بـ 99 ريال فقط بدل سعر أعلى! ✔️ إزالة سهلة وآمنة ✔️ مناسب للجسم والمناطق الصغيرة ✔️ استخدام سريع ومريح ✔️ نتائج أفضل من الطرق التقليدية وفري وقتك وفلوسك وخلي العناية أسهل 😍 🚚 الدفع عند الاستلام متوفر اطلبيه الآن قبل نفاد العرض! | 🔥 2 جهاز إزالة شعر بـ 99 ريال فقط | نعومة أسرع وأسهل من المنزل + الدفع عند الاستلام,https://trendarabia.youcan.store/products/hair-removal-device,https://video.forn3-6.fna.fbcdn.net/o1/v/t2/f2/m366/AQPR-hgj42a3Q_egdZ-tc9B1vORC8ITvRtiw7WIgdontq6JqbGKBpC7NaKz2EPSNIxZu5FWyoCaRq5zdYk_9P3wFU7hrdeRHNq3s-Fea3vNZ9Q.mp4?_nc_cat=102&_nc_oc=AdrWB6ulf2m-ZWIaGspvUCKRnRSrepZOg6dMUsGRkCds3DkbIXBz4ynYnUg6LZXVr2g&_nc_sid=b66105&_nc_ht=video.forn3-6.fna.fbcdn.net&_nc_ohc=glLavmL2thAQ7kNvwGxrip0&efg=eyJ2ZW5jb2RlX3RhZyI6Inhwdl9wcm9ncmVzc2l2ZS5WSV9VU0VDQVNFX1BST0RVQ1RfVFlQRS4uQzIuNzIwLmRhc2hfaDI2NC1iYXNpYy1nZW4yXzcyMHAiLCJ4cHZfYXNzZXRfaWQiOjMwMDc4NDU3MDk0MjE2NDMsImFzc2V0X2FnZV9kYXlzIjoxMzAsInZpX3VzZWNhc2VfaWQiOjEwNzk5LCJkdXJhdGlvbl9zIjoxOSwidXJsZ2VuX3NvdXJjZSI6Ind3dyJ9&ccb=17-1&vs=611244aa249ec29a&_nc_vs=HBksFQIYRWZiX2VwaGVtZXJhbC8xRjQzN0JEREI4RTk0REFDNTQxMkVCQjkxQkY2NTJBQV9tdF8xX3ZpZGVvX2Rhc2hpbml0Lm1wNBUAAsgBEgAVAhhAZmJfcGVybWFuZW50LzkxNDA2QkUwRjQzNUQzMzgxQzA2MzA4QzIyQTU4OEFDX2F1ZGlvX2Rhc2hpbml0Lm1wNBUCAsgBEgAoABgAGwKIB3VzZV9vaWwBMRJwcm9ncmVzc2l2ZV9yZWNpcGUBMRUAACaW8eTw1OfXChUCKAJDMiwXQDOZmZmZmZoYGWRhc2hfaDI2NC1iYXNpYy1nZW4yXzcyMHARAHUAZd6oAQA&_nc_gid=1qfy9Gjd9d3vs8H_mT38CQ&_nc_ss=7a289&_nc_map=urlgen_bucketless&_nc_zt=28&oh=00_AQKaDi0M6rRtaKRArzMFXcvGngwjuMRWSPRrzPn5lowNdA&oe=6AA70772,https://www.facebook.com/ads/library/?id=4369792379900118,جهاز ازالة الشعر,2026-09-09T10:30:54+00:00
818268350929983,SY,العيادة الأمريكية للاستشارات الطبية,2026-05-04,128,0,128,استشاري أمراض الجهاز الهضمي والكبد | د. إياد الصباغ | استشاري جراحة الأورام والغدد الصماء | د. حسام بيطار | استشاري أمراض الرئة والعناية المركزة | د. أنس الريحاني | استشاري الأشعة التشخيصية | د. إحسان مأمون | استشاري أمراض الدم والأورام | د.حسان حسنين | استشاري أمراض الحساسية والمناعة | د. أحمد الحمد | استشارية الأورام وسرطان الثدي | د. ماريا حافظ | استشاري التشريح المرضي والمخابر | د. أنس سعد | د. عامر السمان | د. عبدالرحمن كتّابي,https://api.whatsapp.com/send,https://video.forn3-1.fna.fbcdn.net/o1/v/t2/f2/m366/AQMyj4eW5j9JAcE4ZzEwJc8_4dmBBRnA39B7AasP4q00nihMUn3Hh-elJe7a54IKTlq9rj_d_uFXb0du4UM32STK18TIs8sOsW9CDLSWAVtcJQ.mp4?_nc_cat=109&_nc_oc=AdpkvIyxKsPhx6duj2JPLfa4KSiRessxUudCFkms0mVneMakeEJoGU-gjIYswb1jsbg&_nc_sid=b66105&_nc_ht=video.forn3-1.fna.fbcdn.net&_nc_ohc=1g3rrQCBmskQ7kNvwHrdubF&efg=eyJ2ZW5jb2RlX3RhZyI6Inhwdl9wcm9ncmVzc2l2ZS5WSV9VU0VDQVNFX1BST0RVQ1RfVFlQRS4uQzMuMTI1Ni5kYXNoX2gyNjQtYmFzaWMtZ2VuMl83MjBwIiwieHB2X2Fzc2V0X2lkIjoxNDk3MDE2ODY1NDE4MTk5LCJhc3NldF9hZ2VfZGF5cyI6MTI4LCJ2aV91c2VjYXNlX2lkIjoxMDc5OSwiZHVyYXRpb25fcyI6NzMsInVybGdlbl9zb3VyY2UiOiJ3d3cifQ%3D%3D&ccb=17-1&vs=e99f7701e63c3d2c&_nc_vs=HBksFQIYRWZiX2VwaGVtZXJhbC9BMjQ3MDk3Q0NFMkIyNkJFQ0RCNjkyNEY3QzdDQkM5MF9tdF8xX3ZpZGVvX2Rhc2hpbml0Lm1wNBUAAsgBEgAVAhhAZmJfcGVybWFuZW50LzFFNDMzQkY5MTA2MDdDNDZFRTYxRTJDOEQ3Q0JDODgyX2F1ZGlvX2Rhc2hpbml0Lm1wNBUCAsgBEgAoABgAGwKIB3VzZV9vaWwBMRJwcm9ncmVzc2l2ZV9yZWNpcGUBMRUAACaur-Pn7OGoBRUCKAJDMywXQFJ5mZmZmZoYGWRhc2hfaDI2NC1iYXNpYy1nZW4yXzcyMHARAHUAZd6oAQA&_nc_gid=BawTloXa5D_KJ22WPm3GEg&_nc_ss=7a289&_nc_map=urlgen_bucketless&_nc_zt=28&oh=00_AQJWoVwzcdrAIGTYON2xzsRKOWN35Q8jW4iZkmTeTmV_KA&oe=6AA70CFB,https://www.facebook.com/ads/library/?id=818268350929983,استشاري الجهاز,2026-09-09T11:31:50+00:00
1714293496584539,SY,العيادة الأمريكية للاستشارات الطبية,2026-05-05,127,0,127,استشاري أمراض الجهاز الهضمي والكبد | د. إياد الصباغ | استشاري جراحة الأورام والغدد الصماء | د. حسام بيطار | استشاري أمراض الرئة والعناية المركزة | د. أنس الريحاني | استشاري الأشعة التشخيصية | د. إحسان مأمون | استشاري أمراض الدم والأورام | د.حسان حسنين | استشاري أمراض الحساسية والمناعة | د. أحمد الحمد | استشارية الأورام وسرطان الثدي | د. ماريا حافظ | استشاري التشريح المرضي والمخابر | د. أنس سعد | د. عامر السمان | د. عبدالرحمن كتّابي,https://api.whatsapp.com/send,https://video.forn3-1.fna.fbcdn.net/o1/v/t2/f2/m366/AQMyj4eW5j9JAcE4ZzEwJc8_4dmBBRnA39B7AasP4q00nihMUn3Hh-elJe7a54IKTlq9rj_d_uFXb0du4UM32STK18TIs8sOsW9CDLSWAVtcJQ.mp4?_nc_cat=109&_nc_oc=AdpkvIyxKsPhx6duj2JPLfa4KSiRessxUudCFkms0mVneMakeEJoGU-gjIYswb1jsbg&_nc_sid=b66105&_nc_ht=video.forn3-1.fna.fbcdn.net&_nc_ohc=1g3rrQCBmskQ7kNvwHrdubF&efg=eyJ2ZW5jb2RlX3RhZyI6Inhwdl9wcm9ncmVzc2l2ZS5WSV9VU0VDQVNFX1BST0RVQ1RfVFlQRS4uQzMuMTI1Ni5kYXNoX2gyNjQtYmFzaWMtZ2VuMl83MjBwIiwieHB2X2Fzc2V0X2lkIjoxNDk3MDE2ODY1NDE4MTk5LCJhc3NldF9hZ2VfZGF5cyI6MTI4LCJ2aV91c2VjYXNlX2lkIjoxMDc5OSwiZHVyYXRpb25fcyI6NzMsInVybGdlbl9zb3VyY2UiOiJ3d3cifQ%3D%3D&ccb=17-1&vs=e99f7701e63c3d2c&_nc_vs=HBksFQIYRWZiX2VwaGVtZXJhbC9BMjQ3MDk3Q0NFMkIyNkJFQ0RCNjkyNEY3QzdDQkM5MF9tdF8xX3ZpZGVvX2Rhc2hpbml0Lm1wNBUAAsgBEgAVAhhAZmJfcGVybWFuZW50LzFFNDMzQkY5MTA2MDdDNDZFRTYxRTJDOEQ3Q0JDODgyX2F1ZGlvX2Rhc2hpbml0Lm1wNBUCAsgBEgAoABgAGwKIB3VzZV9vaWwBMRJwcm9ncmVzc2l2ZV9yZWNpcGUBMRUAACaur-Pn7OGoBRUCKAJDMywXQFJ5mZmZmZoYGWRhc2hfaDI2NC1iYXNpYy1nZW4yXzcyMHARAHUAZd6oAQA&_nc_gid=BawTloXa5D_KJ22WPm3GEg&_nc_ss=7a289&_nc_map=urlgen_bucketless&_nc_zt=28&oh=00_AQJWoVwzcdrAIGTYON2xzsRKOWN35Q8jW4iZkmTeTmV_KA&oe=6AA70CFB,https://www.facebook.com/ads/library/?id=1714293496584539,استشاري الجهاز,2026-09-09T11:31:50+00:00
984910507814459,SY,Caller 2901,2026-05-09,122,0,122,تطبيق مجاني لتحويل هاتفك المحمول إلى جهاز تحكم عن بعد مثالي! | حمل الآن مجاناً,http://play.google.com/store/apps/details?id=com.flashapp.led.banner.app,https://video.forn3-5.fna.fbcdn.net/o1/v/t2/f2/m366/AQMHmkl1qUJmx58rUQ-JAf0HVvS_EoDpGsDpBwJTVFlEUPL1FcN4o50h38fcX_uHe0oJbSqhUF9QRs2y_32jO3j0lRImgAZJwWoY2iVCl0zzig.mp4?_nc_cat=109&_nc_oc=AdrhMlq5h85dH8MFH8jy3ukb1rSPXxMpmJt6YhCOAPi4VHtZtmYa1Or_7hPIM725bwI&_nc_sid=b66105&_nc_ht=video.forn3-5.fna.fbcdn.net&_nc_ohc=V5V2KnUH1DoQ7kNvwF-iQKk&efg=eyJ2ZW5jb2RlX3RhZyI6Inhwdl9wcm9ncmVzc2l2ZS5WSV9VU0VDQVNFX1BST0RVQ1RfVFlQRS4uQzMuNzIwLmRhc2hfaDI2NC1iYXNpYy1nZW4yXzcyMHAiLCJ4cHZfYXNzZXRfaWQiOjE0OTU1OTI3NjIwNzE1NDUsImFzc2V0X2FnZV9kYXlzIjoxMjMsInZpX3VzZWNhc2VfaWQiOjEwNzk5LCJkdXJhdGlvbl9zIjoxOSwidXJsZ2VuX3NvdXJjZSI6Ind3dyJ9&ccb=17-1&vs=e794f61d1f420f4&_nc_vs=HBksFQIYRWZiX2VwaGVtZXJhbC9ENDRFOEIzOUVENEYyOThDNkRCRjcyQzA2RTMzRUJBRV9tdF8xX3ZpZGVvX2Rhc2hpbml0Lm1wNBUAAsgBEgAVAhhAZmJfcGVybWFuZW50LzE5NDBGMDY4NEQ2RDE2QjVCQ0ZDNkYxNjMzQTk5MUE2X2F1ZGlvX2Rhc2hpbml0Lm1wNBUCAsgBEgAoABgAGwKIB3VzZV9vaWwBMRJwcm9ncmVzc2l2ZV9yZWNpcGUBMRUAACby5_60-o6oBRUCKAJDMywXQDMzMzMzMzMYGWRhc2hfaDI2NC1iYXNpYy1nZW4yXzcyMHARAHUAZd6oAQA&_nc_gid=zKqHC4PBkhdvMwvPNrK3pA&_nc_ss=7b289&_nc_map=urlgen_bucketless&_nc_zt=28&oh=00_AQJoVGtGoh3rNDWq7r7n6Ys8IECYhjHzS0AiWwQwbQqjew&oe=6AA6E267,https://www.facebook.com/ads/library/?id=984910507814459,جهاز تحكم بالتلفزيون عن بعد بالهاتف,2026-09-09T06:37:34+00:00
1249287630351516,KW,Elovara Shop,2026-05-11,121,0,121,👍🏻👨‍⚕️‍جهاز إعادة تأهيل الأصابع💚🎁 🖐 هل تعاني من تيبس أو ضعف في أصابعك؟ هذا الجهاز مصمم خصيصًا لك! 💪 إمكانية تعديل المقاومة على مستويات متعددة - تساعدك على تقوية أصابعك تدريجيًا وتدريبها. 🧠 خيار مثالي - مناسب لإعادة التأهيل بعد العمليات الجراحية، وكبار السن، أو كعلاج مساعد لالتهاب الأوتار. 🎯 سهل الاستخدام - يمكن استخدامه بيد واحدة. 🎒 صغير الحجم وقابل للحمل - يمكن استخدامه في أي وقت وأي مكان، سواء في المنزل أو المكتب أو مركز إعادة التأهيل. | 😍 يجعل حركات اليد أكثر حرية ويعيد الحيوية تدريجياً.,https://v.elovara.com/product/l3rakvvqze?i=oicsnx3w7m,https://video.forn3-6.fna.fbcdn.net/o1/v/t2/f2/m366/AQMd9PyG1mXgEALvdRbj1d84bafDiegHnfyr116747AvcFMN9pDYkIQTmHaCqqm-6qIZ2Qxr1zkhMhuQwfRORMTeiNOrOEvgzBWUYVsp2Cmkzg.mp4?_nc_cat=106&_nc_oc=AdpMgICb3kJKmGTQmd2ZTZPTxUbtSnrFrGr_0v1IM4HyamdUwSa2XEpJKZGsKi1xg44&_nc_sid=b66105&_nc_ht=video.forn3-6.fna.fbcdn.net&_nc_ohc=LdgElXaCWKcQ7kNvwG_VWUX&efg=eyJ2ZW5jb2RlX3RhZyI6Inhwdl9wcm9ncmVzc2l2ZS5WSV9VU0VDQVNFX1BST0RVQ1RfVFlQRS4uQzMuNTQwLmRhc2hfaDI2NC1iYXNpYy1nZW4yXzcyMHAiLCJ4cHZfYXNzZXRfaWQiOjE2Mzk5MzQyNDA0NTk1MjMsImFzc2V0X2FnZV9kYXlzIjoxMjYsInZpX3VzZWNhc2VfaWQiOjEwNzk5LCJkdXJhdGlvbl9zIjoxNiwidXJsZ2VuX3NvdXJjZSI6Ind3dyJ9&ccb=17-1&vs=1f79f6e56fa71145&_nc_vs=HBksFQIYRWZiX2VwaGVtZXJhbC9GOTQ0MjI4OTc3RjhGMjkzQzY5MjEzRTk4NTVGQjJBMF9tdF8xX3ZpZGVvX2Rhc2hpbml0Lm1wNBUAAsgBEgAVAhhAZmJfcGVybWFuZW50L0E2NEM1MTg2RUIzNTc3NDZBMEE0NTdGMkVDODI5MUE4X2F1ZGlvX2Rhc2hpbml0Lm1wNBUCAsgBEgAoABgAGwKIB3VzZV9vaWwBMRJwcm9ncmVzc2l2ZV9yZWNpcGUBMRUAACaGrNyd3uDpBRUCKAJDMywXQDCAAAAAAAAYGWRhc2hfaDI2NC1iYXNpYy1nZW4yXzcyMHARAHUAZd6oAQA&_nc_gid=1k2exHH22QYhnhGtVs_7lA&_nc_ss=7a289&_nc_map=urlgen_bucketless&_nc_zt=28&oh=00_AQIJnKEEB3QMUImMOAjOjMdyew4BbyfwgA7DnIjIKjYaVw&oe=6AA71C2A,https://www.facebook.com/ads/library/?id=1249287630351516,المنزل جهاز,2026-09-09T10:56:37+00:00
1878980152769534,PS,New Age Jerusalem -  Aesthetic Beauty Center,2026-05-10,121,0,121,"🧴 أنواعه حسب المشكلة: 🍊 فيتامين C → للتصبغات والتفتيح 💧 هيالورونيك أسيد → للترطيب 🌿 نياسيناميد → للحبوب وتنظيم الدهون ⭐ ريتينول → للتجاعيد وتجديد البشرة | السيروم منتخ مركز لحل | 🧴 أنواعه: جل (Gel) → خفيف (للدهنية) لوشن (Lotion) → متوسط كريم (Cream) → غني (للجافة) مرهم (Ointment) → ترطيب عميق جدًا | المرطب يحافظ على الماء داخل البشرة | 🧴 أنواعه: كيميائي (Chemical) → يمتص الأشعة فيزيائي (Mineral) → يعكس الأشعة مختلط (Hybrid) → الاثنين معًا | أهم خطوة في الروتين 💛 يحمي البشرة من: التصبغات التجاعيد أضرار الشمس | ✨ تصبغات → فيتامين C ✨ حبوب → نياسيناميد ✨ جفاف → هيالورونيك | ""إذا بدك نتيجة أسرع… السيروم هو السر 💗 | هو اللي بحميك من التصبغات والتجاعيد | ""إذا في خطوة وحدة ما لازم تتركيها… فهي واقي الشمس ☀️ | بوازن البشرة وبيجهزها تمتص الترطيب | كتير بنات بتتجاهل التونر…",https://newagejerusalem.net/skincaredailyroutine,https://video.forn3-6.fna.fbcdn.net/o1/v/t2/f2/m366/AQNrX39oWyfpmTOBfDGhXo2jzmdkQh5eX6RwEufvMvH9aTILEtoqFpZj6z_4oDzVLD3CE_f3QfrA-84J4aF80PaclaHS14XguOv0E7i1Maurtw.mp4?_nc_cat=105&_nc_oc=Adrcq2XoqMOTdTAyQ9bLfP7P2U-1oSxkSaHTDDo-kQkd-Pj1ESCXeHjjZSB3rOnv7uI&_nc_sid=b66105&_nc_ht=video.forn3-6.fna.fbcdn.net&_nc_ohc=AGA5MDiaQyYQ7kNvwFrKBxy&efg=eyJ2ZW5jb2RlX3RhZyI6Inhwdl9wcm9ncmVzc2l2ZS5WSV9VU0VDQVNFX1BST0RVQ1RfVFlQRS4uQzMuNzIwLmRhc2hfaDI2NC1iYXNpYy1nZW4yXzcyMHAiLCJ4cHZfYXNzZXRfaWQiOjg3NzAzODE1MTQ2MzI3NSwiYXNzZXRfYWdlX2RheXMiOjEyMSwidmlfdXNlY2FzZV9pZCI6MTA3OTksImR1cmF0aW9uX3MiOjE5LCJ1cmxnZW5fc291cmNlIjoid3d3In0%3D&ccb=17-1&vs=30f1c789d220b6c6&_nc_vs=HBksFQIYRWZiX2VwaGVtZXJhbC85MjQ3QUY5NkVFMkYwREIyQjc4RENGMENFRjk5MkFCMl9tdF8xX3ZpZGVvX2Rhc2hpbml0Lm1wNBUAAsgBEgAVAhhAZmJfcGVybWFuZW50L0FGNDhGOUEwRjlENTg5OTJGMDlERkI5OEYwQjJGMjlEX2F1ZGlvX2Rhc2hpbml0Lm1wNBUCAsgBEgAoABgAGwKIB3VzZV9vaWwBMRJwcm9ncmVzc2l2ZV9yZWNpcGUBMRUAACbWxce3q-qOAxUCKAJDMywXQDOAAAAAAAAYGWRhc2hfaDI2NC1iYXNpYy1nZW4yXzcyMHARAHUAZd6oAQA&_nc_gid=D8tFzpFSy1ylWxKFdWNRHQ&_nc_ss=7b289&_nc_map=urlgen_bucketless&_nc_zt=28&oh=00_AQJjZJTDENzaxo6KlZOUAhAo3LpgclIiYHCzPeH87oE4-g&oe=6AA6D33B,https://www.facebook.com/ads/library/?id=1878980152769534,كريم واقي من التلوث,2026-09-09T05:51:12+00:00
1341888654581369,SA,,2026-07-02,44,,119,"​ Active Library ID: 1341888654581369 Started running on Jul 2, 2026 Platforms ​ ​ ​ ​",https://sa.revibe.me/ar,,https://www.facebook.com/ads/library/?id=1341888654581369,جهاز,2026-08-15T00:32:36+00:00
1364991702116089,LB,ROSKN,2026-05-14,118,0,118,أهم منتجين ما بتستغنى عنهم أسيل للعناية ببشرتها ✨✨ سيروم الهيالورونيك أسيد 💦 ترطيب - شد و امتلاء للبشرة سيروم الفيتامين سي 🍊 توحيد البشرة و للتخلص من أثار حب الشباب- التصبغات و الكلف لمزيد من المعلومات تواصلي معنا عن طريق رسائل الصفحة 📩,https://api.whatsapp.com/send,https://video.forn3-2.fna.fbcdn.net/o1/v/t2/f2/m366/AQMqBgLRp1Llv2RL8tLehA9FTjfYorAp2SXBbFwJ4WNTFA6THPnm1QNCcfhlIdeIbs2CHzVBUN3HvAnUnUEbhw1kpNpD3zhOgLTO-k_Kawr3GQ.mp4?_nc_cat=108&_nc_oc=AdqWk-8YV1nLqQ1_k66CPjf_ngPAq0iMUgBua56trovzFOgeH7hsTRONFRStmHZ539s&_nc_sid=b66105&_nc_ht=video.forn3-2.fna.fbcdn.net&_nc_ohc=TsDzbCRGDvEQ7kNvwGnyH82&efg=eyJ2ZW5jb2RlX3RhZyI6Inhwdl9wcm9ncmVzc2l2ZS5WSV9VU0VDQVNFX1BST0RVQ1RfVFlQRS4uQzMuNzIwLmRhc2hfaDI2NC1iYXNpYy1nZW4yXzcyMHAiLCJ4cHZfYXNzZXRfaWQiOjQzNDI5OTk3NzkzNTkyNDIsImFzc2V0X2FnZV9kYXlzIjoyNzIsInZpX3VzZWNhc2VfaWQiOjEwMTIyLCJkdXJhdGlvbl9zIjo1OCwidXJsZ2VuX3NvdXJjZSI6Ind3dyJ9&ccb=17-1&vs=3ddc0eeac248d58e&_nc_vs=HBksFQIYRWZiX2VwaGVtZXJhbC8wNDQwRkM3MkJFOEI2NTAxQTdGMzkwMzREOUE2NzY5Ql9tdF8xX3ZpZGVvX2Rhc2hpbml0Lm1wNBUAAsgBEgAVAhhAZmJfcGVybWFuZW50L0Q0NDA0QTJBMzczNkMwMjM1Q0NGQzNGNDMzQTgxNkEzX2F1ZGlvX2Rhc2hpbml0Lm1wNBUCAsgBEgAoABgAGwKIB3VzZV9vaWwBMRJwcm9ncmVzc2l2ZV9yZWNpcGUBMRUAACaU6N3x7fu2DxUCKAJDMywXQE03bItDlYEYGWRhc2hfaDI2NC1iYXNpYy1nZW4yXzcyMHARAHUAZZSeAQA&_nc_gid=GjgzymzdGztoYzeycHhEXQ&_nc_ss=7b289&_nc_map=urlgen_bucketless&_nc_zt=28&oh=00_AQJlcckwuJrNzzzglb8Nrw9k3r6cluGZY_EGAaW0Pk5hWA&oe=6AA71940,https://www.facebook.com/ads/library/?id=1364991702116089,البشرة للعناية سيروم,2026-09-09T09:54:01+00:00
1681278516402089,OM,Fitstn,2026-05-15,117,0,117,جاهز تخس بنظام دايت وتمرين مصمم لك خصيصا من فت ومتابعة علي واتساب 🛑 🛑 اللحق مكانك في العرض | العدد محدود جدا 🛑🛑 اكتر من 15 الف مشترك جربو وغيرو حياتهم ودلوقتي دورك اشترك من موقعنا: https://fitstn.com/ar/fit-solo-package-ar/ لأول مرة في تاريخ التدريب الأونلاين، Fit station بتقدملك النظام الوحيد اللي مش بس هيساعدك توصل لهدفك… ده كمان هيخليك تكمل لوحدك مدى الحياة! 💪 ✨ نظام تمرين وتغذية مصمم مخصوص لهدفك وجسمك ✨ متابعة من فريق طبي ورياضي ودعم حقيقي خطوة بخطوة رقم كوتش أحمد البسيوني للتواصل عند الحاجة ✨ ✨ تطبيق لمتابعة وتسجيل اوزانك وتمرينك اوصل للجسم المثالي مع اقوي خدمة متابعة اونلاين في مصر. اشترك من موقعنا: https://fitstn.com/ar/fit-solo-package-ar/ أو كلمنا على واتساب | 3 شهور+ شهر مجانا 999 جنية بس ! | انضم الآن واكتب قصة تحولك وانضم لمجتمع راقي ملئ بالتحدي والالتزام والاهداف المشتركة,https://fitstn.com/ar/fit-solo-package-ar/,https://video.forn3-6.fna.fbcdn.net/o1/v/t2/f2/m366/AQOoGUHwxFRPhCQUlKP9igILBiNf121cKvU5zbH7ecGnS5nOZ3VbhuogaONKLoTP8uJM2DkBpBfSwGDB2plkIFCIPiNWjnPMfv-vL4jdDN9ncQ.mp4?_nc_cat=100&_nc_oc=Adq1iHKuswfvoUeaMvvxuNadmjO7dzDxMEI8DpuNQawulgWflNoCgP6JJ5y2fF_iO7c&_nc_sid=b66105&_nc_ht=video.forn3-6.fna.fbcdn.net&_nc_ohc=cily_7GzCGYQ7kNvwGMepLu&efg=eyJ2ZW5jb2RlX3RhZyI6Inhwdl9wcm9ncmVzc2l2ZS5WSV9VU0VDQVNFX1BST0RVQ1RfVFlQRS4uQzMuNzIwLmRhc2hfaDI2NC1iYXNpYy1nZW4yXzcyMHAiLCJ4cHZfYXNzZXRfaWQiOjI4MzczMDEyNzk5NTM2NDgsImFzc2V0X2FnZV9kYXlzIjoxOTAsInZpX3VzZWNhc2VfaWQiOjEwNzk5LCJkdXJhdGlvbl9zIjo2MywidXJsZ2VuX3NvdXJjZSI6Ind3dyJ9&ccb=17-1&vs=87a4b9e78a8193a5&_nc_vs=HBksFQIYRWZiX2VwaGVtZXJhbC84MjQ5NEE1M0VBOTA2NDMzMjk4NjQ2RkIwQTUzM0Q4RF9tdF8xX3ZpZGVvX2Rhc2hpbml0Lm1wNBUAAsgBEgAVAhhAZmJfcGVybWFuZW50LzgxNDkzMjYwQkY0MEMwMERGQTVBRDU5OUFBQjI0NUJEX2F1ZGlvX2Rhc2hpbml0Lm1wNBUCAsgBEgAoABgAGwKIB3VzZV9vaWwBMRJwcm9ncmVzc2l2ZV9yZWNpcGUBMRUAACbgy8zu1aCKChUCKAJDMywXQE-l41P3ztkYGWRhc2hfaDI2NC1iYXNpYy1nZW4yXzcyMHARAHUAZd6oAQA&_nc_gid=h1RshW5T6ijsoxU6B71sxg&_nc_ss=7b289&_nc_map=urlgen_bucketless&_nc_zt=28&oh=00_AQLEsHR8zu-EsprC9ujuzjuvew3NHaXD5k_o5jsh5Nnw1A&oe=6AA6DD40,https://www.facebook.com/ads/library/?id=1681278516402089,ساعة بس لو,2026-09-09T09:07:46+00:00
2822532234770220,EG,Baset-بسيط,2026-05-14,117,0,117,وداعاً للمسامات الواسعة وآثار الحبوب مع جهاز Derma Pen الأقوى والأكثر مبيعاً ✅ يحفز الكولاجين ويشد التجاعيد بفعالية ✅ علاج المسام والندبات: فعال جداً في تضييق المسام الواسعة وعلاج حفر الوجه وآثار حب الشباب القديمة ✅ توحيد لون البشرة: يساعد في التخلص من التصبغات والبقع الداكنة الناتجة عن الشمس ومميزات تانية كتير 🔥 عرض لفترة محدودة: شحن مجاني لجميع المحافظات!🚚 أطلبيه دلوقتي ✅ | Dermapen | خصم يصل الي 25 %,https://baset.online/collections/skincare-devices,https://video.forn3-5.fna.fbcdn.net/o1/v/t2/f2/m366/AQO71OmcWBISucoxKnaBmGxvgG7Y8tWFn5gNArUXCDfivQmeEQcrNEkibpb5mOyinP0FZjJy_D2dVZphcID_8CpH5yycE8YLpxHgR5wfiogYRA.mp4?_nc_cat=107&_nc_oc=AdqFzqPmNKGqKQL54LPQ6X1FUkdOhn0qC0jMK5Xcfg0326Zzfy-aXsJnxSTPZ5ROwmU&_nc_sid=b66105&_nc_ht=video.forn3-5.fna.fbcdn.net&_nc_ohc=z8UBfnnExoAQ7kNvwHwWr-I&efg=eyJ2ZW5jb2RlX3RhZyI6Inhwdl9wcm9ncmVzc2l2ZS5WSV9VU0VDQVNFX1BST0RVQ1RfVFlQRS4uQzMuNzIwLmRhc2hfaDI2NC1iYXNpYy1nZW4yXzcyMHAiLCJ4cHZfYXNzZXRfaWQiOjk2NDAwMzQ4NjE3NTMyMSwiYXNzZXRfYWdlX2RheXMiOjE1NCwidmlfdXNlY2FzZV9pZCI6MTA3OTksImR1cmF0aW9uX3MiOjUxLCJ1cmxnZW5fc291cmNlIjoid3d3In0%3D&ccb=17-1&vs=ba24b6c9bee6c298&_nc_vs=HBksFQIYRWZiX2VwaGVtZXJhbC84NzQwNDJBMkVERDcyOUJCOTY5MDFCNThFMzM4NTNCOV9tdF8xX3ZpZGVvX2Rhc2hpbml0Lm1wNBUAAsgBEgAVAhhAZmJfcGVybWFuZW50LzY2NDdCQUU4QUI4QTIwOUVDMDFGREE1NTU1NzQxOUIzX2F1ZGlvX2Rhc2hpbml0Lm1wNBUCAsgBEgAoABgAGwKIB3VzZV9vaWwBMRJwcm9ncmVzc2l2ZV9yZWNpcGUBMRUAACaywdjVsbC2AxUCKAJDMywXQEnHrhR64UgYGWRhc2hfaDI2NC1iYXNpYy1nZW4yXzcyMHARAHUAZd6oAQA&_nc_gid=2vgEewhjC7DlF7G6zTGcdA&_nc_ss=7b289&_nc_map=urlgen_bucketless&_nc_zt=28&oh=00_AQJn3SOyk0y_l21cfEAIZyhbhi3ND_lG1jEf_SQQmzH0Gg&oe=6AA6A505,https://www.facebook.com/ads/library/?id=2822532234770220,الحبوب الناتجة عن العرق,2026-09-09T04:21:42+00:00
1293027309576090,SA,,2026-07-06,40,,115,"​ Active Library ID: 1293027309576090 Started running on Jul 6, 2026 Platforms ​ ​ ​ ​ ​ EU transparency ​",https://www.adobe.com/mena_ar/acrobat/free-trial-download.html,,https://www.facebook.com/ads/library/?id=1293027309576090,جهاز,2026-08-15T00:32:27+00:00
1303059911790253,MA,Shoppex.ma,2026-05-18,114,0,114,كاميرا شمسية مع بروجيكتور LED 600W… جهاز متكامل كيجمع التصوير والإنارة في نفس الوقت ☀️📷💡 ✔️ دقة تصوير 12MP ✔️زوم X10 عالي الوضوح ✔️2 كاميرات وحدة ثابتة و واحدة كادور 360 درجة ✔️ تسجيل فيديو 4K Ultra HD ✔️ تحكم عن بعد من الهاتف، التابلت أو الحاسوب ✔️ تدعم الاتصال ب wifi + carte Sim ✔️ رؤية ليلية + إشعارات فورية عند الحركة | كاميرا ذكية + إضاءة قوية في جهاز واحد | كاميرا شمسية مع بروجيكتور LED بدقة عالية مع تقريب بصري X10 مع 2 كاميرات عالية الدقة 4K | مصباح شمسي مع كاميرا … حل ذكي يجمع التكنولوجيا والأداء في تصميم واحد ☀️ ✔️ ثلاث عدسات عالية الوضوح ✔️ عدسة متحركة مع زوم X10 ✔️ إشعارات مباشرة عند اكتشاف الحركة ✔️ تسجيل على بطاقة SD ✔️ تشغيل باستهلاك منخفض للطاقة اطلب الآن 📦 | مصباح شمسي مع كاميرا … حل ذكي يجمع التكنولوجيا والأداء في تصميم واحد ☀️ ✔️2 كاميرات عالية الجودة 4K ✔️ عدسة متحركة مع زوم X10 ✔️ إشعارات مباشرة عند اكتشاف الحركة ✔️ تسجيل على بطاقة SD ✔️ تدعم الاتصال ب wifi + carte Sim ✔️ تشغيل باستهلاك منخفض للطاقة اطلب الآن 📦,https://aga-shoppex.com/lp/BglED5TD,https://video.forn3-6.fna.fbcdn.net/o1/v/t2/f2/m366/AQOroNGnEDI2KlPjcxc5LWMEqyQ-nkF2CSPEJPIM__N8kygeYp0TpyoRKj7Bn1xvoz3WeoIytDD8LEUT0Aj91AeE1YhJI7tYZ-ZZpVhmbUd12A.mp4?_nc_cat=104&_nc_oc=AdqRFGa_ygQFAY7MZLsJUln1jSLQ_jSTxaxq9-0_H_k8ZVqvrhVspGeSEFhXIdJx2uw&_nc_sid=b66105&_nc_ht=video.forn3-6.fna.fbcdn.net&_nc_ohc=vYS9n7EdDrwQ7kNvwEBmzYC&efg=eyJ2ZW5jb2RlX3RhZyI6Inhwdl9wcm9ncmVzc2l2ZS5WSV9VU0VDQVNFX1BST0RVQ1RfVFlQRS4uQzMuNzIwLmRhc2hfaDI2NC1iYXNpYy1nZW4yXzcyMHAiLCJ4cHZfYXNzZXRfaWQiOjE4NTIwMjAxODg4MDcyNjgsImFzc2V0X2FnZV9kYXlzIjoxMjQsInZpX3VzZWNhc2VfaWQiOjEwNzk5LCJkdXJhdGlvbl9zIjoxMTQsInVybGdlbl9zb3VyY2UiOiJ3d3cifQ%3D%3D&ccb=17-1&vs=64b1b9040c21fa98&_nc_vs=HBksFQIYRWZiX2VwaGVtZXJhbC9CNTRERDM3MEEwN0Q3QzM1NzVFMDlEMjMyNkE0NkU5N19tdF8xX3ZpZGVvX2Rhc2hpbml0Lm1wNBUAAsgBEgAVAhhAZmJfcGVybWFuZW50LzZCNEE3NjVCOTI2NTI5NjMzODUyNkE4OThCMUMwMDg2X2F1ZGlvX2Rhc2hpbml0Lm1wNBUCAsgBEgAoABgAGwKIB3VzZV9vaWwBMRJwcm9ncmVzc2l2ZV9yZWNpcGUBMRUAACbIgcTX4ZnKBhUCKAJDMywXQFyAAAAAAAAYGWRhc2hfaDI2NC1iYXNpYy1nZW4yXzcyMHARAHUAZd6oAQA&_nc_gid=lHUSmLOorpKY1Jyhy62TZw&_nc_ss=7b289&_nc_map=urlgen_bucketless&_nc_zt=28&oh=00_AQJYm7r75ZZGPu2p2sgsAyyGDRl6IM5phpfpmRI9x8WedQ&oe=6AA70B6C,https://www.facebook.com/ads/library/?id=1303059911790253,جهاز تحكم بعد، يوفر,2026-09-09T11:07:45+00:00
996457169690456,IQ,باربي فار,2026-05-18,114,0,114,✨ بكج تصفية البشرة والتفتيح المتكامل بسعر مميز ✨ بنات، إذا تريدين نتيجة حقيقية بدون ما تتعبين بروتين طويل 😭 هذا البكج يجمع 3 منتجات مشهورة ومجربة لحل أكثر مشاكل البشرة شيوعاً 🔥 💛 غسول Cosrx بحمض الساليسيليك : ينظف البشرة من العمق ويشيل الدهون والشوائب 👌 يساعد على تقليل الحبوب ومنع انسداد المسام بدون جفاف 🤍 سيروم Anua الأحمر : يفتح البشرة ويوحد لونها ✨ يخفف آثار الحبوب والتصبغات ويعطي إشراقة واضحة 💛 كريم 345 دكتور الثيا : يرطب البشرة بعمق ويهدي الاحمرار 💧 يخلي البشرة ناعمة ومتوازنة ويكمل الروتين 💫 ليش هذا البكج مختلف؟ لأن الغسول ينظف، السيروم يعالج ويفتح، والكريم يرطب ويثبت النتيجة 🔥 روتين كامل بثلاث خطوات ونتيجة تبين من أول أسبوع 💸 السعر كان 73 ألف هسه صار 34 ألف فقط ويا توصيل مجاني 🚚 الكمية محدودة، واللي تلحك أول هي تفوز 😭 #عناية_بالبشرة #اكسبلور #منتجات #روتين #بكج_عناية,https://barbiephar.com/collections/special-discounts/products/3-items-bundle-ac-wh,https://video.forn3-1.fna.fbcdn.net/o1/v/t2/f2/m366/AQO6wSM3_Af3oUnm9Ewb0xop8eG1kEH_6ThezoyZkeA2fc2EfI8d--7aLr2gyKJ2-TI8t62OIgFlY24wOG3IA21zFB4PcQ3to4ZE0WSZfuhWkw.mp4?_nc_cat=101&_nc_oc=AdqJObg7PgEQS0wdd9UwETbNFxlKBnBcWbnlgnRofa0OsojfDDz1TejBiEDvQeyCMFM&_nc_sid=b66105&_nc_ht=video.forn3-1.fna.fbcdn.net&_nc_ohc=_YY1PyRGiK4Q7kNvwHo4rfl&efg=eyJ2ZW5jb2RlX3RhZyI6Inhwdl9wcm9ncmVzc2l2ZS5WSV9VU0VDQVNFX1BST0RVQ1RfVFlQRS4uQzMuNzIwLmRhc2hfaDI2NC1iYXNpYy1nZW4yXzcyMHAiLCJ4cHZfYXNzZXRfaWQiOjI0NjM4OTc4NDA3NTI0NjEsImFzc2V0X2FnZV9kYXlzIjoxMTMsInZpX3VzZWNhc2VfaWQiOjEwNzk5LCJkdXJhdGlvbl9zIjoyMywidXJsZ2VuX3NvdXJjZSI6Ind3dyJ9&ccb=17-1&vs=11319876a84b709a&_nc_vs=HBksFQIYRWZiX2VwaGVtZXJhbC9BMTRDMUFCQjREMEIwMzYwNzc2OUQ1ODdENTI5MDhCNF9tdF8xX3ZpZGVvX2Rhc2hpbml0Lm1wNBUAAsgBEgAVAhhAZmJfcGVybWFuZW50LzFFNDFFRjM5MjU3MDg2MzExRjk0MDhDNjU0MDJFQkE5X2F1ZGlvX2Rhc2hpbml0Lm1wNBUCAsgBEgAoABgAGwKIB3VzZV9vaWwBMRJwcm9ncmVzc2l2ZV9yZWNpcGUBMRUAACaa3fy43bngCBUCKAJDMywXQDd3S8an754YGWRhc2hfaDI2NC1iYXNpYy1nZW4yXzcyMHARAHUAZd6oAQA&_nc_gid=spREwZoSqvnMrNCTD9cXsg&_nc_ss=7b289&_nc_map=urlgen_bucketless&_nc_zt=28&oh=00_AQLZCq1BuswEV0qVYkfGL65xqQ-5IqSkkkjO7GiaTXoIUA&oe=6AA708CB,https://www.facebook.com/ads/library/?id=996457169690456,مختلف كريم,2026-09-09T09:25:22+00:00
4683339128617312,IQ,باربي فار,2026-05-18,114,0,114,✨ بكج التبييض والتفتيح القوي بسعر مميز ✨ بنات، إذا بشرتج تعبانة، بيها آثار حبوب أو لونها مو موحد… وتريدين نتيجة واضحة بدون روتين معقد هذا البكج جمع لج 3 منتجات قوية ومجربة تعالج المشكلة من جذورها 🔥 سيروم سيليماكس ريتينال شوت : يجدد البشرة ويحفز إنتاج الكولاجين ✨ يخفف آثار الحبوب والخطوط ويخلي البشرة أنعم وأنقى مع الوقت سيروم سينتيلا للتفتيح : يفتح ويوحد لون البشرة بشكل ملحوظ 💫 يهدي البشرة ويقلل الاحمرار ويعطي إشراقة صحية كريم 345 دكتور الثيا : يرطب بعمق ويقوي حاجز البشرة 💧 يساعد على تهدئة البشرة ويكمل الروتين حتى ما يصير تهيج ليش هذا البكج مختلف؟ لأن الريتينال يجدد، السينتيلا تفتح وتهدي، والكريم يحمي ويرطب 🔥 يعني علاج + تفتيح + توازن بنفس الوقت بدون ما تتعبين 💸 السعر كان 68 ألف هسه صار 35 ألف فقط ويا توصيل مجاني 🚚 الكمية محدودة، واللي تلحك أول هي تفوز 😭 #عناية_بالبشرة #تفتيح #روتين #بكج_عناية #اكسبلور,https://barbiephar.com/collections/special-discounts/products/4white-skin-bundle,https://video.forn3-2.fna.fbcdn.net/o1/v/t2/f2/m366/AQMitnZ0DNDULo3cBNrRrJJ0LhGaS21mDtFGzWVeymAxN3vVn901GoYsmVumn5qhX4zj-zIcBTieiz1lf6miWtMBFhHnh7Y5LPHgaJS4fI8mVw.mp4?_nc_cat=106&_nc_oc=Adqw00MWyT8ki3YqpbDHvbd0heDdeijWWndjTzT9T2k9cLfCTVgZaPxQaALXEZhGfik&_nc_sid=b66105&_nc_ht=video.forn3-2.fna.fbcdn.net&_nc_ohc=kMnlBqwH_eIQ7kNvwGjfSTk&efg=eyJ2ZW5jb2RlX3RhZyI6Inhwdl9wcm9ncmVzc2l2ZS5WSV9VU0VDQVNFX1BST0RVQ1RfVFlQRS4uQzMuNzIwLmRhc2hfaDI2NC1iYXNpYy1nZW4yXzcyMHAiLCJ4cHZfYXNzZXRfaWQiOjg4MTE4Mzg5ODMzMDM1NCwiYXNzZXRfYWdlX2RheXMiOjExMywidmlfdXNlY2FzZV9pZCI6MTA3OTksImR1cmF0aW9uX3MiOjI5LCJ1cmxnZW5fc291cmNlIjoid3d3In0%3D&ccb=17-1&vs=e7d8e4a2b3cfef0&_nc_vs=HBksFQIYRWZiX2VwaGVtZXJhbC82RDQyQUQ0MTg1RTU1QUUyOTcyQ0JBRTQ4RDMyNkNCNl9tdF8xX3ZpZGVvX2Rhc2hpbml0Lm1wNBUAAsgBEgAVAhhAZmJfcGVybWFuZW50LzJBNDAxNUMwNTFBNDgwQkE4NEUzRkM3OTU0MUE3MjlBX2F1ZGlvX2Rhc2hpbml0Lm1wNBUCAsgBEgAoABgAGwKIB3VzZV9vaWwBMRJwcm9ncmVzc2l2ZV9yZWNpcGUBMRUAACbkk-_T09uQAxUCKAJDMywXQD3VP3ztkWgYGWRhc2hfaDI2NC1iYXNpYy1nZW4yXzcyMHARAHUAZd6oAQA&_nc_gid=spREwZoSqvnMrNCTD9cXsg&_nc_ss=7b289&_nc_map=urlgen_bucketless&_nc_zt=28&oh=00_AQI0uVCWU-q3HipdCsOtBiRQ5oEdGV_sKxcmD7eGTBMtkQ&oe=6AA710F2,https://www.facebook.com/ads/library/?id=4683339128617312,مختلف كريم,2026-09-09T09:25:22+00:00
948527548087406,MA,Chaarawi 3,2026-05-20,112,0,112,🌿 منتوج طبيعي بالأعشاب المختارة بعناية، كيستعملوه الناس اللي كيعانيو من ألم، حريق وانزعاج البواسير. ساهل الاستعمال وجودة ممتازة 👌 | 🔥 راحة أكثر وثقة أكثر مع منتوج طبيعي مجرب | 😖 حكة، حريق، ألم ولا نزيف؟ رجّع راحتك اليومية بخلطة طبيعية مجربة 💚 | 🔥 واش البواسير عذبّاتك فالجلوس والحمام؟ الحل الطبيعي اللي هضر عليه الناس كاملين وصل دابا 👌 | 🚨 إلى كنتي ساكت على البواسير وكتعاني كل نهار… راه كاين حل خلا بزاف ديال الناس يرتاحو 🙌 | 🌿 راحة، هدوء وتقليل الانزعاج… منتوج طبيعي معمّر بالأعشاب المختارة بعناية 👌 | 🛑 البواسير خلاتك ما قادرش تجلس مرتاح؟ جرّب الخلطة اللي دارو عليها ضجة فالمغرب 🔥 | معاناة البواسير ماشي لازم تبقى جزء من نهارك | 🌿 ودّع ألم البواسير بطريقة طبيعية ومريحة | رجّع راحتك فالجلوس والحركة بثقة | ودّع الحريق والحكة والانزعاج بطريقة طبيعية | 💥 ودّع ألم البواسير بطريقة طبيعية وخفيفة على الجسم… النتائج كتبان مع الاستعمال ✨t with us,https://api.whatsapp.com/send,https://video.forn3-5.fna.fbcdn.net/o1/v/t2/f2/m366/AQMIqznzznp_iqFy--efyxkmf7fhxYzXsEU5jr1CgOcpWcDCN5Nx9jR0bWwGNGVKYS2MH7PsX2e_elfgAnNAjF8cnWJHBu-maOdmgkAFBpz8gA.mp4?_nc_cat=105&_nc_oc=AdrBgZSvEYloqE95n-zFQS6d_eWDQrr6B1-vY_IOKazV_IyBQxzRnlXI0dAyjrYdkCI&_nc_sid=b66105&_nc_ht=video.forn3-5.fna.fbcdn.net&_nc_ohc=oszFIoF1tDUQ7kNvwGZdLRW&efg=eyJ2ZW5jb2RlX3RhZyI6Inhwdl9wcm9ncmVzc2l2ZS5WSV9VU0VDQVNFX1BST0RVQ1RfVFlQRS4uQzMuNTc2LmRhc2hfaDI2NC1iYXNpYy1nZW4yXzcyMHAiLCJ4cHZfYXNzZXRfaWQiOjEzMjkyMTY3MTkxNTM2MjIsImFzc2V0X2FnZV9kYXlzIjoxMTksInZpX3VzZWNhc2VfaWQiOjEwNzk5LCJkdXJhdGlvbl9zIjo3NiwidXJsZ2VuX3NvdXJjZSI6Ind3dyJ9&ccb=17-1&vs=893dc6a2deccc449&_nc_vs=HBksFQIYRWZiX2VwaGVtZXJhbC9CNDRBMTUzMEJBQjRENDc1Q0E5QUNENjA2MDc2OTFBQV9tdF8xX3ZpZGVvX2Rhc2hpbml0Lm1wNBUAAsgBEgAVAhhAZmJfcGVybWFuZW50LzBDNEUxMjc0MDlGRDYzMzA2MjIyM0EzNzgxNzQxNDk2X2F1ZGlvX2Rhc2hpbml0Lm1wNBUCAsgBEgAoABgAGwKIB3VzZV9vaWwBMRJwcm9ncmVzc2l2ZV9yZWNpcGUBMRUAACasp_-lzLrcBBUCKAJDMywXQFMgAAAAAAAYGWRhc2hfaDI2NC1iYXNpYy1nZW4yXzcyMHARAHUAZd6oAQA&_nc_gid=-dzJTUSCvH4YGvaloXE-tw&_nc_ss=7a289&_nc_map=urlgen_bucketless&_nc_zt=28&oh=00_AQIDMy3kvUgJYJ0zXKgbnaOG5r7KGC3Bwg4dtUvB7puMjw&oe=6AA72CEB,https://www.facebook.com/ads/library/?id=948527548087406,مرتاح كريم الأعشاب,2026-09-09T12:10:44+00:00
1505280537803161,KW,Eiios Son Skin care,2026-05-21,111,0,111,"⁨ روتين التفتيح و العنايه المتكامل للجسم الأقوى علي الاطلاق بيحتوي علي اكتر من ١٣ ماده فعالة يعتمد عليها الأطباء في الجلسا ت التفتيح للحصول علي نتائج سريعه في علاج 👈بقع وتصبغات الابطين ومنطقه البكيني. 👈بقع وتصبغات الكوعين والركبتين. 👈كلف الحمل في الرقبه والبطن والصدر ( الكلوزما) . 👈البقع والتصبغات مابعد الحروق. 👈عدم توحد لون الجسم وبقع وتصبغات ثنايا الجلد . كريم التفتيح المتكامل لانه بيعالج الثلاثه مراحل المسببه البقع طبقا لآراء أكبر أطباء الجلديه والتجميل👨‍⚕️👨‍⚕️. 🌹مرحله ما قبل تكون البقع يمنع الالتهاب وجفاف الجلد المسبب البقع عن طريق ( vitE , argan oil , Glycertinic acid ). 🌹مرحله تكوين البقع داخل الخلية يمنع تكوين صبغ الميلانين ويمنع الأنزيم المسبب tyrosine عن طريق ( tranxmic acid, none peptide, vit C , alpha arbutin, glabrdin ) . 🌹مرحله ما بعد التصبغات يقوم بتقشير وازاله الطبقه السطحيه والخلايا الميته الي تحتوي علي البقع عن طريق مجموعه من أحماض الفواكه الامنه علي ال بشره ( salicylic acid, malic acid , lactic acid). 💚💚 يعيد نضاره الجلد ويقوم بشد الجلد وعلاج ترهلات الجسم والمناطق الحساسه ويعمل علي إنتاج الكولاجين عن طريق عن طريق أحدث مواد anti ageing ( Co - enzymeQ10 , Vit C )⁩",https://www.eiiosson.com/product/eiios-son-body-whitening-cream/,https://video.forn3-2.fna.fbcdn.net/o1/v/t2/f2/m366/AQMZzulvZtyrSWGYOZDEXnjDX9kf7H0K94sxeuwUnX3er1smRYC5auSQPkvnZ7C8PnwTZlYsZIxjLX7Jdo9YZunQmBhYvyfSvtJuMTIgnDytLw.mp4?_nc_cat=106&_nc_oc=AdoIXol9cWMtPywqL6FJ5IUX_OE9G0DHEBEucX-wdXOEJxQ83ttHLhOeChv_man636A&_nc_sid=b66105&_nc_ht=video.forn3-2.fna.fbcdn.net&_nc_ohc=3yqD-RouHJwQ7kNvwEY1_xZ&efg=eyJ2ZW5jb2RlX3RhZyI6Inhwdl9wcm9ncmVzc2l2ZS5WSV9VU0VDQVNFX1BST0RVQ1RfVFlQRS4uQzMuNzIwLmRhc2hfaDI2NC1iYXNpYy1nZW4yXzcyMHAiLCJ4cHZfYXNzZXRfaWQiOjgwMjg5OTczMjIyMjc1MiwiYXNzZXRfYWdlX2RheXMiOjM0NSwidmlfdXNlY2FzZV9pZCI6MTAxMDEsImR1cmF0aW9uX3MiOjcwLCJ1cmxnZW5fc291cmNlIjoid3d3In0%3D&ccb=17-1&vs=1a510893eef9c0e2&_nc_vs=HBksFQIYRWZiX2VwaGVtZXJhbC9ERDQ1NUMxMDMwNDI1QzhCQjJDMkMzNDdFQ0JFNUJBM19tdF8xX3ZpZGVvX2Rhc2hpbml0Lm1wNBUAAsgBEgAVAhhAZmJfcGVybWFuZW50LzhCNEVFNzg0NUJCQUJFQjEyM0VGNUZCRUEyOUFCODhBX2F1ZGlvX2Rhc2hpbml0Lm1wNBUCAsgBEgAoABgAGwKIB3VzZV9vaWwBMRJwcm9ncmVzc2l2ZV9yZWNpcGUBMRUAACbAzKKV9Y7tAhUCKAJDMywXQFGZmZmZmZoYGWRhc2hfaDI2NC1iYXNpYy1nZW4yXzcyMHARAHUAZeqdAQA&_nc_gid=8DiWrtAskkh8lunZOPOAVg&_nc_ss=7b289&_nc_map=urlgen_bucketless&_nc_zt=28&oh=00_AQLbZEZk4KfXQNJ_9N6SRCwCOtyuIcq8pBUohdBzv4zeSA&oe=6AA6F1DA,https://www.facebook.com/ads/library/?id=1505280537803161,البشرة كريم تفتيح,2026-09-09T09:32:49+00:00
1229684152408804,EG,دنيا حامد - Donia Hamed,2026-05-22,110,0,110,"😱 بطّلي تخبي بشرتك بالمكياج... وابدئي خليها تتكلم لوحدها! لو كل مرة بتغطي عيوب بشرتك بالفاونديشن والكونسيلر، جربي **ميك أب النو ميك أب من Devoria** 💗 منتج طبيعي 100% هيرجع لبشرتك نضارتها من أول استخدام ✨ 💦 بيقلل البقع والتصبغات 🌸 يوحد اللون ويدي إشراقة فورية ☀️ يحتوي على صن بلوك لحماية من الشمس 💋 ومع التنت الطبيعي.. توريد طبيعي يخلي الكل يسألك ""حاطة إيه؟"" مفيش كيميكال ولا مواد ضارة 🚫 بس تركيبة طبيعية مصرّح بيها من وزارة الصحة ✅ مش بس هتحبي شكلك... هتحبي نفسك كمان 💖 اضغطي هنا وابدئي التغيير اليوم 👇 https://devoria-cosmetics.myeasyorders.com/products/Makeup-No-Mekeup | خصم 165 جنيه لما تشتري النهاردة بس ❌",https://devoria-cosmetics.myeasyorders.com/products/Makeup-No-Mekeup,https://video.forn3-2.fna.fbcdn.net/o1/v/t2/f2/m366/AQMcyVIJNjk4TUeQmHTibP6sdZOGA3X2spddKtn263H0RvtpOgBypB0QWZCxWdoEwopwxvD49Ste7bM3X03xHNkUbL64YmsePgrs3prkLub1rg.mp4?_nc_cat=104&_nc_oc=AdqnGVaXAuJ0YXOTsXyUuiIX0qnpUF_aevwC7KKDZDX7p98D1XGLVbwRLLFoFkIv67I&_nc_sid=b66105&_nc_ht=video.forn3-2.fna.fbcdn.net&_nc_ohc=g8liMn6S8twQ7kNvwGTMjPv&efg=eyJ2ZW5jb2RlX3RhZyI6Inhwdl9wcm9ncmVzc2l2ZS5WSV9VU0VDQVNFX1BST0RVQ1RfVFlQRS4uQzIuNzIwLmRhc2hfaDI2NC1iYXNpYy1nZW4yXzcyMHAiLCJ4cHZfYXNzZXRfaWQiOjE0Nzc1MzMwMDczNzQ3MzgsImFzc2V0X2FnZV9kYXlzIjoxMzQsInZpX3VzZWNhc2VfaWQiOjEwNzk5LCJkdXJhdGlvbl9zIjoxNTgsInVybGdlbl9zb3VyY2UiOiJ3d3cifQ%3D%3D&ccb=17-1&vs=f994f8eb81ad8405&_nc_vs=HBksFQIYRWZiX2VwaGVtZXJhbC82MjQzRTg2QTlDNTY5QjVGRkI4QjREMUY1QkNFQ0E4OF9tdF8xX3ZpZGVvX2Rhc2hpbml0Lm1wNBUAAsgBEgAVAhhAZmJfcGVybWFuZW50LzE3NERGOEE2RkVCRTVCNDRFM0M1RjdBQ0M3QjM5RTkzX2F1ZGlvX2Rhc2hpbml0Lm1wNBUCAsgBEgAoABgAGwKIB3VzZV9vaWwBMRJwcm9ncmVzc2l2ZV9yZWNpcGUBMRUAACakpuPg3vOfBRUCKAJDMiwXQGPLtkWhysEYGWRhc2hfaDI2NC1iYXNpYy1nZW4yXzcyMHARAHUAZd6oAQA&_nc_gid=3IwMZ2g-bRDXKRlYhoCw9A&_nc_ss=7a289&_nc_map=urlgen_bucketless&_nc_zt=28&oh=00_AQI54gyNCIRzgMPml0wQJ3aS37tGGDSW_e7qewHwLsuEBw&oe=6AA6E6C4,https://www.facebook.com/ads/library/?id=1229684152408804,صابونة لبان الدكر كريم,2026-09-09T09:57:37+00:00
2197049907710346,TN,ElPara Pharma,2026-05-23,109,0,109,الاحساس بالحكة عند الرجال 👨🏻 حاجة مزعجة 🙃 خاصة وقت تجي في لحظة والا بلاصة موش مناسبة 😭 سببها في معظم الحالات هو الفطريات. اليوم فما طريقة بسيطة وعمليّة 💯 تنجم تعاونك برشا 🥰 كريم Calma Men لتهدئة الحكة في المنطقة الحسا*سة. مناسبة لمناطق البشرة الحساسة و مصنوعة بمعايير جودة عالية ❤️. اكثر تفاصيل عليها موجودة في الموقع الالكتروني 🥰 سعر الكرام هو 19 والتوصيل ب6لاف 😍 ابعثلنا رقمك و عنوانك و احنا نوصلولك لباب الدار. | كيفاش تتعامل مع الحكة وقت تجي في لحظة غير مناسبة؟,https://elparapharma.com/products/creme-calma-men,https://video.forn3-2.fna.fbcdn.net/o1/v/t2/f2/m366/AQPl2YINnNh5vN0cU8VMlm_gUO3bDEkqhAM30TS49YB9gK40CCJ9-Q7eIWeTXh6pfKWMAFTYVU14bD5a93PCaQsWPmih8NkfuVR3HtKeZG2tbA.mp4?_nc_cat=104&_nc_oc=Adrg1X2TpTUnB6O9SHOgDPWlLmT3HSFojwwnp5qHPZ-k5M7j9xlKMEyrXOsaVON-QLw&_nc_sid=b66105&_nc_ht=video.forn3-2.fna.fbcdn.net&_nc_ohc=Pu304WPZbdMQ7kNvwHUeDQJ&efg=eyJ2ZW5jb2RlX3RhZyI6Inhwdl9wcm9ncmVzc2l2ZS5WSV9VU0VDQVNFX1BST0RVQ1RfVFlQRS4uQzMuNzE2LmRhc2hfaDI2NC1iYXNpYy1nZW4yXzcyMHAiLCJ4cHZfYXNzZXRfaWQiOjE1MDU5NDU2OTQ1OTg3NjksImFzc2V0X2FnZV9kYXlzIjoxMDgsInZpX3VzZWNhc2VfaWQiOjEwNzk5LCJkdXJhdGlvbl9zIjo2MSwidXJsZ2VuX3NvdXJjZSI6Ind3dyJ9&ccb=17-1&vs=b113378f615dea6&_nc_vs=HBksFQIYRWZiX2VwaGVtZXJhbC9GOTQ5REREQUYxRjQyRjg5QTIyRDhBRDQwQ0FGNkM4MF9tdF8xX3ZpZGVvX2Rhc2hpbml0Lm1wNBUAAsgBEgAVAhhAZmJfcGVybWFuZW50L0I5NEQ2RTQ1NjRGMTJENzE2QjVFMDg0RTE4RUQ4RDg1X2F1ZGlvX2Rhc2hpbml0Lm1wNBUCAsgBEgAoABgAGwKIB3VzZV9vaWwBMRJwcm9ncmVzc2l2ZV9yZWNpcGUBMRUAACbi2eviyemsBRUCKAJDMywXQE6ZmZmZmZoYGWRhc2hfaDI2NC1iYXNpYy1nZW4yXzcyMHARAHUAZd6oAQA&_nc_gid=jAMSvUsbwXJU-Ny3WXW0bQ&_nc_ss=7a289&_nc_map=urlgen_bucketless&_nc_zt=28&oh=00_AQKlK3bDJODtKAc3FKCFSYkLZFUykaGde6XbkMg1IeKp_A&oe=6AA6FFC4,https://www.facebook.com/ads/library/?id=2197049907710346,تتحصل كريم,2026-09-09T11:51:52+00:00
1516697656830635,EG,دنيا حامد - Donia Hamed,2026-05-22,109,0,109,"أوقفي إخفاء جمالك... وابدئي في إظهاره! كم مرة شعرتِ بالحاجة لإخفاء عيوب بشرتك خلف طبقات المكياج؟ حان الوقت لتكسري هذه الدائرة! مع ""ميك أب النو ميك أب"" من Devoria، ستكتشفين قوة جمالك الطبيعي، وتدعين بشرتك تتألق بحريتها. هذه المجموعة ليست مجرد حل مؤقت، بل هي دعوة لتحول دائم: • وداعاً للبقع والتصبغات: تركيبة طبيعية تعمل على تقليل البقع وتوحيد لون البشرة بشكل ملحوظ. • إشراقة فورية وصحية: استعيدي نضارة بشرتك وحيويتها من أول لمسة. • حماية قصوى: تحتوي على واقي شمسي فعال لحماية بشرتك من العوامل الضارة. • لمسة جمال طبيعية: التنت الطبيعي يمنح خدودك وشفتيكِ لوناً وردياً جذاباً يجعلكِ محط الأنظار، والسؤال الدائم: ""ما سر إشراقتك؟"" ضمان الجودة والأمان: منتجاتنا طبيعية 100% وخالية من الكيماويات الضارة، ومصرح بها رسمياً من وزارة الصحة، لتمنحكِ راحة البال والثقة التامة. لا تنتظري! كل يوم يمر هو فرصة لبشرتك لتستعيد جمالها. اضغطي هنا الآن وابدئي رحلة التغيير نحو بشرة أكثر صحة وجمالاً. هذا العرض لن يدوم طويلاً! 👇 https://devoria-cosmetics.myeasyorders.com/products/Makeup-No-Mekeup | سر إطلالة 'النو ميك أب' المثالية: بشرة صافية، نضرة، ومتألقة بدون مجهود",https://devoria-cosmetics.myeasyorders.com/products/Makeup-No-Mekeup,https://video.forn3-5.fna.fbcdn.net/o1/v/t2/f2/m366/AQMc2wjqQMo8DoSV0G7DRNfmHPezL6Qyx7qg0wSmPUcXMRjMRtlEUVfuxHdN_w9PuAyNDvtb639oeOxoyk6taudtoE0_a7sXWB4q9RCN7Utplw.mp4?_nc_cat=110&_nc_oc=Adqz_MFSXVxovO4GSx0ab6WhTgpmJukocIspQwIiHM_XYhtJYEXGaSvZh66Od_A-z78&_nc_sid=b66105&_nc_ht=video.forn3-5.fna.fbcdn.net&_nc_ohc=RLNnMsBNKawQ7kNvwHMB340&efg=eyJ2ZW5jb2RlX3RhZyI6Inhwdl9wcm9ncmVzc2l2ZS5WSV9VU0VDQVNFX1BST0RVQ1RfVFlQRS4uQzMuNzIwLmRhc2hfaDI2NC1iYXNpYy1nZW4yXzcyMHAiLCJ4cHZfYXNzZXRfaWQiOjE3NDI0NzgzNTM3OTE3MzAsImFzc2V0X2FnZV9kYXlzIjoxMTUsInZpX3VzZWNhc2VfaWQiOjEwNzk5LCJkdXJhdGlvbl9zIjoxNzcsInVybGdlbl9zb3VyY2UiOiJ3d3cifQ%3D%3D&ccb=17-1&vs=a01510180602f34b&_nc_vs=HBksFQIYRWZiX2VwaGVtZXJhbC80QTRCQTc3RUM2RTgyNzY0NUVDODM1OEQ2REQ4RDE5M19tdF8xX3ZpZGVvX2Rhc2hpbml0Lm1wNBUAAsgBEgAVAhhAZmJfcGVybWFuZW50LzI0NEIwMkMxRUZGN0ZBNEZDMDVBN0Q4MDY5MEUxN0FEX2F1ZGlvX2Rhc2hpbml0Lm1wNBUCAsgBEgAoABgAGwKIB3VzZV9vaWwBMRJwcm9ncmVzc2l2ZV9yZWNpcGUBMRUAACbk6_O0y7GYBhUCKAJDMywXQGY2ZmZmZmYYGWRhc2hfaDI2NC1iYXNpYy1nZW4yXzcyMHARAHUAZd6oAQA&_nc_gid=wQNwrfz4SJV0n9wnpIxdVA&_nc_ss=7a289&_nc_map=urlgen_bucketless&_nc_zt=28&oh=00_AQJ9RXzubRvohE4KLkqOiR_IAr9PBWxFjt3wAWgks20XNQ&oe=6AA6BB56,https://www.facebook.com/ads/library/?id=1516697656830635,النمش,2026-09-09T04:32:31+00:00
1020863983959611,IQ,باربي فار,2026-05-24,108,0,108,"✨ بكج البشرة الزجاجية بسعر خيالي ✨ بنات، إذا كل ما تشوفين بشرة ناعمة وصافية تكولين ""شنو سرهم؟!"" 😭 وتعبتي من المنتجات اللي ما تنطي نتيجة واضحة… هذا البكج مسوي حتى تشوفين الفرق بنفسج 🔥 💛 غسول الحلزون كوزركس : ينظف البشرة بلطف ويشيل الدهون والأوساخ بدون ما ينشفها 👌 يحافظ على نعومة البشرة ويخليها مهيأة للعلاج 🤍 اسنس الحلزون كوزركس : سر النعومة الحقيقية ✨ يرمم البشرة، يقلل آثار الحبوب وينطي ترطيب عميق يخلي البشرة تلمع من الصحة 💛 كريم الحلزون كوزركس : يقفل الترطيب داخل البشرة ويخليها ممتلئة ومرتبة 💧 يساعد على تهدئة البشرة وينطي ملمس ناعم جداً 🤍 واقي الصبار كوزركس : يحمي من الشمس بدون دهون أو ثقل 🌿 يرطب وينطي إشراقة طبيعية حلوة 💫 ليش هذا البكج مختلف؟ لأن كل خطوة مكملة للثانية… تنظيف + ترميم + ترطيب + حماية 🔥 يعني مو بس تحسين مؤقت… تغيير فعلي بشكل البشرة 💸 السعر كان 56 ألف هسه صار 35 ألف فقط و ويا طن هدايا 🚚 الكمية محدودة، واللي تلحك أول هي تفوز 😭 #عناية_بالبشرة #بشرة_صافية #روتين #كوزركس #اكسبلور | (عرض) بكج الحلزون",https://barbiephar.com/products/offer-89,https://video.forn3-6.fna.fbcdn.net/o1/v/t2/f2/m366/AQPw2dPSwR1BI_BLlzCYhRdn-iYMgDrrkuu6T6w7kdu000CP2LzYwKCEXt27UNrJJY35m8t7YCd1O6elY8nV6aCJs-yBCkhKy2vInzAnidoMPA.mp4?_nc_cat=102&_nc_oc=Adq6ztS8riYGKCDOrfTCT9rNXAGhd4QT4kJhJMfOf1H-Tc38FxLNN6hqebpfdFVzgps&_nc_sid=b66105&_nc_ht=video.forn3-6.fna.fbcdn.net&_nc_ohc=VJYi-U7V0nMQ7kNvwEXoKOL&efg=eyJ2ZW5jb2RlX3RhZyI6Inhwdl9wcm9ncmVzc2l2ZS5WSV9VU0VDQVNFX1BST0RVQ1RfVFlQRS4uQzMuNzIwLmRhc2hfaDI2NC1iYXNpYy1nZW4yXzcyMHAiLCJ4cHZfYXNzZXRfaWQiOjIwODY0ODc2OTUyMzE5NTYsImFzc2V0X2FnZV9kYXlzIjoxMDgsInZpX3VzZWNhc2VfaWQiOjEwNzk5LCJkdXJhdGlvbl9zIjoyMiwidXJsZ2VuX3NvdXJjZSI6Ind3dyJ9&ccb=17-1&vs=5a96c57517e3421e&_nc_vs=HBksFQIYRWZiX2VwaGVtZXJhbC81MDQwNEJBMjZEMkNGRTI2RUE5MDE4RUI5NEMwMkFBNl9tdF8xX3ZpZGVvX2Rhc2hpbml0Lm1wNBUAAsgBEgAVAhhAZmJfcGVybWFuZW50LzBENEYwNUI0NEQ0NjZERjQzMERFNkJDRDREMjQzOUIyX2F1ZGlvX2Rhc2hpbml0Lm1wNBUCAsgBEgAoABgAGwKIB3VzZV9vaWwBMRJwcm9ncmVzc2l2ZV9yZWNpcGUBMRUAACaor7jeyOm0BxUCKAJDMywXQDcAAAAAAAAYGWRhc2hfaDI2NC1iYXNpYy1nZW4yXzcyMHARAHUAZd6oAQA&_nc_gid=k95U8dhLk1f9Cl8roh8Fyw&_nc_ss=7b289&_nc_map=urlgen_bucketless&_nc_zt=28&oh=00_AQINeh7vrCK6Nvgusb16kbImO92glXm9FrteyditmFZtJQ&oe=6AA6F0AE,https://www.facebook.com/ads/library/?id=1020863983959611,مختلف كريم,2026-09-09T09:25:22+00:00
2840653932960326,IQ,باربي فار,2026-05-24,108,0,108,"✨ بكج البشرة الزجاجية بسعر خيالي ✨ بنات، إذا كل ما تشوفين بشرة ناعمة وصافية تكولين ""شنو سرهم؟!"" 😭 وتعبتي من المنتجات اللي ما تنطي نتيجة واضحة… هذا البكج مسوي حتى تشوفين الفرق بنفسج 🔥 💛 غسول الحلزون كوزركس : ينظف البشرة بلطف ويشيل الدهون والأوساخ بدون ما ينشفها 👌 يحافظ على نعومة البشرة ويخليها مهيأة للعلاج 🤍 اسنس الحلزون كوزركس : سر النعومة الحقيقية ✨ يرمم البشرة، يقلل آثار الحبوب وينطي ترطيب عميق يخلي البشرة تلمع من الصحة 💛 كريم الحلزون كوزركس : يقفل الترطيب داخل البشرة ويخليها ممتلئة ومرتبة 💧 يساعد على تهدئة البشرة وينطي ملمس ناعم جداً 🤍 واقي الصبار كوزركس : يحمي من الشمس بدون دهون أو ثقل 🌿 يرطب وينطي إشراقة طبيعية حلوة 💫 ليش هذا البكج مختلف؟ لأن كل خطوة مكملة للثانية… تنظيف + ترميم + ترطيب + حماية 🔥 يعني مو بس تحسين مؤقت… تغيير فعلي بشكل البشرة 💸 السعر كان 56 ألف هسه صار 35 ألف فقط و ويا طن هدايا 🚚 الكمية محدودة، واللي تلحك أول هي تفوز 😭 #عناية_بالبشرة #بشرة_صافية #روتين #كوزركس #اكسبلور | (عرض) بكج الحلزون",https://barbiephar.com/products/offer-89,https://video.forn3-2.fna.fbcdn.net/o1/v/t2/f2/m366/AQM6ZkBUyl8yWzXTvnBwZlAZ6lZqPncYsjqqpAozFlXg9NXSvJEknasGE0UQRVRU98Jn0NrJRy0Ej2HO6Pyx8V7KiKLuCImH3ROwAGaKr2WKSQ.mp4?_nc_cat=103&_nc_oc=AdpHqls9jY2PikcIHSDNODzwn4aNKFBpozsYJHd6x0hCu-Me2pTzj32xeOmJylF8sWo&_nc_sid=b66105&_nc_ht=video.forn3-2.fna.fbcdn.net&_nc_ohc=svBTXlFL260Q7kNvwEV7zws&efg=eyJ2ZW5jb2RlX3RhZyI6Inhwdl9wcm9ncmVzc2l2ZS5WSV9VU0VDQVNFX1BST0RVQ1RfVFlQRS4uQzMuNzIwLmRhc2hfaDI2NC1iYXNpYy1nZW4yXzcyMHAiLCJ4cHZfYXNzZXRfaWQiOjEwMDMwNzIyMDg3NjI4NTMsImFzc2V0X2FnZV9kYXlzIjoxMDgsInZpX3VzZWNhc2VfaWQiOjEwNzk5LCJkdXJhdGlvbl9zIjoyNywidXJsZ2VuX3NvdXJjZSI6Ind3dyJ9&ccb=17-1&vs=b686ec31e1d5653c&_nc_vs=HBksFQIYRWZiX2VwaGVtZXJhbC9BMDRBQTk1MjE4QUYzMUJDMDc3NkU1MjAzRTE3OEU5Q19tdF8xX3ZpZGVvX2Rhc2hpbml0Lm1wNBUAAsgBEgAVAhhAZmJfcGVybWFuZW50Lzc3NEI3NDAyMTU1RTQ4QkY0REZCMTc3MzY0N0U0NUFDX2F1ZGlvX2Rhc2hpbml0Lm1wNBUCAsgBEgAoABgAGwKIB3VzZV9vaWwBMRJwcm9ncmVzc2l2ZV9yZWNpcGUBMRUAACbK3_-qvpLIAxUCKAJDMywXQDuIcrAgxJwYGWRhc2hfaDI2NC1iYXNpYy1nZW4yXzcyMHARAHUAZd6oAQA&_nc_gid=k95U8dhLk1f9Cl8roh8Fyw&_nc_ss=7b289&_nc_map=urlgen_bucketless&_nc_zt=28&oh=00_AQLuxNdOI-QeHNQbyPj_34qGMhC4uqfldNH4KkL8PHtzvg&oe=6AA71145,https://www.facebook.com/ads/library/?id=2840653932960326,مختلف كريم,2026-09-09T09:25:22+00:00
1311740797750091,LB,Softskin By Secretreza,2026-05-27,105,0,105,بدون شعر بدون وجع 💗 مع جهاز الليزر Secretreza البريطاني الاصلي 🇬🇧 👈🏼 احصلي عليه بأقل سعر لهذا العام ميزات اصدار الخط الاحمر ( redline edition ) ‌‎🧊 يحتوي على نظام التبريد الثلجي ‌‎⚡️ نظام الضربات السريع ‌‎💥 فعالية اكثر ‌‎♾ عدد ضربات لا محدودة ‌‌‏🇬🇧 بريطاني الصنع ‌‎💯ضمان ٥ سنوات ‌‎🚚 توصيل مجاني ⚠️ ملاحظة مهمة⚠️: للتمييز بين الأصلي والمقلد يرجى الانتباه على شعار واسم شركة سيكريت ريزا و خط الجودة الأحمر على الاصدار الجديد 2134 | جهاز ازالة الشعر من المنزل 💗 | استخدام كامل للجسم، بما في ذلك منطقة البيكيني 🌹,https://www.secretreza.com/,https://video.forn3-5.fna.fbcdn.net/o1/v/t2/f2/m366/AQMOTQd_Cq0t243SmMKTKJWeJc9CH2Uboe618EQap4e3sdGzVTDlzk5RUrS_06_vGgOzxNoy5IfTj0hXwCWGmARVZ5yqzV9J8NgA8bEJrWCGUg.mp4?_nc_cat=111&_nc_oc=AdqcUlsTRwl75ApGryZbyu4tXeFIuk5DB3xFJtOU_qMomls3tIpNcvbwojqWex2VUgM&_nc_sid=b66105&_nc_ht=video.forn3-5.fna.fbcdn.net&_nc_ohc=YUOxuozXGsUQ7kNvwF2FF53&efg=eyJ2ZW5jb2RlX3RhZyI6Inhwdl9wcm9ncmVzc2l2ZS5WSV9VU0VDQVNFX1BST0RVQ1RfVFlQRS4uQzMuNzIwLmRhc2hfaDI2NC1iYXNpYy1nZW4yXzcyMHAiLCJ4cHZfYXNzZXRfaWQiOjIyNjg5ODE0OTM1ODI0NjEsImFzc2V0X2FnZV9kYXlzIjoyNjksInZpX3VzZWNhc2VfaWQiOjEwNzk5LCJkdXJhdGlvbl9zIjo1NCwidXJsZ2VuX3NvdXJjZSI6Ind3dyJ9&ccb=17-1&vs=7f920c2579240c77&_nc_vs=HBksFQIYRWZiX2VwaGVtZXJhbC9EQjQ1MTVEQTYxM0E5NkVERTYwNDVDNzhFOEY1N0I4Nl9tdF8xX3ZpZGVvX2Rhc2hpbml0Lm1wNBUAAsgBEgAVAhhAZmJfcGVybWFuZW50Lzc1NDY1NTM5NkYyNkU0NUNFMjExNTQ2OEZDRTdDMkEzX2F1ZGlvX2Rhc2hpbml0Lm1wNBUCAsgBEgAoABgAGwKIB3VzZV9vaWwBMRJwcm9ncmVzc2l2ZV9yZWNpcGUBMRUAACb6qeq-jeiHCBUCKAJDMywXQEtiDEm6XjUYGWRhc2hfaDI2NC1iYXNpYy1nZW4yXzcyMHARAHUAZd6oAQA&_nc_gid=tToGkDDO9ez-VbyZlLW-DQ&_nc_ss=7a289&_nc_map=urlgen_bucketless&_nc_zt=28&oh=00_AQLnw8IrPtkMfhW1q2oN9SMzZgESzNbZdb7seOXr4o0zvg&oe=6AA723CD,https://www.facebook.com/ads/library/?id=1311740797750091,شعر وجع جهاز,2026-09-09T10:36:14+00:00
2049458529007537,LB,Softskin By Secretreza,2026-05-27,105,0,105,بدون شعر بدون وجع 💗 مع جهاز الليزر Secretreza البريطاني الاصلي 🇬🇧 👈🏼 احصلي عليه بأقل سعر لهذا العام ميزات اصدار الخط الاحمر ( redline edition ) ‌‎🧊 يحتوي على نظام التبريد الثلجي ‌‎⚡️ نظام الضربات السريع ‌‎💥 فعالية اكثر ‌‎♾ عدد ضربات لا محدودة ‌‌‏🇬🇧 بريطاني الصنع ‌‎💯ضمان ٥ سنوات ‌‎🚚 توصيل مجاني ⚠️ ملاحظة مهمة⚠️: للتمييز بين الأصلي والمقلد يرجى الانتباه على شعار واسم شركة سيكريت ريزا و خط الجودة الأحمر على الاصدار الجديد 2134 | جهاز ازالة الشعر من المنزل 💗 | استخدام كامل للجسم، بما في ذلك منطقة البيكيني 🌹,https://www.secretreza.com/,https://video.forn3-5.fna.fbcdn.net/o1/v/t2/f2/m366/AQMqsyGLdusHWBNVV-g4KhjmuboydBRz1la3WNGLFwPpvcZPb65qjFSYIQVNVasK9CwPnuHGSpmrlxfjM0tzlIe5URrxcop_b9OK_V6siBmyxA.mp4?_nc_cat=103&_nc_oc=AdpNX99_miURqDh_5keL-DnUTxRmF15WSyL9EN7gBw893pt3cpz_FUuqO13EtlAYkYw&_nc_sid=b66105&_nc_ht=video.forn3-5.fna.fbcdn.net&_nc_ohc=ep1RcX5NHykQ7kNvwGFmTet&efg=eyJ2ZW5jb2RlX3RhZyI6Inhwdl9wcm9ncmVzc2l2ZS5WSV9VU0VDQVNFX1BST0RVQ1RfVFlQRS4uQzMuNzIwLmRhc2hfaDI2NC1iYXNpYy1nZW4yXzcyMHAiLCJ4cHZfYXNzZXRfaWQiOjkwMzY2OTU3ODY1NjY2OCwiYXNzZXRfYWdlX2RheXMiOjI2OSwidmlfdXNlY2FzZV9pZCI6MTA3OTksImR1cmF0aW9uX3MiOjU0LCJ1cmxnZW5fc291cmNlIjoid3d3In0%3D&ccb=17-1&vs=f1d4e11ffe013f91&_nc_vs=HBksFQIYRWZiX2VwaGVtZXJhbC8xRDQ0MkFFMjQwREMzQTU3Q0JDRDdBMEE3NTRGMUQ5Ml9tdF8xX3ZpZGVvX2Rhc2hpbml0Lm1wNBUAAsgBEgAVAhhAZmJfcGVybWFuZW50L0JFNDU3RTY2MTM2MkYzNzNFRTZDNUIzMDMwQUFCNEFFX2F1ZGlvX2Rhc2hpbml0Lm1wNBUCAsgBEgAoABgAGwKIB3VzZV9vaWwBMRJwcm9ncmVzc2l2ZV9yZWNpcGUBMRUAACa4rteDv_iaAxUCKAJDMywXQEtiDEm6XjUYGWRhc2hfaDI2NC1iYXNpYy1nZW4yXzcyMHARAHUAZd6oAQA&_nc_gid=gnM_oy7-Lmz36cIMDwCO5A&_nc_ss=7a289&_nc_map=urlgen_bucketless&_nc_zt=28&oh=00_AQL-n1oyUZA_v3nyOE9Om9JAlr45w2D4E6UYQuJ3uMMq2g&oe=6AA6F019,https://www.facebook.com/ads/library/?id=2049458529007537,شعر وجع جهاز,2026-09-09T10:36:14+00:00
962686929907638,EG,Brand More,2026-05-28,104,0,104,"كلنا مهم عندنا المنظر العام لينا وعشان كده بنهتم بحلاقة شعرنا والذقن ، وعشان كده وفرنالك ماكينة حلاقة 071 vgr ✅ , هتوفر عليك وقت كتير عند الحلاق وفلوس اكتر والماكينة عليها خصم لمدة 48 ساعة 🔥 الحق اطلب العرض قبل الكمية ما تخلص : https://bit.ly/3N0BufX ✅ فيها سرعتين، بمجرد ما تدوس علي زرار ON بتشتغل معاك علي السرعة الأولي العادية والمؤشر بينور ضوء أحمر، ولما تدوس تاني بتديك السرعة التانية الأسرع والمؤشر بينور ضوء أخضر ا✅ لماكينة لحلاقة الشعر والدقن تقدر تستخدمها لحلاقة زيرو. ✅ معاها 3 أمشاط ب 3 مستويات حلاقة (1،2،3 مم) تقدر تركبهم علي الماكينة لو مش عاوز حلاقة زيرو هتخليك تحلق بسهولة وبسرعة، و سهلة التنضيف و الإستخدام. ✅ معاها زيت تحط منه علي الماكينة كل 3 أو 4 مرات إستخدام ، وتشغلها علشان تتزيت و تسهل عليك. ✅ بتتشحن بوصلة USB وبعدها تقدر تستخدمها في أي مكان ✅ ليها مكان تتعلق منه علشان تحافظ عليها، و كفر لتغطية الشفرة للأمان، صغيرة وخفيفة وسهل تتحكم فيها. ✅ وقت الشحن المؤشر بينور أحمر، ولما تكتمل الشحن المؤشر بينور أخضر ✅ الجسم ماكينة الحلاقة من المعدن المقاوم للصدأ. | خصم 50 % 🔥 علي العرض فقط بسعر 499 ج بدلا من 1000 ج الحق اطلب العرض قبل الكمية ما تخلص 🔥",https://toqyoo.easy-orders.net/products/makyn-hlak-saar-stanls-styl-vgr-v071mn-albrak,https://video.forn3-2.fna.fbcdn.net/o1/v/t2/f2/m366/AQP8MsaRjyekCrvX0lMIYAAKY13myRLkDS68exj19m2JnMasjpE4iIXx9D4dZ6tRpjvrC7r-4z8TKm3uqHyOsnDheJas82N7uthEiaIqIa7yjg.mp4?_nc_cat=108&_nc_oc=AdpLxIW5PA7VdmevKTo7c2ECBEuJ84LbKdM3lZX7jSxPjRzDb2I6J3dA3deVlKx5shU&_nc_sid=b66105&_nc_ht=video.forn3-2.fna.fbcdn.net&_nc_ohc=Ngvv4OTocEoQ7kNvwHTJHf8&efg=eyJ2ZW5jb2RlX3RhZyI6Inhwdl9wcm9ncmVzc2l2ZS5WSV9VU0VDQVNFX1BST0RVQ1RfVFlQRS4uQzMuNzIwLmRhc2hfaDI2NC1iYXNpYy1nZW4yXzcyMHAiLCJ4cHZfYXNzZXRfaWQiOjY2ODI0ODY2Mjk3MzEzOCwiYXNzZXRfYWdlX2RheXMiOjM2MywidmlfdXNlY2FzZV9pZCI6MTA3OTksImR1cmF0aW9uX3MiOjI4LCJ1cmxnZW5fc291cmNlIjoid3d3In0%3D&ccb=17-1&vs=5599a4bbd7cb7850&_nc_vs=HBksFQIYRWZiX2VwaGVtZXJhbC9DRDQzQUYwOTVEMDJERDczNDg5NDkxMDIzNDZFMzlCRl9tdF8xX3ZpZGVvX2Rhc2hpbml0Lm1wNBUAAsgBEgAVAhhAZmJfcGVybWFuZW50L0VENDBFQkZBRjRENjZEMDgyOTdBRTUxQzBDNEE5NTkwX2F1ZGlvX2Rhc2hpbml0Lm1wNBUCAsgBEgAoABgAGwKIB3VzZV9vaWwBMRJwcm9ncmVzc2l2ZV9yZWNpcGUBMRUAACak6-zCmPGvAhUCKAJDMywXQDzVP3ztkWgYGWRhc2hfaDI2NC1iYXNpYy1nZW4yXzcyMHARAHUAZd6oAQA&_nc_gid=Ia66e7EFccwOL_HGvQijQw&_nc_ss=7b289&_nc_map=urlgen_bucketless&_nc_zt=28&oh=00_AQLdrW10rBScGwPWI0943LB_O3RYBFJHZUzcHPk389haBA&oe=6AA70F80,https://www.facebook.com/ads/library/?id=962686929907638,ساعة العرض اللي,2026-09-09T09:16:22+00:00
1475966753722018,AE,Vivaluxviv01,2026-05-28,104,0,104,💑 ساعات كوارتز مربعة للعشاق - رمز للحب والارتباط!​ ❤️ للعشاق فقط!​ ساعات تطابق للزوجين​ - رمز للحب​ وذكرى جميلة! 💞 🌟 لماذا تختار هذه الساعات العاطفية؟ تصميم متطابق:​ ساعتان متشابهتان​ للرجل والمرأة. 👫 رمز الحب:​ تعبير عن الارتباط​ والعلاقة الخاصة. 💖 هدية مثالية:​ للعيد، الخطوبة، الذكرى السنوية. 🎁 تغليف فاخر:​ علبة هدايا​ رومانسية. 🎀 | ⏰ عرض محدود: متبقي 01:59:50 ساعة​,https://ae.shinesha.com/detail/7TqTLuy1Pabwo6cjLkNp?utm_content={{campaign.id}}&from=facebook&adset_id={{adset.id}}&ad_id={{ad.id}}&opt_id=633996,https://video.forn3-1.fna.fbcdn.net/o1/v/t2/f2/m366/AQMk9rCAUQhFD_vIMqoa96I_5f1dTXp-ykDMKIMVLKv4VDoPuS4zdA8R_b30Eg8JJn7NpKihGxxg82VwwYiEwR37YMghi1M1HlTkDi_jjhfzbw.mp4?_nc_cat=101&_nc_oc=Adqwmc1EXsNeN-IbNR7xGF7_BuHDCNOyGQ6xWCd6iC5zYPmmoRLqnXYoU4p02mQK3x4&_nc_sid=b66105&_nc_ht=video.forn3-1.fna.fbcdn.net&_nc_ohc=7__4WP8aTCwQ7kNvwHCkqmT&efg=eyJ2ZW5jb2RlX3RhZyI6Inhwdl9wcm9ncmVzc2l2ZS5WSV9VU0VDQVNFX1BST0RVQ1RfVFlQRS4uQzMuNzIwLmRhc2hfaDI2NC1iYXNpYy1nZW4yXzcyMHAiLCJ4cHZfYXNzZXRfaWQiOjE1MzUyNzA4MjE2NjA4ODgsImFzc2V0X2FnZV9kYXlzIjoxMDQsInZpX3VzZWNhc2VfaWQiOjEwMTM5LCJkdXJhdGlvbl9zIjoxNywidXJsZ2VuX3NvdXJjZSI6Ind3dyJ9&ccb=17-1&vs=fd6c455dfd53616e&_nc_vs=HBksFQIYRWZiX2VwaGVtZXJhbC8yNzQ2ODQwQThBMDcwQzhBMUMxMDA0NTY0MzI3MjZCQ19tdF8xX3ZpZGVvX2Rhc2hpbml0Lm1wNBUAAsgBEgAVAhhAZmJfcGVybWFuZW50L0IyNDY4OTY4N0Y5NzZBQTk1MDUwMjUyNENDNUFFOEE0X2F1ZGlvX2Rhc2hpbml0Lm1wNBUCAsgBEgAoABgAGwKIB3VzZV9vaWwBMRJwcm9ncmVzc2l2ZV9yZWNpcGUBMRUAACawo6z_wpS6BRUCKAJDMywXQDEZmZmZmZoYGWRhc2hfaDI2NC1iYXNpYy1nZW4yXzcyMHARAHUAZbaeAQA&_nc_gid=mmmJP-XbQzaW-urb5sHRGA&_nc_ss=7a289&_nc_map=urlgen_bucketless&_nc_zt=28&oh=00_AQKY2xo1unzdRUlSBnZCRGoaRdec9pyy5c1-ZJBn480O9A&oe=6AA70CFF,https://www.facebook.com/ads/library/?id=1475966753722018,لمدة ساعة العرض,2026-09-09T09:15:50+00:00
878841035236707,LB,Softskin By Secretreza,2026-05-27,104,0,104,⁨ ⁨ سر بياض باطي 🙄🤌🏽 ‏‎للطلب 👇 ‏‎ : 👈 ‪‪@softbysecretreza‬‬ ‏‎ استعمل كود الخصم Sarah22 من خلال اللنك الموجود في البايو⁩⁩ | جهاز ازالة الشعر من المنزل 💗 | استخدام كامل للجسم، بما في ذلك منطقة البيكيني 🌹,http://secretreza.com/,https://video.forn3-1.fna.fbcdn.net/o1/v/t2/f2/m367/AQOauFZV-r0b8dTdIaXAVg99lK4pTBu_Va2es3KPNPnCa56ZgTUXM7y42GGmujMoX6d3k8cIa2F7iZ8E68UC82tp6KSkGIcWcXo1ar4.mp4?_nc_cat=111&_nc_oc=AdrcD7PFAopmlFmWIhaKdSdbjYQsMvakOmspdH--6XEHrh2X8iW8YvSVl5p2DK9cMmQ&_nc_sid=b66105&_nc_ht=video.forn3-1.fna.fbcdn.net&_nc_ohc=bdzlUxtugKMQ7kNvwHuNKtX&efg=eyJ2ZW5jb2RlX3RhZyI6Inhwdl9wcm9ncmVzc2l2ZS5WSV9VU0VDQVNFX1BST0RVQ1RfVFlQRS4uQzMuNzIwLmRhc2hfYmFzZWxpbmVfMV92MSIsInhwdl9hc3NldF9pZCI6MTI5MzczODgxODgxOTU1MywiYXNzZXRfYWdlX2RheXMiOjQ0NSwidmlfdXNlY2FzZV9pZCI6MTAwOTksImR1cmF0aW9uX3MiOjY5LCJ1cmxnZW5fc291cmNlIjoid3d3In0%3D&ccb=17-1&vs=b8785b3204372826&_nc_vs=HBksFQIYQGlnX2VwaGVtZXJhbC85MDRGNTM3ODc1MzYyQkI0MjA1NTU2NzE4NUQ1REZBQ192aWRlb19kYXNoaW5pdC5tcDQVAALIARIAFQIYR2lnX3hwdl9yZWVsc19wZXJtYW5lbnRfc3JfcHJvZC8xMjQ4MTk3MTkwNDIxNjg2XzU4NzYwODM3OTU2MzAwMDc0MDMubXA0FQICyAESACgAGAAbAogHdXNlX29pbAExEnByb2dyZXNzaXZlX3JlY2lwZQExFQAAJsLX0qvBqcwEFQIoAkMzLBdAUWqfvnbItBgSZGFzaF9iYXNlbGluZV8xX3YxEQB1AGXmnQEA&_nc_gid=EShJslbhpe6hl_ErCeMz9g&_nc_ss=7b289&_nc_map=urlgen_bucketless&_nc_zt=28&oh=00_AQLlnpTkh8sjocJwxJc2ljS6l66Q2n_CeaQUPuQ5zee1FQ&oe=6AA6C7F8,https://www.facebook.com/ads/library/?id=878841035236707,تقرحات ما بعد إزالة الشعر,2026-09-09T06:03:36+00:00
27218909287795505,LB,Softskin By Secretreza,2026-05-27,104,0,104,بدون شعر بدون وجع 💗 مع جهاز الليزر Secretreza البريطاني الاصلي 🇬🇧 👈🏼 احصلي عليه بأقل سعر لهذا العام ميزات اصدار الخط الاحمر ( redline edition ) ‌‎🧊 يحتوي على نظام التبريد الثلجي ‌‎⚡️ نظام الضربات السريع ‌‎💥 فعالية اكثر ‌‎♾ عدد ضربات لا محدودة ‌‌‏🇬🇧 بريطاني الصنع ‌‎💯ضمان ٥ سنوات ‌‎🚚 توصيل مجاني ⚠️ ملاحظة مهمة⚠️: للتمييز بين الأصلي والمقلد يرجى الانتباه على شعار واسم شركة سيكريت ريزا و خط الجودة الأحمر على الاصدار الجديد 2134 | جهاز ازالة الشعر من المنزل 💗 | استخدام كامل للجسم، بما في ذلك منطقة البيكيني 🌹,https://www.secretreza.com/,https://video.forn3-2.fna.fbcdn.net/o1/v/t2/f2/m366/AQN6xVHJCXrATInn1NforxMHXmltLFdUxvVoE-PtP10O0mAifZjcsi2RsNx6wE1FHv0M-3l4G6L7C48sJbQf7mAXgu3WcpaDXeqEyUZ2Mt8L3g.mp4?_nc_cat=102&_nc_oc=Adrvn0YjiegwAkxGpMlUzYQOy0qwNebKtw0A0izSlLLmM9ViGf1PLAsfOFE8XnTcx_k&_nc_sid=b66105&_nc_ht=video.forn3-2.fna.fbcdn.net&_nc_ohc=y0fSzci0tPoQ7kNvwFXfdJd&efg=eyJ2ZW5jb2RlX3RhZyI6Inhwdl9wcm9ncmVzc2l2ZS5WSV9VU0VDQVNFX1BST0RVQ1RfVFlQRS4uQzMuNzIwLmRhc2hfaDI2NC1iYXNpYy1nZW4yXzcyMHAiLCJ4cHZfYXNzZXRfaWQiOjE3NzA3ODcwMzM1NjcyMDgsImFzc2V0X2FnZV9kYXlzIjoyNjksInZpX3VzZWNhc2VfaWQiOjEwNzk5LCJkdXJhdGlvbl9zIjo1NCwidXJsZ2VuX3NvdXJjZSI6Ind3dyJ9&ccb=17-1&vs=9cb1282d454b96b0&_nc_vs=HBksFQIYRWZiX2VwaGVtZXJhbC82MTQyOTUyMDFDNzUyNjA3QjdERjNCQTE4MEMzMDg5MF9tdF8xX3ZpZGVvX2Rhc2hpbml0Lm1wNBUAAsgBEgAVAhhAZmJfcGVybWFuZW50L0MyNEY4NUFCNjVGNUJBRDIxMjYyOTY0RTc2N0U1QUEwX2F1ZGlvX2Rhc2hpbml0Lm1wNBUCAsgBEgAoABgAGwKIB3VzZV9vaWwBMRJwcm9ncmVzc2l2ZV9yZWNpcGUBMRUAACbQv97Br6GlBhUCKAJDMywXQEtiDEm6XjUYGWRhc2hfaDI2NC1iYXNpYy1nZW4yXzcyMHARAHUAZd6oAQA&_nc_gid=EShJslbhpe6hl_ErCeMz9g&_nc_ss=7b289&_nc_map=urlgen_bucketless&_nc_zt=28&oh=00_AQKV8CLASEhleQXYtPVggV8d0CrckjSB0XoGYhMBkzU_Bw&oe=6AA6E2EE,https://www.facebook.com/ads/library/?id=27218909287795505,تقرحات ما بعد إزالة الشعر,2026-09-09T06:03:36+00:00
1308075757587657,LB,Softskin By Secretreza,2026-05-27,104,0,104,بدون شعر بدون وجع 💗 مع جهاز الليزر Secretreza البريطاني الاصلي 🇬🇧 👈🏼 احصلي عليه بأقل سعر لهذا العام ميزات اصدار الخط الاحمر ( redline edition ) ‌‎🧊 يحتوي على نظام التبريد الثلجي ‌‎⚡️ نظام الضربات السريع ‌‎💥 فعالية اكثر ‌‎♾ عدد ضربات لا محدودة ‌‌‏🇬🇧 بريطاني الصنع ‌‎💯ضمان ٥ سنوات ‌‎🚚 توصيل مجاني ⚠️ ملاحظة مهمة⚠️: للتمييز بين الأصلي والمقلد يرجى الانتباه على شعار واسم شركة سيكريت ريزا و خط الجودة الأحمر على الاصدار الجديد 2134 | جهاز ازالة الشعر من المنزل 💗 | استخدام كامل للجسم، بما في ذلك منطقة البيكيني 🌹,https://www.secretreza.com/,https://video.forn3-1.fna.fbcdn.net/o1/v/t2/f2/m366/AQMlIFOA_4uhyenHacE3iADtmn1t4ys3MuC8tiR9UxRUIQW5-8roiGgXFYcsz274I4IX_ZMSpFQCPFN0zCYxO2RVNoBNJbYIaA3h9IJrTQS3sw.mp4?_nc_cat=106&_nc_oc=Adqx4nBhdk-HkBhHHX4Vks1YTM7J5lVaglj0mXoDc4toMJcDaNtWTrLvUHQKig-Fn78&_nc_sid=b66105&_nc_ht=video.forn3-1.fna.fbcdn.net&_nc_ohc=8iq7iZg_igoQ7kNvwHOPcOe&efg=eyJ2ZW5jb2RlX3RhZyI6Inhwdl9wcm9ncmVzc2l2ZS5WSV9VU0VDQVNFX1BST0RVQ1RfVFlQRS4uQzMuNzIwLmRhc2hfaDI2NC1iYXNpYy1nZW4yXzcyMHAiLCJ4cHZfYXNzZXRfaWQiOjI0ODU3ODc3ODEwNTM2MjY5LCJhc3NldF9hZ2VfZGF5cyI6MzE4LCJ2aV91c2VjYXNlX2lkIjoxMDc5OSwiZHVyYXRpb25fcyI6NDIsInVybGdlbl9zb3VyY2UiOiJ3d3cifQ%3D%3D&ccb=17-1&vs=8444066e00218c9&_nc_vs=HBksFQIYRWZiX2VwaGVtZXJhbC85RDQ4MkY1QTczMDA1OEZFMjY5RDdBNTFGMDEwODVCM19tdF8xX3ZpZGVvX2Rhc2hpbml0Lm1wNBUAAsgBEgAVAhhAZmJfcGVybWFuZW50LzA2NEEyMDJFMzhFMTQ4ODQzOTIyRDA4QUEzQkRDQ0E0X2F1ZGlvX2Rhc2hpbml0Lm1wNBUCAsgBEgAoABgAGwKIB3VzZV9vaWwBMRJwcm9ncmVzc2l2ZV9yZWNpcGUBMRUAACaa_aKM9oaoWBUCKAJDMywXQEVMzMzMzM0YGWRhc2hfaDI2NC1iYXNpYy1nZW4yXzcyMHARAHUAZd6oAQA&_nc_gid=EShJslbhpe6hl_ErCeMz9g&_nc_ss=7b289&_nc_map=urlgen_bucketless&_nc_zt=28&oh=00_AQLJPeK-mBCMM9lmGt3BbQAteYqQbNxFaawbRY9FDrEhxg&oe=6AA6C8DA,https://www.facebook.com/ads/library/?id=1308075757587657,تقرحات ما بعد إزالة الشعر,2026-09-09T06:03:36+00:00
2035350523721680,LB,Softskin By Secretreza,2026-05-27,104,0,104,بدون شعر بدون وجع 💗 مع جهاز الليزر Secretreza البريطاني الاصلي 🇬🇧 👈🏼 احصلي عليه بأقل سعر لهذا العام ميزات اصدار الخط الاحمر ( redline edition ) ‌‎🧊 يحتوي على نظام التبريد الثلجي ‌‎⚡️ نظام الضربات السريع ‌‎💥 فعالية اكثر ‌‎♾ عدد ضربات لا محدودة ‌‌‏🇬🇧 بريطاني الصنع ‌‎💯ضمان ٥ سنوات ‌‎🚚 توصيل مجاني ⚠️ ملاحظة مهمة⚠️: للتمييز بين الأصلي والمقلد يرجى الانتباه على شعار واسم شركة سيكريت ريزا و خط الجودة الأحمر على الاصدار الجديد 2134 | جهاز ازالة الشعر من المنزل 💗 | استخدام كامل للجسم، بما في ذلك منطقة البيكيني 🌹,https://www.secretreza.com/,https://video.forn3-5.fna.fbcdn.net/o1/v/t2/f2/m366/AQPuDibc-FbH8XRKFd4emQi34m3xe23wqKHCGIMTQVfQUogQfpvKHgOs9MITJo05u89IumlK8VTzvIgs5J-GCR4spFmpjoD3aMLAmH0WEXodbw.mp4?_nc_cat=110&_nc_oc=Adp6hoQNc4uIHpj0PYr9BEYctVeR9NOgrVqT1JjdnsA9WLE2GO7iLVkJ1Wy8llj_F_4&_nc_sid=b66105&_nc_ht=video.forn3-5.fna.fbcdn.net&_nc_ohc=pTwNEWNrUvcQ7kNvwFBJX6d&efg=eyJ2ZW5jb2RlX3RhZyI6Inhwdl9wcm9ncmVzc2l2ZS5WSV9VU0VDQVNFX1BST0RVQ1RfVFlQRS4uQzMuNzIwLmRhc2hfaDI2NC1iYXNpYy1nZW4yXzcyMHAiLCJ4cHZfYXNzZXRfaWQiOjgzNjIyODIyODk0MjY3NSwiYXNzZXRfYWdlX2RheXMiOjMxOCwidmlfdXNlY2FzZV9pZCI6MTA3OTksImR1cmF0aW9uX3MiOjY0LCJ1cmxnZW5fc291cmNlIjoid3d3In0%3D&ccb=17-1&vs=41fc7c1a7ec95a18&_nc_vs=HBksFQIYRWZiX2VwaGVtZXJhbC9GNzQ1NkZGNzZCNzU2QkFCMzhDQ0FFMTU3OUE0NDM4OV9tdF8xX3ZpZGVvX2Rhc2hpbml0Lm1wNBUAAsgBEgAVAhhAZmJfcGVybWFuZW50LzkzNDgzREQzQzZEMjNDN0NGMUFGODI3RDIwMDdDMEEwX2F1ZGlvX2Rhc2hpbml0Lm1wNBUCAsgBEgAoABgAGwKIB3VzZV9vaWwBMRJwcm9ncmVzc2l2ZV9yZWNpcGUBMRUAACamrczo8aL8AhUCKAJDMywXQFA7tkWhysEYGWRhc2hfaDI2NC1iYXNpYy1nZW4yXzcyMHARAHUAZd6oAQA&_nc_gid=Ejo4no-ZwMlTGP0C3Ffblg&_nc_ss=7b289&_nc_map=urlgen_bucketless&_nc_zt=28&oh=00_AQKC9-Sow_0pJ5lk8bFfOQHYQ3CVO4kLP8Fg0d4QyeYddw&oe=6AA6C21A,https://www.facebook.com/ads/library/?id=2035350523721680,تقرحات ما بعد إزالة الشعر,2026-09-09T06:03:36+00:00
999089556036323,LB,Softskin By Secretreza,2026-05-27,104,0,104,بدون شعر بدون وجع 💗 مع جهاز الليزر Secretreza البريطاني الاصلي 🇬🇧 👈🏼 احصلي عليه بأقل سعر لهذا العام ميزات اصدار الخط الاحمر ( redline edition ) ‌‎🧊 يحتوي على نظام التبريد الثلجي ‌‎⚡️ نظام الضربات السريع ‌‎💥 فعالية اكثر ‌‎♾ عدد ضربات لا محدودة ‌‌‏🇬🇧 بريطاني الصنع ‌‎💯ضمان ٥ سنوات ‌‎🚚 توصيل مجاني ⚠️ ملاحظة مهمة⚠️: للتمييز بين الأصلي والمقلد يرجى الانتباه على شعار واسم شركة سيكريت ريزا و خط الجودة الأحمر على الاصدار الجديد 2134 | جهاز ازالة الشعر من المنزل 💗 | استخدام كامل للجسم، بما في ذلك منطقة البيكيني 🌹,https://www.secretreza.com/,https://video.forn3-6.fna.fbcdn.net/o1/v/t2/f2/m366/AQMYEGmUAcj4RrUsF1Fl1Ml7wMQhMTJpj7ty5RIDVZwq5x4RvE4mNO41fOQdDWNnbpDiGzqZjW8_bh578nbRIJNT_Nh0eAflPLX6ys1mYu8Tng.mp4?_nc_cat=101&_nc_oc=Adpg_d_pXGlcIv-YkFoPBi491_9nB77Y9BPh-jVYjv714ngb_wM_t5gFME0xFBBeK6w&_nc_sid=b66105&_nc_ht=video.forn3-6.fna.fbcdn.net&_nc_ohc=1BTSl3yLSSEQ7kNvwHA5deX&efg=eyJ2ZW5jb2RlX3RhZyI6Inhwdl9wcm9ncmVzc2l2ZS5WSV9VU0VDQVNFX1BST0RVQ1RfVFlQRS4uQzMuNzIwLmRhc2hfaDI2NC1iYXNpYy1nZW4yXzcyMHAiLCJ4cHZfYXNzZXRfaWQiOjMzMTAxOTM4MDkxMjc2OTYsImFzc2V0X2FnZV9kYXlzIjozMTgsInZpX3VzZWNhc2VfaWQiOjEwNzk5LCJkdXJhdGlvbl9zIjo1MywidXJsZ2VuX3NvdXJjZSI6Ind3dyJ9&ccb=17-1&vs=d8b83994397b6ba7&_nc_vs=HBksFQIYRWZiX2VwaGVtZXJhbC9GQjRGMUMyMEU0RDZENkNCQ0QyMjgxRjc2MDJEM0Q4Nl9tdF8xX3ZpZGVvX2Rhc2hpbml0Lm1wNBUAAsgBEgAVAhhAZmJfcGVybWFuZW50L0Q1NEM1NUU5QjhGQ0IzMDI1ODY2MzgwNEU5QTk1REEzX2F1ZGlvX2Rhc2hpbml0Lm1wNBUCAsgBEgAoABgAGwKIB3VzZV9vaWwBMRJwcm9ncmVzc2l2ZV9yZWNpcGUBMRUAACag5Ivi0abhCxUCKAJDMywXQErAAAAAAAAYGWRhc2hfaDI2NC1iYXNpYy1nZW4yXzcyMHARAHUAZd6oAQA&_nc_gid=Ejo4no-ZwMlTGP0C3Ffblg&_nc_ss=7b289&_nc_map=urlgen_bucketless&_nc_zt=28&oh=00_AQKte-JFPrHs3yB8QlGcaXgbaMusFyVA5Q7Tr6uXsJxapQ&oe=6AA6C357,https://www.facebook.com/ads/library/?id=999089556036323,تقرحات ما بعد إزالة الشعر,2026-09-09T06:03:36+00:00
2140919103149809,TN,Movo.tn,2026-05-29,103,0,103,✨ مُنعّم القدم الكهربائي – نعومة فورية ولمسة عناية فاخرة ✨ لأن قدميكِ تستحقان أفضل عناية، جهاز تنعيم القدم الكهربائي بيقدملك حل عملي وسريع للتخلص من الجلد الميت والخشونة في دقائق، ومن غير تعب أو مجهود 👌 استمتعي بأقدام ناعمة ومظهر أنيق طول الوقت، وكأنكِ خارجة للتو من جلسة عناية احترافية، لكن من راحة بيتك. 💎 تصميم عصري وأنيق يجمع بين الشكل الراقي والأداء القوي. 💎 تقشير فعال وآمن يزيل الجلد الميت بلطف من غير ما يسبب تهيج للبشرة. 💎 نتائج فورية من أول استخدام لنعومة واضحة وملمس مخملي. ✅ المميزات: يزيل الجلد الميت والتشققات بسهولة. يمنح القدمين نعومة ومظهر صحي. سهل الاستخدام وخفيف في اليد. مناسب للاستخدام المنزلي اليومي. يوفر وقت وتكلفة جلسات العناية بالقدمين. ⭐ مثالي لـ: علاج خشونة الكعبين. العناية اليومية بالقدمين. تجهيز القدم قبل المناسبات أو الصيف. | ⚠️ اشتري من هنا وخلي ساقيك مزيانين ⚠️ | ⭐⭐⭐⭐⭐(4.9/5),https://movo.tn/product/munaawm-lqdm-lkhrby-y,https://video.forn3-2.fna.fbcdn.net/o1/v/t2/f2/m366/AQN2Gh_LzYwwR9lESgehjALBtZZodQyOJWh9A10Etcf6kSVVNwC0N-6mk1rclx8qZNeNS-6s4KGTWm9MARiH5_tNk_2E0Sox40qB9FkI8ZblnA.mp4?_nc_cat=100&_nc_oc=Ado3d24q3sgXnPSTAjb8GTqs04J52op0VaFRDByDbwwGsq3OoF_4Yujx2oFGjMK9ZJs&_nc_sid=b66105&_nc_ht=video.forn3-2.fna.fbcdn.net&_nc_ohc=3ljcYKPO1iUQ7kNvwG0rKCI&efg=eyJ2ZW5jb2RlX3RhZyI6Inhwdl9wcm9ncmVzc2l2ZS5WSV9VU0VDQVNFX1BST0RVQ1RfVFlQRS4uQzMuNzIwLmRhc2hfaDI2NC1iYXNpYy1nZW4yXzcyMHAiLCJ4cHZfYXNzZXRfaWQiOjM0NzgzODQzMjc3ODk2NjMwLCJhc3NldF9hZ2VfZGF5cyI6MTY1LCJ2aV91c2VjYXNlX2lkIjoxMDc5OSwiZHVyYXRpb25fcyI6MjgsInVybGdlbl9zb3VyY2UiOiJ3d3cifQ%3D%3D&ccb=17-1&vs=708542e093c3a89b&_nc_vs=HBksFQIYRWZiX2VwaGVtZXJhbC8xNjQxRTEwMUQxOTJEMTUyRERENUNFNTUwQzY4RUJBQ19tdF8xX3ZpZGVvX2Rhc2hpbml0Lm1wNBUAAsgBEgAVAhhAZmJfcGVybWFuZW50Lzc4NEYyQjAzRTBBMkQ5N0ZENDgyRUZBNTQ1Mjk4OTkwX2F1ZGlvX2Rhc2hpbml0Lm1wNBUCAsgBEgAoABgAGwKIB3VzZV9vaWwBMRJwcm9ncmVzc2l2ZV9yZWNpcGUBMRUAACbs7oPok-7JexUCKAJDMywXQDzmZmZmZmYYGWRhc2hfaDI2NC1iYXNpYy1nZW4yXzcyMHARAHUAZd6oAQA&_nc_gid=L_Ueg4MIXOk-Zk2tjrkBBg&_nc_ss=7b289&_nc_map=urlgen_bucketless&_nc_zt=28&oh=00_AQLE59UaR77sZsAel2LLAmTjVPxY3dq5AlHhu8FVnTGtEA&oe=6AA6F84C,https://www.facebook.com/ads/library/?id=2140919103149809,بيتك جهاز,2026-09-09T10:58:58+00:00
2540566283033243,TN,PerfEx,2026-05-30,102,0,102,تلوج على climatiseur يبرّدلك في الصيف ويدفّيك في الشتاء وبسوم ما يتصدقش؟ 🥶🔥 جهاز واحد يجمعلك كل شي: 📉 بأقل سوم في تونس! 🇹🇳 ⚡ اقتصادي في الضوء وما يكلّفش الفاتورة ❄️ نسمة باردة ومنعشة في الصيف 🔥 تدفئة فورية وسريعة في الشتاء 🔇 هادئ وصامت، لا حس ولا ضجيج 🛠️ يركب في دقيقة وحدك (ما تستحقش تكنسيان) 🎮 يجي معاه commande للتحكم عن بعد 👇 أنزل Commander لوطة 📞 اكتب اسمك ونمروك 🚚 واحنا نوصلولك لباب الدار,https://perfex.tn/product/mini-climatiseur-et-chauffage?utm_medium=%7B%7Bcampaign.name%7D%7D&utm_campaign=%7B%7Badset.name%7D%7D&utm_content=%7B%7Bad.name%7D%7D&+ad_id=%7B%7Bad.id%7D%7D&%0A+adset_id=%7B%7Badset.id%7D%7D&%0A+campaign_id=%7B%7Bcampaign.id%7D%7D&%0A+placement=%7B%7Bplacement%7D%7D&%0A+site_source_name=%7B%7Bsite_source_name%7D%7D&%0A+cuid=mpt0vchi1ynrcu3vl,https://video.forn3-2.fna.fbcdn.net/o1/v/t2/f2/m366/AQMAoeo4Og1puY9wim8jbABH_WzULjWgMYiw6_WZ6p1LNOFTvTJUCZmTawxhhnF7VFExVKd-dSTDomBc_gvSb7Er5YM1b06kvVLA_ckRNsrxCw.mp4?_nc_cat=110&_nc_oc=AdruDBrQQV5oSzBHiT8jjAOtbu6ws2mnXC0W1TAtuB5UG_TAV04h_ScR03SAm-8hopY&_nc_sid=b66105&_nc_ht=video.forn3-2.fna.fbcdn.net&_nc_ohc=mWDJmP9ZX24Q7kNvwEBmDa9&efg=eyJ2ZW5jb2RlX3RhZyI6Inhwdl9wcm9ncmVzc2l2ZS5WSV9VU0VDQVNFX1BST0RVQ1RfVFlQRS4uQzMuNzIwLmRhc2hfaDI2NC1iYXNpYy1nZW4yXzcyMHAiLCJ4cHZfYXNzZXRfaWQiOjk4OTE3OTk0MzgxMTczNCwiYXNzZXRfYWdlX2RheXMiOjEwMiwidmlfdXNlY2FzZV9pZCI6MTAxMjIsImR1cmF0aW9uX3MiOjMyLCJ1cmxnZW5fc291cmNlIjoid3d3In0%3D&ccb=17-1&vs=700fae4a511ae59a&_nc_vs=HBksFQIYRWZiX2VwaGVtZXJhbC82ODRDQzM1ODE5QUY0QUQ5QTFGNjdBQUY0NzBERjU5OV9tdF8xX3ZpZGVvX2Rhc2hpbml0Lm1wNBUAAsgBEgAVAhhAZmJfcGVybWFuZW50L0I5NDdCOTY5QTc4RkExQ0U5MkM3QzJFNTAyMjQzOUFBX2F1ZGlvX2Rhc2hpbml0Lm1wNBUCAsgBEgAoABgAGwKIB3VzZV9vaWwBMRJwcm9ncmVzc2l2ZV9yZWNpcGUBMRUAACas6tvy7OnBAxUCKAJDMywXQEAqn752yLQYGWRhc2hfaDI2NC1iYXNpYy1nZW4yXzcyMHARAHUAZZSeAQA&_nc_gid=L_Ueg4MIXOk-Zk2tjrkBBg&_nc_ss=7b289&_nc_map=urlgen_bucketless&_nc_zt=28&oh=00_AQJmjitErUB_ta56iZkZA2-8r2aAAiV0AlWUJD1Li52VFA&oe=6AA6FDEE,https://www.facebook.com/ads/library/?id=2540566283033243,بيتك جهاز,2026-09-09T10:58:58+00:00
1647100859860200,TN,PerfEx,2026-05-30,102,0,102,بأقل سوم في تونس وبأقل استهلاك ضو! 🇹🇳⚡📉 الـ climatiseur هذا يبرد في الصيف ويسخن في الشتاء.. جهاز واحد والراحة مضمونة : 📉 بأقل سوم في تونس! 🇹🇳 ⚡ اقتصادي في الضوء وما يكلّفش الفاتورة ❄️ نسمة باردة ومنعشة في الصيف 🔥 تدفئة فورية وسريعة في الشتاء 🔇 هادئ وصامت، لا حس ولا ضجيج 🛠️ يركب في دقيقة وحدك (ما تستحقش تكنسيان) 🎮 يجي معاه Télécommande للتحكّم عن بعد وأنت مرتاح. 👇 أنزل Commander لوطة 📞 اكتب اسمك ونمروك 🚚 واحنا نوصلولك لباب الدار,https://perfex.tn/product/mini-climatiseur-et-chauffage?utm_medium=%7B%7Bcampaign.name%7D%7D&utm_campaign=%7B%7Badset.name%7D%7D&utm_content=%7B%7Bad.name%7D%7D&+ad_id=%7B%7Bad.id%7D%7D&%0A+adset_id=%7B%7Badset.id%7D%7D&%0A+campaign_id=%7B%7Bcampaign.id%7D%7D&%0A+placement=%7B%7Bplacement%7D%7D&%0A+site_source_name=%7B%7Bsite_source_name%7D%7D&%0A+cuid=mpt0vchi1ynrcu3vl,https://video.forn3-2.fna.fbcdn.net/o1/v/t2/f2/m366/AQN1sA1phNZDEHU1stKjq4qEg5XSg5yvho8AFAaeWLFnHd1tnxa82NbyLFNzbTkE4gH-5yiQnqdzXh7JALK-ac_gxe67p0OC9f2yxk-0n4f1zA.mp4?_nc_cat=103&_nc_oc=AdqD6ABrS0tld9ACGt5a_TRrnMTdHvVo14GMRxS7Xbqgju_-ff2S8eKxN8YqZPogfwo&_nc_sid=b66105&_nc_ht=video.forn3-2.fna.fbcdn.net&_nc_ohc=tV9p1MwM7DkQ7kNvwF1qMSp&efg=eyJ2ZW5jb2RlX3RhZyI6Inhwdl9wcm9ncmVzc2l2ZS5WSV9VU0VDQVNFX1BST0RVQ1RfVFlQRS4uQzMuNzIwLmRhc2hfaDI2NC1iYXNpYy1nZW4yXzcyMHAiLCJ4cHZfYXNzZXRfaWQiOjM5MTY4NjcxNzUyODU0OTgsImFzc2V0X2FnZV9kYXlzIjoxMDEsInZpX3VzZWNhc2VfaWQiOjEwMTIyLCJkdXJhdGlvbl9zIjozMSwidXJsZ2VuX3NvdXJjZSI6Ind3dyJ9&ccb=17-1&vs=ac4a7cfd5ea16cdd&_nc_vs=HBksFQIYRWZiX2VwaGVtZXJhbC8xQjRCOTNEMTRDMDREQUUxMzJFRjM2OTA3QjU5RDA4N19tdF8xX3ZpZGVvX2Rhc2hpbml0Lm1wNBUAAsgBEgAVAhhAZmJfcGVybWFuZW50L0QzNDNGREQ0RjFGQTdENEIwN0M3OUQzMjQ3RjI0MEEwX2F1ZGlvX2Rhc2hpbml0Lm1wNBUCAsgBEgAoABgAGwKIB3VzZV9vaWwBMRJwcm9ncmVzc2l2ZV9yZWNpcGUBMRUAACb0i-zJ1pf1DRUCKAJDMywXQD_mZmZmZmYYGWRhc2hfaDI2NC1iYXNpYy1nZW4yXzcyMHARAHUAZZSeAQA&_nc_gid=L_Ueg4MIXOk-Zk2tjrkBBg&_nc_ss=7b289&_nc_map=urlgen_bucketless&_nc_zt=28&oh=00_AQJuDqH1o6rEB8Z1m3bRbbzh_8his99cIqr0XfuW45L99Q&oe=6AA701D9,https://www.facebook.com/ads/library/?id=1647100859860200,بيتك جهاز,2026-09-09T10:58:58+00:00
987369563702914,TN,Mhaf,2026-05-30,102,0,102,✨ استعيدي الثقة وتمتعي بتجربة زوجية أقوى مع جهاز تقوية عضلات الحوض! ✅ متعة مضاعفة وعلاقة أطول ✅ تنشيط الدورة الدموية ✅ شد للبطن والأرداف بسهولة. جربيه اليوم وكوني بأفضل حالاتك! بش تعدي كومند إبعثلنا نوروك و عنوانك في ميساج أو إتصل بنا على الرقم @[246889238418185:+216 93 850 605] التوصيل لكامل تراب الجمهورية | ✅تمتعي بتجربة زوجية أقوى | Avis clients ⭐⭐⭐⭐⭐(4.9/5),https://mhaf.tn/product/459476,https://video.forn3-6.fna.fbcdn.net/o1/v/t2/f2/m366/AQMCBlLK6icQE8K_0Ptmmef73psJKmVvBmKNDfws_EriHh05FLOMeywhpMVjyy1HSZk1oZPEOVX4hN9OYW6mNxmJtfXSf2MhcC_HRGGtUoAV1Q.mp4?_nc_cat=108&_nc_oc=AdrbhZ5To8iZ4_pHGMnsY0Ah5-LjgFzddMPOiqhudzlWNoVcm0dXo8WmVJ7DJTISOBo&_nc_sid=b66105&_nc_ht=video.forn3-6.fna.fbcdn.net&_nc_ohc=PkZ7fVzwZTcQ7kNvwEC1lpM&efg=eyJ2ZW5jb2RlX3RhZyI6Inhwdl9wcm9ncmVzc2l2ZS5WSV9VU0VDQVNFX1BST0RVQ1RfVFlQRS4uQzMuNTc2LmRhc2hfaDI2NC1iYXNpYy1nZW4yXzcyMHAiLCJ4cHZfYXNzZXRfaWQiOjgwNzYwMzM4NTA5OTY0MCwiYXNzZXRfYWdlX2RheXMiOjM4NiwidmlfdXNlY2FzZV9pZCI6MTA3OTksImR1cmF0aW9uX3MiOjEwLCJ1cmxnZW5fc291cmNlIjoid3d3In0%3D&ccb=17-1&vs=88ad754461043b2b&_nc_vs=HBksFQIYRWZiX2VwaGVtZXJhbC80NTQwNThCODhEQUE5NUJDMEQ5ODMyQjMzNzA0RDk5QV9tdF8xX3ZpZGVvX2Rhc2hpbml0Lm1wNBUAAsgBEgAVAhhAZmJfcGVybWFuZW50LzFDNEQwMTczNzdGRkYyQTJCRkUzOUIyODJCRDI2RUIyX2F1ZGlvX2Rhc2hpbml0Lm1wNBUCAsgBEgAoABgAGwKIB3VzZV9vaWwBMRJwcm9ncmVzc2l2ZV9yZWNpcGUBMRUAACbwlZuO2qDvAhUCKAJDMywXQCV3S8an754YGWRhc2hfaDI2NC1iYXNpYy1nZW4yXzcyMHARAHUAZd6oAQA&_nc_gid=UKF2e1A1SmKNfEzKolIi8Q&_nc_ss=7b289&_nc_map=urlgen_bucketless&_nc_zt=28&oh=00_AQJr7APZBxuhGk7HXsfZ5PCuD6mpKqif2Pgh8DfiHI53hA&oe=6AA701CC,https://www.facebook.com/ads/library/?id=987369563702914,بيتك جهاز,2026-09-09T10:58:58+00:00
1882999499053179,MA,Painva كريم غضروف القرش,2026-05-30,102,0,102,غير ب 49 درهم اكتشف راحة الجسم مع كريم غضروف القرش | الحل بين يديك,https://sahara-para.youcan.store/pages/painvana49,https://video.forn3-1.fna.fbcdn.net/o1/v/t2/f2/m366/AQPl09s6tFSXa2Bq-WUcaxxLWxpo0lCP3BJoHZtBMl4kgHOdmybn9CuRSluUUbyDAAuYbyiQikrF8pui3jBkhOooA0_3fnzizn67QpfT97-mpw.mp4?_nc_cat=102&_nc_oc=AdpEDPsxYMgab8xBVsyri0KY8F0lcBKjtTOjhTNBqyRq79RgPVr33DetQkl_ZhlNIek&_nc_sid=b66105&_nc_ht=video.forn3-1.fna.fbcdn.net&_nc_ohc=vCUajOANTSoQ7kNvwG2VlCu&efg=eyJ2ZW5jb2RlX3RhZyI6Inhwdl9wcm9ncmVzc2l2ZS5WSV9VU0VDQVNFX1BST0RVQ1RfVFlQRS4uQzMuNzIwLmRhc2hfaDI2NC1iYXNpYy1nZW4yXzcyMHAiLCJ4cHZfYXNzZXRfaWQiOjE5MDA5NjczNTc0Njg3MzYsImFzc2V0X2FnZV9kYXlzIjoyNjcsInZpX3VzZWNhc2VfaWQiOjEwNzk5LCJkdXJhdGlvbl9zIjozMSwidXJsZ2VuX3NvdXJjZSI6Ind3dyJ9&ccb=17-1&vs=b4f56d81c5457b51&_nc_vs=HBksFQIYRWZiX2VwaGVtZXJhbC9EOTQ5OEJGNUIxNjZFMzYxQTg1NzVBQ0U3Nzg3QjU5RF9tdF8xX3ZpZGVvX2Rhc2hpbml0Lm1wNBUAAsgBEgAVAhhAZmJfcGVybWFuZW50LzEzNDkzRDBERkVEOUQyMzIzRkY0QTczODlBNDhBNkJFX2F1ZGlvX2Rhc2hpbml0Lm1wNBUCAsgBEgAoABgAGwKIB3VzZV9vaWwBMRJwcm9ncmVzc2l2ZV9yZWNpcGUBMRUAACaAwZLB7rrgBhUCKAJDMywXQD-AAAAAAAAYGWRhc2hfaDI2NC1iYXNpYy1nZW4yXzcyMHARAHUAZd6oAQA&_nc_gid=QDqwVFK8iWAdXqFniXjKCw&_nc_ss=7b289&_nc_map=urlgen_bucketless&_nc_zt=28&oh=00_AQLLYMUNLmwteZeD0n3CuEjSP7Bt8nDFyL5KJ-6C_x_oTg&oe=6AA6E8CA,https://www.facebook.com/ads/library/?id=1882999499053179,كريم العرقسوس هو الحل,2026-09-09T09:01:47+00:00
918755801185176,LB,Softskin By Secretreza,2026-05-31,101,0,101,بدون ألم وبدون شعر 💗 مع جهاز الليزر البريطاني الأصلي Secretreza 🇬🇧 ✨ احصلي عليه الآن بأفضل سعر لهذا العام! مميزات إصدار الخط الأحمر (Redline Edition): 🧊 مزود بنظام تبريد ثلجي مريح للبشرة ⚡️ جلسة كاملة في أقل من 10 دقائق بفضل نظام النبضات السريعة 💥 قوة فعالة تصل إلى 21 جول لنتائج أسرع وأوضح ♾ عدد نبضات غير محدود 🇬🇧 صناعة بريطانية أصلية 💯 ضمان لمدة 5 سنوات 🚚 توصيل مجاني إلى باب المنزل | جهاز ازالة الشعر من المنزل 💗 | استخدام كامل للجسم، بما في ذلك منطقة البيكيني 🌹,http://secretreza.com/,https://video.forn3-6.fna.fbcdn.net/o1/v/t2/f2/m366/AQP3iSiu-DVIb5vG5pmpvR7rF5whzEQDu_b1pR48-mkqFrzByfSXgxmoW7HTL8lZQHvkI8e_CJWt5NE_VJIirw_JR9pwJXMUieH6TlidfdzohA.mp4?_nc_cat=104&_nc_oc=AdowsljPUoRjN2H8mgYmTiWYPykej8rjTETakTa0hPMBVBupZLiz5yRq75-XWum84eg&_nc_sid=b66105&_nc_ht=video.forn3-6.fna.fbcdn.net&_nc_ohc=7TzBLXmGbW4Q7kNvwFJAWuS&efg=eyJ2ZW5jb2RlX3RhZyI6Inhwdl9wcm9ncmVzc2l2ZS5WSV9VU0VDQVNFX1BST0RVQ1RfVFlQRS4uQzMuNzIwLmRhc2hfaDI2NC1iYXNpYy1nZW4yXzcyMHAiLCJ4cHZfYXNzZXRfaWQiOjI3MzA4NTExODk1NDcxMTIxLCJhc3NldF9hZ2VfZGF5cyI6MTAwLCJ2aV91c2VjYXNlX2lkIjoxMDc5OSwiZHVyYXRpb25fcyI6MjYsInVybGdlbl9zb3VyY2UiOiJ3d3cifQ%3D%3D&ccb=17-1&vs=14504de0a1c66817&_nc_vs=HBksFQIYRWZiX2VwaGVtZXJhbC9FNTRCMEIyMjYzNDUxQjkwQzAxMzdDOEUzN0E3NzFCRF9tdF8xX3ZpZGVvX2Rhc2hpbml0Lm1wNBUAAsgBEgAVAhhAZmJfcGVybWFuZW50LzgxNEM5RkQ1NkI0N0NFRDdDNUFGOTM3RjM2NTU1RUI0X2F1ZGlvX2Rhc2hpbml0Lm1wNBUCAsgBEgAoABgAGwKIB3VzZV9vaWwBMRJwcm9ncmVzc2l2ZV9yZWNpcGUBMRUAACaikP7tzLyCYRUCKAJDMywXQDrVP3ztkWgYGWRhc2hfaDI2NC1iYXNpYy1nZW4yXzcyMHARAHUAZd6oAQA&_nc_gid=tToGkDDO9ez-VbyZlLW-DQ&_nc_ss=7a289&_nc_map=urlgen_bucketless&_nc_zt=28&oh=00_AQL9DQ-sAtAwkffsS-TuxnlDFc5fKc8pLXGBw0HND0TSkQ&oe=6AA7181C,https://www.facebook.com/ads/library/?id=918755801185176,شعر وجع جهاز,2026-09-09T10:36:14+00:00
4521758471440798,KW,Elovara,2026-06-01,100,0,100,【جهاز تدليك بطن متعدد الوظائف】 🌀 تقنية تدليك بطن تاي تشي - رأسا تدليك يدوران باتجاهين معاكسين، يحاكي تدليك وضغط ودفع التدليك الصيني التقليدي 🔥 تسخين ثابت بالغرافين - تحكم حراري ثلاثي الدرجات 40-50°م، يعزز دورة الدم البطنية، يخفف برودة الرحم وعدم راحة المعدة والأمعاء 🎵 تشغيل هادئ غير محسوس - محرك صامت + هيكل تخفيف اهتزاز، عناية خفية أثناء العمل أو الراحة، لا يزعج الآخرين 🔋 عمل لاسلكي طويل المدى - شحن ساعتين يعمل 10 مرات، مع حقيبة تخزين محمولة مجانية، يرافق في السفر 👉 مناسب لمن يعانون من انتفاخ البطن بسبب الجلوس الطويل، عسر الهضم، عدم راحة الدورة الشهرية، واستعادة ما بعد الولادة، 15 دقيقة يومياً تستعيد بطناً خفيفاً!,https://v.elovara.com/product/v8gzip4fkz?i=ldewtuqz7y,https://video.forn3-1.fna.fbcdn.net/o1/v/t2/f2/m366/AQMEZ9XtNKO4MNnV3bRYYxr5sV7vPmfqisTyoKavYE7one2gkviQaiUgVCHjOwbnvu14UYwardP-Mf_Xvc5rUOdXewd0tLLjXd73UoEFopiKkA.mp4?_nc_cat=108&_nc_oc=Adr5E6ifdXL9sXo2lPjT2TIBibM0l7giMy51c8VQSr5cN9WWA8naNsw_S3oAdtWXYKw&_nc_sid=b66105&_nc_ht=video.forn3-1.fna.fbcdn.net&_nc_ohc=FJKTc-qNH58Q7kNvwFlDVhQ&efg=eyJ2ZW5jb2RlX3RhZyI6Inhwdl9wcm9ncmVzc2l2ZS5WSV9VU0VDQVNFX1BST0RVQ1RfVFlQRS4uQzMuNTQwLmRhc2hfaDI2NC1iYXNpYy1nZW4yXzcyMHAiLCJ4cHZfYXNzZXRfaWQiOjEyMTE3MDcwNzQyNjQ0MjIsImFzc2V0X2FnZV9kYXlzIjoyNDAsInZpX3VzZWNhc2VfaWQiOjEwNzk5LCJkdXJhdGlvbl9zIjo1NCwidXJsZ2VuX3NvdXJjZSI6Ind3dyJ9&ccb=17-1&vs=60cfabf31841e09c&_nc_vs=HBksFQIYRWZiX2VwaGVtZXJhbC9EMzQ1NzYyNDYzOTM3QkM0Q0Y5NzgyQkUyMkI0QzFCNF9tdF8xX3ZpZGVvX2Rhc2hpbml0Lm1wNBUAAsgBEgAVAhhAZmJfcGVybWFuZW50L0QwNEVCOEUxMDEwMjI0RUIwQjQ0MTVGNkQ2RUU0M0E5X2F1ZGlvX2Rhc2hpbml0Lm1wNBUCAsgBEgAoABgAGwKIB3VzZV9vaWwBMRJwcm9ncmVzc2l2ZV9yZWNpcGUBMRUAACbM9d2b0YKnBBUCKAJDMywXQEtmZmZmZmYYGWRhc2hfaDI2NC1iYXNpYy1nZW4yXzcyMHARAHUAZd6oAQA&_nc_gid=GDXuhxSObAYqJ1hxQjipXA&_nc_ss=7b289&_nc_map=urlgen_bucketless&_nc_zt=28&oh=00_AQIwRWlTMUQ_3Z109JMaGbZpxP1ZSMD6l8G1HEkuf3WjyA&oe=6AA6F718,https://www.facebook.com/ads/library/?id=4521758471440798,جهاز تحكم,2026-09-09T11:07:13+00:00
1155318596754167,LB,Softskin By Secretreza,2026-05-31,100,0,100,بدون ألم وبدون شعر 💗 مع جهاز الليزر البريطاني الأصلي Secretreza 🇬🇧 ✨ احصلي عليه الآن بأفضل سعر لهذا العام! مميزات إصدار الخط الأحمر (Redline Edition): 🧊 مزود بنظام تبريد ثلجي مريح للبشرة ⚡️ جلسة كاملة في أقل من 10 دقائق بفضل نظام النبضات السريعة 💥 قوة فعالة تصل إلى 21 جول لنتائج أسرع وأوضح ♾ عدد نبضات غير محدود 🇬🇧 صناعة بريطانية أصلية 💯 ضمان لمدة 5 سنوات 🚚 توصيل مجاني إلى باب المنزل | جهاز ازالة الشعر من المنزل 💗 | استخدام كامل للجسم، بما في ذلك منطقة البيكيني 🌹,http://secretreza.com/,https://video.forn3-2.fna.fbcdn.net/o1/v/t2/f2/m366/AQMkD2GXj-JgjKb_0AmFx4AmNzCYAzeC82gsCtzFUFpvn7zGPo2zxvFueObd8HLLlWL3YiJZfn4yvJf8ZN141xFEywdBDQui4nE_w-QCFEM7Cw.mp4?_nc_cat=111&_nc_oc=AdqFM1sZe4Ye6xp-WHV5nv7GblbchGSAGO5gUdmIwHIa6JCiyrJv0OFviBr2HrFXS70&_nc_sid=b66105&_nc_ht=video.forn3-2.fna.fbcdn.net&_nc_ohc=Q_HwPgf3RNEQ7kNvwGK1rB7&efg=eyJ2ZW5jb2RlX3RhZyI6Inhwdl9wcm9ncmVzc2l2ZS5WSV9VU0VDQVNFX1BST0RVQ1RfVFlQRS4uQzMuNzIwLmRhc2hfaDI2NC1iYXNpYy1nZW4yXzcyMHAiLCJ4cHZfYXNzZXRfaWQiOjEwMzQ2MTk0MjIzMjIxNzcsImFzc2V0X2FnZV9kYXlzIjoxMDAsInZpX3VzZWNhc2VfaWQiOjEwNzk5LCJkdXJhdGlvbl9zIjo4LCJ1cmxnZW5fc291cmNlIjoid3d3In0%3D&ccb=17-1&vs=31ced8bec9f5fbff&_nc_vs=HBksFQIYRWZiX2VwaGVtZXJhbC8xNjRGNTExOUJCQUIxQkJGQ0Q0ODA0MkM4RTRGOUE4OV9tdF8xX3ZpZGVvX2Rhc2hpbml0Lm1wNBUAAsgBEgAVAhhAZmJfcGVybWFuZW50LzlENDI3OUJGNEI3OTEwQUZFNjE3QTk4NzJFOTcwNUEyX2F1ZGlvX2Rhc2hpbml0Lm1wNBUCAsgBEgAoABgAGwKIB3VzZV9vaWwBMRJwcm9ncmVzc2l2ZV9yZWNpcGUBMRUAACaCuKmy477WAxUCKAJDMywXQCHul41P3zsYGWRhc2hfaDI2NC1iYXNpYy1nZW4yXzcyMHARAHUAZd6oAQA&_nc_gid=EShJslbhpe6hl_ErCeMz9g&_nc_ss=7b289&_nc_map=urlgen_bucketless&_nc_zt=28&oh=00_AQKzU_JreCfLhhvT3WNxgZNX-4-S7FTiMEKqcbm6cdxl4g&oe=6AA6C031,https://www.facebook.com/ads/library/?id=1155318596754167,تقرحات ما بعد إزالة الشعر,2026-09-09T06:03:36+00:00
2061824237700111,LB,Softskin By Secretreza,2026-05-31,100,0,100,بدون ألم وبدون شعر 💗 مع جهاز الليزر البريطاني الأصلي Secretreza 🇬🇧 ✨ احصلي عليه الآن بأفضل سعر لهذا العام! مميزات إصدار الخط الأحمر (Redline Edition): 🧊 مزود بنظام تبريد ثلجي مريح للبشرة ⚡️ جلسة كاملة في أقل من 10 دقائق بفضل نظام النبضات السريعة 💥 قوة فعالة تصل إلى 21 جول لنتائج أسرع وأوضح ♾️ عدد نبضات غير محدود 🇬🇧 صناعة بريطانية أصلية 💯 ضمان لمدة 5 سنوات 🚚 توصيل مجاني إلى باب المنزل | جهاز ازالة الشعر من المنزل 💗 | استخدام كامل للجسم، بما في ذلك منطقة البيكيني 🌹,http://secretreza.com/,https://video.forn3-6.fna.fbcdn.net/o1/v/t2/f2/m366/AQN59ML04kF8fmmgw2av9wQUHvj_3WkibyHuIEPDDVm00k2ZsQOKKerOOFhtIL52kh2EDf8iyQVlDly3OGNk4mMVbsuNTu3cTbabdLp8voHTjQ.mp4?_nc_cat=108&_nc_oc=AdoUErpRdGyTwTBV5pWJ5HLMmvCkfEbMyf-3xjcr2naSUjURPyCzU8NsbahJ64fPAco&_nc_sid=b66105&_nc_ht=video.forn3-6.fna.fbcdn.net&_nc_ohc=g0KxZWB1SlkQ7kNvwFBlYT2&efg=eyJ2ZW5jb2RlX3RhZyI6Inhwdl9wcm9ncmVzc2l2ZS5WSV9VU0VDQVNFX1BST0RVQ1RfVFlQRS4uQzMuNzIwLmRhc2hfaDI2NC1iYXNpYy1nZW4yXzcyMHAiLCJ4cHZfYXNzZXRfaWQiOjEwMTczNzUyMzQxODg5NTAsImFzc2V0X2FnZV9kYXlzIjoxMDAsInZpX3VzZWNhc2VfaWQiOjEwNzk5LCJkdXJhdGlvbl9zIjoyMiwidXJsZ2VuX3NvdXJjZSI6Ind3dyJ9&ccb=17-1&vs=46d00eb99d2a0112&_nc_vs=HBksFQIYRWZiX2VwaGVtZXJhbC85ODRDNEVGREUyMDFFM0E3NTgxQjZGOEExOEEzOTVBM19tdF8xX3ZpZGVvX2Rhc2hpbml0Lm1wNBUAAsgBEgAVAhhAZmJfcGVybWFuZW50LzQ3NDM5MzM4MzMwMzFFQzhCNEQxOTM2OTQxMzI1M0I5X2F1ZGlvX2Rhc2hpbml0Lm1wNBUCAsgBEgAoABgAGwKIB3VzZV9vaWwBMRJwcm9ncmVzc2l2ZV9yZWNpcGUBMRUAACasmv-WhNPOAxUCKAJDMywXQDaqfvnbItEYGWRhc2hfaDI2NC1iYXNpYy1nZW4yXzcyMHARAHUAZd6oAQA&_nc_gid=Ejo4no-ZwMlTGP0C3Ffblg&_nc_ss=7b289&_nc_map=urlgen_bucketless&_nc_zt=28&oh=00_AQIBkhPtSvyGg0ZCYYQnDOTKztPWaExEgHFlKtkCxIgrOA&oe=6AA6D484,https://www.facebook.com/ads/library/?id=2061824237700111,تقرحات ما بعد إزالة الشعر,2026-09-09T06:03:36+00:00
968528329114663,KW,DotDrama-005,2026-06-03,98,0,98,بذل بدر الصيّاد قصارى جهده في تصميم ابتكارٍ فريد، وقدّمه لخطيبته كهدية لتنال التكريم من مجموعة الرجاء. لكن في لحظة التكريم، اكتشف بدر خيانتها الصادمة له. وبينما كان يواجه غدرها، حدث ما لم يكن في الحسبان؛ إذ تعرّف عليه رئيس المجموعة ليكتشف أنه ابنه الوحيد الذي فقده منذ سنوات طويلة... | تحميل ومشاهده الان,http://play.google.com/store/apps/details?id=com.vividshort.drama.vivid,https://video.forn3-5.fna.fbcdn.net/o1/v/t2/f2/m366/AQOn_qt6EC7WXauONe3SBEF6f4pDnE1o_iLEbVZ1UlOm4ZA7o0z-p7qNx-nkyFs6BqvTCadbl4_HQ-ppQtB_WSsMcbWWP_X9TAv8j9uzroRTJA.mp4?_nc_cat=110&_nc_oc=AdqrpwbK8XH-OfhchAhDagk7UAcLQG1IqZ89WFBK-kg0JOX7WMcu5AOAYJUw9Uj8kxM&_nc_sid=b66105&_nc_ht=video.forn3-5.fna.fbcdn.net&_nc_ohc=PPly93-6z7YQ7kNvwEO_4Fd&efg=eyJ2ZW5jb2RlX3RhZyI6Inhwdl9wcm9ncmVzc2l2ZS5WSV9VU0VDQVNFX1BST0RVQ1RfVFlQRS4uQzMuNzIwLmRhc2hfaDI2NC1iYXNpYy1nZW4yXzcyMHAiLCJ4cHZfYXNzZXRfaWQiOjE1MDU4NjM2MTQzNTIzMjEsImFzc2V0X2FnZV9kYXlzIjo5OCwidmlfdXNlY2FzZV9pZCI6MTAxMzksImR1cmF0aW9uX3MiOjkxNiwidXJsZ2VuX3NvdXJjZSI6Ind3dyJ9&ccb=17-1&vs=87c7017d9225147c&_nc_vs=HBksFQIYRWZiX2VwaGVtZXJhbC9FRDQ2MDlDRTAwNzUwMDk1ODk1QTdEQ0I4MzM0NzY4N19tdF8xX3ZpZGVvX2Rhc2hpbml0Lm1wNBUAAsgBEgAVAhhAZmJfcGVybWFuZW50L0FCNEEwNTFBOUExOEVCMzI1NTVBRjIwREIyMTBDNDlCX2F1ZGlvX2Rhc2hpbml0Lm1wNBUCAsgBEgAoABgAGwKIB3VzZV9vaWwBMRJwcm9ncmVzc2l2ZV9yZWNpcGUBMRUAACaCr4Kd5uSsBRUCKAJDMywXQIynMzMzMzMYGWRhc2hfaDI2NC1iYXNpYy1nZW4yXzcyMHARAHUAZbaeAQA&_nc_gid=LF9oxe1h20Ary9EjKTRJ5w&_nc_ss=7a289&_nc_map=urlgen_bucketless&_nc_zt=28&oh=00_AQIWV0-37IiI4lRVw0z5T8fs3xLXep6hQNqMXcOYp6Wj9A&oe=6AA713F2,https://www.facebook.com/ads/library/?id=968528329114663,المنزل جهاز,2026-09-09T10:56:37+00:00
1329202859150417,TN,Be Happy,2026-06-06,95,0,95,"LED 10 mètre rgb USB, Bluetooth Control + Télécommande ( 24 DT + 7 DT LIVRAISON ) | شريط إضاءة LED Smart 10M RGB – بدّل جوّ بيتك بلمسة من تليفونك! ✨ | طول: 10 أمتار (يمكن قصّه حسب الحاجة). نوع الإضاءة: RGB (ألوان متعددة متغيرة). طرق التحكم: تطبيق جوال (عبر Bluetooth/WiFi)، جهاز تحكم عن بعد (Télécommande)، أو زر تحكم يدوي. التوافق: يخدم على Android و iOS. المميزات: مؤقت (Timer) للإشعال والإطفاء التلقائي، وضعيات إضاءة مختلفة (Flash, Strobe, Smooth).",https://behappy.click/product/led-10-metre-rgb-usb-bluetooth-control-telecommande/,https://video.forn3-2.fna.fbcdn.net/o1/v/t2/f2/m366/AQPojxXabMTtQkS4Vvz3n1qqQ6dOTQLmpCIrbtaaBOsGBDc3zry5hic1KOAvn4VF1-681sQqOKyMMJxRC2Taa4l9HXcD6D_SaScqbK15ucD8jQ.mp4?_nc_cat=110&_nc_oc=Adr9rCTwH27cxahoXHQ7PjxvpbvoxoEMKwfQfe1M6lFRtpWyLdMIn6TrMve60Qd96yU&_nc_sid=b66105&_nc_ht=video.forn3-2.fna.fbcdn.net&_nc_ohc=Z_T1IZAw1WAQ7kNvwHkcpLu&efg=eyJ2ZW5jb2RlX3RhZyI6Inhwdl9wcm9ncmVzc2l2ZS5WSV9VU0VDQVNFX1BST0RVQ1RfVFlQRS4uQzMuNTc2LmRhc2hfaDI2NC1iYXNpYy1nZW4yXzcyMHAiLCJ4cHZfYXNzZXRfaWQiOjkxMDc2MjMzMTg1NjI5MSwiYXNzZXRfYWdlX2RheXMiOjE5MCwidmlfdXNlY2FzZV9pZCI6MTA3OTksImR1cmF0aW9uX3MiOjE4LCJ1cmxnZW5fc291cmNlIjoid3d3In0%3D&ccb=17-1&vs=6bad6cb7e97907f2&_nc_vs=HBksFQIYRWZiX2VwaGVtZXJhbC9GMDQ0MkY5MjIwQUQxODUxRTQxMTNFRTJFNTAzMkY5OV9tdF8xX3ZpZGVvX2Rhc2hpbml0Lm1wNBUAAsgBEgAVAhhAZmJfcGVybWFuZW50L0FGNDY4RDNDQTNBQzREN0Q1NjQ3RTJDRDVGQzJCOUIxX2F1ZGlvX2Rhc2hpbml0Lm1wNBUCAsgBEgAoABgAGwKIB3VzZV9vaWwBMRJwcm9ncmVzc2l2ZV9yZWNpcGUBMRUAACbG9p6UrJWeAxUCKAJDMywXQDKqfvnbItEYGWRhc2hfaDI2NC1iYXNpYy1nZW4yXzcyMHARAHUAZd6oAQA&_nc_gid=L_Ueg4MIXOk-Zk2tjrkBBg&_nc_ss=7b289&_nc_map=urlgen_bucketless&_nc_zt=28&oh=00_AQLFPAZZmGEEzNJWu-SQf4Ztp7XuCjPr76lb2f0FoE4F_Q&oe=6AA6FA76,https://www.facebook.com/ads/library/?id=1329202859150417,بيتك جهاز,2026-09-09T10:58:58+00:00
2097513780794854,SY,عيادة الدكتور محمد رشدان لجراحة الجهاز الهضمي و السمنة و المنظار ,2026-06-07,94,0,94,حل مشكلة ال #ارتداد_المريئي بعد فشل ثلاث عمليات سابقة والحمدلله تم حل المشكلة بعد اجراء العملية ب #المنظار لدى الدكتور. محمد رشدان✨ والحمدلله على سلامة مريضنا العزيز وسلامة جميع مرضانا الأعزاء✨ الدكتور. محمد رشدان✨ ▪ استشاري جراحة الجهاز الهضمي والسمنة والمنظار ▪ زميل كلية الجراحين الامريكية ▪ استاذ مشارك كلية الطب-الجامعة الاردنية للاستشاره الرجاء التواصل على الرقم : 0792333444 📍 موقع العيادة: المستشفى السعودي - العيادات الخارجية - الطابق 2 #الدكتور_محمد_رشدان #الجهاز_الهضمي #الجراحة_بالمنظار #جراحة_السمنة #خسارة_الوزن #أمراض_الجهاز_الهضمي #جراحات_السمنة #تكميم_المعدة #الاردن #تنزيل_وزن #تحويل_مسار #السمنة #التكميم #تنزيل_وزن_آمن_و_صحي,https://api.whatsapp.com/send,https://video.forn3-6.fna.fbcdn.net/o1/v/t2/f2/m366/AQPHXGNEY6AAYEvHncYHmRP74OlJ0qgukxVreyMRJhE5BPRG_JHoMgsKXxxziSth_AzZ1_20Gu22MDOpyfP_z4Awi4YpeJMnZoBzWy5vbtODRw.mp4?_nc_cat=103&_nc_oc=AdoRherOFNGQpoCrXepcpMEp3aNw29NALX4ChbSMEk9Id2z71DCq3WMJ8PSqSQ4nfAo&_nc_sid=b66105&_nc_ht=video.forn3-6.fna.fbcdn.net&_nc_ohc=WqLNzOBSgTcQ7kNvwEcRSgT&efg=eyJ2ZW5jb2RlX3RhZyI6Inhwdl9wcm9ncmVzc2l2ZS5WSV9VU0VDQVNFX1BST0RVQ1RfVFlQRS4uQzMuNzIwLmRhc2hfaDI2NC1iYXNpYy1nZW4yXzcyMHAiLCJ4cHZfYXNzZXRfaWQiOjg0OTczNjQ4MDkwMzkxMywiYXNzZXRfYWdlX2RheXMiOjExOSwidmlfdXNlY2FzZV9pZCI6MTA3OTksImR1cmF0aW9uX3MiOjgzLCJ1cmxnZW5fc291cmNlIjoid3d3In0%3D&ccb=17-1&vs=4c591c2f2ba04012&_nc_vs=HBksFQIYRWZiX2VwaGVtZXJhbC85QzRCRTgyQ0YwMkU3MDNGNTQ4NThFNUM0REE2RTVBRV9tdF8xX3ZpZGVvX2Rhc2hpbml0Lm1wNBUAAsgBEgAVAhhAZmJfcGVybWFuZW50LzhGNDYyQTBBRTk3Rjk1RTIyNzBFQTJDQjJDMzE4MkIwX2F1ZGlvX2Rhc2hpbml0Lm1wNBUCAsgBEgAoABgAGwKIB3VzZV9vaWwBMRJwcm9ncmVzc2l2ZV9yZWNpcGUBMRUAACbSy8aRlrWCAxUCKAJDMywXQFTHrhR64UgYGWRhc2hfaDI2NC1iYXNpYy1nZW4yXzcyMHARAHUAZd6oAQA&_nc_gid=BawTloXa5D_KJ22WPm3GEg&_nc_ss=7a289&_nc_map=urlgen_bucketless&_nc_zt=28&oh=00_AQL-LLfU3Tmi1C0agvvSNpEBd6Cq7bpPW40ET54KYv76aQ&oe=6AA70259,https://www.facebook.com/ads/library/?id=2097513780794854,استشاري الجهاز,2026-09-09T11:31:50+00:00
1544032424091805,SY,عيادة الدكتور محمد رشدان لجراحة الجهاز الهضمي و السمنة و المنظار ,2026-06-07,94,0,94,عملية تحويل المسار بطريقة الدكتور. محمد رشدان باستخدام المكابس الجراحية خلال 45 دقيقة فقط ..يعني (أسرع وأأمن وأدق)✨ الدكتور. محمد رشدان✨ ▪ استشاري جراحة الجهاز الهضمي والسمنة والمنظار ▪ زميل كلية الجراحين الامريكية ▪ استاذ مشارك كلية الطب-الجامعة الاردنية للاستشاره الرجاء التواصل على الرقم : 0792333444 📍 موقع العيادة: المستشفى السعودي - العيادات الخارجية - الطابق 2 #الدكتور_محمد_رشدان #الجهاز_الهضمي #الجراحة_بالمنظار #جراحة_السمنة #خسارة_الوزن #أمراض_الجهاز_الهضمي #جراحات_السمنة #تكميم_المعدة #الاردن #تنزيل_وزن #تحويل_مسار #السمنة #التكميم #تنزيل_وزن_آمن_و_صحي #تقنية_المغناطيس,https://api.whatsapp.com/send,https://video.forn3-6.fna.fbcdn.net/o1/v/t2/f2/m86/AQNCbovHo1W9RptcWwVWh4eBHShI9sYLI6cARCJQ-z58JlGgGyNSowQr_K1VYe-mIr2olpjGScT7g4pJpjSaUsM4f2GAub8SVr3DP48.mp4?_nc_cat=111&_nc_oc=AdrbYvuRCl7aMzgqlLsDw4HHSeUIeUGfwOy9_ya7oos-naqEUxPOfrca4LZYmZSugbc&_nc_sid=b66105&_nc_ht=video.forn3-6.fna.fbcdn.net&_nc_ohc=xYrdlkI2OL4Q7kNvwFVpnyD&efg=eyJ2ZW5jb2RlX3RhZyI6Inhwdl9wcm9ncmVzc2l2ZS5WSV9VU0VDQVNFX1BST0RVQ1RfVFlQRS4uQzMuNzIwLmRhc2hfYmFzZWxpbmVfMV92MSIsInhwdl9hc3NldF9pZCI6MTgwOTA4MjQ3NTMxNjA5MTgsImFzc2V0X2FnZV9kYXlzIjoxNzksInZpX3VzZWNhc2VfaWQiOjEyMzc0LCJkdXJhdGlvbl9zIjoyMSwidXJsZ2VuX3NvdXJjZSI6Ind3dyJ9&ccb=17-1&vs=5556be33334a16f&_nc_vs=HBksFQIYUmlnX3hwdl9yZWVsc19wZXJtYW5lbnRfc3JfcHJvZC9BNjRFMDBDRjg5MjEwRDZFQ0ZBNzAzNDBCNTNEM0I4OF92aWRlb19kYXNoaW5pdC5tcDQVAALIARIAFQIYUWlnX3hwdl9wbGFjZW1lbnRfcGVybWFuZW50X3YyLzcxNDk3MDNFN0FGQUU0NjAzQTI4N0FDQkRBNDk0MTkyX2F1ZGlvX2Rhc2hpbml0Lm1wNBUCAsgBEgAoABgAGwKIB3VzZV9vaWwBMRJwcm9ncmVzc2l2ZV9yZWNpcGUBMRUAACasi9nxy-CiQBUCKAJDMywXQDU7peNT988YEmRhc2hfYmFzZWxpbmVfMV92MREAdQBlrMEBAA&_nc_gid=BawTloXa5D_KJ22WPm3GEg&_nc_ss=7a289&_nc_map=urlgen_bucketless&_nc_zt=28&oh=00_AQLl1j4pZNQ_Tinh5Zw3A6FiDx7-fNRKFTBtZcXM6Wah8g&oe=6AA33540,https://www.facebook.com/ads/library/?id=1544032424091805,استشاري الجهاز,2026-09-09T11:31:50+00:00
1011182994782496,SY,عيادة الدكتور محمد رشدان لجراحة الجهاز الهضمي و السمنة و المنظار ,2026-06-07,94,0,94,تغير حياة مريضتنا 180 درجة بعد معاناتها من #ارتداد_مريئي حاد وبعد اكتشاف #فتق_الحجاب_الحاجز واجراء عملية تحويل مسار وحل مشكلة الفتق لديها✨واختفت جميع الأعراض المزعجة لديها والحمدلله على سلامتها وسلامة جميع مرضانا الأعزاء✨ الدكتور. محمد رشدان✨ ▪ استشاري جراحة الجهاز الهضمي والسمنة والمنظار ▪ زميل كلية الجراحين الامريكية ▪ استاذ مشارك كلية الطب-الجامعة الاردنية للاستشاره الرجاء التواصل على الرقم : 0792333444 📍 موقع العيادة: المستشفى السعودي - العيادات الخارجية - الطابق 2 #الدكتور_محمد_رشدان #الجهاز_الهضمي #الجراحة_بالمنظار #جراحة_السمنة #خسارة_الوزن #أمراض_الجهاز_الهضمي #جراحات_السمنة #تكميم_المعدة #الاردن #تنزيل_وزن #تحويل_مسار #السمنة #التكميم #تنزيل_وزن_آمن_و_صحي,https://api.whatsapp.com/send,https://video.forn3-1.fna.fbcdn.net/o1/v/t2/f2/m366/AQPOzDd13BIrx4oXwXmNgwXCb8t4hMxX2ITHsnP634We2RJ0-fwvy1QJ_uH6-bN8afFNrCEabgPnYhhGrt9emIt3-yem7cxvyU01xAf5ZiQlKw.mp4?_nc_cat=111&_nc_oc=AdqCG07TyKgDG5IM18X6S3gUn79IgouCvFwqkXfQkXOZQQYdDezMLvARyJBYQJ-gvyI&_nc_sid=b66105&_nc_ht=video.forn3-1.fna.fbcdn.net&_nc_ohc=wztR3Kyse9QQ7kNvwEim5nf&efg=eyJ2ZW5jb2RlX3RhZyI6Inhwdl9wcm9ncmVzc2l2ZS5WSV9VU0VDQVNFX1BST0RVQ1RfVFlQRS4uQzMuNzIwLmRhc2hfaDI2NC1iYXNpYy1nZW4yXzcyMHAiLCJ4cHZfYXNzZXRfaWQiOjQ0MjcxODQ2Mzc1Mjc4NjYsImFzc2V0X2FnZV9kYXlzIjoxMjYsInZpX3VzZWNhc2VfaWQiOjEwNzk5LCJkdXJhdGlvbl9zIjo5OCwidXJsZ2VuX3NvdXJjZSI6Ind3dyJ9&ccb=17-1&vs=2fc865df43986d34&_nc_vs=HBksFQIYRWZiX2VwaGVtZXJhbC8zRjQ0OTEyMzgzQTI5QkEzQTBCRjg5MTIwREZBQzI5N19tdF8xX3ZpZGVvX2Rhc2hpbml0Lm1wNBUAAsgBEgAVAhhAZmJfcGVybWFuZW50LzRFNDU1MDU1RkJBMzdGNDMxMDhEQkUzRkFEOTBCRjhEX2F1ZGlvX2Rhc2hpbml0Lm1wNBUCAsgBEgAoABgAGwKIB3VzZV9vaWwBMRJwcm9ncmVzc2l2ZV9yZWNpcGUBMRUAACb0nOb6h6DdDxUCKAJDMywXQFiwo9cKPXEYGWRhc2hfaDI2NC1iYXNpYy1nZW4yXzcyMHARAHUAZd6oAQA&_nc_gid=BawTloXa5D_KJ22WPm3GEg&_nc_ss=7a289&_nc_map=urlgen_bucketless&_nc_zt=28&oh=00_AQKGEjB0ghmH6W88cie9qqpqQp0ehjttU8dIUrnJnctMJA&oe=6AA728CD,https://www.facebook.com/ads/library/?id=1011182994782496,استشاري الجهاز,2026-09-09T11:31:50+00:00
1409359714558813,EG,Lazaro Scent,2026-06-07,94,0,94,تعطير ذكي يغطي السيارة بكفاءة، بتقنية النانو لتعطير آمن يحافظ على نقاء الهواء. تصميم أنيق، تحكم سهل، وانتشار عطري متوازن يمنحك إحساس الرفاهية في كل لحظة. • 3 مستويات قوة • 3 أوضاع توقيت • شحن USB-C | جهاز تعطير يغطي أي سيارة | جهاز تعطير السيارة Z1,https://api.whatsapp.com/send,https://video.forn3-6.fna.fbcdn.net/o1/v/t2/f2/m366/AQOoVlWKghsduXjubKcyahM_JaVVq0dEvCi9IT1Jth-y3r9vGsu09EMPb4UulwaRLWXKguLTMlTOYSiOGhKhdUwMwQHllnWuPhar6ChGERWOdA.mp4?_nc_cat=102&_nc_oc=AdrXxkJD4IW8HPyvWdQ8f9O-Ab6VNq6zv6TzkLHnuNdWgWHS_pcLZ0kT51IckZv1RWM&_nc_sid=b66105&_nc_ht=video.forn3-6.fna.fbcdn.net&_nc_ohc=TuntEGCLStAQ7kNvwFOYqEN&efg=eyJ2ZW5jb2RlX3RhZyI6Inhwdl9wcm9ncmVzc2l2ZS5WSV9VU0VDQVNFX1BST0RVQ1RfVFlQRS4uQzMuNzIwLmRhc2hfaDI2NC1iYXNpYy1nZW4yXzcyMHAiLCJ4cHZfYXNzZXRfaWQiOjg5MjM2NDEzMzY1OTA1OSwiYXNzZXRfYWdlX2RheXMiOjIxNywidmlfdXNlY2FzZV9pZCI6MTA3OTksImR1cmF0aW9uX3MiOjQzLCJ1cmxnZW5fc291cmNlIjoid3d3In0%3D&ccb=17-1&vs=c372f84ce986ffe4&_nc_vs=HBksFQIYRWZiX2VwaGVtZXJhbC8wMTRBODhCOTVFRjU1NDQ3QjE5NEUyQTMyQTE1RURBRV9tdF8xX3ZpZGVvX2Rhc2hpbml0Lm1wNBUAAsgBEgAVAhhAZmJfcGVybWFuZW50L0ZFNDcwMzc5NzMyRUJCRDhFNDBGREY2Mzk1QTY2NzhCX2F1ZGlvX2Rhc2hpbml0Lm1wNBUCAsgBEgAoABgAGwKIB3VzZV9vaWwBMRJwcm9ncmVzc2l2ZV9yZWNpcGUBMRUAACbmxpPztuaVAxUCKAJDMywXQEXVP3ztkWgYGWRhc2hfaDI2NC1iYXNpYy1nZW4yXzcyMHARAHUAZd6oAQA&_nc_gid=Qdvhb4mF8jOWs1SeS_Azfg&_nc_ss=7a289&_nc_map=urlgen_bucketless&_nc_zt=28&oh=00_AQL2FoKA_I7zYs4bsotYmlsx8jB6XKCdhIk4cFo4yQr5lQ&oe=6AA707E2,https://www.facebook.com/ads/library/?id=1409359714558813,جهاز تحكم بعد،,2026-09-09T11:22:32+00:00
1319929559581204,TN,WaffarX,2026-06-07,94,0,94,📺✨ عايز تلفزيون سمارت جديد؟ مع نصائح وفرإكس هتعرف تختار أفضل شاشة، أنسب إمكانيات، وتوفير بالكاش باك 💸 🔥 👉 مشاهدة أمتع… وتوفير أكتر #وفرإكس #ليه_متوفرش ؟ #ملوك_الكاش_باك #كاش_باك_مبيخلصش | وفر على تلفزيونك الجديد مع الكاش باك مع وفرإكس,https://blog.waffarx.com/%d9%86%d8%b5%d8%a7%d8%a6%d8%ad-%d9%88%d9%81%d8%b1%d8%a5%d9%83%d8%b3-%d9%84%d8%b4%d8%b1%d8%a7%d8%a1-%d8%a3%d9%81%d8%b6%d9%84-%d8%aa%d9%84%d9%81%d8%b2%d9%8a%d9%88%d9%86-%d8%b3%d9%85%d8%a7%d8%b1%d8%aa/,https://video.forn3-5.fna.fbcdn.net/o1/v/t2/f2/m366/AQN9Gr0IVmVzUYqNBKhe02CBSw1PPPHpHk_tok4kptyNU8S8tmYSvdis6FS7dLjiiczc3dQrsa80wdqIEA7Bt01wErtPJuxHF88m3J7oMBAZ4Q.mp4?_nc_cat=103&_nc_oc=AdrzGGb_xGbCHsSG2F4vx3euesO-24q0F3FyPB73FY_ZEkhAYtFlidMxKW7VtMFFoCc&_nc_sid=b66105&_nc_ht=video.forn3-5.fna.fbcdn.net&_nc_ohc=luLUB4rptYEQ7kNvwH9c-bv&efg=eyJ2ZW5jb2RlX3RhZyI6Inhwdl9wcm9ncmVzc2l2ZS5WSV9VU0VDQVNFX1BST0RVQ1RfVFlQRS4uQzMuNzIwLmRhc2hfaDI2NC1iYXNpYy1nZW4yXzcyMHAiLCJ4cHZfYXNzZXRfaWQiOjgxNDk1MTI3MTYxNTc1OSwiYXNzZXRfYWdlX2RheXMiOjIxOCwidmlfdXNlY2FzZV9pZCI6MTA3OTksImR1cmF0aW9uX3MiOjg0OSwidXJsZ2VuX3NvdXJjZSI6Ind3dyJ9&ccb=17-1&vs=6ebe9507d431b65b&_nc_vs=HBksFQIYRWZiX2VwaGVtZXJhbC9BNzQ3NzYyOUI2OUI5NkI3MUZBN0U3REIzRTkwRTdCRl9tdF8xX3ZpZGVvX2Rhc2hpbml0Lm1wNBUAAsgBEgAVAhhAZmJfcGVybWFuZW50L0M3NEU1MUNFNTFEMDRBNDA2NDAxNUU5MUZDNTk5ODk0X2F1ZGlvX2Rhc2hpbml0Lm1wNBUCAsgBEgAoABgAGwKIB3VzZV9vaWwBMRJwcm9ncmVzc2l2ZV9yZWNpcGUBMRUAACaetO6QtMzyAhUCKAJDMywXQIqLMzMzMzMYGWRhc2hfaDI2NC1iYXNpYy1nZW4yXzcyMHARAHUAZd6oAQA&_nc_gid=L_Ueg4MIXOk-Zk2tjrkBBg&_nc_ss=7b289&_nc_map=urlgen_bucketless&_nc_zt=28&oh=00_AQIzRGtb43Mx7qnZ6hpqyRE830FHLaP3mOtEV60BpmjpUg&oe=6AA7108D,https://www.facebook.com/ads/library/?id=1319929559581204,بيتك جهاز,2026-09-09T10:58:58+00:00
2922367864769716,KW,Rapidtv-005,2026-06-08,93,0,93,بذل بدر الصيّاد قصارى جهده في تصميم ابتكارٍ فريد، وقدّمه لخطيبته كهدية لتنال التكريم من مجموعة الرجاء. لكن في لحظة التكريم، اكتشف بدر خيانتها الصادمة له. وبينما كان يواجه غدرها، حدث ما لم يكن في الحسبان؛ إذ تعرّف عليه رئيس المجموعة ليكتشف أنه ابنه الوحيد الذي فقده منذ سنوات طويلة... | تحميل ومشاهده الان,http://play.google.com/store/apps/details?id=com.vividshort.drama.vivid,https://video.forn3-5.fna.fbcdn.net/o1/v/t2/f2/m366/AQOn_qt6EC7WXauONe3SBEF6f4pDnE1o_iLEbVZ1UlOm4ZA7o0z-p7qNx-nkyFs6BqvTCadbl4_HQ-ppQtB_WSsMcbWWP_X9TAv8j9uzroRTJA.mp4?_nc_cat=110&_nc_oc=AdqrpwbK8XH-OfhchAhDagk7UAcLQG1IqZ89WFBK-kg0JOX7WMcu5AOAYJUw9Uj8kxM&_nc_sid=b66105&_nc_ht=video.forn3-5.fna.fbcdn.net&_nc_ohc=PPly93-6z7YQ7kNvwEO_4Fd&efg=eyJ2ZW5jb2RlX3RhZyI6Inhwdl9wcm9ncmVzc2l2ZS5WSV9VU0VDQVNFX1BST0RVQ1RfVFlQRS4uQzMuNzIwLmRhc2hfaDI2NC1iYXNpYy1nZW4yXzcyMHAiLCJ4cHZfYXNzZXRfaWQiOjE1MDU4NjM2MTQzNTIzMjEsImFzc2V0X2FnZV9kYXlzIjo5OCwidmlfdXNlY2FzZV9pZCI6MTAxMzksImR1cmF0aW9uX3MiOjkxNiwidXJsZ2VuX3NvdXJjZSI6Ind3dyJ9&ccb=17-1&vs=87c7017d9225147c&_nc_vs=HBksFQIYRWZiX2VwaGVtZXJhbC9FRDQ2MDlDRTAwNzUwMDk1ODk1QTdEQ0I4MzM0NzY4N19tdF8xX3ZpZGVvX2Rhc2hpbml0Lm1wNBUAAsgBEgAVAhhAZmJfcGVybWFuZW50L0FCNEEwNTFBOUExOEVCMzI1NTVBRjIwREIyMTBDNDlCX2F1ZGlvX2Rhc2hpbml0Lm1wNBUCAsgBEgAoABgAGwKIB3VzZV9vaWwBMRJwcm9ncmVzc2l2ZV9yZWNpcGUBMRUAACaCr4Kd5uSsBRUCKAJDMywXQIynMzMzMzMYGWRhc2hfaDI2NC1iYXNpYy1nZW4yXzcyMHARAHUAZbaeAQA&_nc_gid=LF9oxe1h20Ary9EjKTRJ5w&_nc_ss=7a289&_nc_map=urlgen_bucketless&_nc_zt=28&oh=00_AQIWV0-37IiI4lRVw0z5T8fs3xLXep6hQNqMXcOYp6Wj9A&oe=6AA713F2,https://www.facebook.com/ads/library/?id=2922367864769716,المنزل جهاز,2026-09-09T10:56:37+00:00
1544699850620764,KW,Safiyya Market,2026-06-10,91,0,91,قياس ضغط الدم في المنزل أو العيادة بدقة إكلينيكية.. بلمسة زر واحدة! 🩺✨ جهاز قياس الضغط النفقي (Tunnel Type) مصمم للمنازل والمستشفيات على حد سواء. يتميز بهيكل أسطواني ذاتي التثبيت يلتف حول الذراع بالكامل، مما يضمن وضع الكفة في المكان الصحيح دون أخطاء ناتجة عن الاستخدام الخاطئ. ✨ مميزات متطورة: 🩺 دقة عالية (±3 مم زئبقي) – تقنية القياس الإلكتروني المعتمدة من المستشفيات . 🤖 ذكي وسهل – زر واحد للقياس، شاشة LED كبيرة، ونظام ذكي للضغط يتكيف مع ذراعك تلقائياً . 🔇 هادئ وسريع – أقل من 40 ثانية مع مؤشرات صوتية ومرئية لإرشادك أثناء القياس . 🖨️ طباعة النتائج – مزود بطابعة حرارية مدمجة لطباعة ضغط الدم، النبض، وعدم انتظام ضربات القلب فوراً . 🛡️ آمن وصحي – كفة قطنية معقمة وسهلة التنظيف لمنع التلوث بين الاستخدامات . مثالي لكبار السن، لمرضى ارتفاع الضغط، وللاستخدام الطبي المنزلي الدقيق. جهاز واحد يمنحك راحة البال وصحة دقيقة! 💙🩺 | ✨جهاز قياس ضغط الدم النفقي الذكي 💓🩺 | جهاز ضغط نفقي إلكتروني ذاتي التثبيت – دقة طبية، قياس سريع، طباعة فورية، وأمان تام.,https://saf.safiyya.vip/product/x9le82q2oe?i=k3t7ufls6a,https://video.forn3-1.fna.fbcdn.net/o1/v/t2/f2/m366/AQMR_jeV8kH6hYUxQS9g9DiakO7ECjKpbDOQSRVU9yIAi4FYqNzH6riVs9o1w1Ie11P1SotEdfHfPMwknv4MjLvIttwIYrzQFToVD3s0XHHXMw.mp4?_nc_cat=107&_nc_oc=AdoRbCuUuE3C-JeMeMxE5T-VWTc_yH-6vrAL3y4skVCxEFzxfwH6Afpt0TjLDJLMHvc&_nc_sid=b66105&_nc_ht=video.forn3-1.fna.fbcdn.net&_nc_ohc=4EISQjNMRMoQ7kNvwFEBN6D&efg=eyJ2ZW5jb2RlX3RhZyI6Inhwdl9wcm9ncmVzc2l2ZS5WSV9VU0VDQVNFX1BST0RVQ1RfVFlQRS4uQzMuNzIwLmRhc2hfaDI2NC1iYXNpYy1nZW4yXzcyMHAiLCJ4cHZfYXNzZXRfaWQiOjE1Njk1MzIwMjExODg4NDMsImFzc2V0X2FnZV9kYXlzIjo5MSwidmlfdXNlY2FzZV9pZCI6MTA3OTksImR1cmF0aW9uX3MiOjEwLCJ1cmxnZW5fc291cmNlIjoid3d3In0%3D&ccb=17-1&vs=ff2ecae38937c104&_nc_vs=HBksFQIYRWZiX2VwaGVtZXJhbC80RDQ3MzQ3NUEzQTMzQUMwMkM2RDNDRTQzMEFCMUI5Ml9tdF8xX3ZpZGVvX2Rhc2hpbml0Lm1wNBUAAsgBEgAVAhhAZmJfcGVybWFuZW50LzIxNDRCM0Q2MTBBMzUxMDdGQjM5RDdBNDY2NkU5NkFEX2F1ZGlvX2Rhc2hpbml0Lm1wNBUCAsgBEgAoABgAGwKIB3VzZV9vaWwBMRJwcm9ncmVzc2l2ZV9yZWNpcGUBMRUAACbWo7Hp5N7JBRUCKAJDMywXQCV3S8an754YGWRhc2hfaDI2NC1iYXNpYy1nZW4yXzcyMHARAHUAZd6oAQA&_nc_gid=LF9oxe1h20Ary9EjKTRJ5w&_nc_ss=7a289&_nc_map=urlgen_bucketless&_nc_zt=28&oh=00_AQL_aOf3_M1bFA6RWLNqoYz2CNrgD18ISr1xXn9vEioKUw&oe=6AA71E71,https://www.facebook.com/ads/library/?id=1544699850620764,المنزل جهاز,2026-09-09T10:56:37+00:00
1298704279108425,KW,Homebyto,2026-06-11,90,0,90,قياس ضغط الدم في المنزل أو العيادة بدقة إكلينيكية.. بلمسة زر واحدة! 🩺✨ جهاز قياس الضغط النفقي (Tunnel Type) مصمم للمنازل والمستشفيات على حد سواء. يتميز بهيكل أسطواني ذاتي التثبيت يلتف حول الذراع بالكامل، مما يضمن وضع الكفة في المكان الصحيح دون أخطاء ناتجة عن الاستخدام الخاطئ. ✨ مميزات متطورة: 🩺 دقة عالية (±3 مم زئبقي) – تقنية القياس الإلكتروني المعتمدة من المستشفيات . 🤖 ذكي وسهل – زر واحد للقياس، شاشة LED كبيرة، ونظام ذكي للضغط يتكيف مع ذراعك تلقائياً . 🔇 هادئ وسريع – أقل من 40 ثانية مع مؤشرات صوتية ومرئية لإرشادك أثناء القياس . 🖨️ طباعة النتائج – مزود بطابعة حرارية مدمجة لطباعة ضغط الدم، النبض، وعدم انتظام ضربات القلب فوراً . 🛡️ آمن وصحي – كفة قطنية معقمة وسهلة التنظيف لمنع التلوث بين الاستخدامات . مثالي لكبار السن، لمرضى ارتفاع الضغط، وللاستخدام الطبي المنزلي الدقيق. جهاز واحد يمنحك راحة البال وصحة دقيقة! 💙🩺 | 🛒جهاز قياس ضغط الدم النفقي الذكي 💓🩺 | جهاز ضغط نفقي إلكتروني ذاتي التثبيت – دقة طبية، قياس سريع، طباعة فورية، وأمان تام.,https://v.homebyto.com/product/x9le82q2oe?i=k3t7ufls6a,https://video.forn3-6.fna.fbcdn.net/o1/v/t2/f2/m366/AQMXHfwRvOqy08LE_TB3H5KmJ2szD4t-pYBXPSdIEzHsT3D47QAxYOm8gbwK6Dy2TepeAR7CjExAGVP45ETEoe6Yp8YfTZ6opqShvoFR7L2xyw.mp4?_nc_cat=111&_nc_oc=Adr_sGbH1FbzffnWM99M3vqhVt4FJlCra2RWW3LN6W3yhi34WgPNnLx8Ce0pJRL51ik&_nc_sid=b66105&_nc_ht=video.forn3-6.fna.fbcdn.net&_nc_ohc=YL-LWQElzD8Q7kNvwF9Yqlq&efg=eyJ2ZW5jb2RlX3RhZyI6Inhwdl9wcm9ncmVzc2l2ZS5WSV9VU0VDQVNFX1BST0RVQ1RfVFlQRS4uQzMuNTc2LmRhc2hfaDI2NC1iYXNpYy1nZW4yXzcyMHAiLCJ4cHZfYXNzZXRfaWQiOjEzMTk0MjM5Mzk2NTk3NTksImFzc2V0X2FnZV9kYXlzIjo5MCwidmlfdXNlY2FzZV9pZCI6MTA3OTksImR1cmF0aW9uX3MiOjI3LCJ1cmxnZW5fc291cmNlIjoid3d3In0%3D&ccb=17-1&vs=4ac97f75616f2c55&_nc_vs=HBksFQIYRWZiX2VwaGVtZXJhbC9GQjRBRjFDMjU1MkNCRUE5MkNBMDE5NzcxNkQ3Q0RCNl9tdF8xX3ZpZGVvX2Rhc2hpbml0Lm1wNBUAAsgBEgAVAhhAZmJfcGVybWFuZW50L0NCNDEyNjExRThCREQ3RDFGRTc0RTk4QTBBODE0Qjk3X2F1ZGlvX2Rhc2hpbml0Lm1wNBUCAsgBEgAoABgAGwKIB3VzZV9vaWwBMRJwcm9ncmVzc2l2ZV9yZWNpcGUBMRUAACben9qzyoDYBBUCKAJDMywXQDuIcrAgxJwYGWRhc2hfaDI2NC1iYXNpYy1nZW4yXzcyMHARAHUAZd6oAQA&_nc_gid=LF9oxe1h20Ary9EjKTRJ5w&_nc_ss=7a289&_nc_map=urlgen_bucketless&_nc_zt=28&oh=00_AQILij4Ak4fTCQExdclnBIjwCrnvcIY7EZ2ulhOad4FzNg&oe=6AA72815,https://www.facebook.com/ads/library/?id=1298704279108425,المنزل جهاز,2026-09-09T10:56:37+00:00
2004331330210405,MR,Linguza: AI English Tutor,2026-06-11,90,0,90,تعلّم أي لغة مع الذكاء الاصطناعي مجاناً — حمّل التطبيق الآن. | جرّبه مجاناً الآن!,https://play.google.com/store/apps/details?id=com.nxl.aienglishtutor.ailearnlanguage.aichatbot&hl=vi,https://video.forn3-1.fna.fbcdn.net/o1/v/t2/f2/m366/AQOEWSWS3GqknZyb7uOKjGSoX6ZoHll7EjjU02c21U2eUQq0f0rLUDj2FcEh7DBaLhutCROqdeoqAqCpUtfSSpdcrjOTO3vQ7HnCjhj5j67mkQ.mp4?_nc_cat=106&_nc_oc=AdpxkEOJl4vCOwHLKBGOkJ5DMvJCuLoBWFx7plT2qEn2DpOJkbeRRHpTKsJvFdzd2Ec&_nc_sid=b66105&_nc_ht=video.forn3-1.fna.fbcdn.net&_nc_ohc=sqIKvZAdj-AQ7kNvwECoFDd&efg=eyJ2ZW5jb2RlX3RhZyI6Inhwdl9wcm9ncmVzc2l2ZS5WSV9VU0VDQVNFX1BST0RVQ1RfVFlQRS4uQzMuNzIwLmRhc2hfaDI2NC1iYXNpYy1nZW4yXzcyMHAiLCJ4cHZfYXNzZXRfaWQiOjE5NzcwNzg1MDYyNzk0NDAsImFzc2V0X2FnZV9kYXlzIjo5MCwidmlfdXNlY2FzZV9pZCI6MTAxMzksImR1cmF0aW9uX3MiOjc2LCJ1cmxnZW5fc291cmNlIjoid3d3In0%3D&ccb=17-1&vs=a41e776f1cb087a2&_nc_vs=HBksFQIYRWZiX2VwaGVtZXJhbC9BQjQ4MTM4RTIzNzdGRTQzNzFENzIzQjUyNjZDRDNBNl9tdF8xX3ZpZGVvX2Rhc2hpbml0Lm1wNBUAAsgBEgAVAhhAZmJfcGVybWFuZW50LzYyNEJCNTczM0ZBMzg3OTEyMDQ0MTg3RTYzQzM0QjkwX2F1ZGlvX2Rhc2hpbml0Lm1wNBUCAsgBEgAoABgAGwKIB3VzZV9vaWwBMRJwcm9ncmVzc2l2ZV9yZWNpcGUBMRUAACagyPrgjomDBxUCKAJDMywXQFM5mZmZmZoYGWRhc2hfaDI2NC1iYXNpYy1nZW4yXzcyMHARAHUAZbaeAQA&_nc_gid=BEUrDL6F2QJUovCKFw9xnA&_nc_ss=7b289&_nc_map=urlgen_bucketless&_nc_zt=28&oh=00_AQKk89vRjW-_vhLV6dpAQSW1X-rdC0Sji163JkqYM5a6rw&oe=6AA6F11E,https://www.facebook.com/ads/library/?id=2004331330210405,السيروم هو السر هو,2026-09-09T10:21:15+00:00
1018088844069630,EG,Rafal رفال,2026-06-13,88,0,88,بنجهزي مطبخك ومحتارة تختاري أنهي شفاط؟ 🤍 لو هتشتري شفاط جديد، إيه أهم حاجة بالنسبة ليكي؟ 1️⃣ قوة السحب 2️⃣ الشكل والتصميم 3️⃣ سهولة التنظيف 4️⃣ السعر والضمان قولي رقم الاختيار في التعليقات 👇 وبالمناسبة... شفاط رفال بيجمع الأربع مميزات في جهاز واحد ✨ 🚚 شحن مجاني 🛡️ ضمان معتمد اطلبي دلوقتي من خلال الارقام التالية : 01010628457 | 01226004716 او من خلال موقعنا: rafalelectric.com | اطلبيه دلوقتي بشحن مجاني لحد باب البيت,https://api.whatsapp.com/send,https://video.forn3-6.fna.fbcdn.net/o1/v/t2/f2/m366/AQNUkUDmt7Un9425GyZhBxWac_4XYxUGlbGSbKPteovdEiSTaPo_DU21_ZWkOl0Gr18M76flzm4MKHoQdYXk1nB0yOqmche60DJCGMZO13gcxQ.mp4?_nc_cat=100&_nc_oc=Adrr0_F-UocpeIC96BF5qcQavUTWN7TpfBskYvYoWn7ozPP6es2hcGKSsa7zjd9TCog&_nc_sid=b66105&_nc_ht=video.forn3-6.fna.fbcdn.net&_nc_ohc=Q9gTXFbkiw8Q7kNvwHxrNqS&efg=eyJ2ZW5jb2RlX3RhZyI6Inhwdl9wcm9ncmVzc2l2ZS5WSV9VU0VDQVNFX1BST0RVQ1RfVFlQRS4uQzMuNzIwLmRhc2hfaDI2NC1iYXNpYy1nZW4yXzcyMHAiLCJ4cHZfYXNzZXRfaWQiOjIwNjc3MTI5MTc0OTM2NDMsImFzc2V0X2FnZV9kYXlzIjo4NywidmlfdXNlY2FzZV9pZCI6MTA3OTksImR1cmF0aW9uX3MiOjQ5LCJ1cmxnZW5fc291cmNlIjoid3d3In0%3D&ccb=17-1&vs=678671023ac25c5b&_nc_vs=HBksFQIYRWZiX2VwaGVtZXJhbC85RTQ5OTM4MjNCRTdEMUVEOTY4Qjc4NTk2RDY4QjNCMF9tdF8xX3ZpZGVvX2Rhc2hpbml0Lm1wNBUAAsgBEgAVAhhAZmJfcGVybWFuZW50LzBGNDJENzhBOEZEODMyREQ0MjZBQkYzMDcwRUI1MTgzX2F1ZGlvX2Rhc2hpbml0Lm1wNBUCAsgBEgAoABgAGwKIB3VzZV9vaWwBMRJwcm9ncmVzc2l2ZV9yZWNpcGUBMRUAACaW3o7f3aSsBxUCKAJDMywXQEjwo9cKPXEYGWRhc2hfaDI2NC1iYXNpYy1nZW4yXzcyMHARAHUAZd6oAQA&_nc_gid=bazbhlVNxweRtdh1ZndT_A&_nc_ss=7a289&_nc_map=urlgen_bucketless&_nc_zt=28&oh=00_AQKzG_Td8uqhr_225Z-FeLqiXL7dLYQfGuzTIuRDtCYy-w&oe=6AA72C94,https://www.facebook.com/ads/library/?id=1018088844069630,جهاز تحكم بعد،,2026-09-09T11:22:32+00:00
1708674523798366,LB,Prophets stories,2026-06-14,87,0,87,9 #رحلة_إلى_روما #نشر_الأمل #كلمات_الختام اختتموا السلسلة برحلة بولس المحفوفة بالمخاطر إلى روما، حيث يواصل نشر الإنجيل بلا كلل، مختتمًا رسالته برسائل الأمل والتشجيع. | الرحلة إلى روما والكلمات الأخيرة_سيرة حواريي عيسى المسيح بعد رفعه_09 من 09,https://www.youtube.com/watch?v=M2iXy7HIYTk,https://video.forn3-6.fna.fbcdn.net/o1/v/t2/f2/m366/AQPEA0Beeu-Q5mwACsX5d5nzWQ0X2TXafM-VDu4fyTvMPRK2pFV1WtYuuFh1aZxub_-WFhbxz1USxsALQrt7iwhvnx-NzrjmNLoyxDMizi2snA.mp4?_nc_cat=106&_nc_oc=Ado13heRWn0ZK0a50KGAMDLqp9fdYm6BEpOWb0EbK7hFko_OSpNqprSFw7fxLy3qCF8&_nc_sid=b66105&_nc_ht=video.forn3-6.fna.fbcdn.net&_nc_ohc=K5XXLCx_xekQ7kNvwELLZGU&efg=eyJ2ZW5jb2RlX3RhZyI6Inhwdl9wcm9ncmVzc2l2ZS5WSV9VU0VDQVNFX1BST0RVQ1RfVFlQRS4uQzMuOTYwLmRhc2hfaDI2NC1iYXNpYy1nZW4yXzcyMHAiLCJ4cHZfYXNzZXRfaWQiOjExMjA5Mzc1OTI1MTY0MzMsImFzc2V0X2FnZV9kYXlzIjo5MzcsInZpX3VzZWNhc2VfaWQiOjEwMTM5LCJkdXJhdGlvbl9zIjo4NDcsInVybGdlbl9zb3VyY2UiOiJ3d3cifQ%3D%3D&ccb=17-1&vs=4e70513e110d9f24&_nc_vs=HBksFQIYRWZiX2VwaGVtZXJhbC9DQTQyNzcxQTBENzNDMTMyRDEwMjg3QUE0NTM2QkQ5Ml9tdF8xX3ZpZGVvX2Rhc2hpbml0Lm1wNBUAAsgBEgAVAhhAZmJfZXBoZW1lcmFsLzhDNEZFRkQwREUyQjc5QzU3OUYzMEZGNzc3MjA1REJBX2F1ZGlvX2Rhc2hpbml0Lm1wNBUCAsgBEgAoABgAGwKIB3VzZV9vaWwBMRJwcm9ncmVzc2l2ZV9yZWNpcGUBMRUAACaivaPwk9_9AxUCKAJDMywXQIp9-dsi0OUYGWRhc2hfaDI2NC1iYXNpYy1nZW4yXzcyMHARAHUAZbaeAQA&_nc_gid=yjsW889VdN_P2J51A7mdkw&_nc_ss=7a289&_nc_map=urlgen_bucketless&_nc_zt=28&oh=00_AQKNkhmQ6wryHe-LIfq0xCOvWslykWYbZCWp-Oe8UyVG8g&oe=6AA6FA06,https://www.facebook.com/ads/library/?id=1708674523798366,مروحة قوية، وفي نفس,2026-09-09T11:08:14+00:00
1388515453133075,MR,Prophets stories,2026-06-14,87,0,87,8 #محاكمة_بولس #الدفاع_عن_الإيمان #شهادة_أمام_الحكام شاهدوا بولس وهو يدافع عن نفسه وعن الإيمان المسيحي أمام الحكام الرومان، في سلسلة من المحاكمات التي تختبر إيمانه وشجاعته. | محاكمة بولس_سيرة حواريي عيسى المسيح بعد رفعه_08 من 09,https://www.youtube.com/watch?v=M2iXy7HIYTk,https://video.forn3-5.fna.fbcdn.net/o1/v/t2/f2/m366/AQMzyjki3rLYflStq8qTFBZIbKTuXFCQF7_2qdi7aSTBxhIQSj7RUnvzYq7S14JOsTXE4RtwP51vE0FGpGxGPypnAD8QA6v54w6MfDeBIzsqew.mp4?_nc_cat=109&_nc_oc=AdoJEnL5mxsXY7FpBPrEt0TyMtqXJhn-PJDMeGTjE5FQj4ZMX9d8uOrh8GM4nYV3pqc&_nc_sid=b66105&_nc_ht=video.forn3-5.fna.fbcdn.net&_nc_ohc=Hz5ECA2zgFUQ7kNvwEDNIHs&efg=eyJ2ZW5jb2RlX3RhZyI6Inhwdl9wcm9ncmVzc2l2ZS5WSV9VU0VDQVNFX1BST0RVQ1RfVFlQRS4uQzMuOTYwLmRhc2hfaDI2NC1iYXNpYy1nZW4yXzcyMHAiLCJ4cHZfYXNzZXRfaWQiOjEzNTUwNTA3NDUxNTMxNjksImFzc2V0X2FnZV9kYXlzIjo5MzcsInZpX3VzZWNhc2VfaWQiOjEwMTM5LCJkdXJhdGlvbl9zIjoxMjk0LCJ1cmxnZW5fc291cmNlIjoid3d3In0%3D&ccb=17-1&vs=1693d846ce2b4223&_nc_vs=HBksFQIYRWZiX2VwaGVtZXJhbC9BRTRFOTlBMkQzNkFGRjZDRUM5M0QyNTRFNjI5ODNCMl9tdF8xX3ZpZGVvX2Rhc2hpbml0Lm1wNBUAAsgBEgAVAhhAZmJfZXBoZW1lcmFsLzExNEYwM0Q4MkY5NTVBREE3NjY3NDlGOTU5NDJCNkFEX2F1ZGlvX2Rhc2hpbml0Lm1wNBUCAsgBEgAoABgAGwKIB3VzZV9vaWwBMRJwcm9ncmVzc2l2ZV9yZWNpcGUBMRUAACaimorlqproBBUCKAJDMywXQJQ4YEGJN0wYGWRhc2hfaDI2NC1iYXNpYy1nZW4yXzcyMHARAHUAZbaeAQA&_nc_gid=WXqVye0S1rdMfoFIG8Vs0w&_nc_ss=7b289&_nc_map=urlgen_bucketless&_nc_zt=28&oh=00_AQIlWhQZV0kmnDgeqZFHlyNoIt9TiIMlH4Qmd5O1D5e2nQ&oe=6AA6FA5B,https://www.facebook.com/ads/library/?id=1388515453133075,السيروم هو السر هو,2026-09-09T10:21:15+00:00
1504849714770612,EG,Quality Products,2026-06-15,86,0,86,واقف طول اليوم في الشغل ورجلك بتوجعك آخر اليوم؟ التعب ده بيتكرر كل يوم وبيأثر على راحتك ونومك. جهاز مساج القدم يساعدك تعمل جلسة راحة في البيت بعد الشغل. https://quality-product.myeasyorders.com/products/FootMassager ✅ تدليك مريح بعد الوقوف الطويل ✅ حرارة تساعد على الاسترخاء ✅ مستويات سرعة مختلفة ✅ تحكم سهل ✅ استخدام يومي ✅ مناسب للرجال والسيدات لو شغلك بيخليك واقف كتير، لازم تهتم براحة رجلك. اطلبه الآن من موقعنا وخلي نهاية يومك أهدى. https://quality-product.myeasyorders.com/products/FootMassager | راحة قدمك تبدأ من هنا🤩 | دفء وتدليك واسترخاء,https://quality-product.myeasyorders.com/products/FootMassager,https://video.forn3-1.fna.fbcdn.net/o1/v/t2/f2/m366/AQPd5LfelbX6w9s2aTGWCN5u35Jqr1-NPJfHGxcwku0JtTWfT4SCoZvQlH_FptxoEZ9hpAnpMpq6XHFEKzkc2CLQZw80RmUQsq-HjeCvHGf7iA.mp4?_nc_cat=106&_nc_oc=Adqn8q200egknHIwqgWJg4v2iw_n2AoD9dqG3W_ofkV3-SJABP-hap3vN0fumTAmwOc&_nc_sid=b66105&_nc_ht=video.forn3-1.fna.fbcdn.net&_nc_ohc=Yuq4jj7c-C8Q7kNvwGoBJPQ&efg=eyJ2ZW5jb2RlX3RhZyI6Inhwdl9wcm9ncmVzc2l2ZS5WSV9VU0VDQVNFX1BST0RVQ1RfVFlQRS4uQzMuNTc2LmRhc2hfaDI2NC1iYXNpYy1nZW4yXzcyMHAiLCJ4cHZfYXNzZXRfaWQiOjk4NTkxMzM1MDg1NTE1NywiYXNzZXRfYWdlX2RheXMiOjkwLCJ2aV91c2VjYXNlX2lkIjoxMDc5OSwiZHVyYXRpb25fcyI6MzcsInVybGdlbl9zb3VyY2UiOiJ3d3cifQ%3D%3D&ccb=17-1&vs=2fe26feb94e36b6d&_nc_vs=HBksFQIYRWZiX2VwaGVtZXJhbC8yNDQ2NUJCRDY4NENFMkIxMzAzOEU1RjQ5QjFDQ0Q5MV9tdF8xX3ZpZGVvX2Rhc2hpbml0Lm1wNBUAAsgBEgAVAhhAZmJfcGVybWFuZW50LzhENDFDMTg5RDFBRDg2NkM5NDRFN0MwNjlGRDc3RUEzX2F1ZGlvX2Rhc2hpbml0Lm1wNBUCAsgBEgAoABgAGwKIB3VzZV9vaWwBMRJwcm9ncmVzc2l2ZV9yZWNpcGUBMRUAACbq5_Tw2qvAAxUCKAJDMywXQEK7peNT988YGWRhc2hfaDI2NC1iYXNpYy1nZW4yXzcyMHARAHUAZd6oAQA&_nc_gid=bazbhlVNxweRtdh1ZndT_A&_nc_ss=7a289&_nc_map=urlgen_bucketless&_nc_zt=28&oh=00_AQLVueADfxeVLvnPNNrWtoCamapjGBFD7fU9kyVIow3y2A&oe=6AA72EFA,https://www.facebook.com/ads/library/?id=1504849714770612,جهاز تحكم بعد،,2026-09-09T11:22:32+00:00
1377996894193475,MR,Linguza: AI English Tutor,2026-06-16,85,0,85,تعلّم أي لغة مع الذكاء الاصطناعي مجاناً — حمّل التطبيق الآن. | جرّبه مجاناً الآن!,https://play.google.com/store/apps/details?id=com.nxl.aienglishtutor.ailearnlanguage.aichatbot&hl=vi,https://video.forn3-5.fna.fbcdn.net/o1/v/t2/f2/m366/AQMxn7uKhZvxtWR-YBM9MgaBloUSGnrm2zIGHuJCxfmn2v3QpPZC41tOsQsUi2uQwBI0kKywj8_mHZsXmqw-SrchMckdm3FnkS-C5gLaRDRb3w.mp4?_nc_cat=111&_nc_oc=AdrzTrvv93d8BNlMWrgKOZx2fjsZ2QxNAc82g_OpqRIWtImBQtPiegi6S3TKaghRugM&_nc_sid=b66105&_nc_ht=video.forn3-5.fna.fbcdn.net&_nc_ohc=KfLGjIRXw3gQ7kNvwHXoU6n&efg=eyJ2ZW5jb2RlX3RhZyI6Inhwdl9wcm9ncmVzc2l2ZS5WSV9VU0VDQVNFX1BST0RVQ1RfVFlQRS4uQzMuNzIwLmRhc2hfaDI2NC1iYXNpYy1nZW4yXzcyMHAiLCJ4cHZfYXNzZXRfaWQiOjEwNDg2MzYxODE0NDEyNzcsImFzc2V0X2FnZV9kYXlzIjo4NCwidmlfdXNlY2FzZV9pZCI6MTAxMzksImR1cmF0aW9uX3MiOjc3LCJ1cmxnZW5fc291cmNlIjoid3d3In0%3D&ccb=17-1&vs=e868ced396ed392c&_nc_vs=HBksFQIYRWZiX2VwaGVtZXJhbC8xRTRENzIyRTVGQ0U1MzdGMzMzNUEwMjE5RDNDNjNBRl9tdF8xX3ZpZGVvX2Rhc2hpbml0Lm1wNBUAAsgBEgAVAhhAZmJfcGVybWFuZW50L0JDNDVCRjJDQTMzNkMyRDZFRUQzQTg3QTU3QjQxNjkwX2F1ZGlvX2Rhc2hpbml0Lm1wNBUCAsgBEgAoABgAGwKIB3VzZV9vaWwBMRJwcm9ncmVzc2l2ZV9yZWNpcGUBMRUAACb6q7-x1O7cAxUCKAJDMywXQFNKn752yLQYGWRhc2hfaDI2NC1iYXNpYy1nZW4yXzcyMHARAHUAZbaeAQA&_nc_gid=BEUrDL6F2QJUovCKFw9xnA&_nc_ss=7b289&_nc_map=urlgen_bucketless&_nc_zt=28&oh=00_AQKC9Wm37T0oZ1F-_Up0FGbPHVrKi6PzyRJEV1pRNSCDJw&oe=6AA6E9BD,https://www.facebook.com/ads/library/?id=1377996894193475,السيروم هو السر هو,2026-09-09T10:21:15+00:00
990866720357480,MR,Linguza: AI English Tutor,2026-06-16,85,0,85,تعلّم أي لغة مع الذكاء الاصطناعي مجاناً — حمّل التطبيق الآن. | جرّبه مجاناً الآن!,https://play.google.com/store/apps/details?id=com.nxl.aienglishtutor.ailearnlanguage.aichatbot&hl=vi,https://video.forn3-6.fna.fbcdn.net/o1/v/t2/f2/m366/AQMWK_kbRGl_oQcXipS_DH67pdk8UfzhlUgA-O9L8MCX3XJv87JuT0-vQhNV2qrxjREAkX3GLgW0yP8yYNHYx7AyV7Zfi7xtoy8p8sylO9D37g.mp4?_nc_cat=111&_nc_oc=Adr5YVXPMJZMvCZQz0C20fiszgxepA2L4eYqBM9sZ_Mc5V5Dg89A6NlLtxVVM181FRg&_nc_sid=b66105&_nc_ht=video.forn3-6.fna.fbcdn.net&_nc_ohc=gZef-Xn7D6AQ7kNvwFgmBsQ&efg=eyJ2ZW5jb2RlX3RhZyI6Inhwdl9wcm9ncmVzc2l2ZS5WSV9VU0VDQVNFX1BST0RVQ1RfVFlQRS4uQzMuNzIwLmRhc2hfaDI2NC1iYXNpYy1nZW4yXzcyMHAiLCJ4cHZfYXNzZXRfaWQiOjEwMjMwNzk1OTY4NjAzNzYsImFzc2V0X2FnZV9kYXlzIjo4NCwidmlfdXNlY2FzZV9pZCI6MTAxMzksImR1cmF0aW9uX3MiOjc3LCJ1cmxnZW5fc291cmNlIjoid3d3In0%3D&ccb=17-1&vs=4c2876f7f30be8e&_nc_vs=HBksFQIYRWZiX2VwaGVtZXJhbC9BNjRCNUREQzgzRkYyRUJBMzVBRDQ4MjdGREEyQUNBMV9tdF8xX3ZpZGVvX2Rhc2hpbml0Lm1wNBUAAsgBEgAVAhhAZmJfcGVybWFuZW50LzU1NDJBOUM4MTEyQjkwQkI5MDk3QjkwMzhDOEQ4M0FFX2F1ZGlvX2Rhc2hpbml0Lm1wNBUCAsgBEgAoABgAGwKIB3VzZV9vaWwBMRJwcm9ncmVzc2l2ZV9yZWNpcGUBMRUAACawj5X_iJ_RAxUCKAJDMywXQFNogxJul40YGWRhc2hfaDI2NC1iYXNpYy1nZW4yXzcyMHARAHUAZbaeAQA&_nc_gid=BEUrDL6F2QJUovCKFw9xnA&_nc_ss=7b289&_nc_map=urlgen_bucketless&_nc_zt=28&oh=00_AQJ2eNTNtoiplmrw5mHFeEddBIMPcDH1_bfEeGN9FT1ffA&oe=6AA7193D,https://www.facebook.com/ads/library/?id=990866720357480,السيروم هو السر هو,2026-09-09T10:21:15+00:00
4380754122138884,JO,Diet RX Center ,2026-06-16,85,0,85,مركز متخصص في التغذية العلاجية ونزول الوزن الصحي وفهم طبيعة الاجسام الدقيقة | حياتك اللي بتمناها على بعد ضغطه زر ... تواصل معنا | ⭐⭐⭐⭐⭐ On Maps Reviews,https://api.whatsapp.com/send,https://video.forn3-5.fna.fbcdn.net/o1/v/t2/f2/m366/AQPXXCPdvfBXhPpoFZGKq0mTqlhI3L2bvsK3sWvYPd0hkL-GEWsURx8zfzENbrTKF1dAhgtIEbq46vqZJAt7hNPrKw743APqqMaxF8THx9IcMg.mp4?_nc_cat=101&_nc_oc=AdrsycPxhowPL7TzXp8xiPZjMVrSjmtFq8Kg6J0h3_qVF1bcpNYkNDgufsoXS8YDko8&_nc_sid=b66105&_nc_ht=video.forn3-5.fna.fbcdn.net&_nc_ohc=l1DwKtuqNyAQ7kNvwFfBtu4&efg=eyJ2ZW5jb2RlX3RhZyI6Inhwdl9wcm9ncmVzc2l2ZS5WSV9VU0VDQVNFX1BST0RVQ1RfVFlQRS4uQzMuNzIwLmRhc2hfaDI2NC1iYXNpYy1nZW4yXzcyMHAiLCJ4cHZfYXNzZXRfaWQiOjEwMjcwNjEwNTk5MTc3NzcsImFzc2V0X2FnZV9kYXlzIjo4NCwidmlfdXNlY2FzZV9pZCI6MTA3OTksImR1cmF0aW9uX3MiOjM4LCJ1cmxnZW5fc291cmNlIjoid3d3In0%3D&ccb=17-1&vs=1bd17bfcac0b2d3d&_nc_vs=HBksFQIYRWZiX2VwaGVtZXJhbC9CQjREQ0E4Rjk3NjU5OTQ0RUYyREZCNEY3OENDMENCQ19tdF8xX3ZpZGVvX2Rhc2hpbml0Lm1wNBUAAsgBEgAVAhhAZmJfcGVybWFuZW50L0FDNDc0NkEwQ0Q4NEQzRjJERjgxRDFBQ0VCNkNEOTg3X2F1ZGlvX2Rhc2hpbml0Lm1wNBUCAsgBEgAoABgAGwKIB3VzZV9vaWwBMRJwcm9ncmVzc2l2ZV9yZWNpcGUBMRUAACai35ya6YbTAxUCKAJDMywXQENu2RaHKwIYGWRhc2hfaDI2NC1iYXNpYy1nZW4yXzcyMHARAHUAZd6oAQA&_nc_gid=rFfh28FJ3whzSx0RD5dZkQ&_nc_ss=7b289&_nc_map=urlgen_bucketless&_nc_zt=28&oh=00_AQJHCIEfDkTTgDrRuEGvUu5rxgEOTfHNLBD8uB7KGAYu0Q&oe=6AA6FBCF,https://www.facebook.com/ads/library/?id=4380754122138884,لمدة ساعة بس لو,2026-09-09T09:06:14+00:00
900661039129254,SA,,2026-07-17,29,,84,"​ Active Library ID: 900661039129254 Started running on Jul 17, 2026 Platforms ​ ​ ​ ​ ​ This ad is not active for some audiences because it did not meet certain requirements. ​ EU transparency ​",https://www.adobe.com/mena_ar/acrobat/free-trial-download.html,,https://www.facebook.com/ads/library/?id=900661039129254,جهاز,2026-08-15T00:32:55+00:00
2001696273821362,TN,BuyBye,2026-06-19,82,0,82,الصيف قرب والفورمة لازمها خدمة! 🏖️ ما تخليش الوقت يفوتك، ابدى تريني توة مع أقوى جهاز بيلاتس 5 في 1 في تونس. نتيجة مضمونة وخدمة احترافية. 📦 كليك واشري توة، الدفع عند الاستلام! 📞 27525009 | لوح بيلاتس متعدد الوظائف: صالة رياضية كاملة في بيتك! | ⭐⭐⭐⭐⭐,https://buybye.converty.shop/product/pilate-pro,https://video.forn3-2.fna.fbcdn.net/o1/v/t2/f2/m366/AQP2AExK-U6Zz0IGqSBJNYKRfPuutIQ-cDCF2nu9iH3nNwHf82uzgwIe5XXJMGybY2O7JVYZ6hOjnMezYZWpdISeLufJEtu1MtUZxeGC8lKm0A.mp4?_nc_cat=101&_nc_oc=Adr9ZHmE5HJQuSgFsb8LhMtKUeZiubXRDZ7QKVymLv-mlGTEojz-jpUYfU-tgVsOJps&_nc_sid=b66105&_nc_ht=video.forn3-2.fna.fbcdn.net&_nc_ohc=f2o9OedMfzUQ7kNvwH2ybP6&efg=eyJ2ZW5jb2RlX3RhZyI6Inhwdl9wcm9ncmVzc2l2ZS5WSV9VU0VDQVNFX1BST0RVQ1RfVFlQRS4uQzMuNzIwLmRhc2hfaDI2NC1iYXNpYy1nZW4yXzcyMHAiLCJ4cHZfYXNzZXRfaWQiOjE0MzYzNDY4MzE4NDQ5MzgsImFzc2V0X2FnZV9kYXlzIjo5NiwidmlfdXNlY2FzZV9pZCI6MTA3OTksImR1cmF0aW9uX3MiOjQ1LCJ1cmxnZW5fc291cmNlIjoid3d3In0%3D&ccb=17-1&vs=2a9d02c8a3411443&_nc_vs=HBksFQIYRWZiX2VwaGVtZXJhbC9GNjQxQkNDNjAwMDJFOUQ3Mjk4OTI5NEU5QjcwMURCQ19tdF8xX3ZpZGVvX2Rhc2hpbml0Lm1wNBUAAsgBEgAVAhhAZmJfcGVybWFuZW50LzYzNERGMDQyODRERjA0QjlGQTM4QUFCRkU0NUY3MkE1X2F1ZGlvX2Rhc2hpbml0Lm1wNBUCAsgBEgAoABgAGwKIB3VzZV9vaWwBMRJwcm9ncmVzc2l2ZV9yZWNpcGUBMRUAACaU2f3qsZaNBRUCKAJDMywXQEaAAAAAAAAYGWRhc2hfaDI2NC1iYXNpYy1nZW4yXzcyMHARAHUAZd6oAQA&_nc_gid=L2psacR5OOQP5P55arLDBA&_nc_ss=7b289&_nc_map=urlgen_bucketless&_nc_zt=28&oh=00_AQLmrU_Wf3MtjzB2btcNDvNvocIWDA6VOGp45ZAGghJ_Sg&oe=6AA6F317,https://www.facebook.com/ads/library/?id=2001696273821362,بيتك جهاز,2026-09-09T10:58:58+00:00
1567288511657970,EG,Easy Diet ايزي دايت,2026-06-20,81,0,81,🚨 أشمون...جه وقت التغيير! 🚨 🔥 بمناسبة افتتاح فرع Easy Diet الجديد في أشمون 🔥 لو زهقت من الكرش والدهون العنيدة ومش عارف تبدأ منين... إحنا جبنالك أقوى عروض التخسيس الموضعي بأسعار افتتاح ما تتفوتش 💪 ✅ 25 جلسة تخسيس موضعي بـ 500 جنيه ⬅️ تساعد على خسارة من 8 إلى 12 كيلو ✅ 55 جلسة تخسيس موضعي بـ 999 جنيه ⬅️ تساعد على خسارة من 14 إلى 20 كيلو ✅ 80 جلسة تخسيس موضعي بـ 1500 جنيه ⬅️ تساعد على خسارة من 29 إلى 40 كيلو 📍 أشمون - أمام قاعة القصر بجوار مدرسة الزراعة (الدور الثالث) 📞 للحجز والاستفسار: 01036828319 01006036399 ⏳ الحق عرض الافتتاح قبل الزحمة!,https://api.whatsapp.com/send,https://video.forn3-6.fna.fbcdn.net/o1/v/t2/f2/m366/AQNIZIrmEiuMuctVK42veSyD2l6ECNp0kcij44twVO-JFcVvJauEZ83nlT3LCRWYHXwSqqdAwlxJjR-E7hkacwfRYoS5Ji4ZhvGhnGcLHv6-Uw.mp4?_nc_cat=105&_nc_oc=AdrRrgt_4-wMh3RWJ-pQbQl5v-vKfTla0fioNCwbZ7NHqfJMH-Kps81M4kmYIF_LPwg&_nc_sid=b66105&_nc_ht=video.forn3-6.fna.fbcdn.net&_nc_ohc=2zKsoVPhwZoQ7kNvwG3LaIl&efg=eyJ2ZW5jb2RlX3RhZyI6Inhwdl9wcm9ncmVzc2l2ZS5WSV9VU0VDQVNFX1BST0RVQ1RfVFlQRS4uQzMuNzIwLmRhc2hfaDI2NC1iYXNpYy1nZW4yXzcyMHAiLCJ4cHZfYXNzZXRfaWQiOjIwOTgwNjk4MjA3NDYyODMsImFzc2V0X2FnZV9kYXlzIjo4MCwidmlfdXNlY2FzZV9pZCI6MTAxMjIsImR1cmF0aW9uX3MiOjY1LCJ1cmxnZW5fc291cmNlIjoid3d3In0%3D&ccb=17-1&vs=9b5dd4d1ad92bc25&_nc_vs=HBksFQIYRWZiX2VwaGVtZXJhbC9FNzQ4MDAwM0NEMEI5QTFCODZDQ0EyMTA3NEY3QTU5Nl9tdF8xX3ZpZGVvX2Rhc2hpbml0Lm1wNBUAAsgBEgAVAhhAZmJfcGVybWFuZW50Lzg5NDQ2OTQ5NDc5MEMyOTg5QjFENzU5NzI2MUI3MDk2X2F1ZGlvX2Rhc2hpbml0Lm1wNBUCAsgBEgAoABgAGwKIB3VzZV9vaWwBMRJwcm9ncmVzc2l2ZV9yZWNpcGUBMRUAACbWqImm3ou6BxUCKAJDMywXQFBGVgQYk3UYGWRhc2hfaDI2NC1iYXNpYy1nZW4yXzcyMHARAHUAZZSeAQA&_nc_gid=X5ERat-q-tlXKi51dTzWhA&_nc_ss=7a289&_nc_map=urlgen_bucketless&_nc_zt=28&oh=00_AQKbVXM6rBfAg0qCSatAT6STs4f3WI8LruxkCgHGm1Lutw&oe=6AA7001B,https://www.facebook.com/ads/library/?id=1567288511657970,الجديد جهاز,2026-09-09T10:40:02+00:00
1668632914187906,SA,Souqulukaz,2026-06-25,76,0,76,جهاز إزالة الشعر المحمول والآمن يزيل الشعر بلطف وبدون ألم على الوجه والجسم صغير وقابل للشحن وسهل الحمل للاستخدام في أي مكان فعال على جميع مناطق الجسم يحافظ على نعومة البشرة ويقلّل الانزعاج بعد الاستخدام 💸 الدفع عند الاستلام 🚚 توصيل مجاني | الدفع عند الإستلام | توصيل مجاني,https://api.whatsapp.com/send,https://video.forn3-1.fna.fbcdn.net/o1/v/t2/f2/m366/AQPyFUm3tA3sd092m-dvyCgIyWsIpgsWz5j57vTQZW9UIvrfHjNTQynSCGIKXbukCSjZFE_HCmQv6C5UGe9B_M5Oi1ymb_-emD77H5zuKTH4Cw.mp4?_nc_cat=102&_nc_oc=AdoGzaLxO0JouZ4qFMLAwD8el1oPj7ZtiRa74ctUL_lUYHhY-M56sdWuRGAPAfSq9V8&_nc_sid=b66105&_nc_ht=video.forn3-1.fna.fbcdn.net&_nc_ohc=C0Cq4A-EFNIQ7kNvwGM60YY&efg=eyJ2ZW5jb2RlX3RhZyI6Inhwdl9wcm9ncmVzc2l2ZS5WSV9VU0VDQVNFX1BST0RVQ1RfVFlQRS4uQzIuNTQwLmRhc2hfaDI2NC1iYXNpYy1nZW4yXzcyMHAiLCJ4cHZfYXNzZXRfaWQiOjIwNTI2MjU2MjUyNzYzMzksImFzc2V0X2FnZV9kYXlzIjozMjAsInZpX3VzZWNhc2VfaWQiOjEwNzk5LCJkdXJhdGlvbl9zIjoyMSwidXJsZ2VuX3NvdXJjZSI6Ind3dyJ9&ccb=17-1&vs=fb29f3cabc898ab8&_nc_vs=HBksFQIYRWZiX2VwaGVtZXJhbC81ODQ1Rjc1MjVEQTU3M0IyN0Y0MTMwQjYyQkYwNzVCRV9tdF8xX3ZpZGVvX2Rhc2hpbml0Lm1wNBUAAsgBEgAVAhhAZmJfcGVybWFuZW50LzkyNEQ5REREQjJFMzY3MERFNTQxQjdGMDBDQUU2REEzX2F1ZGlvX2Rhc2hpbml0Lm1wNBUCAsgBEgAoABgAGwKIB3VzZV9vaWwBMRJwcm9ncmVzc2l2ZV9yZWNpcGUBMRUAACbm_oLUxLalBxUCKAJDMiwXQDW7peNT988YGWRhc2hfaDI2NC1iYXNpYy1nZW4yXzcyMHARAHUAZd6oAQA&_nc_gid=AiRv9VNtspw7LoAD_yPd6A&_nc_ss=7a289&_nc_map=urlgen_bucketless&_nc_zt=28&oh=00_AQJ-5JSPgDH8rKujt15lHX0oMfHZuFDM8yZIlV3XD4mX7A&oe=6AA7101E,https://www.facebook.com/ads/library/?id=1668632914187906,جهاز ازالة الشعر,2026-09-09T10:30:54+00:00
1664726098097302,SA,Souqulukaz,2026-06-25,76,0,76,جهاز إزالة الشعر المحمول والآمن يزيل الشعر بلطف وبدون ألم على الوجه والجسم صغير وقابل للشحن وسهل الحمل للاستخدام في أي مكان فعال على جميع مناطق الجسم يحافظ على نعومة البشرة ويقلّل الانزعاج بعد الاستخدام 💸 الدفع عند الاستلام 🚚 توصيل مجاني | الدفع عند الإستلام | توصيل مجاني,https://api.whatsapp.com/send,https://video.forn3-1.fna.fbcdn.net/o1/v/t2/f2/m366/AQOZ_Q3u-7P1vax9rIurMwt1glNzSRVmwrfOdj-PBTqV347thqQpyWzMxtBK9XIAGEwKlj9__Ixo6lJm--_NhGpTyN0PdFlh0IPLsTqI0EpEqA.mp4?_nc_cat=105&_nc_oc=AdrHjbKOIHLckTMN3LN5HWpwROc3xUPI2wqjMkzW_9HfRQb5x4mENrO1NDP2T1EOIyw&_nc_sid=b66105&_nc_ht=video.forn3-1.fna.fbcdn.net&_nc_ohc=6Xi59cSq5eYQ7kNvwGZxs-N&efg=eyJ2ZW5jb2RlX3RhZyI6Inhwdl9wcm9ncmVzc2l2ZS5WSV9VU0VDQVNFX1BST0RVQ1RfVFlQRS4uQzIuNTc2LmRhc2hfaDI2NC1iYXNpYy1nZW4yXzcyMHAiLCJ4cHZfYXNzZXRfaWQiOjgyNzUzMDE0NjMzMjc1MSwiYXNzZXRfYWdlX2RheXMiOjMyMCwidmlfdXNlY2FzZV9pZCI6MTA3OTksImR1cmF0aW9uX3MiOjQ0LCJ1cmxnZW5fc291cmNlIjoid3d3In0%3D&ccb=17-1&vs=a2ab0cc2960705ad&_nc_vs=HBksFQIYRWZiX2VwaGVtZXJhbC80QjQ5QjE3RjYyQTczRDMyQ0FGNzBGRUU1NEY0QTM5OF9tdF8xX3ZpZGVvX2Rhc2hpbml0Lm1wNBUAAsgBEgAVAhhAZmJfcGVybWFuZW50LzZENEJDMTBCNDAzQkM0MjZGODA2NzVGMzU1QUMwOEE0X2F1ZGlvX2Rhc2hpbml0Lm1wNBUCAsgBEgAoABgAGwKIB3VzZV9vaWwBMRJwcm9ncmVzc2l2ZV9yZWNpcGUBMRUAACaegc6GzKj4AhUCKAJDMiwXQEZBaHKwIMUYGWRhc2hfaDI2NC1iYXNpYy1nZW4yXzcyMHARAHUAZd6oAQA&_nc_gid=QCqP3UcR2zheKlGgb_HiUg&_nc_ss=7a289&_nc_map=urlgen_bucketless&_nc_zt=28&oh=00_AQLerLDWolQM4FBOlrLXtJw4uCWjT_w3uGwtrz5Dj5u3Ug&oe=6AA7167F,https://www.facebook.com/ads/library/?id=1664726098097302,جهاز ازالة الشعر,2026-09-09T10:30:54+00:00
1794400718593708,KM,Richard Anderson,2026-06-26,75,0,75,شاهد الفيديو كاملاً على هذا التطبيق. إنه مجاني تماماً!,http://play.google.com/store/apps/details?id=com.video.downloader.videoplayer.videodownloader.musicplayer,https://video.forn3-2.fna.fbcdn.net/o1/v/t2/f2/m366/AQNGU9dmHfkvWvq9rXdzECpb4p77-q6H68TUWx5LqT6ODRp7I6ZefHRlBKvnWCj66-5Amgrun7I95nIvdXtuUtZU23ASGeMuJzpKtz0yTgXo9g.mp4?_nc_cat=106&_nc_oc=Adr-Ne_YnKtaZGF3IgnC9yCZD9pHRShOt89180HJ6_aaePEo0t8d_Kx5_wsx3s79re0&_nc_sid=b66105&_nc_ht=video.forn3-2.fna.fbcdn.net&_nc_ohc=oihwfBbbOCUQ7kNvwG8vChI&efg=eyJ2ZW5jb2RlX3RhZyI6Inhwdl9wcm9ncmVzc2l2ZS5WSV9VU0VDQVNFX1BST0RVQ1RfVFlQRS4uQzMuNzIwLmRhc2hfaDI2NC1iYXNpYy1nZW4yXzcyMHAiLCJ4cHZfYXNzZXRfaWQiOjI0ODg0NTI1MTQ5MzU5NTAsImFzc2V0X2FnZV9kYXlzIjo3NSwidmlfdXNlY2FzZV9pZCI6MTAxMzksImR1cmF0aW9uX3MiOjE0NTcsInVybGdlbl9zb3VyY2UiOiJ3d3cifQ%3D%3D&ccb=17-1&vs=2495c0d7326b7691&_nc_vs=HBksFQIYRWZiX2VwaGVtZXJhbC9GMDRFMTZCNjA1Q0ZGMkJEOEJDM0MzRUI3NzgzRTNBQV9tdF8xX3ZpZGVvX2Rhc2hpbml0Lm1wNBUAAsgBEgAVAhhAZmJfcGVybWFuZW50L0Y1NDA3MjIyRTA5QjE3NjI5QzE1OTlDQzgwQ0UwRjk3X2F1ZGlvX2Rhc2hpbml0Lm1wNBUCAsgBEgAoABgAGwKIB3VzZV9vaWwBMRJwcm9ncmVzc2l2ZV9yZWNpcGUBMRUAACac0ouDgM_rCBUCKAJDMywXQJbEZmZmZmYYGWRhc2hfaDI2NC1iYXNpYy1nZW4yXzcyMHARAHUAZbaeAQA&_nc_gid=fLBdp5KdO-jA7vFI7RIA2w&_nc_ss=7a289&_nc_map=urlgen_bucketless&_nc_zt=28&oh=00_AQJM_-EWTdLrtAJbdlLzPDlnovTy-h-9auKe-cT-Wzjfsw&oe=6AA700FA,https://www.facebook.com/ads/library/?id=1794400718593708,مجاناً كريم,2026-09-09T11:46:51+00:00
2528320180937844,KM,Richard Anderson,2026-06-26,75,0,75,شاهد الفيديو كاملاً على هذا التطبيق. إنه مجاني تماماً!,http://play.google.com/store/apps/details?id=com.video.downloader.videoplayer.videodownloader.musicplayer,https://video.forn3-1.fna.fbcdn.net/o1/v/t2/f2/m366/AQO_2TY2hcTAewjdqNZFga1GQtHUMi3lYHKYOrUUnRnJZ7AgGdnVMxL6wZYEkhcbvI0PrTJyO7Ozzo61kOmZdJs-X_zRoRm8ur5dWtZV29pgNA.mp4?_nc_cat=108&_nc_oc=AdoXIHKWwCj7Hzc1hUXtdw5Vw6NCo0dIkTrjmGLMUKwASigvzuvu8CXOPyjfhp_0l-Q&_nc_sid=b66105&_nc_ht=video.forn3-1.fna.fbcdn.net&_nc_ohc=ojLFBgEyj-UQ7kNvwEltBtQ&efg=eyJ2ZW5jb2RlX3RhZyI6Inhwdl9wcm9ncmVzc2l2ZS5WSV9VU0VDQVNFX1BST0RVQ1RfVFlQRS4uQzMuNzIwLmRhc2hfaDI2NC1iYXNpYy1nZW4yXzcyMHAiLCJ4cHZfYXNzZXRfaWQiOjE4NDc2MDQ0NTI4NzQ0MTUsImFzc2V0X2FnZV9kYXlzIjo3NSwidmlfdXNlY2FzZV9pZCI6MTAxMzksImR1cmF0aW9uX3MiOjg0NywidXJsZ2VuX3NvdXJjZSI6Ind3dyJ9&ccb=17-1&vs=a54473b7af76637e&_nc_vs=HBksFQIYRWZiX2VwaGVtZXJhbC8yNjQwQ0REREQ0RUZDMkUxMzBDRjNBNzM5NjI2NzhCMl9tdF8xX3ZpZGVvX2Rhc2hpbml0Lm1wNBUAAsgBEgAVAhhAZmJfcGVybWFuZW50LzBDNDQ3MkM4MzRBMzI2MzM1REY1NEQ0NUUyOUI4Nzk2X2F1ZGlvX2Rhc2hpbml0Lm1wNBUCAsgBEgAoABgAGwKIB3VzZV9vaWwBMRJwcm9ncmVzc2l2ZV9yZWNpcGUBMRUAACbe4srx3ZjIBhUCKAJDMywXQIp93S8an74YGWRhc2hfaDI2NC1iYXNpYy1nZW4yXzcyMHARAHUAZbaeAQA&_nc_gid=fLBdp5KdO-jA7vFI7RIA2w&_nc_ss=7a289&_nc_map=urlgen_bucketless&_nc_zt=28&oh=00_AQLstDwmtXO2XpnIdU6pqYejOX633T3DTDMsh9-31NaLZQ&oe=6AA71BCC,https://www.facebook.com/ads/library/?id=2528320180937844,مجاناً كريم,2026-09-09T11:46:51+00:00
3476925585800497,MA,Peket,2026-06-26,75,0,75,بلوتوث 5.1، USB، AUX، TF Card، راديو FM، ريموت كنترول وصوت قوي ونقي... كل هذا في جهاز واحد فقط! ✅ استقبل المكالمات بدون استخدام اليدين ✅ شغّل موسيقاك مباشرة من الهاتف عبر البلوتوث ✅ تحكم كامل بالريموت عن بعد ✅ جودة صوت ممتازة وتجربة قيادة أكثر متعة ✅ متوافق مع أغلب السيارات 🔥 بدل ما تصرف مئات الدراهم على شاشة أو نظام صوت جديد، ركّب هذا المشغل واستمتع بكل المزايا العصرية بسعر اقتصادي. 💰 عرض اليوم: 199 درهم فقط بدل 300 درهم 🚚 توصيل سريع لجميع المدن المغربية 💵 الدفع عند الاستلام | 🚗🎵 حوّل أي سيارة إلى سيارة عصرية في دقائق!,https://www.bricoma.shop/radio,https://video.forn3-1.fna.fbcdn.net/o1/v/t2/f2/m366/AQMeOqkMI03sImk_fUU3c-lhusybie8-DALWjwFYQzHyR3DiNqhxWlTv8bn8254zvl82XYmckLH2GyrJSpm62S5l1vv1ejRwxXi-dmDi2MM-Sw.mp4?_nc_cat=104&_nc_oc=AdoceVfTBcF_GPKk5YihEzPYvxOt0ECNK2kfY0bSjd75vMJygP_IPnj08wYiVswU3X4&_nc_sid=b66105&_nc_ht=video.forn3-1.fna.fbcdn.net&_nc_ohc=FQ-1byCIG0EQ7kNvwEaFbD2&efg=eyJ2ZW5jb2RlX3RhZyI6Inhwdl9wcm9ncmVzc2l2ZS5WSV9VU0VDQVNFX1BST0RVQ1RfVFlQRS4uQzMuNzIwLmRhc2hfaDI2NC1iYXNpYy1nZW4yXzcyMHAiLCJ4cHZfYXNzZXRfaWQiOjEzODM1NDQzMzY5MzE4MTMsImFzc2V0X2FnZV9kYXlzIjo4OSwidmlfdXNlY2FzZV9pZCI6MTA3OTksImR1cmF0aW9uX3MiOjQ1LCJ1cmxnZW5fc291cmNlIjoid3d3In0%3D&ccb=17-1&vs=c9bf514efdf17618&_nc_vs=HBksFQIYRWZiX2VwaGVtZXJhbC8xNTRERjM0OTNCQzZDQUVFQ0FBNjk5NUU1MDhCNzg4Nl9tdF8xX3ZpZGVvX2Rhc2hpbml0Lm1wNBUAAsgBEgAVAhhAZmJfcGVybWFuZW50LzZCNEVFMzdCNkE1RjJFOUM4MzEzRjFCQjRDMDhGMUI1X2F1ZGlvX2Rhc2hpbml0Lm1wNBUCAsgBEgAoABgAGwKIB3VzZV9vaWwBMRJwcm9ncmVzc2l2ZV9yZWNpcGUBMRUAACbK797L8JT1BBUCKAJDMywXQEad0vGp--cYGWRhc2hfaDI2NC1iYXNpYy1nZW4yXzcyMHARAHUAZd6oAQA&_nc_gid=lHUSmLOorpKY1Jyhy62TZw&_nc_ss=7b289&_nc_map=urlgen_bucketless&_nc_zt=28&oh=00_AQJn3-5HLRhTO-P5CBfKSRojdWLqG2hnm5LCXpYVKSbfxQ&oe=6AA70BD0,https://www.facebook.com/ads/library/?id=3476925585800497,جهاز تحكم بعد، يوفر,2026-09-09T11:07:45+00:00
1683814722666020,MA,Peket,2026-06-26,75,0,75,بلوتوث 5.1، USB، AUX، TF Card، راديو FM، ريموت كنترول وصوت قوي ونقي... كل هذا في جهاز واحد فقط! ✅ استقبل المكالمات بدون استخدام اليدين ✅ شغّل موسيقاك مباشرة من الهاتف عبر البلوتوث ✅ تحكم كامل بالريموت عن بعد ✅ جودة صوت ممتازة وتجربة قيادة أكثر متعة ✅ متوافق مع أغلب السيارات 🔥 بدل ما تصرف مئات الدراهم على شاشة أو نظام صوت جديد، ركّب هذا المشغل واستمتع بكل المزايا العصرية بسعر اقتصادي. 💰 عرض اليوم: 199 درهم فقط بدل 300 درهم 🚚 توصيل سريع لجميع المدن المغربية 💵 الدفع عند الاستلام | 🚗🎵 حوّل أي سيارة إلى سيارة عصرية في دقائق!,https://www.bricoma.shop/radio,https://video.forn3-1.fna.fbcdn.net/o1/v/t2/f2/m366/AQMeOqkMI03sImk_fUU3c-lhusybie8-DALWjwFYQzHyR3DiNqhxWlTv8bn8254zvl82XYmckLH2GyrJSpm62S5l1vv1ejRwxXi-dmDi2MM-Sw.mp4?_nc_cat=104&_nc_oc=AdoceVfTBcF_GPKk5YihEzPYvxOt0ECNK2kfY0bSjd75vMJygP_IPnj08wYiVswU3X4&_nc_sid=b66105&_nc_ht=video.forn3-1.fna.fbcdn.net&_nc_ohc=FQ-1byCIG0EQ7kNvwEaFbD2&efg=eyJ2ZW5jb2RlX3RhZyI6Inhwdl9wcm9ncmVzc2l2ZS5WSV9VU0VDQVNFX1BST0RVQ1RfVFlQRS4uQzMuNzIwLmRhc2hfaDI2NC1iYXNpYy1nZW4yXzcyMHAiLCJ4cHZfYXNzZXRfaWQiOjEzODM1NDQzMzY5MzE4MTMsImFzc2V0X2FnZV9kYXlzIjo4OSwidmlfdXNlY2FzZV9pZCI6MTA3OTksImR1cmF0aW9uX3MiOjQ1LCJ1cmxnZW5fc291cmNlIjoid3d3In0%3D&ccb=17-1&vs=c9bf514efdf17618&_nc_vs=HBksFQIYRWZiX2VwaGVtZXJhbC8xNTRERjM0OTNCQzZDQUVFQ0FBNjk5NUU1MDhCNzg4Nl9tdF8xX3ZpZGVvX2Rhc2hpbml0Lm1wNBUAAsgBEgAVAhhAZmJfcGVybWFuZW50LzZCNEVFMzdCNkE1RjJFOUM4MzEzRjFCQjRDMDhGMUI1X2F1ZGlvX2Rhc2hpbml0Lm1wNBUCAsgBEgAoABgAGwKIB3VzZV9vaWwBMRJwcm9ncmVzc2l2ZV9yZWNpcGUBMRUAACbK797L8JT1BBUCKAJDMywXQEad0vGp--cYGWRhc2hfaDI2NC1iYXNpYy1nZW4yXzcyMHARAHUAZd6oAQA&_nc_gid=lHUSmLOorpKY1Jyhy62TZw&_nc_ss=7b289&_nc_map=urlgen_bucketless&_nc_zt=28&oh=00_AQJn3-5HLRhTO-P5CBfKSRojdWLqG2hnm5LCXpYVKSbfxQ&oe=6AA70BD0,https://www.facebook.com/ads/library/?id=1683814722666020,جهاز تحكم بعد، يوفر,2026-09-09T11:07:45+00:00
4385966468214247,MA,Peket,2026-06-26,75,0,75,بلوتوث 5.1، USB، AUX، TF Card، راديو FM، ريموت كنترول وصوت قوي ونقي... كل هذا في جهاز واحد فقط! ✅ استقبل المكالمات بدون استخدام اليدين ✅ شغّل موسيقاك مباشرة من الهاتف عبر البلوتوث ✅ تحكم كامل بالريموت عن بعد ✅ جودة صوت ممتازة وتجربة قيادة أكثر متعة ✅ متوافق مع أغلب السيارات 🔥 بدل ما تصرف مئات الدراهم على شاشة أو نظام صوت جديد، ركّب هذا المشغل واستمتع بكل المزايا العصرية بسعر اقتصادي. 💰 عرض اليوم: 199 درهم فقط بدل 300 درهم 🚚 توصيل سريع لجميع المدن المغربية 💵 الدفع عند الاستلام | 🚗🎵 حوّل أي سيارة إلى سيارة عصرية في دقائق!,https://www.bricoma.shop/radio,https://video.forn3-1.fna.fbcdn.net/o1/v/t2/f2/m366/AQMeOqkMI03sImk_fUU3c-lhusybie8-DALWjwFYQzHyR3DiNqhxWlTv8bn8254zvl82XYmckLH2GyrJSpm62S5l1vv1ejRwxXi-dmDi2MM-Sw.mp4?_nc_cat=104&_nc_oc=AdoceVfTBcF_GPKk5YihEzPYvxOt0ECNK2kfY0bSjd75vMJygP_IPnj08wYiVswU3X4&_nc_sid=b66105&_nc_ht=video.forn3-1.fna.fbcdn.net&_nc_ohc=FQ-1byCIG0EQ7kNvwEaFbD2&efg=eyJ2ZW5jb2RlX3RhZyI6Inhwdl9wcm9ncmVzc2l2ZS5WSV9VU0VDQVNFX1BST0RVQ1RfVFlQRS4uQzMuNzIwLmRhc2hfaDI2NC1iYXNpYy1nZW4yXzcyMHAiLCJ4cHZfYXNzZXRfaWQiOjEzODM1NDQzMzY5MzE4MTMsImFzc2V0X2FnZV9kYXlzIjo4OSwidmlfdXNlY2FzZV9pZCI6MTA3OTksImR1cmF0aW9uX3MiOjQ1LCJ1cmxnZW5fc291cmNlIjoid3d3In0%3D&ccb=17-1&vs=c9bf514efdf17618&_nc_vs=HBksFQIYRWZiX2VwaGVtZXJhbC8xNTRERjM0OTNCQzZDQUVFQ0FBNjk5NUU1MDhCNzg4Nl9tdF8xX3ZpZGVvX2Rhc2hpbml0Lm1wNBUAAsgBEgAVAhhAZmJfcGVybWFuZW50LzZCNEVFMzdCNkE1RjJFOUM4MzEzRjFCQjRDMDhGMUI1X2F1ZGlvX2Rhc2hpbml0Lm1wNBUCAsgBEgAoABgAGwKIB3VzZV9vaWwBMRJwcm9ncmVzc2l2ZV9yZWNpcGUBMRUAACbK797L8JT1BBUCKAJDMywXQEad0vGp--cYGWRhc2hfaDI2NC1iYXNpYy1nZW4yXzcyMHARAHUAZd6oAQA&_nc_gid=lHUSmLOorpKY1Jyhy62TZw&_nc_ss=7b289&_nc_map=urlgen_bucketless&_nc_zt=28&oh=00_AQJn3-5HLRhTO-P5CBfKSRojdWLqG2hnm5LCXpYVKSbfxQ&oe=6AA70BD0,https://www.facebook.com/ads/library/?id=4385966468214247,جهاز تحكم بعد، يوفر,2026-09-09T11:07:45+00:00
1038803915499868,MA,Peket,2026-06-26,75,0,75,بلوتوث 5.1، USB، AUX، TF Card، راديو FM، ريموت كنترول وصوت قوي ونقي... كل هذا في جهاز واحد فقط! ✅ استقبل المكالمات بدون استخدام اليدين ✅ شغّل موسيقاك مباشرة من الهاتف عبر البلوتوث ✅ تحكم كامل بالريموت عن بعد ✅ جودة صوت ممتازة وتجربة قيادة أكثر متعة ✅ متوافق مع أغلب السيارات 🔥 بدل ما تصرف مئات الدراهم على شاشة أو نظام صوت جديد، ركّب هذا المشغل واستمتع بكل المزايا العصرية بسعر اقتصادي. 💰 عرض اليوم: 199 درهم فقط بدل 300 درهم 🚚 توصيل سريع لجميع المدن المغربية 💵 الدفع عند الاستلام | 🚗🎵 حوّل أي سيارة إلى سيارة عصرية في دقائق!,https://www.bricoma.shop/radio,https://video.forn3-1.fna.fbcdn.net/o1/v/t2/f2/m366/AQMeOqkMI03sImk_fUU3c-lhusybie8-DALWjwFYQzHyR3DiNqhxWlTv8bn8254zvl82XYmckLH2GyrJSpm62S5l1vv1ejRwxXi-dmDi2MM-Sw.mp4?_nc_cat=104&_nc_oc=AdoceVfTBcF_GPKk5YihEzPYvxOt0ECNK2kfY0bSjd75vMJygP_IPnj08wYiVswU3X4&_nc_sid=b66105&_nc_ht=video.forn3-1.fna.fbcdn.net&_nc_ohc=FQ-1byCIG0EQ7kNvwEaFbD2&efg=eyJ2ZW5jb2RlX3RhZyI6Inhwdl9wcm9ncmVzc2l2ZS5WSV9VU0VDQVNFX1BST0RVQ1RfVFlQRS4uQzMuNzIwLmRhc2hfaDI2NC1iYXNpYy1nZW4yXzcyMHAiLCJ4cHZfYXNzZXRfaWQiOjEzODM1NDQzMzY5MzE4MTMsImFzc2V0X2FnZV9kYXlzIjo4OSwidmlfdXNlY2FzZV9pZCI6MTA3OTksImR1cmF0aW9uX3MiOjQ1LCJ1cmxnZW5fc291cmNlIjoid3d3In0%3D&ccb=17-1&vs=c9bf514efdf17618&_nc_vs=HBksFQIYRWZiX2VwaGVtZXJhbC8xNTRERjM0OTNCQzZDQUVFQ0FBNjk5NUU1MDhCNzg4Nl9tdF8xX3ZpZGVvX2Rhc2hpbml0Lm1wNBUAAsgBEgAVAhhAZmJfcGVybWFuZW50LzZCNEVFMzdCNkE1RjJFOUM4MzEzRjFCQjRDMDhGMUI1X2F1ZGlvX2Rhc2hpbml0Lm1wNBUCAsgBEgAoABgAGwKIB3VzZV9vaWwBMRJwcm9ncmVzc2l2ZV9yZWNpcGUBMRUAACbK797L8JT1BBUCKAJDMywXQEad0vGp--cYGWRhc2hfaDI2NC1iYXNpYy1nZW4yXzcyMHARAHUAZd6oAQA&_nc_gid=lHUSmLOorpKY1Jyhy62TZw&_nc_ss=7b289&_nc_map=urlgen_bucketless&_nc_zt=28&oh=00_AQJn3-5HLRhTO-P5CBfKSRojdWLqG2hnm5LCXpYVKSbfxQ&oe=6AA70BD0,https://www.facebook.com/ads/library/?id=1038803915499868,جهاز تحكم بعد، يوفر,2026-09-09T11:07:45+00:00
1688850865696655,MA,Peket,2026-06-26,75,0,75,بلوتوث 5.1، USB، AUX، TF Card، راديو FM، ريموت كنترول وصوت قوي ونقي... كل هذا في جهاز واحد فقط! ✅ استقبل المكالمات بدون استخدام اليدين ✅ شغّل موسيقاك مباشرة من الهاتف عبر البلوتوث ✅ تحكم كامل بالريموت عن بعد ✅ جودة صوت ممتازة وتجربة قيادة أكثر متعة ✅ متوافق مع أغلب السيارات 🔥 بدل ما تصرف مئات الدراهم على شاشة أو نظام صوت جديد، ركّب هذا المشغل واستمتع بكل المزايا العصرية بسعر اقتصادي. 💰 عرض اليوم: 199 درهم فقط بدل 300 درهم 🚚 توصيل سريع لجميع المدن المغربية 💵 الدفع عند الاستلام | 🚗🎵 حوّل أي سيارة إلى سيارة عصرية في دقائق!,https://www.bricoma.shop/radio,https://video.forn3-1.fna.fbcdn.net/o1/v/t2/f2/m366/AQMeOqkMI03sImk_fUU3c-lhusybie8-DALWjwFYQzHyR3DiNqhxWlTv8bn8254zvl82XYmckLH2GyrJSpm62S5l1vv1ejRwxXi-dmDi2MM-Sw.mp4?_nc_cat=104&_nc_oc=AdoceVfTBcF_GPKk5YihEzPYvxOt0ECNK2kfY0bSjd75vMJygP_IPnj08wYiVswU3X4&_nc_sid=b66105&_nc_ht=video.forn3-1.fna.fbcdn.net&_nc_ohc=FQ-1byCIG0EQ7kNvwEaFbD2&efg=eyJ2ZW5jb2RlX3RhZyI6Inhwdl9wcm9ncmVzc2l2ZS5WSV9VU0VDQVNFX1BST0RVQ1RfVFlQRS4uQzMuNzIwLmRhc2hfaDI2NC1iYXNpYy1nZW4yXzcyMHAiLCJ4cHZfYXNzZXRfaWQiOjEzODM1NDQzMzY5MzE4MTMsImFzc2V0X2FnZV9kYXlzIjo4OSwidmlfdXNlY2FzZV9pZCI6MTA3OTksImR1cmF0aW9uX3MiOjQ1LCJ1cmxnZW5fc291cmNlIjoid3d3In0%3D&ccb=17-1&vs=c9bf514efdf17618&_nc_vs=HBksFQIYRWZiX2VwaGVtZXJhbC8xNTRERjM0OTNCQzZDQUVFQ0FBNjk5NUU1MDhCNzg4Nl9tdF8xX3ZpZGVvX2Rhc2hpbml0Lm1wNBUAAsgBEgAVAhhAZmJfcGVybWFuZW50LzZCNEVFMzdCNkE1RjJFOUM4MzEzRjFCQjRDMDhGMUI1X2F1ZGlvX2Rhc2hpbml0Lm1wNBUCAsgBEgAoABgAGwKIB3VzZV9vaWwBMRJwcm9ncmVzc2l2ZV9yZWNpcGUBMRUAACbK797L8JT1BBUCKAJDMywXQEad0vGp--cYGWRhc2hfaDI2NC1iYXNpYy1nZW4yXzcyMHARAHUAZd6oAQA&_nc_gid=lHUSmLOorpKY1Jyhy62TZw&_nc_ss=7b289&_nc_map=urlgen_bucketless&_nc_zt=28&oh=00_AQJn3-5HLRhTO-P5CBfKSRojdWLqG2hnm5LCXpYVKSbfxQ&oe=6AA70BD0,https://www.facebook.com/ads/library/?id=1688850865696655,جهاز تحكم بعد، يوفر,2026-09-09T11:07:45+00:00
1362162125835159,EG,Rafal رفال,2026-06-26,75,0,75,أي جهاز من رفال هدفه يسهل عليكي🧡 و عشان كده الساندوتش ميكر من رفال جايلك بكل المميزات الي تساعدك في مطبخك👌🏻 ✅ 6 وشوش تستخدميهم في كل وصفاتك الحلوة و الحادقه ✅ بلتة لتوزيع الحرارة على كامل سطح الجهاز لتسوية سريعة و مظبوطة ✅ بيفتح 180 درجة عشان يسهل عليكي في الكميات ✅ ضمان سنتين خلي شغل المطبخ دايما سهل مع رفال و أطلبيه دلوقتي من موقعنا : rafalelectric.com أو كلمينا على أرقمنا للرد على كل أسئلتك🧡 01010628457 | 01226004716,https://api.whatsapp.com/send,https://video.forn3-5.fna.fbcdn.net/o1/v/t2/f2/m366/AQO5LV_hsab33kmxnIFRM2eSk-FUIoxVo-jiAwZIBr75Xgppb3h3WW05dbL-PByPZCplL4deGlsMd7iUjYlP7Y5kTvbXBVxp2Ac4JfIOkMaM7A.mp4?_nc_cat=101&_nc_oc=AdqphsvTffsIh2q9pVg-bj9i0JqSN0jRuFIAAwhFsYFfueN_XQMp4GKHA28o2Mn6GSM&_nc_sid=b66105&_nc_ht=video.forn3-5.fna.fbcdn.net&_nc_ohc=dNWJ3rZpabkQ7kNvwED5qan&efg=eyJ2ZW5jb2RlX3RhZyI6Inhwdl9wcm9ncmVzc2l2ZS5WSV9VU0VDQVNFX1BST0RVQ1RfVFlQRS4uQzMuNzIwLmRhc2hfaDI2NC1iYXNpYy1nZW4yXzcyMHAiLCJ4cHZfYXNzZXRfaWQiOjc2MjIwMDE1OTYyOTIxNywiYXNzZXRfYWdlX2RheXMiOjQwNSwidmlfdXNlY2FzZV9pZCI6MTA5NTYsImR1cmF0aW9uX3MiOjEyNywidXJsZ2VuX3NvdXJjZSI6Ind3dyJ9&ccb=17-1&vs=296ba5acb97ad022&_nc_vs=HBksFQIYRWZiX2VwaGVtZXJhbC84OTQwRTZFQjFERERCRDRCRDA1MzkzOUVBNkJBNTA5MV9tdF8xX3ZpZGVvX2Rhc2hpbml0Lm1wNBUAAsgBEgAVAhhAZmJfcGVybWFuZW50LzdENDdEREY0NUNDRUVCMkU4RTMxMzMwRDQ2RTY2Mzg4X2F1ZGlvX2Rhc2hpbml0Lm1wNBUCAsgBEgAoABgAGwKIB3VzZV9vaWwBMRJwcm9ncmVzc2l2ZV9yZWNpcGUBMRUAACbCvpnc8c3aAhUCKAJDMywXQF_gAAAAAAAYGWRhc2hfaDI2NC1iYXNpYy1nZW4yXzcyMHARAHUAZZirAQA&_nc_gid=X5ERat-q-tlXKi51dTzWhA&_nc_ss=7a289&_nc_map=urlgen_bucketless&_nc_zt=28&oh=00_AQIlOBkIPK6ZQTa95_9BxXnROAbs4UgMChfUT3c1mxrzgA&oe=6AA71843,https://www.facebook.com/ads/library/?id=1362162125835159,الجديد جهاز,2026-09-09T10:40:02+00:00
2544753495956834,SA,Souqulukaz,2026-06-26,75,0,75,جهاز إزالة الشعر المحمول والآمن يزيل الشعر بلطف وبدون ألم على الوجه والجسم صغير وقابل للشحن وسهل الحمل للاستخدام في أي مكان فعال على جميع مناطق الجسم يحافظ على نعومة البشرة ويقلّل الانزعاج بعد الاستخدام 💸 الدفع عند الاستلام 🚚 توصيل مجاني | الدفع عند الإستلام | توصيل مجاني,https://api.whatsapp.com/send,https://video.forn3-6.fna.fbcdn.net/o1/v/t2/f2/m366/AQMvFxMmJPQtlYbS4Xgdbi914tfkN5iPpd41M3abEQyzSYtbTxZB6lWmT6C-5Ck6UbVAnCtHbh1tHgya2_5fj6czyn9PZcjQTLK2zZPiIqrTRA.mp4?_nc_cat=107&_nc_oc=AdqrJ-7x--y544gfb7PkosPKNUEThvI3MKF-uKlW6XjOFtQ7JKmTgJi_dSmM6JwjI-A&_nc_sid=b66105&_nc_ht=video.forn3-6.fna.fbcdn.net&_nc_ohc=Uc3EBwhzCpwQ7kNvwGOAsUi&efg=eyJ2ZW5jb2RlX3RhZyI6Inhwdl9wcm9ncmVzc2l2ZS5WSV9VU0VDQVNFX1BST0RVQ1RfVFlQRS4uQzIuNzIwLmRhc2hfaDI2NC1iYXNpYy1nZW4yXzcyMHAiLCJ4cHZfYXNzZXRfaWQiOjE1NDA5Mzk3NjczMjIzOTgsImFzc2V0X2FnZV9kYXlzIjozMjAsInZpX3VzZWNhc2VfaWQiOjEwNzk5LCJkdXJhdGlvbl9zIjozMywidXJsZ2VuX3NvdXJjZSI6Ind3dyJ9&ccb=17-1&vs=5bfdd501fce46831&_nc_vs=HBksFQIYRWZiX2VwaGVtZXJhbC8xQzQ1MkZDQUM4MkQ2QkFEMDU5RjVFNDI4RTgxRTdCNF9tdF8xX3ZpZGVvX2Rhc2hpbml0Lm1wNBUAAsgBEgAVAhhAZmJfcGVybWFuZW50LzY5NDE2NDc5QjIyRkQzQTA5MkQwRDE3N0Y3REY5QzlBX2F1ZGlvX2Rhc2hpbml0Lm1wNBUCAsgBEgAoABgAGwKIB3VzZV9vaWwBMRJwcm9ncmVzc2l2ZV9yZWNpcGUBMRUAACa83Jz3v968BRUCKAJDMiwXQEDRBiTdLxsYGWRhc2hfaDI2NC1iYXNpYy1nZW4yXzcyMHARAHUAZd6oAQA&_nc_gid=497Axl5R6q41agJxwSdzQw&_nc_ss=7a289&_nc_map=urlgen_bucketless&_nc_zt=28&oh=00_AQKLt0OSHQCYwuvjBmxOAcxiF-mFZAtD08zQcCzKc4B7Rw&oe=6AA72005,https://www.facebook.com/ads/library/?id=2544753495956834,جهاز ازالة الشعر,2026-09-09T10:30:54+00:00
1009691758416905,SA,Souqulukaz,2026-06-26,75,0,75,جهاز إزالة الشعر المحمول والآمن يزيل الشعر بلطف وبدون ألم على الوجه والجسم صغير وقابل للشحن وسهل الحمل للاستخدام في أي مكان فعال على جميع مناطق الجسم يحافظ على نعومة البشرة ويقلّل الانزعاج بعد الاستخدام 💸 الدفع عند الاستلام 🚚 توصيل مجاني | الدفع عند الإستلام | توصيل مجاني,https://api.whatsapp.com/send,https://video.forn3-5.fna.fbcdn.net/o1/v/t2/f2/m366/AQOhhxiKhH_KJ5_ibsbSul8wVzvt7v7CkAzXuDjScAV1EXq_-Pi-rDkW27gnEmzkuCGgI174B7J07o4wxDAAoBoLC-nS4YBu0LhS8_JqNxH6Jg.mp4?_nc_cat=111&_nc_oc=AdpcYslepfp_WDlbAQJ1r8TVLgjkzVyto1fvjfTyNjhawWoPwsrPepfJ3fUOgzB4W6A&_nc_sid=b66105&_nc_ht=video.forn3-5.fna.fbcdn.net&_nc_ohc=JM4_CbuYM-sQ7kNvwGK5l8Q&efg=eyJ2ZW5jb2RlX3RhZyI6Inhwdl9wcm9ncmVzc2l2ZS5WSV9VU0VDQVNFX1BST0RVQ1RfVFlQRS4uQzIuNTc2LmRhc2hfaDI2NC1iYXNpYy1nZW4yXzcyMHAiLCJ4cHZfYXNzZXRfaWQiOjE5NzU2NTczMDk4MzQzODUsImFzc2V0X2FnZV9kYXlzIjozMjAsInZpX3VzZWNhc2VfaWQiOjEwNzk5LCJkdXJhdGlvbl9zIjoyNSwidXJsZ2VuX3NvdXJjZSI6Ind3dyJ9&ccb=17-1&vs=669b5399eaa641e9&_nc_vs=HBksFQIYRWZiX2VwaGVtZXJhbC84QjRFRjc2NUYyNkRGRDQyQTVEODU3MjFDRkYwQ0E5M19tdF8xX3ZpZGVvX2Rhc2hpbml0Lm1wNBUAAsgBEgAVAhhAZmJfcGVybWFuZW50LzcwNDc4NDZGOUQ4OEM2QzkxNDE0QzY0RDJCRjVEMzkwX2F1ZGlvX2Rhc2hpbml0Lm1wNBUCAsgBEgAoABgAGwKIB3VzZV9vaWwBMRJwcm9ncmVzc2l2ZV9yZWNpcGUBMRUAACaisrSCsraCBxUCKAJDMiwXQDm4UeuFHrgYGWRhc2hfaDI2NC1iYXNpYy1nZW4yXzcyMHARAHUAZd6oAQA&_nc_gid=QCqP3UcR2zheKlGgb_HiUg&_nc_ss=7a289&_nc_map=urlgen_bucketless&_nc_zt=28&oh=00_AQKORFd-WJnMVDEIvmCfwR4UnJrjGGHGAgN5puWruIW5cQ&oe=6AA6EC29,https://www.facebook.com/ads/library/?id=1009691758416905,جهاز ازالة الشعر,2026-09-09T10:30:54+00:00
866403455989881,SA,Souqulukaz,2026-06-26,75,0,75,جهاز إزالة الشعر المحمول والآمن يزيل الشعر بلطف وبدون ألم على الوجه والجسم صغير وقابل للشحن وسهل الحمل للاستخدام في أي مكان فعال على جميع مناطق الجسم يحافظ على نعومة البشرة ويقلّل الانزعاج بعد الاستخدام 💸 الدفع عند الاستلام 🚚 توصيل مجاني | الدفع عند الإستلام | توصيل مجاني,https://api.whatsapp.com/send,https://video.forn3-2.fna.fbcdn.net/o1/v/t2/f2/m366/AQNopBka5y5Ujhp85m61Vnm02V6DXZf3m3u1i2lB8hyfnhX0d7O-4OgxTJ84DBjYfzjlkNF9J8mIEymIA1A66LgQ-4uzwQe9DeKXEVA6ktGrPw.mp4?_nc_cat=111&_nc_oc=AdpihQCe-MrTM6PNKK6fdwgeFedfq9Tv1z68daIJCZk9C3u_b7jGik3vZbV6IU_vO2E&_nc_sid=b66105&_nc_ht=video.forn3-2.fna.fbcdn.net&_nc_ohc=DquOctDxoQMQ7kNvwF1Lo71&efg=eyJ2ZW5jb2RlX3RhZyI6Inhwdl9wcm9ncmVzc2l2ZS5WSV9VU0VDQVNFX1BST0RVQ1RfVFlQRS4uQzIuNTQwLmRhc2hfaDI2NC1iYXNpYy1nZW4yXzcyMHAiLCJ4cHZfYXNzZXRfaWQiOjc4NTUxODcxMTE4MTcyMCwiYXNzZXRfYWdlX2RheXMiOjMyMSwidmlfdXNlY2FzZV9pZCI6MTA3OTksImR1cmF0aW9uX3MiOjI4LCJ1cmxnZW5fc291cmNlIjoid3d3In0%3D&ccb=17-1&vs=22d4e833fb28f66a&_nc_vs=HBksFQIYRWZiX2VwaGVtZXJhbC83MDQ0QzM4OEQ1N0E4ODZBMDhENEYwNTYxOEUzMTNBRF9tdF8xX3ZpZGVvX2Rhc2hpbml0Lm1wNBUAAsgBEgAVAhhAZmJfcGVybWFuZW50L0M1NEU3MDYwNEIzMDM3RUY5MDJDMjA5MUQzNzQ2MjhDX2F1ZGlvX2Rhc2hpbml0Lm1wNBUCAsgBEgAoABgAGwKIB3VzZV9vaWwBMRJwcm9ncmVzc2l2ZV9yZWNpcGUBMRUAACawxvS7mpvlAhUCKAJDMiwXQDyiDEm6XjUYGWRhc2hfaDI2NC1iYXNpYy1nZW4yXzcyMHARAHUAZd6oAQA&_nc_gid=QCqP3UcR2zheKlGgb_HiUg&_nc_ss=7a289&_nc_map=urlgen_bucketless&_nc_zt=28&oh=00_AQIwkHiQKOSUej0nu4DPHyJFXIaXNSS6kOZ27PF3e2Ycbg&oe=6AA6F0D1,https://www.facebook.com/ads/library/?id=866403455989881,جهاز ازالة الشعر,2026-09-09T10:30:54+00:00
1544336440689415,EG,دنيا حامد - Donia Hamed,2026-06-27,73,0,73,لو آثار الحبوب مخلياكي تحسي إن بشرتك مش صافية... يمكن ده الوقت المناسب تبدئي روتين مختلف. ✨ كريم العرقسوس من Devoria يجمع بين: 🌿 إشراقة فورية بعد الاستخدام. 🌿 المساعدة على تحسين مظهر التصبغات وآثار الحبوب مع الاستخدام المنتظم. 🌿 ترطيب ولمسة ناعمة تناسب روتينك اليومي. ولو عندك مناسبة، أو نفسك تشوفي بشرتك بلون أكثر تجانسًا، ابدئي من النهارده. https://devoria-cosmetics.myeasyorders.com/products/licorice-cream | مشكلتك مش الحبوب... آثارها.,https://devoria-cosmetics.myeasyorders.com/products/licorice-cream,https://video.forn3-2.fna.fbcdn.net/o1/v/t2/f2/m366/AQNgeZsPAmcPHd3VJ3s3GGUH398X8YZIx8Ugxgm3DDW8dvnmmUQ4pIzIwj2bDm3bt0d9IqG2syTKKflBMIyrUJiaRm2ustPTjtiH8R6a-yBAQQ.mp4?_nc_cat=107&_nc_oc=AdqSdRbslnL4MHve48P4F20qGZY9M3w34lC1SuE6fdaApbHK8L07SB7djhf1jJFHoOk&_nc_sid=b66105&_nc_ht=video.forn3-2.fna.fbcdn.net&_nc_ohc=jWcQ2bxFDFYQ7kNvwHfg_ot&efg=eyJ2ZW5jb2RlX3RhZyI6Inhwdl9wcm9ncmVzc2l2ZS5WSV9VU0VDQVNFX1BST0RVQ1RfVFlQRS4uQzMuNzIwLmRhc2hfaDI2NC1iYXNpYy1nZW4yXzcyMHAiLCJ4cHZfYXNzZXRfaWQiOjIwNzMyOTc3ODAyNjgzMTcsImFzc2V0X2FnZV9kYXlzIjo3MywidmlfdXNlY2FzZV9pZCI6MTA3OTksImR1cmF0aW9uX3MiOjEwNywidXJsZ2VuX3NvdXJjZSI6Ind3dyJ9&ccb=17-1&vs=a96074308a729acf&_nc_vs=HBksFQIYRWZiX2VwaGVtZXJhbC8yQzRCNjQ5ODNDMjY4MkYxODY3NkFERDAzMDcyRjhCNl9tdF8xX3ZpZGVvX2Rhc2hpbml0Lm1wNBUAAsgBEgAVAhhAZmJfcGVybWFuZW50L0UwNEU3RDU3Rjc4MjcxNjgxQUZGMkM1QzQ2OEE4MkEzX2F1ZGlvX2Rhc2hpbml0Lm1wNBUCAsgBEgAoABgAGwKIB3VzZV9vaWwBMRJwcm9ncmVzc2l2ZV9yZWNpcGUBMRUAACa69Kab6OmuBxUCKAJDMywXQFr7tkWhysEYGWRhc2hfaDI2NC1iYXNpYy1nZW4yXzcyMHARAHUAZd6oAQA&_nc_gid=2vgEewhjC7DlF7G6zTGcdA&_nc_ss=7b289&_nc_map=urlgen_bucketless&_nc_zt=28&oh=00_AQKr77ZsHH2FsRxDlZmf5N7ygz_u0dVm2ZE2eVY7x4MT0g&oe=6AA6CB75,https://www.facebook.com/ads/library/?id=1544336440689415,الحبوب الناتجة عن العرق,2026-09-09T04:21:42+00:00
2213183865891791,SA,,2026-07-29,17,,72,"​ Active Library ID: 2213183865891791 Started running on Jul 29, 2026 Platforms ​ ​ ​ ​",https://sa.revibe.me/ar,,https://www.facebook.com/ads/library/?id=2213183865891791,جهاز,2026-08-15T00:33:04+00:00
960601320342963,EG,Zain Tech,2026-07-01,70,0,70,مشترك واحد… يكفيك عن كتير 👌🏻 4 مخارج كهرباء بقدرة عالية تشغّل أكتر من جهاز في نفس الوقت ⚡ مع تحكم كامل في كل مخرج بضغطة زر واحدة 🎛️ مزود بـ نظام حماية ذكي من الحمل الزائد يحمي أجهزتك ويمنع أي تلف أو شرار 🛡️ وكمان فيه 2 مخرج USB للشحن السريع والآمن بدون الحاجة لشاحن إضافي ⚡ أداء ثابت بدون فقد في الطاقة ✅ واستخدام عملي يناسب البيت أو المكتب 🏠💼 وأمان تقدر تعتمد عليه كل يوم اطلبه الآن وخلي بيتك في أمان,https://zain-zain.myeasyorders.com/products/NEW,https://video.forn3-6.fna.fbcdn.net/o1/v/t2/f2/m366/AQP6yrliUG-NV4J34QHPF1tdLzQNr94QEf6s3XfSDypPxe6pW1COpz7rQR69JEKrBGuOqHjLI0Q168ifJF4bCF3Q-WDmINIOBE0W0u_ISV1YMA.mp4?_nc_cat=108&_nc_oc=Ado7GJQ2g6iyPzMT4ZaWCMIpmkbCdXXdTKZ0mDoWJwvj6ioclBrlDpu5eObwrHXEJjg&_nc_sid=b66105&_nc_ht=video.forn3-6.fna.fbcdn.net&_nc_ohc=kVdPEjAXfXYQ7kNvwEIEJhf&efg=eyJ2ZW5jb2RlX3RhZyI6Inhwdl9wcm9ncmVzc2l2ZS5WSV9VU0VDQVNFX1BST0RVQ1RfVFlQRS4uQzMuNzIwLmRhc2hfaDI2NC1iYXNpYy1nZW4yXzcyMHAiLCJ4cHZfYXNzZXRfaWQiOjg3MjAwNTAxMjEzODg5MSwiYXNzZXRfYWdlX2RheXMiOjIzNSwidmlfdXNlY2FzZV9pZCI6MTIzNzMsImR1cmF0aW9uX3MiOjU2LCJ1cmxnZW5fc291cmNlIjoid3d3In0%3D&ccb=17-1&vs=2f1d7e708310682a&_nc_vs=HBksFQIYRWZiX2VwaGVtZXJhbC9CMjRGN0ZCNzgxQTU0ODlFQjRDNTQ5NUJDNDEwMDk5OV9tdF8xX3ZpZGVvX2Rhc2hpbml0Lm1wNBUAAsgBEgAVAhhAZmJfcGVybWFuZW50Lzg2NEM0OTZGQ0MyMkZFNkM1NjQ3NkYwNUIzNjA1OUFGX2F1ZGlvX2Rhc2hpbml0Lm1wNBUCAsgBEgAoABgAGwKIB3VzZV9vaWwBMRJwcm9ncmVzc2l2ZV9yZWNpcGUBMRUAACaWru3Pr8WMAxUCKAJDMywXQExIcrAgxJwYGWRhc2hfaDI2NC1iYXNpYy1nZW4yXzcyMHARAHUAZarBAQA&_nc_gid=Y6JqT0-5Y8EcVETTrh_3NA&_nc_ss=7a289&_nc_map=urlgen_bucketless&_nc_zt=28&oh=00_AQL5kslZOBus92LEAHeauiQ6kSSEWmk69Qu0D5CCCCR60Q&oe=6AA70C50,https://www.facebook.com/ads/library/?id=960601320342963,جهاز تحكم بعد،,2026-09-09T11:22:32+00:00
1924012194901557,EG,دنيا حامد - Donia Hamed,2026-06-30,70,0,70,☀️ المصيف المفروض يغير مودك... مش لون بشرتك. كلنا بنستنى البحر والشمس والصور الحلوة... لكن بعد كام يوم، تلاقي بشرتك بقت أغمق أو التصبغات بانت أكتر. علشان كده روتين العناية في الصيف مهم بنفس أهمية الاستمتاع بالمصيف. 🌿 كريم العرقسوس من Devoria بيدي البشرة إشراقة فورية بعد الاستخدام، ومع الانتظام في روتين العناية يساعد على تحسين مظهر التصبغات وتوحيد لون البشرة. ✨ علشان تستمتعي بالمصيف... من غير ما تقلقي من شكل بشرتك بعده. استخدميه بانتظام صباحًا ومساءً، للحصول على أفضل النتائج. https://devoria-cosmetics.myeasyorders.com/products/licorice-cream | ☀️ المصيف يغيّر مودك... مش لون بشرتك.,https://devoria-cosmetics.myeasyorders.com/products/licorice-cream,https://video.forn3-1.fna.fbcdn.net/o1/v/t2/f2/m366/AQNNIt89MSKR1mElv2ifzW8voQXprnEtBmLLqzBryXjdxR3yJXR87c9LDG0auu5qUl1uQb2cbRMGwMejxVKcUCMLS_AFS-aH4_UYl8VtBlGlJA.mp4?_nc_cat=104&_nc_oc=AdqCtFh0nUXT7qd9X-WNUECZEqFxI4JCcfnU-j7dbwmvh8QRQ4O3WXtfGMggTwu_9co&_nc_sid=b66105&_nc_ht=video.forn3-1.fna.fbcdn.net&_nc_ohc=q-qHJOZ77m0Q7kNvwG98FTp&efg=eyJ2ZW5jb2RlX3RhZyI6Inhwdl9wcm9ncmVzc2l2ZS5WSV9VU0VDQVNFX1BST0RVQ1RfVFlQRS4uQzMuNzIwLmRhc2hfaDI2NC1iYXNpYy1nZW4yXzcyMHAiLCJ4cHZfYXNzZXRfaWQiOjEzMDAwNzEwODg3Nzk1MTAsImFzc2V0X2FnZV9kYXlzIjo3MCwidmlfdXNlY2FzZV9pZCI6MTA3OTksImR1cmF0aW9uX3MiOjg0LCJ1cmxnZW5fc291cmNlIjoid3d3In0%3D&ccb=17-1&vs=ac5f3f726c230731&_nc_vs=HBksFQIYRWZiX2VwaGVtZXJhbC9CRDRDMDg4MTg0Njc0NjQwNkYzMzE4MDVFQTk4RDJBN19tdF8xX3ZpZGVvX2Rhc2hpbml0Lm1wNBUAAsgBEgAVAhhAZmJfcGVybWFuZW50LzMzNERDOTE4MTcwMjEwODdFREM1NTNDMTcxMzA4RTk4X2F1ZGlvX2Rhc2hpbml0Lm1wNBUCAsgBEgAoABgAGwKIB3VzZV9vaWwBMRJwcm9ncmVzc2l2ZV9yZWNpcGUBMRUAACbsw--2jJrPBBUCKAJDMywXQFUVT987ZFoYGWRhc2hfaDI2NC1iYXNpYy1nZW4yXzcyMHARAHUAZd6oAQA&_nc_gid=qoeJ8P6va62WeF10ryL2dg&_nc_ss=7a289&_nc_map=urlgen_bucketless&_nc_zt=28&oh=00_AQIH3r7jc3LGijI36F1lnJCwT6IFP7C0BQNlUvklhRGqDA&oe=6AA6B8DC,https://www.facebook.com/ads/library/?id=1924012194901557,النمش,2026-09-09T04:32:31+00:00
1017670067625734,EG,دنيا حامد - Donia Hamed,2026-06-30,70,0,70,الشمس مش بس بتغمق البشرة... ممكن كمان تخلي التصبغات تبان أكتر. ☀️ وده السبب اللي بيخلي ناس كتير تلاحظ إن آثار الحبوب أو البقع بقت أوضح بعد المصيف. علشان كده، العناية اليومية بالبشرة مهمة جدًا، خصوصًا في الصيف. 🌿 كريم العرقسوس من Devoria يمنح البشرة إشراقة فورية، ومع الاستخدام المنتظم يساعد على تحسين مظهر البقع وتوحيد لون البشرة. ✨ علشان تستمتعي بالمصيف... من غير ما تقلقي من شكل بشرتك بعده. استخدميه بانتظام صباحًا ومساءً، للحصول على أفضل النتائج. https://devoria-cosmetics.myeasyorders.com/products/licorice-cream | ☀️ المصيف يغيّر مودك... مش لون بشرتك.,https://devoria-cosmetics.myeasyorders.com/products/licorice-cream,https://video.forn3-1.fna.fbcdn.net/o1/v/t2/f2/m366/AQNNIt89MSKR1mElv2ifzW8voQXprnEtBmLLqzBryXjdxR3yJXR87c9LDG0auu5qUl1uQb2cbRMGwMejxVKcUCMLS_AFS-aH4_UYl8VtBlGlJA.mp4?_nc_cat=104&_nc_oc=AdqCtFh0nUXT7qd9X-WNUECZEqFxI4JCcfnU-j7dbwmvh8QRQ4O3WXtfGMggTwu_9co&_nc_sid=b66105&_nc_ht=video.forn3-1.fna.fbcdn.net&_nc_ohc=q-qHJOZ77m0Q7kNvwG98FTp&efg=eyJ2ZW5jb2RlX3RhZyI6Inhwdl9wcm9ncmVzc2l2ZS5WSV9VU0VDQVNFX1BST0RVQ1RfVFlQRS4uQzMuNzIwLmRhc2hfaDI2NC1iYXNpYy1nZW4yXzcyMHAiLCJ4cHZfYXNzZXRfaWQiOjEzMDAwNzEwODg3Nzk1MTAsImFzc2V0X2FnZV9kYXlzIjo3MCwidmlfdXNlY2FzZV9pZCI6MTA3OTksImR1cmF0aW9uX3MiOjg0LCJ1cmxnZW5fc291cmNlIjoid3d3In0%3D&ccb=17-1&vs=ac5f3f726c230731&_nc_vs=HBksFQIYRWZiX2VwaGVtZXJhbC9CRDRDMDg4MTg0Njc0NjQwNkYzMzE4MDVFQTk4RDJBN19tdF8xX3ZpZGVvX2Rhc2hpbml0Lm1wNBUAAsgBEgAVAhhAZmJfcGVybWFuZW50LzMzNERDOTE4MTcwMjEwODdFREM1NTNDMTcxMzA4RTk4X2F1ZGlvX2Rhc2hpbml0Lm1wNBUCAsgBEgAoABgAGwKIB3VzZV9vaWwBMRJwcm9ncmVzc2l2ZV9yZWNpcGUBMRUAACbsw--2jJrPBBUCKAJDMywXQFUVT987ZFoYGWRhc2hfaDI2NC1iYXNpYy1nZW4yXzcyMHARAHUAZd6oAQA&_nc_gid=cDr0ocG6lhi_yQDIImv24g&_nc_ss=7a289&_nc_map=urlgen_bucketless&_nc_zt=28&oh=00_AQJ9ofGEbzoGg-ysShrR-mgSdiscHsf1Ltd7TiY7OGo6Tw&oe=6AA6B8DC,https://www.facebook.com/ads/library/?id=1017670067625734,النمش,2026-09-09T04:32:31+00:00
882866094317440,OM,Cleanup: Phone Storage Cleaner,2026-07-02,69,0,69,تطبيق Cleanup محل ثقة أكثر من 70 مليون مستخدم حول العالم ⭐ | انضم إلى أكثر من 70 مليون مستخدم أحبوا Cleanup ⭐,http://itunes.apple.com/app/id1510944943,https://video.forn3-6.fna.fbcdn.net/o1/v/t2/f2/m366/AQNWgbQ0SffguJxmrlDUQrvZON7T53-ApmsjIqkBcW5ibNQNYhkORcarHWVNHbwT582hL8BczRoHtRU-O9MdSIIJG_nlmmJAbHQLehar841uqw.mp4?_nc_cat=104&_nc_oc=AdosM0Zf-J5mU7BvtEGSl8CzQsGh4Su_VDf84Dp14ZBo6oNfrCm_w5mB7hdHz2IXqxI&_nc_sid=b66105&_nc_ht=video.forn3-6.fna.fbcdn.net&_nc_ohc=3zJJ1OzPFhUQ7kNvwH4fi9e&efg=eyJ2ZW5jb2RlX3RhZyI6Inhwdl9wcm9ncmVzc2l2ZS5WSV9VU0VDQVNFX1BST0RVQ1RfVFlQRS4uQzMuNzIwLmRhc2hfaDI2NC1iYXNpYy1nZW4yXzcyMHAiLCJ4cHZfYXNzZXRfaWQiOjE4ODEwNzk1NjI1NjY3MTMsImFzc2V0X2FnZV9kYXlzIjoxMTYsInZpX3VzZWNhc2VfaWQiOjEwMTM5LCJkdXJhdGlvbl9zIjo0NywidXJsZ2VuX3NvdXJjZSI6Ind3dyJ9&ccb=17-1&vs=1b3ab4fa07be65a9&_nc_vs=HBksFQIYRWZiX2VwaGVtZXJhbC9ERTRBRDA3RUQ0QjFBODMxMjdCNkZGNkE1MDcwQjhCMl9tdF8xX3ZpZGVvX2Rhc2hpbml0Lm1wNBUAAsgBEgAVAhhAZmJfcGVybWFuZW50LzE5NEI5RUVDNDdCNjA4QTYyRjRENkNFRTAzOTdEOEJFX2F1ZGlvX2Rhc2hpbml0Lm1wNBUCAsgBEgAoABgAGwKIB3VzZV9vaWwBMRJwcm9ncmVzc2l2ZV9yZWNpcGUBMRUAACby8PfxnrXXBhUCKAJDMywXQEej1wo9cKQYGWRhc2hfaDI2NC1iYXNpYy1nZW4yXzcyMHARAHUAZbaeAQA&_nc_gid=VxaWhYWzCzfrBWVeTypVJg&_nc_ss=7a289&_nc_map=urlgen_bucketless&_nc_zt=28&oh=00_AQLK-4fWsib7vtJfBypmxsC052YZKWkpX2yHON6UzkDslA&oe=6AA71810,https://www.facebook.com/ads/library/?id=882866094317440,أكبر جهاز,2026-09-09T11:03:13+00:00
1585245176362155,OM,Cleanup: Phone Storage Cleaner,2026-07-02,69,0,69,تطبيق Cleanup محل ثقة أكثر من 70 مليون مستخدم حول العالم ⭐ | انضم إلى أكثر من 70 مليون مستخدم أحبوا Cleanup ⭐,http://itunes.apple.com/app/id1510944943,https://video.forn3-6.fna.fbcdn.net/o1/v/t2/f2/m366/AQMOA8_fhwVpNaGFs3TK3-Om5MKJASIKP05JfYlW9Hy_qehsW-JT6Zfeu7RZ-EnHGeJ40MW3Ue7v84qJJ2D4UXg4ZcTbcBv9vhr9X_DNW6GXXA.mp4?_nc_cat=108&_nc_oc=Adr2C3oAvPoSAxU-F-HLya-ARjLGQ8ZkA0fERaOhMQLrgQC7qCgxWTdqYp069SgMy8M&_nc_sid=b66105&_nc_ht=video.forn3-6.fna.fbcdn.net&_nc_ohc=RQ5g2gyuzVwQ7kNvwHvjJLC&efg=eyJ2ZW5jb2RlX3RhZyI6Inhwdl9wcm9ncmVzc2l2ZS5WSV9VU0VDQVNFX1BST0RVQ1RfVFlQRS4uQzMuNzIwLmRhc2hfaDI2NC1iYXNpYy1nZW4yXzcyMHAiLCJ4cHZfYXNzZXRfaWQiOjEwMzI4MDc4Mjk0MDE2MzYsImFzc2V0X2FnZV9kYXlzIjo5MCwidmlfdXNlY2FzZV9pZCI6MTAxMzksImR1cmF0aW9uX3MiOjQ3LCJ1cmxnZW5fc291cmNlIjoid3d3In0%3D&ccb=17-1&vs=6158d7655488249a&_nc_vs=HBksFQIYRWZiX2VwaGVtZXJhbC83MTRCQUJENDlGMjAwQjdENEUwRjc4RkRFRkE0MTNCNV9tdF8xX3ZpZGVvX2Rhc2hpbml0Lm1wNBUAAsgBEgAVAhhAZmJfcGVybWFuZW50L0ZCNDQ2MkY1RUM2NDc5MjlENEEyQTJCQTYyRENDRkJGX2F1ZGlvX2Rhc2hpbml0Lm1wNBUCAsgBEgAoABgAGwKIB3VzZV9vaWwBMRJwcm9ncmVzc2l2ZV9yZWNpcGUBMRUAACbIwNf8qdXVAxUCKAJDMywXQEefnbItDlYYGWRhc2hfaDI2NC1iYXNpYy1nZW4yXzcyMHARAHUAZbaeAQA&_nc_gid=pJaSomNkrh3MV8h3FJ9qvA&_nc_ss=7a289&_nc_map=urlgen_bucketless&_nc_zt=28&oh=00_AQLmpbd_as1-1CausUGO-Ki1JBVTnItTCL_M8DxjLtaoNQ&oe=6AA713D8,https://www.facebook.com/ads/library/?id=1585245176362155,أكبر جهاز,2026-09-09T11:03:13+00:00
2251625682273787,EG,Mlay by Tribucare,2026-07-03,68,0,68,"خصم 10% على أحلى استثمار لإزالة الشعر هتعمليه لنفسك 👌 MLAY T14 PRO دلوقتي تقدري تعيشي تجربة إزالة شعر مختلفة تمامًا مع MLAY T14 PRO أحدث جيل من أجهزة الـ IPL — آمن، سريع، ونتايج من أول استخدام مميزات تخلي الفرق واضح: -AI Sensor لآمان أعلى -1,000,000 نبضة لسنين من الاستخدام -10 مستويات طاقة حسب احتياجك -Triple Pulse لسرعة وفعالية أقوى بمناسبة إطلاق الجهاز الجديد… عرض لفترة محدودة 🎟️ استخدمي كود الخصم: Aysel10 وخدي 10% OFF اطلبيه دلوقتي من الويب سايت 👇 https://www.tribucare.com/collections/t14-pro-series أو زورينا في فروعنا: مول العرب – سيتي ستارز – كايرو فيستيفال – مول طنطا تريبوكير – الوكيل الرسمي الوحيد لـ Mlay في مصر وعُمان رقم التسجيل الضريبي: 905-424-718 #mlayegypt #MlayT14Pro #IPL #مليون_نبضة #Tribucare | خصم 10% على MLAY T14 PRO استخدمي كود Aysel10 واستفيدي بالخصم",https://www.tribucare.com/collections/mlay-all-products,https://video.forn3-1.fna.fbcdn.net/o1/v/t2/f2/m366/AQOgxFg2ZRDGHkOKeZBIT9WdmbzTjtvwIaKBvmEmSPowvgU2FDCDduNbKA5hf79L826MTSNDuBVWNMsuCdXR3n7PUgGWu_ec_Dq5oqCMWRqDGQ.mp4?_nc_cat=107&_nc_oc=Adq-OM_NF_EalZD4eVQExRjQcuZ051ApcTSXFQH7THZi_Ey_SdmZnuFwWj4cYOZn2JY&_nc_sid=b66105&_nc_ht=video.forn3-1.fna.fbcdn.net&_nc_ohc=hT49en6J2EMQ7kNvwGqm6iv&efg=eyJ2ZW5jb2RlX3RhZyI6Inhwdl9wcm9ncmVzc2l2ZS5WSV9VU0VDQVNFX1BST0RVQ1RfVFlQRS4uQzMuNzE2LmRhc2hfaDI2NC1iYXNpYy1nZW4yXzcyMHAiLCJ4cHZfYXNzZXRfaWQiOjE0Mzc0NDI1MDE0NjY2MDgsImFzc2V0X2FnZV9kYXlzIjoxMzQsInZpX3VzZWNhc2VfaWQiOjEwNzk5LCJkdXJhdGlvbl9zIjo4NCwidXJsZ2VuX3NvdXJjZSI6Ind3dyJ9&ccb=17-1&vs=f02304e14d71c0fa&_nc_vs=HBksFQIYRWZiX2VwaGVtZXJhbC9GMDRDMUM1NkM1RkQ0MTNCMDNCMDhFMTg5MEI5QTA5M19tdF8xX3ZpZGVvX2Rhc2hpbml0Lm1wNBUAAsgBEgAVAhhAZmJfcGVybWFuZW50L0ZCNEZFQ0U1MTYzRjA3NDE0M0JDMjZFQTI1Qzk3MDk2X2F1ZGlvX2Rhc2hpbml0Lm1wNBUCAsgBEgAoABgAGwKIB3VzZV9vaWwBMRJwcm9ncmVzc2l2ZV9yZWNpcGUBMRUAACbg5_qaldaNBRUCKAJDMywXQFUu6XjU_fQYGWRhc2hfaDI2NC1iYXNpYy1nZW4yXzcyMHARAHUAZd6oAQA&_nc_gid=natJSsIdUJxsnaJRPxCyQQ&_nc_ss=7a289&_nc_map=urlgen_bucketless&_nc_zt=28&oh=00_AQIRS6kU2hlAZ-NCQ7uXsC4TqjImj41eDZm-cGn25mtIAA&oe=6AA71229,https://www.facebook.com/ads/library/?id=2251625682273787,الجديد جهاز,2026-09-09T10:40:02+00:00
1529087052015630,SY,Olivia Bio,2026-07-03,68,0,68,"😩 تعبت من الصلع أو فراغات الشعر؟ بدون عمليات مكلفة 💸 وبدون حلول معقدة! ✨ iHair سيرم طبيعي للعناية بالشعر يساعد على: ✅ تقليل تساقط الشعر تدريجيًا ✅ تحسين كثافة الشعر ومظهر الفراغات ✅ تقوية الشعر الضعيف ودعم نموه ✅ مناسب للرجال والنساء 🌿 تركيبة طبيعية غنية بمكونات فعالة للعناية بفروة الرأس والشعر. ⏳ مع الاستخدام المنتظم، يمكن ملاحظة تحسن تدريجي خلال أسابيع. 💰 وفر وقتك وأموالك مقارنة بالحلول المكلفة. 🚚 التوصيل متوفر والدفع عند الاستلام. 📩 اطلب الآن واستعد ثقتك بشعرك من جديد! 🔥 | 👇 خلال 7 إلى 14 يوم بس، الناس قامت تلاحظ فرق واضح في فراغات الشعر والذقن! | ⭐ ⭐ أكثر من 100,000 عميل جربوه وأشادوا بنتائجه المذهلة! ⭐ ⭐",https://bioluxuuryshop.mydropify.shop/lp/lp-gcc-pntcw90d,https://video.forn3-6.fna.fbcdn.net/o1/v/t2/f2/m366/AQObmrjKjXqniSuO58I2TQBCnIgF3wcVnJbkXC0GPFH9GRknGmLE7msGc1FlRFjCV3HY1-57KhEkHQSDPUN7D-RG92IfD5mNvgFHahFaGfkqug.mp4?_nc_cat=103&_nc_oc=AdojaI4sQXxjI8egVKPXdOw_Rr4NuZYu-vOy5FsP1Bcj0-Z3YWtCs-qmPmOFlKwrdeY&_nc_sid=b66105&_nc_ht=video.forn3-6.fna.fbcdn.net&_nc_ohc=Wp1hluBcsK4Q7kNvwG-D3F6&efg=eyJ2ZW5jb2RlX3RhZyI6Inhwdl9wcm9ncmVzc2l2ZS5WSV9VU0VDQVNFX1BST0RVQ1RfVFlQRS4uQzMuNzIwLmRhc2hfaDI2NC1iYXNpYy1nZW4yXzcyMHAiLCJ4cHZfYXNzZXRfaWQiOjE3ODA5MzI4OTk1Mzg2NDIsImFzc2V0X2FnZV9kYXlzIjo4OSwidmlfdXNlY2FzZV9pZCI6MTA3OTksImR1cmF0aW9uX3MiOjQyLCJ1cmxnZW5fc291cmNlIjoid3d3In0%3D&ccb=17-1&vs=d693d77ee620c0d7&_nc_vs=HBksFQIYRWZiX2VwaGVtZXJhbC80MjREQzdFOENGQkY1QTczOTVENDRGOUJFQUM5NjI4N19tdF8xX3ZpZGVvX2Rhc2hpbml0Lm1wNBUAAsgBEgAVAhhAZmJfcGVybWFuZW50L0IzNEFFQzI4Nzc1RTQ3NkIxMzJCMzlBOThDMDg5RUJBX2F1ZGlvX2Rhc2hpbml0Lm1wNBUCAsgBEgAoABgAGwKIB3VzZV9vaWwBMRJwcm9ncmVzc2l2ZV9yZWNpcGUBMRUAACakm8SN-O-pBhUCKAJDMywXQEUd0vGp--cYGWRhc2hfaDI2NC1iYXNpYy1nZW4yXzcyMHARAHUAZd6oAQA&_nc_gid=btCawUrwfHlsh1eXdySsIQ&_nc_ss=7a289&_nc_map=urlgen_bucketless&_nc_zt=28&oh=00_AQKzorq3t9Bo3gM9w0Vx72FBbTjjdKvnx6NXT-rPpJwsJA&oe=6AA6E5C9,https://www.facebook.com/ads/library/?id=1529087052015630,للعناية سيروم,2026-09-09T09:56:38+00:00
2032061657404251,SY,Olivia Bio,2026-07-04,67,0,67,"😩 تعبت من الصلع أو فراغات الشعر؟ بدون عمليات مكلفة 💸 وبدون حلول معقدة! ✨ iHair سيرم طبيعي للعناية بالشعر يساعد على: ✅ تقليل تساقط الشعر تدريجيًا ✅ تحسين كثافة الشعر ومظهر الفراغات ✅ تقوية الشعر الضعيف ودعم نموه ✅ مناسب للرجال والنساء 🌿 تركيبة طبيعية غنية بمكونات فعالة للعناية بفروة الرأس والشعر. ⏳ مع الاستخدام المنتظم، يمكن ملاحظة تحسن تدريجي خلال أسابيع. 💰 وفر وقتك وأموالك مقارنة بالحلول المكلفة. 🚚 التوصيل متوفر والدفع عند الاستلام. 📩 اطلب الآن واستعد ثقتك بشعرك من جديد! 🔥 | 👇 خلال 7 إلى 14 يوم بس، الناس قامت تلاحظ فرق واضح في فراغات الشعر والذقن! | ⭐ ⭐ أكثر من 100,000 عميل جربوه وأشادوا بنتائجه المذهلة! ⭐ ⭐",https://bioluxuuryshop.mydropify.shop/lp/lp-gcc-pntcw90d,https://video.forn3-5.fna.fbcdn.net/o1/v/t2/f2/m412/AQNx5IiFaIJhSlTEAz212z7bbywEXqoM1zshXD5AQzkqlezJlYxrT3HNvEi_H1thCEysiHKA_DtOWTcNf_2d3GlbhFhgp56oec5UHl65eQ.mp4?_nc_cat=105&_nc_oc=AdrTvX2YjTjs19894BsJdBEF5KyfhPeDn521NEz6lKSyaG66rbYHbdkSrRbaSa0LY7c&_nc_sid=ef5aa3&_nc_ht=video.forn3-5.fna.fbcdn.net&_nc_ohc=D3pl9Vf45TIQ7kNvwG_FGXH&efg=eyJ2ZW5jb2RlX3RhZyI6Inhwdl9wcm9ncmVzc2l2ZS5WSV9VU0VDQVNFX1BST0RVQ1RfVFlQRS4uQzMuMzQ4LnN2ZV9zZCIsInhwdl9hc3NldF9pZCI6MTcxNTc2NTE4NjQ0MDM0NywiYXNzZXRfYWdlX2RheXMiOjg5LCJ2aV91c2VjYXNlX2lkIjoxMDc5OSwiZHVyYXRpb25fcyI6NDMsInVybGdlbl9zb3VyY2UiOiJ3d3cifQ%3D%3D&ccb=17-1&_nc_gid=ZgqcQspoytFstw3szMNrbw&_nc_ss=7a289&_nc_map=urlgen_bucketless&_nc_zt=28&oh=00_AQKlxSkWcNi8PdfR6_2srhAkfVrBOncUuxBZ8RpY_mjA_Q&oe=6AA70F75,https://www.facebook.com/ads/library/?id=2032061657404251,للعناية سيروم,2026-09-09T09:56:38+00:00
1717140039408289,MA,Dokkan-vip,2026-07-03,67,0,67,🌸 لا شيء أجمل من الشعور بالنظافة والانتعاش بعد الاستحمام. لكن هل تنظف ظهرك بالكامل؟ 🤔 ✨ مع فرشاة الاستحمام الطويلة ستصل بسهولة إلى الأماكن التي يصعب الوصول إليها. 💙 تساعد على: 🧼 إزالة الجلد الميت 🚿 تنظيف الظهر بسهولة 🦶 العناية بالقدمين 🌿 تقشير لطيف للبشرة اطلبها اليوم واستمتع بتجربة استحمام مختلفة! 😍 | 🛁 انتعاش يبدأ من تنظيف كامل | 🌿 نظافة وتقشير بلمسة واحدة.,https://dokkanvip.com/pages/shower-brush,https://video.forn3-5.fna.fbcdn.net/o1/v/t2/f2/m366/AQNV2xV5-yoiy3up8Mh7B2zQxzkRlZVyDBkS96-cyTUk7CWwppOTEITCPy84FN43Y182KOrgD3qn8nDMKvWx80FO7fFrdR0N_XOxXckVW3sL3g.mp4?_nc_cat=107&_nc_oc=Adqb-LPPFoecJMzwpU1WManxC7KQHItc4scc2l7I-6lvcuFOPgS4QRy8u7oJJ7V3iPg&_nc_sid=b66105&_nc_ht=video.forn3-5.fna.fbcdn.net&_nc_ohc=iJqKBy8ei-4Q7kNvwHfCK9y&efg=eyJ2ZW5jb2RlX3RhZyI6Inhwdl9wcm9ncmVzc2l2ZS5WSV9VU0VDQVNFX1BST0RVQ1RfVFlQRS4uQzMuNzIwLmRhc2hfaDI2NC1iYXNpYy1nZW4yXzcyMHAiLCJ4cHZfYXNzZXRfaWQiOjIyNTExMTk3NTIzMDUzMzUsImFzc2V0X2FnZV9kYXlzIjo2NywidmlfdXNlY2FzZV9pZCI6MTAxMzksImR1cmF0aW9uX3MiOjI0LCJ1cmxnZW5fc291cmNlIjoid3d3In0%3D&ccb=17-1&vs=1912e823a14eef67&_nc_vs=HBksFQIYRWZiX2VwaGVtZXJhbC81QzQzRDM5QzM1OTlGODNCM0QzNTE2NkY3MkIxOEVBNV9tdF8xX3ZpZGVvX2Rhc2hpbml0Lm1wNBUAAsgBEgAVAhhAZmJfcGVybWFuZW50LzQ4NEM5RkVDMkM5MkRDMENERkEwRkU3NkU0NDEyMUE1X2F1ZGlvX2Rhc2hpbml0Lm1wNBUCAsgBEgAoABgAGwKIB3VzZV9vaWwBMRJwcm9ncmVzc2l2ZV9yZWNpcGUBMRUAACbu6vaStdj_BxUCKAJDMywXQDiZmZmZmZoYGWRhc2hfaDI2NC1iYXNpYy1nZW4yXzcyMHARAHUAZbaeAQA&_nc_gid=oVXf78tsyMyKsc3INUGI-g&_nc_ss=7a289&_nc_map=urlgen_bucketless&_nc_zt=28&oh=00_AQI898T-MA5J967wu146J_l700aEPck9fOt6FEpXbVAMWQ&oe=6AA6C8B9,https://www.facebook.com/ads/library/?id=1717140039408289,فرشاة إزالة الجلد الميت,2026-09-09T07:16:20+00:00
872666642573004,YE,متجر تدابير,2026-07-05,66,0,66,🔥 ودّع آلام الرقبة والتشنجات نهائياً✨ استعد راحتك وحيويتك مع جهاز الشد الهوائي الذكي للرقبة 😍 ​✨ تجديد العرض لفترة محدودة جداً (لمدة 10 أيام فقط) ✨ . السعر فقــــــــــــط ب 4000 ﷼يمني 🇾🇪 . السعر فقــــــــــــط ب 29 ﷼سعودي 🇸🇦 👇 لا تنتظر حتى يعود الألم، اطلب جهازك الآن واضمن راحتك 👇 📲 للحجز اتوصل عبر الوتسعلىارقم: 781919282 ​ ---- ​❌ هل تعاني يومياً من؟ ​آلام الرقبة المستمرة والمزعجة. ​الإجهاد الناتج عن الجلوس الطويل أمام الجوال أو الكمبيوتر 📱💻. ​التشنجات والضغط المؤلم على الفقرات. ​الصداع المتكرر وصعوبة التركيز 🤯. ​✅ الحل السحري بين يديك الآن: ​تخفيف فوري للضغط: يرفع الحمل عن فقرات الرقبة ويقضي على التشنج. ​تعديل واستقامة الوضعية: يدعم الرقبة ويساعدك على الجلوس بشكل صحي وسليم 🪑. ​تحكم كامل وسهل: جهاز قابل للنفخ ليتناسب مع مقاس رقبتك تماماً 🎈. ​رفيقك في كل مكان: تصميم خفيف وعملي مناسب للمنزل، المكتب، أو السفر 🏠. ​جلسة علاج طبيعي متكاملة: يمنحك شعور الاسترخاء وكأنك في مركز مساج احترافي 🌸. ---- ​🎯 لماذا تختار هذا الجهاز بالتحديد؟ ​تصميم عصري وفخم يتناسب مع استخدامك اليومي ✨. ​خامات مخملية ناعمة ولطيفة جداً على البشرة 🌿. ​الاستثمار الأفضل لصحتك وراحتك بعد يوم عمل طويل ومتعب 😌. ​⚠️ ملاحظة: الكمية المتاحة بالعرض محدودة جداً وتنفد بسرعة!,https://api.whatsapp.com/send,https://video.forn3-6.fna.fbcdn.net/o1/v/t2/f2/m367/AQMgDFzlCkRWpRZULJF4GndP4ok9Mt7MufxX5xC0FauvJ-l6sBmLHlEQ8d87TXMl38JlQpYUTH_dDRtkZ7IH-qyW6z8iwVbPTMwDR85BCA.mp4?_nc_cat=105&_nc_oc=AdqdL4aB9UzZXQtIgDdKAQo62GAQgf5LLh4gez5QX42rkT9ruDhLlyE1ip3PNi6_uas&_nc_sid=ef5aa3&_nc_ht=video.forn3-6.fna.fbcdn.net&_nc_ohc=7wnfimzIyBsQ7kNvwEhvZyk&efg=eyJ2ZW5jb2RlX3RhZyI6Inhwdl9wcm9ncmVzc2l2ZS5WSV9VU0VDQVNFX1BST0RVQ1RfVFlQRS4uQzMuNzIwLnByb2dyZXNzaXZlX2gyNjQtYmFzaWMtZ2VuMl83MjBwIiwieHB2X2Fzc2V0X2lkIjoyNDcyNzM2NTM2NTc4ODM3LCJhc3NldF9hZ2VfZGF5cyI6NjUsInZpX3VzZWNhc2VfaWQiOjEyMzc0LCJkdXJhdGlvbl9zIjoyOCwidXJsZ2VuX3NvdXJjZSI6Ind3dyJ9&ccb=17-1&_nc_gid=arF1JJ9oYrL65gA7H74bEA&_nc_ss=7a289&_nc_map=urlgen_bucketless&_nc_zt=28&oh=00_AQIZnNfr7rc-yqo9ds8xH_qzpkPoRwCzXPncmgzzCKISYg&oe=6AA72345,https://www.facebook.com/ads/library/?id=872666642573004,جهاز ازالة,2026-09-09T10:32:22+00:00
2290752328417666,MA,Lina mart ,2026-07-06,65,0,65,✨ مميزات البروجكتور السحري: ​إضاءة متعددة الألوان: يمنحك تشكيلة واسعة من الألوان الساحرة والمؤثرات الضوئية (مثل تأثير أمواج البحر والنجوم) لتغيير أجواء الغرفة بالكامل. ​إضاءة ترافقها موسيقى: يحتوي على مكبر صوت بلوتوث مدمج يتزامن مع الإضاءة ليخلق أجواءً فريدة مدمجة بالصوت والضوء. ​التحكم عن بُعد: يأتي مع جهاز تحكم (ريموت كنترول) لتبديل الألوان، تشغيل الموسيقى، والتحكم في درجة السطوع بكل سهولة وراحة. ​راحة نفسية رهيبة: مثالي لخلق جو رومانسي وهادئ يساعدك على التخلص من التوتر والاضطراب اليومي في غرفتك أو صالتك.,https://linamart.shop/products/galaksy-brogktor-galaxy-projector,https://video.forn3-5.fna.fbcdn.net/o1/v/t2/f2/m366/AQPPalModVLceozASVgKmHj4UCig_Sm5NUjslFfqzu7YX9ocvJ11iL18XDJ6M637AZ_OgZ8x9AFXa2rMhcfT4XFyAzh6-DTh6J4B1WI6KYPDGQ.mp4?_nc_cat=104&_nc_oc=Adr9PSX8hBswns_0nwphbA91ZWBStmzd26kW18PSgddj6CkxFhX8A5SZLaSL0cwHrqQ&_nc_sid=b66105&_nc_ht=video.forn3-5.fna.fbcdn.net&_nc_ohc=ZpW9JT2L76QQ7kNvwFlfo-7&efg=eyJ2ZW5jb2RlX3RhZyI6Inhwdl9wcm9ncmVzc2l2ZS5WSV9VU0VDQVNFX1BST0RVQ1RfVFlQRS4uQzMuNzIwLmRhc2hfaDI2NC1iYXNpYy1nZW4yXzcyMHAiLCJ4cHZfYXNzZXRfaWQiOjE3MTk2NTg4OTIzNzcxMjIsImFzc2V0X2FnZV9kYXlzIjo4MSwidmlfdXNlY2FzZV9pZCI6MTIzNzMsImR1cmF0aW9uX3MiOjQ5LCJ1cmxnZW5fc291cmNlIjoid3d3In0%3D&ccb=17-1&vs=c8a40aaccdbdeb6b&_nc_vs=HBksFQIYRWZiX2VwaGVtZXJhbC80MzRBNUU2RUQ5MjJERjk3QjM2MTJCQTZFRkUxNzlCOF9tdF8xX3ZpZGVvX2Rhc2hpbml0Lm1wNBUAAsgBEgAVAhhAZmJfcGVybWFuZW50LzQwNDE0NTE2Qzc2NEM5NkQxMzNCQjg3MjUzOENCRDlGX2F1ZGlvX2Rhc2hpbml0Lm1wNBUCAsgBEgAoABgAGwKIB3VzZV9vaWwBMRJwcm9ncmVzc2l2ZV9yZWNpcGUBMRUAACbE8NGWqYGOBhUCKAJDMywXQEiqn752yLQYGWRhc2hfaDI2NC1iYXNpYy1nZW4yXzcyMHARAHUAZarBAQA&_nc_gid=lHUSmLOorpKY1Jyhy62TZw&_nc_ss=7b289&_nc_map=urlgen_bucketless&_nc_zt=28&oh=00_AQKw4zhoxCsewpwmqD7fUC0edwAbMo9yMdsk3NaJxUM5Qw&oe=6AA708F0,https://www.facebook.com/ads/library/?id=2290752328417666,جهاز تحكم بعد، يوفر,2026-09-09T11:07:45+00:00
3368929493281547,AE,Aestheto Medical Center,2026-07-06,65,0,65,ليش يرجع الشعر بعد جلسات الليزر؟ 🤔 الدكتورة آلاء عمر تجاوبكم المشكلة في التقنية مو بعدد الجلسات. في عيادة Aestheto وفرنا لكم أحدث التقنيات: جهاز كانديلا جنتل ماكس برو مع نظام التبريد العالي لجلسات أكثر راحة وفعالية. ❄️✨ تخلصي من هالمشكلة نهائياً واحجزي موعدج اليوم 🗓️ 0563514441 - 092241411,https://api.whatsapp.com/send,https://video.forn3-2.fna.fbcdn.net/o1/v/t2/f2/m367/AQNaK9BfcJcOlTFIlDlQkCQqhYgAUcuhnr8wh7UtxVE-n2LodqhVaW5oon4fIGMhO_I84g8WrSOoNpecag3tQcFMOKx6d_p1Zn1377wrlA.mp4?_nc_cat=105&_nc_oc=AdrH6vBn3CQT1WnWowadFkl2MCRBXjmjAudMvGj5nwhCs3PQW1l-XUoAEjlQZJCCp5Y&_nc_sid=ef5aa3&_nc_ht=video.forn3-2.fna.fbcdn.net&_nc_ohc=VBo3YPtUbioQ7kNvwFWZe15&efg=eyJ2ZW5jb2RlX3RhZyI6Inhwdl9wcm9ncmVzc2l2ZS5WSV9VU0VDQVNFX1BST0RVQ1RfVFlQRS4uQzMuNzIwLnByb2dyZXNzaXZlX2gyNjQtYmFzaWMtZ2VuMl83MjBwIiwieHB2X2Fzc2V0X2lkIjoxMzQ0MTE1NDUxMjA2MjUyLCJhc3NldF9hZ2VfZGF5cyI6NjUsInZpX3VzZWNhc2VfaWQiOjEwMDk5LCJkdXJhdGlvbl9zIjoyNCwidXJsZ2VuX3NvdXJjZSI6Ind3dyJ9&ccb=17-1&_nc_gid=4ydYv4n3mrtYV7Uglqie9Q&_nc_ss=7b289&_nc_map=urlgen_bucketless&_nc_zt=28&oh=00_AQLm8tl_B7vxbyukx1Y0QSuxg3IiKeHu-9q9bKRHvh2Wfw&oe=6AA6F871,https://www.facebook.com/ads/library/?id=3368929493281547,جهاز الليزر,2026-09-09T10:39:21+00:00
1834134277959120,MR,تجارة عابد,2026-07-06,65,0,65,"ليلة لا تُنسى.. طاقة متجددة وثقة لا تهتز! 🌙✨ السر في العلاقة الناجحة والمستمرة ليس مجرد رغبة، بل هو ""الأداء"" والقدرة على المواكبة. إذا كنت تشعر أن الإرهاق يسرق منك أجمل لحظاتك، فلدينا الحل المثالي والمجرب. ما الذي سيتغير بعد اليوم؟ ستودع التعب والإحباط نهائياً. ستستمتع بأداء قوي وثابت يعيد الحماس لأدق تفاصيل حياتك. تركيبة متطورة مصممة خصيصاً للرجل العصري الذي لا يرضى بالقليل. صحتك وثقتك هي رأس مالك، لا تساوم عليهما. 🦅 📥 أرسل لنا رسالة الآن واستفد من الشحن السري والمجاني! | تواصل معنا | طبيعي مائة بالمائة",https://api.whatsapp.com/send,https://video.forn3-2.fna.fbcdn.net/o1/v/t2/f2/m412/AQNRbdmb8LNlVck6NyyzqccehDae8qIK--tBug79RmXgM7dEJIqZpui9UBOSsGt5Pthm4zsdNDx-nG0QxZ2ydkXOlA6oi-l5Gh3cH4kNmw.mp4?_nc_cat=110&_nc_oc=AdrwL5PUNGZMyDW-4lKgVVaZGh-fkXdqFryxQ40Yk-M6lgzBiBt9eMfeN9ly1Oy5PSw&_nc_sid=ef5aa3&_nc_ht=video.forn3-2.fna.fbcdn.net&_nc_ohc=4XkpMYWA4mcQ7kNvwF9x7kd&efg=eyJ2ZW5jb2RlX3RhZyI6Inhwdl9wcm9ncmVzc2l2ZS5WSV9VU0VDQVNFX1BST0RVQ1RfVFlQRS4uQzMuMzU2LnN2ZV9zZCIsInhwdl9hc3NldF9pZCI6MTY5NTE0MDg4MTc4ODU1MSwiYXNzZXRfYWdlX2RheXMiOjY0LCJ2aV91c2VjYXNlX2lkIjoxMDEzOSwiZHVyYXRpb25fcyI6NiwidXJsZ2VuX3NvdXJjZSI6Ind3dyJ9&ccb=17-1&_nc_gid=WXqVye0S1rdMfoFIG8Vs0w&_nc_ss=7b289&_nc_map=urlgen_bucketless&_nc_zt=28&oh=00_AQJPpb1oMfn5q_dKfaXocAJPb7-p8xRFnoynpgUT6nKTlQ&oe=6AA70DA0,https://www.facebook.com/ads/library/?id=1834134277959120,السيروم هو السر هو,2026-09-09T10:21:15+00:00
26072017792496792,SY,Dr bachir Hilal,2026-07-06,65,0,65,😩 **تعبت من تساقط الشعر أو الفراغات؟** استعد ثقتك بنفسك مع **iHair** 🌿✨ سيرم طبيعي للعناية بالشعر، صُمم لدعم صحة فروة الرأس وتحسين مظهر الشعر بشكل تدريجي. ✅ يساعد على تقليل تساقط الشعر ✅ يدعم نمو شعر أكثر كثافة وحيوية ✅ يغذي فروة الرأس بمكونات طبيعية ✅ مناسب للرجال والنساء ✅ سهل الاستخدام ضمن روتينك اليومي 🌱 مع الاستخدام المنتظم، ستلاحظ تحسنًا في مظهر الشعر وكثافته بمرور الوقت. 🚚 **الدفع عند الاستلام** 📦 **توصيل سريع إلى جميع المحافظات** 🔥 **اطلبه الآن قبل نفاد الكمية!** 👇 املأ بياناتك الآن وسنتواصل معك لتأكيد الطلب. | بدون ألم، بدون عمليات غالية… الحل في البيت مع iHair السيرم الطبيعي 100% 🚀 | نتيجة مؤكدة ومرضية خلال 3 أسابيع ✅ : لو مش شايف فرق، فلوسك راجعة!,https://bioluxuuryshop.mydropify.shop/lp/lp-gcc-pntcw90d,https://video.forn3-1.fna.fbcdn.net/o1/v/t2/f2/m412/AQP6wt6UlbPpCvFeYs2Ec2n_GnKQXUIbtVXgUE1hbFxs7evSU-QJM1aDGtWnZG1ioxFJh6dBxaP-Q49FAGOmHX3kxCFS1bVfDj70fE8kyA.mp4?_nc_cat=106&_nc_oc=AdqJNpc1DqkbhcCPyi8lbXb2s5SZN3HCzXeoXqhuQb2Z-Sr3IXiDHdvifrEmPt6XnZU&_nc_sid=ef5aa3&_nc_ht=video.forn3-1.fna.fbcdn.net&_nc_ohc=EMgZjz51RqkQ7kNvwE2oP2E&efg=eyJ2ZW5jb2RlX3RhZyI6Inhwdl9wcm9ncmVzc2l2ZS5WSV9VU0VDQVNFX1BST0RVQ1RfVFlQRS4uQzMuMzYwLnN2ZV9zZCIsInhwdl9hc3NldF9pZCI6MTU4MDIxOTk0MzUyNTg4MSwiYXNzZXRfYWdlX2RheXMiOjY5LCJ2aV91c2VjYXNlX2lkIjoxMDEzOSwiZHVyYXRpb25fcyI6MjUsInVybGdlbl9zb3VyY2UiOiJ3d3cifQ%3D%3D&ccb=17-1&_nc_gid=PbSg40SXvLsrzwX7bj_GVg&_nc_ss=7a289&_nc_map=urlgen_bucketless&_nc_zt=28&oh=00_AQIqZheYSBKh3-nrN4COWM4hqwh_0EmGf7ZtHanVNzHrPg&oe=6AA6EBDC,https://www.facebook.com/ads/library/?id=26072017792496792,للعناية سيروم,2026-09-09T09:56:38+00:00
1668555070884364,SY,Dr bachir Hilal,2026-07-06,65,0,65,😩 **تعبت من تساقط الشعر أو الفراغات؟** استعد ثقتك بنفسك مع **iHair** 🌿✨ سيرم طبيعي للعناية بالشعر، صُمم لدعم صحة فروة الرأس وتحسين مظهر الشعر بشكل تدريجي. ✅ يساعد على تقليل تساقط الشعر ✅ يدعم نمو شعر أكثر كثافة وحيوية ✅ يغذي فروة الرأس بمكونات طبيعية ✅ مناسب للرجال والنساء ✅ سهل الاستخدام ضمن روتينك اليومي 🌱 مع الاستخدام المنتظم، ستلاحظ تحسنًا في مظهر الشعر وكثافته بمرور الوقت. 🚚 **الدفع عند الاستلام** 📦 **توصيل سريع إلى جميع المحافظات** 🔥 **اطلبه الآن قبل نفاد الكمية!** 👇 املأ بياناتك الآن وسنتواصل معك لتأكيد الطلب. | بدون ألم، بدون عمليات غالية… الحل في البيت مع iHair السيرم الطبيعي 100% 🚀 | نتيجة مؤكدة ومرضية خلال 3 أسابيع ✅ : لو مش شايف فرق، فلوسك راجعة!,https://bioluxuuryshop.mydropify.shop/lp/lp-gcc-pntcw90d,https://video.forn3-2.fna.fbcdn.net/o1/v/t2/f2/m366/AQN7-IZv8APxx3zItUP3T8L3FLx6t9Mn72H2Va_Gz3rHL4wxTsXuSAjS4XkWKmPtzAMkFVIXLbux6kxI6muN5AAp31iWApyB6EICOriUyHxRgg.mp4?_nc_cat=110&_nc_oc=AdoyVtRcSSkrgClJDv9utEkJZYMglb6M3cZx9KR0wYoGv77MiOlgWfWAcHW0IlvTfEo&_nc_sid=b66105&_nc_ht=video.forn3-2.fna.fbcdn.net&_nc_ohc=TgQuoVnsTdkQ7kNvwErvTTW&efg=eyJ2ZW5jb2RlX3RhZyI6Inhwdl9wcm9ncmVzc2l2ZS5WSV9VU0VDQVNFX1BST0RVQ1RfVFlQRS4uQzMuNzIwLmRhc2hfaDI2NC1iYXNpYy1nZW4yXzcyMHAiLCJ4cHZfYXNzZXRfaWQiOjE0NTc5MDIwMjMwMzE3MjMsImFzc2V0X2FnZV9kYXlzIjo2OSwidmlfdXNlY2FzZV9pZCI6MTAxMzksImR1cmF0aW9uX3MiOjQyLCJ1cmxnZW5fc291cmNlIjoid3d3In0%3D&ccb=17-1&vs=1da0c422ad15ef02&_nc_vs=HBksFQIYRWZiX2VwaGVtZXJhbC8xRDQ3RkM0MDdBOTMxMjBGOUM2MzFFMzA2MEMwNjZCNF9tdF8xX3ZpZGVvX2Rhc2hpbml0Lm1wNBUAAsgBEgAVAhhAZmJfcGVybWFuZW50LzA3NDc0ODJDNUVCMEM5Q0QzOUU2RjMxRUE4MzAyOEIyX2F1ZGlvX2Rhc2hpbml0Lm1wNBUCAsgBEgAoABgAGwKIB3VzZV9vaWwBMRJwcm9ncmVzc2l2ZV9yZWNpcGUBMRUAACbW7pnDiP2WBRUCKAJDMywXQEUd0vGp--cYGWRhc2hfaDI2NC1iYXNpYy1nZW4yXzcyMHARAHUAZbaeAQA&_nc_gid=PbSg40SXvLsrzwX7bj_GVg&_nc_ss=7a289&_nc_map=urlgen_bucketless&_nc_zt=28&oh=00_AQIw_Y8WGc7OOUdX12fpZ7AjjoCZjPfN-_KIe4bCU-EC9A&oe=6AA71926,https://www.facebook.com/ads/library/?id=1668555070884364,للعناية سيروم,2026-09-09T09:56:38+00:00
2257309218349625,TN,Bioqi shop,2026-07-07,64,0,64,✨ بشرة صافية زجاجية تبدأ من العناية الصحيحة 🌿 من أول استعمال بش تحس بالفرق 💫 ومع الوقت، بشرتك تولّي صافية، ناعمة، وفيها نضارة 💖 🎁 والعرض الحالي من BioQi: Pack rituel de jeunesse بـ 166 د كهو في عوض 266 د 🌿 لفترة محدودة ⏳ ✨ اليوم عندك فرصة بش تتحصل على البشرة الي تحلم بيها. . 🔘 عدي كوموند توا قبل مايوفا التخفيض | تحصل على بشرتك احلامك ✨,https://bioqi.shop/products/rituel-jeunesse-eclat,https://video.forn3-2.fna.fbcdn.net/o1/v/t2/f2/m366/AQOPra4bpXQqUsf69ZWBh5O_VS7LllEJi_9n0slIsZ4bEbJdhTLZZANsS7uhmwnnrzSgoWjQZcpYsPfs0h0ti_hXg2OBjxqEUo4rvRzHYqjswQ.mp4?_nc_cat=101&_nc_oc=AdqF4Xpx3nzFHSkg_S7gyZndj8oNLx5Mne61f133U_80eOEEoENWzuhIOpJZ_BUFMbc&_nc_sid=b66105&_nc_ht=video.forn3-2.fna.fbcdn.net&_nc_ohc=VAvl3LP3b30Q7kNvwEUq5G9&efg=eyJ2ZW5jb2RlX3RhZyI6Inhwdl9wcm9ncmVzc2l2ZS5WSV9VU0VDQVNFX1BST0RVQ1RfVFlQRS4uQzMuNzIwLmRhc2hfaDI2NC1iYXNpYy1nZW4yXzcyMHAiLCJ4cHZfYXNzZXRfaWQiOjI3NTkyNzk2NDM3MDczMjQyLCJhc3NldF9hZ2VfZGF5cyI6NjQsInZpX3VzZWNhc2VfaWQiOjEwMTM5LCJkdXJhdGlvbl9zIjoxMDAsInVybGdlbl9zb3VyY2UiOiJ3d3cifQ%3D%3D&ccb=17-1&vs=114288f323316f6d&_nc_vs=HBksFQIYRWZiX2VwaGVtZXJhbC81NTQ2Q0ZDNjg4OTNBMkQ4MjAwNTk0M0NBODAzQjNCNF9tdF8xX3ZpZGVvX2Rhc2hpbml0Lm1wNBUAAsgBEgAVAhhAZmJfcGVybWFuZW50L0JDNEM0MjkwQzZGMTI0RkYwNUMzQ0VFOUEyRTVBQUI4X2F1ZGlvX2Rhc2hpbml0Lm1wNBUCAsgBEgAoABgAGwKIB3VzZV9vaWwBMRJwcm9ncmVzc2l2ZV9yZWNpcGUBMRUAACa0te7fkeCDYhUCKAJDMywXQFk1T987ZFoYGWRhc2hfaDI2NC1iYXNpYy1nZW4yXzcyMHARAHUAZbaeAQA&_nc_gid=jAMSvUsbwXJU-Ny3WXW0bQ&_nc_ss=7a289&_nc_map=urlgen_bucketless&_nc_zt=28&oh=00_AQKiUrALB7g8cOXVPHmPvjyGzfgkonBtU0ysF1Li3mrANg&oe=6AA730C7,https://www.facebook.com/ads/library/?id=2257309218349625,تتحصل كريم,2026-09-09T11:51:52+00:00
1695562548155604,TN,Bioqi shop,2026-07-07,64,0,64,✨ بشرة صافية زجاجية تبدأ من العناية الصحيحة 🌿 من أول استعمال بش تحس بالفرق 💫 ومع الوقت، بشرتك تولّي صافية، ناعمة، وفيها نضارة 💖 🎁 والعرض الحالي من BioQi: Pack rituel de jeunesse بـ 166 د كهو في عوض 266 د 🌿 لفترة محدودة ⏳ ✨ اليوم عندك فرصة بش تتحصل على البشرة الي تحلم بيها. . 🔘 عدي كوموند توا قبل مايوفا التخفيض | تحصل على بشرتك احلامك ✨,https://bioqi.shop/products/rituel-jeunesse-eclat,https://video.forn3-1.fna.fbcdn.net/o1/v/t2/f2/m366/AQN6Afk3nsoX39Kr2bw3kZGlYck758UqPbu715fNx9vJ42_dVOKrCBVWYNBesgS3yI5IKIyQ4JQs_iC3apOb9AB3CPqTq3LWiNgXgrB9I2ItqA.mp4?_nc_cat=105&_nc_oc=AdpEl5ytD8Nu9HlYQxzUpTJ46RWnaAN9FTJ0TJ4NzrdSghdgyEyKw8_4J96LYuUb8rA&_nc_sid=b66105&_nc_ht=video.forn3-1.fna.fbcdn.net&_nc_ohc=9DSkt-KKEhAQ7kNvwE2-qa8&efg=eyJ2ZW5jb2RlX3RhZyI6Inhwdl9wcm9ncmVzc2l2ZS5WSV9VU0VDQVNFX1BST0RVQ1RfVFlQRS4uQzMuNzIwLmRhc2hfaDI2NC1iYXNpYy1nZW4yXzcyMHAiLCJ4cHZfYXNzZXRfaWQiOjI3NDg2ODQ3MjgwOTc0NTk2LCJhc3NldF9hZ2VfZGF5cyI6NjQsInZpX3VzZWNhc2VfaWQiOjEwMTM5LCJkdXJhdGlvbl9zIjoxMDUsInVybGdlbl9zb3VyY2UiOiJ3d3cifQ%3D%3D&ccb=17-1&vs=d37bd1c1a880cb3&_nc_vs=HBksFQIYRWZiX2VwaGVtZXJhbC9FNDRFODIzQTEyQ0EwRjAyMURFNzVFN0U5Q0Q2QTM4MF9tdF8xX3ZpZGVvX2Rhc2hpbml0Lm1wNBUAAsgBEgAVAhhAZmJfcGVybWFuZW50LzFCNEJFRUZCRTRERTU3QjJEMEEyMzJDOThGQzI2MzlEX2F1ZGlvX2Rhc2hpbml0Lm1wNBUCAsgBEgAoABgAGwKIB3VzZV9vaWwBMRJwcm9ncmVzc2l2ZV9yZWNpcGUBMRUAACaIrOyCi8nTYRUCKAJDMywXQFpiHKwIMScYGWRhc2hfaDI2NC1iYXNpYy1nZW4yXzcyMHARAHUAZbaeAQA&_nc_gid=SVB8pXtIQ30ZElxK8b851g&_nc_ss=7a289&_nc_map=urlgen_bucketless&_nc_zt=28&oh=00_AQIO-aFvEsVVZEOTTYhVCl1XpLxFu5xsWnWacYgypFVf3Q&oe=6AA70DFB,https://www.facebook.com/ads/library/?id=1695562548155604,تتحصل كريم,2026-09-09T11:51:52+00:00
1687145332518138,OM,Olympia - اولمبيا - City Center سيتي سنتر,2026-07-07,64,0,64,⁨ 🧘‍♀️ **غيّر مستوى لياقتك مع جهاز البيلاتس القابل للطي!** استمتع بتجربة تمارين البيلاتس الاحترافية في منزلك مع جهاز مصمم لتقوية الجسم، شد العضلات، وتحسين لياقتك البدنية. B ✨ تمارين بيلاتس لكامل الجسم 💪 يساعد على إنقاص الوزن، بناء العضلات، تحسين المرونة والتوازن 📏 طول قابل للتعديل ليناسب مختلف أطوال المستخدمين ⚙️ مقاومة قابلة للتعديل تناسب جميع مستويات اللياقة 🛞 عربة انزلاق مبطنة لحركة سلسة وراحة أكبر 🖤 هيكل فولاذي قوي مع تصميم قابل للطي لسهولة التخزين مثالي للمبتدئين والمحترفين للاستمتاع بتمارين بيلاتس بمستوى الاستوديو في المنزل. 📍 **أولمبيا سيتي سنتر – الموالح** 📞 **76769955** #بيلاتس_عمان #مسقط_عمان #نادي_منزلي #لياقة_عمان #أولمبيا_عمان⁩,https://api.whatsapp.com/send,https://video.forn3-1.fna.fbcdn.net/o1/v/t2/f2/m367/AQMZQ7CuCjE1KiP4-1IDBeFmelGR-2zdhW_A52WputDE8LTNijd2E8G8VNl73oxWCxO68dslEzStajw6Kj47BKL3TUZBl6GeUu9YBm_ObQ.mp4?_nc_cat=103&_nc_oc=Ado2NrAH1JYXoZbkYTjEg-B915cyNN7LNQQKm9IPE0FTAJ-oteEB4fROQDTRbn03b8c&_nc_sid=ef5aa3&_nc_ht=video.forn3-1.fna.fbcdn.net&_nc_ohc=Uu_KXj26H7gQ7kNvwETfIOm&efg=eyJ2ZW5jb2RlX3RhZyI6Inhwdl9wcm9ncmVzc2l2ZS5WSV9VU0VDQVNFX1BST0RVQ1RfVFlQRS4uQzMuNzIwLnByb2dyZXNzaXZlX2gyNjQtYmFzaWMtZ2VuMl83MjBwIiwieHB2X2Fzc2V0X2lkIjoxNTMzOTI5OTE4NzQ1NDkwLCJhc3NldF9hZ2VfZGF5cyI6NjgsInZpX3VzZWNhc2VfaWQiOjEwMDk5LCJkdXJhdGlvbl9zIjoyNSwidXJsZ2VuX3NvdXJjZSI6Ind3dyJ9&ccb=17-1&_nc_gid=KFlf2BnCFari1lWhBU7pug&_nc_ss=7a289&_nc_map=urlgen_bucketless&_nc_zt=28&oh=00_AQLSS1xGDB5zXuQqb-MSPNKdB0s49-MiZyRUGrX3K9nO3w&oe=6AA70F6B,https://www.facebook.com/ads/library/?id=1687145332518138,أكبر جهاز,2026-09-09T11:03:13+00:00
1345672613662878,EG,Green Cure,2026-07-07,64,0,64,🟢 كلورفيل الترند الاول فى العالم 💚 توصية 300 طبيب ومشهور و 6 مليون عميل ✔ لا للامراض سوبر مناعة ✔ انسي سكر ضغط قولون كولسترول ✔ لا للسموم منظف الجسم ✔ سوبر الطاقة والحيوية ✔ ريحة نفس وجسم منعنع استفيد بالخصم الحالى 20% توصيل مجانى ⏰ العرض محدود، ماتضيعش الفرصة | ستفيد بالخصم الحالى 20% توصيل مجانى | شحن مجاني,https://green-cure.myeasyorders.com/products/colorphyle,https://video.forn3-6.fna.fbcdn.net/o1/v/t2/f2/m366/AQMBZazCAXV9dsbtLYpNOLXLEJU5TeU8z2sndtKGwuG1Mye-R8KpeCELM-JdjD5AC8MSZ1Db5fWFLyttXTWVMbOwEwh_9xPzKSzU5Uvo14ezcw.mp4?_nc_cat=109&_nc_oc=AdqRwUgBoTLRbZl3jbemdpizefAkinMBR-CD0s3HM7WJ2QVGNXeEvghK-qg9urKG49M&_nc_sid=b66105&_nc_ht=video.forn3-6.fna.fbcdn.net&_nc_ohc=b6jbWxkWhgEQ7kNvwFhwAp7&efg=eyJ2ZW5jb2RlX3RhZyI6Inhwdl9wcm9ncmVzc2l2ZS5WSV9VU0VDQVNFX1BST0RVQ1RfVFlQRS4uQzMuNTc2LmRhc2hfaDI2NC1iYXNpYy1nZW4yXzcyMHAiLCJ4cHZfYXNzZXRfaWQiOjEzMDYzMjQwNjA4ODM1OTEsImFzc2V0X2FnZV9kYXlzIjoxMjAsInZpX3VzZWNhc2VfaWQiOjEwNzk5LCJkdXJhdGlvbl9zIjoxMjgsInVybGdlbl9zb3VyY2UiOiJ3d3cifQ%3D%3D&ccb=17-1&vs=bd13bddbf75e2fab&_nc_vs=HBksFQIYRWZiX2VwaGVtZXJhbC9ERTQ3N0FGQTlDREY4MTEwNjA3NUExMjZFMTYwODlBQl9tdF8xX3ZpZGVvX2Rhc2hpbml0Lm1wNBUAAsgBEgAVAhhAZmJfcGVybWFuZW50LzlCNEU2NEIyOTY4NEE1NDgyRDI5MkY1ODVGOEI5OTk4X2F1ZGlvX2Rhc2hpbml0Lm1wNBUCAsgBEgAoABgAGwKIB3VzZV9vaWwBMRJwcm9ncmVzc2l2ZV9yZWNpcGUBMRUAACaOquLZiIbSBBUCKAJDMywXQGAYgxJul40YGWRhc2hfaDI2NC1iYXNpYy1nZW4yXzcyMHARAHUAZd6oAQA&_nc_gid=J4tSOrf307vg3UohnsUcAQ&_nc_ss=7a289&_nc_map=urlgen_bucketless&_nc_zt=28&oh=00_AQIWwIwohYTlP_HED0eTzHN9LymmOGyoVyQsk-HnaizcuA&oe=6AA6F2AF,https://www.facebook.com/ads/library/?id=1345672613662878,كولسترول للسموم منظف الجسم,2026-09-09T09:46:50+00:00
1005649522346338,EG,C-MAX egypt,2026-07-08,63,0,63,مش مجرد مبرد… ده جهاز ذكي هيغير راحتك اليومية 👇 🚀 C-MAX Plus جيل جديد بمعنى الكلمة ✔️ شكل فخم يليق ببيتك أو مكتبك ✔️ ريموت ✔️ سماعات بلوتوث مدمجة 🎵 ✔️ مياه سخنة فورًا + تبريد أقوى ✔️ كاتيل ستانلس + براد يحافظ 24 ساعة ✔️ أداء سريع واعتمادية يومية ✨ راحة أكتر… تحكم أسهل… مستوى أعلى اطلب الان 👇 https://c-max.myeasyorders.com/products/Dispenserc-maxplus | ✅ اطلب C-MAX Plus الآن واستمتع بتجربة مختلفة من أول يوم.,https://c-max.myeasyorders.com/products/Dispenserc-maxplus,https://video.forn3-6.fna.fbcdn.net/o1/v/t2/f2/m366/AQM9ugbmSM8nXmcOZq90i0V_j7d8iCcvSTs9LCfdEgGsSG3fNot_fANZGX-bjRA5j_H1kmR_4bRkhcjMYyXWvwNsdYt62fzRu-GF8DpRSIzScw.mp4?_nc_cat=111&_nc_oc=AdoL8psgC9rUSiiLKrfQm_-5rddKyNQJ4WwAIsRoMQdiefRzBTh61ExlxjdrVHie2q4&_nc_sid=b66105&_nc_ht=video.forn3-6.fna.fbcdn.net&_nc_ohc=NR5i9JNFBkEQ7kNvwHq8288&efg=eyJ2ZW5jb2RlX3RhZyI6Inhwdl9wcm9ncmVzc2l2ZS5WSV9VU0VDQVNFX1BST0RVQ1RfVFlQRS4uQzMuNzIwLmRhc2hfaDI2NC1iYXNpYy1nZW4yXzcyMHAiLCJ4cHZfYXNzZXRfaWQiOjExNTUxNzkxNzQzNTQwODUsImFzc2V0X2FnZV9kYXlzIjo3MywidmlfdXNlY2FzZV9pZCI6MTAxMjIsImR1cmF0aW9uX3MiOjY4LCJ1cmxnZW5fc291cmNlIjoid3d3In0%3D&ccb=17-1&vs=cb90f63fd5f27e0a&_nc_vs=HBksFQIYRWZiX2VwaGVtZXJhbC8zQzRGMUIxNTk2NEEwNzdGMkFERjY0NEMyNTY3MDU5MV9tdF8xX3ZpZGVvX2Rhc2hpbml0Lm1wNBUAAsgBEgAVAhhAZmJfcGVybWFuZW50LzM0NEZCMDNFQzU5NzkzMTBFQUE2NEYzODE0QzBEMUJBX2F1ZGlvX2Rhc2hpbml0Lm1wNBUCAsgBEgAoABgAGwKIB3VzZV9vaWwBMRJwcm9ncmVzc2l2ZV9yZWNpcGUBMRUAACbK8rbFo6iNBBUCKAJDMywXQFERBiTdLxsYGWRhc2hfaDI2NC1iYXNpYy1nZW4yXzcyMHARAHUAZZSeAQA&_nc_gid=bazbhlVNxweRtdh1ZndT_A&_nc_ss=7a289&_nc_map=urlgen_bucketless&_nc_zt=28&oh=00_AQJkHrak8XSep0KRhqfB6ZNKpiNvCSVh0zBfq4z7V7ngDQ&oe=6AA72F01,https://www.facebook.com/ads/library/?id=1005649522346338,جهاز تحكم بعد،,2026-09-09T11:22:32+00:00
1019822164119201,KW,Fdsyjq,2026-07-08,63,0,63,💆‍♀️🔥 جهاز تدليك البطن متعدد الوظائف – راحتك وصحتك تبدأ من هنا! ✨ يجمع بين التدليك الحراري والاهتزاز لتخفيف التوتر والانتفاخ 🌀 يساعد في تحسين الهضم، وتشكيل منطقة الخصر والبطن ⚙️ تصميم ذكي متعدد السرعات لتناسب جميع الاحتياجات 👜 خفيف الوزن، قابل للحمل، مثالي للاستخدام في المنزل أو أثناء السفر | 💝جهاز تدليك البطن الكهربائي اللاسلكي لحرق الدهون🛒 | ✅يستخدم جهاز تدليك البطن الكهربائي الخاص بنا نبضات عالية التردد للتخلص من الدهون أثناء الاسترخاء. 💥 3 مستويات من الكثافة و6 نقاط تدليك وعجن عميق للتخلص من دهون البطن العنيدة كما لم يحدث من قبل!,https://v.tavoxa.com/product/v8gzip4fkz?i=k3t7ufls6a,https://video.forn3-6.fna.fbcdn.net/o1/v/t2/f2/m366/AQPtZmZHUpPPqKsgm59bN_vfD6DmwVbZSlZDu-k9KJCJEsTeickgfSiura9ZjFsDfXsJJI8Hu2Cb95P_KrvuFirnClLAfr3T5A-YUxb4-Ib7KA.mp4?_nc_cat=111&_nc_oc=Adq6r0_fIoFiYdeh3EEcr-dumRvhZ612FbwTEdhCzRP-P8uhDyTKBxvbJgnit6cduHA&_nc_sid=b66105&_nc_ht=video.forn3-6.fna.fbcdn.net&_nc_ohc=Q5FrXwzchpIQ7kNvwEZFwYA&efg=eyJ2ZW5jb2RlX3RhZyI6Inhwdl9wcm9ncmVzc2l2ZS5WSV9VU0VDQVNFX1BST0RVQ1RfVFlQRS4uQzMuNzIwLmRhc2hfaDI2NC1iYXNpYy1nZW4yXzcyMHAiLCJ4cHZfYXNzZXRfaWQiOjIyMTU3NjIyMzU1ODUwMDcsImFzc2V0X2FnZV9kYXlzIjoyNTcsInZpX3VzZWNhc2VfaWQiOjEwNzk5LCJkdXJhdGlvbl9zIjo1NCwidXJsZ2VuX3NvdXJjZSI6Ind3dyJ9&ccb=17-1&vs=da9c27894136a20d&_nc_vs=HBksFQIYRWZiX2VwaGVtZXJhbC8wNTQxOEFBMTgyODkwOUM2QzJCRkRBRUMzNUIyRUNBOF9tdF8xX3ZpZGVvX2Rhc2hpbml0Lm1wNBUAAsgBEgAVAhhAZmJfcGVybWFuZW50L0JENDJDMzVDNDcyNzBFNkFCMDNFQkRDOEFEMkQzRkJDX2F1ZGlvX2Rhc2hpbml0Lm1wNBUCAsgBEgAoABgAGwKIB3VzZV9vaWwBMRJwcm9ncmVzc2l2ZV9yZWNpcGUBMRUAACbex6uPq87vBxUCKAJDMywXQEtmZmZmZmYYGWRhc2hfaDI2NC1iYXNpYy1nZW4yXzcyMHARAHUAZd6oAQA&_nc_gid=eV6LGgwFqPYYAJGX4YeJ5w&_nc_ss=7a289&_nc_map=urlgen_bucketless&_nc_zt=28&oh=00_AQK8TqMkJdX3ggQ9mfNX8Ote5T74nOxmO2M2jCGUvdOAaQ&oe=6AA7182D,https://www.facebook.com/ads/library/?id=1019822164119201,المنزل جهاز,2026-09-09T10:56:37+00:00
2236480353781540,DJ,NS-fhtt0528,2026-07-09,62,0,62,"(مدبلج) انفصالٌ خاطف… وزواجٌ أسرع مع الأخت الجميلة | سامي في يوم تسجيل الزواج انفصلت عنه صديقته، لكنه تزوج فجأة من هالة، الرئيسة الجميلة لعائلة الصلاحي، والتي كانت مخطوبة لفارس، ابن عائلة العمري. ظنّ أن حياته ستصبح هادئة، لكنه بسبب العقدة حول عنقه لاحظت هالة أنه قد يكون ناصر، الذي فقد من عائلة العمري قبل ثمانية عشر عامًا. بعد استعادة والديه البيولوجيين، تورط سامي في صراعات داخلية لعائلة العمري، وفي مؤتمر التكنولوجيا كشف عن هويته ""الماستر خالد""، لكنه في حفل عيد ميلاد جده سامر بدأ يكتشف تدريجيًا حقيقة ماضيه المفقود",https://fb.netshort.com/netshort-h5-landing-page/wiIyE9Jxf52.html?pid=metaweb_int&c={{campaign.name}}&af_c_id={{campaign.id}}&af_adset={{adset.name}}&af_adset_id={{adset.id}}&af_ad={{ad.name}}&af_ad_id={{ad.id}}&af_channel={{placement}}&af_siteid={{site_source_name}}&af_force_deeplink=true&type=1&link_id=2075098864639954945&af_sub2=0,https://video.forn3-6.fna.fbcdn.net/o1/v/t2/f2/m366/AQM-5JNoe0KOzVACUVhk7DWJWERBNQiDyE-nyLaG_ai4GWAN-V1cosVFbp9uhM0-w-XRXNa3m2PfONxmmDVSceC16X232N43dwypPMzyzhvIGA.mp4?_nc_cat=109&_nc_oc=AdobCSFFEdTlWhST-oNo8oN4WMkuOIfp0_NhQ_LjCGu6uP7lS0jfe2z6T73epw3z8hw&_nc_sid=b66105&_nc_ht=video.forn3-6.fna.fbcdn.net&_nc_ohc=gLAXkzCPpcAQ7kNvwFIF5pA&efg=eyJ2ZW5jb2RlX3RhZyI6Inhwdl9wcm9ncmVzc2l2ZS5WSV9VU0VDQVNFX1BST0RVQ1RfVFlQRS4uQzMuNzIwLmRhc2hfaDI2NC1iYXNpYy1nZW4yXzcyMHAiLCJ4cHZfYXNzZXRfaWQiOjE0NTIyMDQ1NDY2NzYxMjcsImFzc2V0X2FnZV9kYXlzIjo2MywidmlfdXNlY2FzZV9pZCI6MTAxMzksImR1cmF0aW9uX3MiOjE3NjcsInVybGdlbl9zb3VyY2UiOiJ3d3cifQ%3D%3D&ccb=17-1&vs=fdcb9febaa238ebe&_nc_vs=HBksFQIYRWZiX2VwaGVtZXJhbC9FMjRBMEZBRDU2NEUyN0QwODdBRDM0QUMyQ0VBQTc4Ml9tdF8xX3ZpZGVvX2Rhc2hpbml0Lm1wNBUAAsgBEgAVAhhAZmJfcGVybWFuZW50L0E1NERBNUMwRkVDNTYzOTJCMjNCOTMyQTAyNkRGQ0I5X2F1ZGlvX2Rhc2hpbml0Lm1wNBUCAsgBEgAoABgAGwKIB3VzZV9vaWwBMRJwcm9ncmVzc2l2ZV9yZWNpcGUBMRUAACa-1qqCt7GUBRUCKAJDMywXQJucQ5WBBiUYGWRhc2hfaDI2NC1iYXNpYy1nZW4yXzcyMHARAHUAZbaeAQA&_nc_gid=4KobYoCI1dMPl6Z0gVbHMg&_nc_ss=7b289&_nc_map=urlgen_bucketless&_nc_zt=28&oh=00_AQIsgYSqSrztXRL-kW56UZDMy8bdYitjr4144OG2y9jUeQ&oe=6AA72C2B,https://www.facebook.com/ads/library/?id=2236480353781540,مرتاح كريم,2026-09-09T12:11:49+00:00
1035910509132583,MA,Bhk auto diag,2026-07-11,60,0,60,🚨 فلوسك تعذبتي عليها... ما تضيعهاش فسيارة فيها مفاجآت 🔍 خوذ شوية من وقتك، ودير الفحص قبل ما تخلص. بـ **BHK AutoDiag** كنقومو بفحص شامل للسيارة قبل الشراء باش تعرف حالتها الحقيقية وتاخذ قرارك بثقة. ✅ تشخيص إلكتروني احترافي ✅ فحص الهيكل (الشاصي) ✅ كشف آثار الحوادث والإصلاحات السابقة ✅ تقييم الحالة الميكانيكية والكهربائية ✅ تقرير مفصل يساعدك تعرف كل كبيرة وصغيرة قبل الشراء 💰 فحص بسيط اليوم، يقدر يوفر عليك آلاف الدراهم ديال الإصلاحات غدًا. 📍 الخدمة متوفرة داخل وخارج الدار البيضاء حسب الموعد. 📞 للحجز والاستفسار: **0660322651** 🌐 [www.bhkautodiag.ma](http://www.bhkautodiag.ma) 🚗 **اشري بعينك... ولكن قرر بعد الفحص.** #BHKAutoDiag #فحص_قبل_الشراء #سيارات_مستعملة #تشخيص_السيارات #المغرب #الدار_البيضاء #ExpertiseAutomobile #DiagnosticAuto | ⚠️ المظهر كيغلط... الفحص كيأكد. | 🚨 **فلوسك تعذبتي عليها... ما تضيعهاش فسيارة فيها مفاجآت.** 🔍 خوذ شوية من وقتك، ودير الفحص قبل ما تخلص. بـ **BHK AutoDiag** كنقومو بفحص شامل للسيارة قبل الشراء باش تعرف حالتها الحقيقية وتاخذ قرارك بثقة. ✅ تشخيص إلكتروني احترافي ✅ فحص الهيكل (الشاصي) ✅ كشف آثار الحوادث والإصلاحات السابقة ✅ تقييم الحالة الميكانيكية والكهربائية ✅ تقرير مفصل يساعدك تعرف كل كبيرة وصغيرة قبل الشراء 💰 فحص بسيط اليوم، يقدر يوفر عليك آلاف الدراهم ديال الإصلاحات غدًا. 📍 الخدمة متوفرة داخل وخارج الدار البيضاء حسب الموعد. 📞 للحجز والاستفسار: **0660322651** 🌐 [www.bhkautodiag.ma](http://www.bhkautodiag.ma) 🚗 **اشري بعينك... ولكن قرر بعد الفحص.** #BHKAutoDiag #فحص_قبل_الشراء #سيارات_مستعملة #تشخيص_السيارات #المغرب #الدار_البيضاء #ExpertiseAutomobile #DiagnosticAuto,https://api.whatsapp.com/send,https://video.forn3-1.fna.fbcdn.net/o1/v/t2/f2/m366/AQMPPw3bY-6PMwVzkWqBKIscJC5zohKLWmj7Ck1YJ3vACfVoP5yTfcsTwC6w2zoryjJjSNmXBKr-xqB4OYGcvOPPqJqpiAdYpQ6SUG54G1YqqA.mp4?_nc_cat=106&_nc_oc=AdrSWAJ7k3TUYdjDBzDHmNReGQ5Hfy4TaCRA0R2zjG8eKJH-iAnVHMQMTU8M1J_-ogA&_nc_sid=b66105&_nc_ht=video.forn3-1.fna.fbcdn.net&_nc_ohc=QL89kKyQ9C4Q7kNvwFGIVhv&efg=eyJ2ZW5jb2RlX3RhZyI6Inhwdl9wcm9ncmVzc2l2ZS5WSV9VU0VDQVNFX1BST0RVQ1RfVFlQRS4uQzMuNzIwLmRhc2hfaDI2NC1iYXNpYy1nZW4yXzcyMHAiLCJ4cHZfYXNzZXRfaWQiOjk3MzEyODg0MTU3NTQ4MywiYXNzZXRfYWdlX2RheXMiOjU2MSwidmlfdXNlY2FzZV9pZCI6MTAxMjAsImR1cmF0aW9uX3MiOjYzLCJ1cmxnZW5fc291cmNlIjoid3d3In0%3D&ccb=17-1&vs=1efc79114d11a440&_nc_vs=HBksFQIYRWZiX2VwaGVtZXJhbC9GMTQyOTE4RkIxQzQxNjJGQkIyNEY2RTA5QTMzQUVBQ19tdF8xX3ZpZGVvX2Rhc2hpbml0Lm1wNBUAAsgBEgAVAhg1ZmJfcGVybWFuZW50LzEyNjM4MTYzMTgwMzU5OThfNDY0MjA5OTE2Mzg0OTM5MjE1OC5tcDQVAgLIARIAKAAYABsCiAd1c2Vfb2lsATEScHJvZ3Jlc3NpdmVfcmVjaXBlATEVAAAm9vDh7sbDugMVAigCQzMsF0BPj1wo9cKPGBlkYXNoX2gyNjQtYmFzaWMtZ2VuMl83MjBwEQB1AGWQngEA&_nc_gid=g2EZ6B5NxzjNmHGEjs2dug&_nc_ss=7b289&_nc_map=urlgen_bucketless&_nc_zt=28&oh=00_AQLqtSOwhyhR0IoYTTJ4Yh4pteLiPmrYFVDncav_54X8zA&oe=6AA70A26,https://www.facebook.com/ads/library/?id=1035910509132583,جهاز تحكم بعد، يوفر,2026-09-09T11:07:45+00:00
4621468381415412,LY,المعتمد للتجارة والتسويق الالكتروني,2026-07-11,60,0,60,☀️ إضاءة خارجية ذكية — بدون كهرباء، بدون أسلاك، بدون تكاليف! 4 كشافات شمسية بـ 6 عدسات COB LED قوية، تشحن نهاراً وتضيء تلقائياً عند اكتشاف الحركة ليلاً جسم ألمنيوم متين، مقاومة كاملة للمطر والحرارة، ريموت كنترول مرفق، وتركيب في دقيقتين فقط! 💡 🚚 توصيل مجاني اطلبها الآن! 🛒 | توصيل مجاني | عرض حصري: 4 كشافات شمسية ذكية مطوّرة — 6 عدسات COB LED أضِئ كامل محيطك بدون فاتورة كهرباء! عرض الـ 4 قطع هو الحل الشامل لإضاءة منزلك، حديقتك، وممراتك الخارجية بالكامل. بـ 6 عدسات COB LED قوية لكل كشاف وجسم ألمنيوم متين، تعمل بالكامل على الطاقة الشمسية وتضيء تلقائياً عند حلول الظلام أو عند اكتشاف الحركة — بدون أسلاك، بدون كهرباء، بدون تكاليف! ✨ المميزات الرئيسية: 6 عدسات COB LED قوية لكل كشاف لإضاءة واسعة وساطعة شحن شمسي 100% — لا حاجة لكهرباء أو أسلاك حساس حركة ذكي — يضيء تلقائياً عند اكتشاف الحركة جسم ألمنيوم من النوع الثاني — متين وخفيف الوزن عدسة زجاج مقوى لتوزيع الضوء بشكل مثالي مقاوم للمطر والحرارة — مثالي لجميع الأحوال الجوية بطارية مدمجة تخزن الطاقة الشمسية للاستخدام الليلي سهل التركيب — ببرغيين فقط في دقيقتين ريموت كنترول مرفق مع كل قطعة 📦 محتويات العرض: 4 كشافات شمسية ذكية 4 حوامل تثبيت 4 أجهزة تحكم عن بُعد مسامير التثبيت لكل قطعة 📐 المواصفات التقنية: أبعاد الجهاز: 10.8 × 22.5 سم الارتفاع الكلي مع الحامل: 36 سم عدد العدسات: 6 عدسات COB LED الهيكل: ألمنيوم من النوع الثاني مقاومة الماء: ✅ حساس الحركة: ✅ مدمج جهاز التحكم: ✅ ريموت مرفق 🏠 أفكار للتوزيع المثالي للـ 4 قطع: مدخل المنزل الرئيسي 🏠 الحديقة أو الفناء الخلفي 🌿 موقف السيارة 🚗 الممر الجانبي أو البوابة 🚪 💡 طريقة التركيب:,https://www.almotamad.ly/products/COBLED,https://video.forn3-1.fna.fbcdn.net/o1/v/t2/f2/m366/AQME90kvIEd36yqTAsmESnak34J1Rf-v0SUh50VTsDDhLvsm5M17Pt2AWPlBOuXCG0VCjBieFfklhQNQsJySbKIAOuQS70Ue_ilefVSDhTeetw.mp4?_nc_cat=111&_nc_oc=Adp4OrLzc7DNbnvOd7rQcskCbLItl8aub7YQeXM7qyD8zXtI1H0oYRg9jYPLGc2Hajc&_nc_sid=b66105&_nc_ht=video.forn3-1.fna.fbcdn.net&_nc_ohc=LtkdzBUzSE0Q7kNvwG6TneP&efg=eyJ2ZW5jb2RlX3RhZyI6Inhwdl9wcm9ncmVzc2l2ZS5WSV9VU0VDQVNFX1BST0RVQ1RfVFlQRS4uQzMuNzIwLmRhc2hfaDI2NC1iYXNpYy1nZW4yXzcyMHAiLCJ4cHZfYXNzZXRfaWQiOjM5NzI5NzI4MjMwMDg0MDYsImFzc2V0X2FnZV9kYXlzIjo2MCwidmlfdXNlY2FzZV9pZCI6MTA3OTksImR1cmF0aW9uX3MiOjM0LCJ1cmxnZW5fc291cmNlIjoid3d3In0%3D&ccb=17-1&vs=ad93351166e82be&_nc_vs=HBksFQIYRWZiX2VwaGVtZXJhbC8zQTQ0NzAyMUU4MzdEMTYxMjg2OTJCNTQ5NTI1OTQ4Q19tdF8xX3ZpZGVvX2Rhc2hpbml0Lm1wNBUAAsgBEgAVAhhAZmJfcGVybWFuZW50LzdDNDY4NjBGNURDNTc5Qzk4QzVDNjFCOTE2QkY3RDhCX2F1ZGlvX2Rhc2hpbml0Lm1wNBUCAsgBEgAoABgAGwKIB3VzZV9vaWwBMRJwcm9ncmVzc2l2ZV9yZWNpcGUBMRUAACas0oqdutmODhUCKAJDMywXQEEmZmZmZmYYGWRhc2hfaDI2NC1iYXNpYy1nZW4yXzcyMHARAHUAZd6oAQA&_nc_gid=qA9fzCvmJnoPn3Nn2jTmow&_nc_ss=7b289&_nc_map=urlgen_bucketless&_nc_zt=28&oh=00_AQKkJA5SplGG14fOJwEgT1qxkCg2ajA2sqMlSf1vJ3tgVA&oe=6AA71921,https://www.facebook.com/ads/library/?id=4621468381415412,جهاز تحكم مثالي,2026-09-09T11:05:35+00:00
2540327326428638,JO,عيادة جراحات مجرى البول - د.أيمن موسى,2026-07-11,60,0,60,فرحتى بقصة الطفلة كنزى ما تتوصفش .. ربنا كتبلها حياة جديدة للمزيد من المعلومات عن الحالات و د.أيمن موسى يرجى الضغط على الرابط التالى: https://ayman-moussa.com أو يمكنك الحصول على إستشارة مجانية عن طريق واتساب على رقم: 01023513542 | قصة الطفلة كنزى - إصلاح قطع وتهتك مجرى البول عند الأطفال,https://api.whatsapp.com/send,https://video.forn3-5.fna.fbcdn.net/o1/v/t2/f2/m366/AQP8zLegPjUXoH3NEzTNDg_Or00N5N2bfgiN_HplEWNHnfGzT6zg7T-XbEImb-ykzrfP3xIVMDqLA5LmYrSLrn1xwVQKGgdTPy2tmhL52YNqeg.mp4?_nc_cat=109&_nc_oc=AdrczaqMLXKtz8jW6d23qAZvs6DJtlzx7yu4BVIGPP8eyOulXFxiOIttj-AdQ98L5Fg&_nc_sid=b66105&_nc_ht=video.forn3-5.fna.fbcdn.net&_nc_ohc=I1J0sUVCrlAQ7kNvwH4QC3S&efg=eyJ2ZW5jb2RlX3RhZyI6Inhwdl9wcm9ncmVzc2l2ZS5WSV9VU0VDQVNFX1BST0RVQ1RfVFlQRS4uQzMuMTI4MC5kYXNoX2gyNjQtYmFzaWMtZ2VuMl83MjBwIiwieHB2X2Fzc2V0X2lkIjo5Mjc2NTQ0ODIyODc2OTcsImFzc2V0X2FnZV9kYXlzIjoxNzU1LCJ2aV91c2VjYXNlX2lkIjoxMDEzOSwiZHVyYXRpb25fcyI6NTU4LCJ1cmxnZW5fc291cmNlIjoid3d3In0%3D&ccb=17-1&vs=4fe6ab31c469fd66&_nc_vs=HBksFQIYRWZiX2VwaGVtZXJhbC9EQzQwQzA3MERDRDZDMjQyREIzQTI3QTQ4MEYwRkQ5QV9tdF8xX3ZpZGVvX2Rhc2hpbml0Lm1wNBUAAsgBEgAVAhhAZmJfZXBoZW1lcmFsLzQwNEFBRjk4NTg5NUUxRjZBQjE4Njg5NjNGOTcxRDkzX2F1ZGlvX2Rhc2hpbml0Lm1wNBUCAsgBEgAoABgAGwKIB3VzZV9vaWwBMRJwcm9ncmVzc2l2ZV9yZWNpcGUBMRUAACai8aC-zOylAxUCKAJDMywXQIF1Q5WBBiUYGWRhc2hfaDI2NC1iYXNpYy1nZW4yXzcyMHARAHUAZbaeAQA&_nc_gid=TrM6QW7bTUws9Qq2gN8bCg&_nc_ss=7b289&_nc_map=urlgen_bucketless&_nc_zt=28&oh=00_AQIMj15MYEBD03g57n4tNki1qbDFFPFUIeGc-gKmov4WTg&oe=6AA70D83,https://www.facebook.com/ads/library/?id=2540327326428638,كبير أول شهرين جهاز,2026-09-09T10:40:11+00:00
1334519568869800,EG,مركز دكتور محمد يوسف - لجراحة العيون و الليزر,2026-07-11,60,0,60,قبل / بعد… الفرق يظهر مع الخبرة الكبيرة لدكتور محمد يوسف ✨ شوف النتيجة الطبيعية بعينيك لتجميل الجفون العلوية و السفلية👇 ✅عيون أهدى ✅ملامح أصفى ✅ونتيجة طبيعية 100% ------------------------------ 🌟 د/محمد يوسف 🔝 إستشاري جراحات تصحيح الأبصار بالليزر والمياه البيضاء وتجميل الجفون . عضو كلية الجراحين الملكية بأدنبره بانجلترا زميل المجلس العالمي لطب وجراحة العيون ICO عضو الجمعيه الاوروبيه لتصحيح الابصار بالليزر وزرع العدسات عضو الجمعية المصرية لتجميل الجفون و الجهاز الدمعي. . ⚠️ متوفر خدمة التقسيط عبر استخدام فيزا مشتريات لجميع البنوك و نوفر خدمات valU للتقسيط . . تابعونا علي الانستجرام 👇 instagram.com/dr.mohamed.youssef.ghareeb/ . تابعونا علي سناب شات 👇 https://www.snapchat.com/@dr.mhmdyoussef . تابعونا علي تيك توك 👇 tiktok.com/@dr.mohamed_youssef . للتواصل معنا من داخل وخارج مصر 📞 +201023330221 . 📞 +201022093330 ‏ ‏للتواصل المباشر مع الفريق الطبي عبر الواتساب يرجى الضغط على هذا الرابط 👇🏻 . https://wa.me/201023330221?text= 📍فروعنا داخل مصر : ✨ الإسكندرية : الإبراهيمية | تجميل الجفون العلوية و السفلية,https://api.whatsapp.com/send,https://video.forn3-6.fna.fbcdn.net/o1/v/t2/f2/m366/AQMH17S9WNtyVp4LrxJww-HCdlFojuz2oTfLkcXNkB3vRhbp7CguQ_PGldYDognWx8TbZfr4mwmNMg1LlcikH9pO1TX3zaYPH9wUTtXA5JdFZA.mp4?_nc_cat=106&_nc_oc=AdrMoShJoKo6KYQnxnJZJRGNG-hgoetYvl1UrmKuhIT-9e20y4OTu53qcPEGRrHRWi8&_nc_sid=b66105&_nc_ht=video.forn3-6.fna.fbcdn.net&_nc_ohc=u_bCcaI3Co4Q7kNvwEKfn-x&efg=eyJ2ZW5jb2RlX3RhZyI6Inhwdl9wcm9ncmVzc2l2ZS5WSV9VU0VDQVNFX1BST0RVQ1RfVFlQRS4uQzMuNzIwLmRhc2hfaDI2NC1iYXNpYy1nZW4yXzcyMHAiLCJ4cHZfYXNzZXRfaWQiOjExMzc5MTI5OTUyMjM0OTIsImFzc2V0X2FnZV9kYXlzIjoyOTUsInZpX3VzZWNhc2VfaWQiOjEyMzczLCJkdXJhdGlvbl9zIjoyMiwidXJsZ2VuX3NvdXJjZSI6Ind3dyJ9&ccb=17-1&vs=f97e074195d16e74&_nc_vs=HBksFQIYRWZiX2VwaGVtZXJhbC9BQjRBMjVDMzlCMDcxQjVCMERFM0FDQzI0RjU3MDU4M19tdF8xX3ZpZGVvX2Rhc2hpbml0Lm1wNBUAAsgBEgAVAhhAZmJfcGVybWFuZW50L0IzNEI3REQwNUJDNTBCOTNCQUI5RjM5MUU4MzM4MDg0X2F1ZGlvX2Rhc2hpbml0Lm1wNBUCAsgBEgAoABgAGwKIB3VzZV9vaWwBMRJwcm9ncmVzc2l2ZV9yZWNpcGUBMRUAACaI3-y9oLuFBBUCKAJDMywXQDbsCDEm6XkYGWRhc2hfaDI2NC1iYXNpYy1nZW4yXzcyMHARAHUAZarBAQA&_nc_gid=vS6Lu2KzfoFVSosmquYIBw&_nc_ss=7a289&_nc_map=urlgen_bucketless&_nc_zt=28&oh=00_AQKZ__yChDf4z6IAMPcmutXtlIDdfUS8_S8ANxeyZzH14g&oe=6AA7051A,https://www.facebook.com/ads/library/?id=1334519568869800,الجهاز الدمعي متوفر,2026-09-09T10:18:36+00:00
3191107984425451,JO,عيادة جراحات مجرى البول - د.أيمن موسى,2026-07-11,60,0,60,رحلة 20 سنة علاج إنتهت فى 4 ساعات! الحمدلله :) .. #ضيق_مجرى_البول | رحلة 20 سنة علاج إنتهت فى 4 ساعات - ضيق مجرى البول,https://api.whatsapp.com/send,https://video.forn3-1.fna.fbcdn.net/o1/v/t2/f2/m366/AQPIwvYaawTEVSSEm5MF_WDKUUnx2CmQX2YQG8QsV8VrlduoaEpDIgbd2W764zdOtrlI1_qMBoWfzeB6c1qGeBxY_XOsrKtU3ZPeYp9SJTJfXw.mp4?_nc_cat=109&_nc_oc=AdojTLsdBKEdxMgt-zvgQs0d56hnS_Ldiq3qOLcxaHj_oG_AglHRNaOTfaIR94O6b4k&_nc_sid=b66105&_nc_ht=video.forn3-1.fna.fbcdn.net&_nc_ohc=LP_B0hUZRH8Q7kNvwHIQ5FG&efg=eyJ2ZW5jb2RlX3RhZyI6Inhwdl9wcm9ncmVzc2l2ZS5WSV9VU0VDQVNFX1BST0RVQ1RfVFlQRS4uQzMuMTI4MC5kYXNoX2gyNjQtYmFzaWMtZ2VuMl83MjBwIiwieHB2X2Fzc2V0X2lkIjo4MzM2OTQyNDg1MDI1MzgsImFzc2V0X2FnZV9kYXlzIjoxNzU2LCJ2aV91c2VjYXNlX2lkIjoxMDEzOSwiZHVyYXRpb25fcyI6ODA4LCJ1cmxnZW5fc291cmNlIjoid3d3In0%3D&ccb=17-1&vs=3160ddaf40b028f5&_nc_vs=HBksFQIYRWZiX2VwaGVtZXJhbC85ODQ2RkIxQjEyMjNEMjc1NDg0NDFDQTFEODk3MUJCOF9tdF8xX3ZpZGVvX2Rhc2hpbml0Lm1wNBUAAsgBEgAVAhhAZmJfZXBoZW1lcmFsLzUwNEYwOEQ3QTQxNEMzMEI4NkMzQjU1Mjg5MjM4MTk5X2F1ZGlvX2Rhc2hpbml0Lm1wNBUCAsgBEgAoABgAGwKIB3VzZV9vaWwBMRJwcm9ncmVzc2l2ZV9yZWNpcGUBMRUAACaUlMSYso_7AhUCKAJDMywXQIlFqfvnbIsYGWRhc2hfaDI2NC1iYXNpYy1nZW4yXzcyMHARAHUAZbaeAQA&_nc_gid=irtyDX8J64Xxey-QH28dgg&_nc_ss=7b289&_nc_map=urlgen_bucketless&_nc_zt=28&oh=00_AQIgPbXZqXwoShAjGmOEJ6O1RhF_5owU2YBOSVEYlIYLJA&oe=6AA6DD3F,https://www.facebook.com/ads/library/?id=3191107984425451,لمدة ساعة بس لو,2026-09-09T09:06:13+00:00
1390620806258907,KW,Alessa Med Co.,2026-07-12,59,0,59,"تدور على سرير طبي كهربائي يوفر راحة أكبر للمريض ويسهّل العناية اليومية؟ سرير Medical Master MEB-903 الكهربائي هو الحل المتكامل للرعاية المنزلية والمستشفيات ومراكز التأهيل. ✅ 3 محركات كهربائية للتحكم بالرأس، الأرجل، وارتفاع السرير ✅ جهاز تحكم سهل الاستخدام ✅ مرتبة طبية بارتفاع 12 سم مرفقة ✅ عمود محلول وريدي (IV Pole) وعمود مساعدة على النهوض (Lifting Pole) مرفقان ✅ حواجز جانبية قابلة للطي لسلامة أكبر ✅ هيكل فولاذي قوي ومتين ✅ عجلات طبية مزودة بفرامل لسهولة النقل والثبات ✅ يساعد على تحسين راحة المريض وتسهيل العناية اليومية ✅ مثالي لكبار السن، ما بعد العمليات، التأهيل، والرعاية طويلة الأمد 📍 جرّبه بنفسك اليوم في معرض العيسى ميد – الضجيج 📞 اطلب الآن: 1877779 معرض الضجيج منطقة الضجيج، القطعة 1، مبنى 44 مجمع أبناء سلطان بن عيسى (مقابل الطريق الدائري السادس) 22277153 / 66195201 ____________________________ معرض السالمية شارع سالم المبارك بالقرب من بنك برقان، السالمية، الكويت 22277154 / 66195402 ____________________________ معرض الجهراء محل رقم 36، الناصر مول مقابل بلدية الكويت، الجهراء، الكويت 22277168 / 99691426 ____________________________ معرض الفحيحيل مجمع أجيال، شارع 57، الفحيحيل، الكويت 22277151 / 96961224 ____________________________ معرض وزارة الدفاع الطريق الدائري الرابع، مقابل منطقة الرقعي مجمع تعاونية وزارة الدفاع، الشويخ، الكويت 99691424 #العيسى_ميد #سرير_طبي #سرير_كهربائي #الرعاية_المنزلية #رعاية_المرضى #كبار_السن #تأهيل #المستلزمات_الطبية #الكويت #العيسى_كير The Medical Master MEB-903 Electric Hospital Bed delivers comfort, safety, and convenience for both patients and caregivers. ✅ 3 electric motors for backrest, knee, and height adjustment ✅ Easy-to-use remote control ✅ 12 cm pressure-relief mattress included ✅ IV pole and lifting pole included ✅ Fold-away safety side rails with integrated controls ✅ Durable powder-coated steel frame ✅ Medical-grade locking caster wheels ✅ Designed to improve patient comfort and simplify daily care ✅ Ideal for elderly care, post-surgical recovery, rehabilitation, and long-term home care 📍 Experience it today at Alessa Med – Dajeej Showroom 📞 Order Now: 1877779",https://api.whatsapp.com/send,https://video.forn3-5.fna.fbcdn.net/o1/v/t2/f2/m367/AQM8pjt-nkZhQ1I71WOEJeFJ6-uyNspvuIsyW69xdxVNmQBQY6pNpHgjTCZWaPMEy1eBBaipVg1w1PVN6MlxjQC2Ut5M_tto9jADurdTZA.mp4?_nc_cat=104&_nc_oc=Adq3Zd4cQgQCFV4KgVdxB8gZkOx6BL1HpirpfzrKPmHzkYBflRqznftOdW-8-ElNfos&_nc_sid=ef5aa3&_nc_ht=video.forn3-5.fna.fbcdn.net&_nc_ohc=ye2IN4dgQpIQ7kNvwETpNOA&efg=eyJ2ZW5jb2RlX3RhZyI6Inhwdl9wcm9ncmVzc2l2ZS5WSV9VU0VDQVNFX1BST0RVQ1RfVFlQRS4uQzMuNzIwLnByb2dyZXNzaXZlX2gyNjQtYmFzaWMtZ2VuMl83MjBwIiwieHB2X2Fzc2V0X2lkIjoxNDgzODg0ODEwMDkxODM3LCJhc3NldF9hZ2VfZGF5cyI6NzEsInZpX3VzZWNhc2VfaWQiOjEwMDk5LCJkdXJhdGlvbl9zIjo1OCwidXJsZ2VuX3NvdXJjZSI6Ind3dyJ9&ccb=17-1&_nc_gid=zNIh0nYnUWDOWyhOykddaw&_nc_ss=7b289&_nc_map=urlgen_bucketless&_nc_zt=28&oh=00_AQKSI-884vV4yALoCxDkm-lEZrHz_ga2nxH707ArWKlQiA&oe=6AA710B2,https://www.facebook.com/ads/library/?id=1390620806258907,جهاز تحكم,2026-09-09T11:07:13+00:00
1088809416912834,EG,مركز دكتور محمد يوسف - لجراحة العيون و الليزر,2026-07-12,59,0,59,👁️ حاجبك ساقط ومش قادرة تحطي هايلايت الحل أبسط مما تتخيلي مع د/ محمد يوسف ✨ تابعي الفيديو 👇 واعرفي إزاي بإجراء بسيط ممكن يفرق في ثقتك 💕 ------------------------------ 🌟 د/محمد يوسف 🔝 إستشاري جراحات تصحيح الأبصار بالليزر والمياه البيضاء وتجميل الجفون . عضو كلية الجراحين الملكية بأدنبره بانجلترا زميل المجلس العالمي لطب وجراحة العيون ICO عضو الجمعيه الاوروبيه لتصحيح الابصار بالليزر وزرع العدسات عضو الجمعية المصرية لتجميل الجفون و الجهاز الدمعي. . ⚠️ متوفر خدمة التقسيط عبر استخدام فيزا مشتريات لجميع البنوك و نوفر خدمات valU للتقسيط . . تابعونا علي الانستجرام 👇 instagram.com/dr.mohamed.youssef.ghareeb/ . تابعونا علي سناب شات 👇 https://www.snapchat.com/@dr.mhmdyoussef . تابعونا علي تيك توك 👇 tiktok.com/@dr.mohamed_youssef . للتواصل معنا من داخل وخارج مصر 📞 +201023330221 . 📞 +201022093330 ‏ ‏للتواصل المباشر مع الفريق الطبي عبر الواتساب يرجى الضغط على هذا الرابط 👇🏻 . https://wa.me/201023330221?text= 📍فروعنا داخل مصر : ✨ الإسكندرية : الإبراهيمية,https://api.whatsapp.com/send,https://video.forn3-6.fna.fbcdn.net/o1/v/t2/f2/m366/AQOE_lRYOy1XI29OPKvVJwPRKoCD4g31k-NEt3KLq8XJyC8Nn__AVlLzymc83LTyBVnHia_V7JCt-_EL4uxgZ0-tzKCkeriTCVZk6ak8v9R6BQ.mp4?_nc_cat=109&_nc_oc=AdotyzzJ8we4BS9RStoeibpqc3yZEihM3zSsE5PfJwFWqQs04bSGPdWOJkHs4LjGaR8&_nc_sid=b66105&_nc_ht=video.forn3-6.fna.fbcdn.net&_nc_ohc=JVZFuqjhnOwQ7kNvwFghm8J&efg=eyJ2ZW5jb2RlX3RhZyI6Inhwdl9wcm9ncmVzc2l2ZS5WSV9VU0VDQVNFX1BST0RVQ1RfVFlQRS4uQzMuNzIwLmRhc2hfaDI2NC1iYXNpYy1nZW4yXzcyMHAiLCJ4cHZfYXNzZXRfaWQiOjQ1OTkxNjM3NjY5NzczMDgsImFzc2V0X2FnZV9kYXlzIjozNDIsInZpX3VzZWNhc2VfaWQiOjEyMzczLCJkdXJhdGlvbl9zIjoxNiwidXJsZ2VuX3NvdXJjZSI6Ind3dyJ9&ccb=17-1&vs=925446e685ed367d&_nc_vs=HBksFQIYRWZiX2VwaGVtZXJhbC8wODRFMUFFRkY2OTdFODZBREVCQ0JFRkZFMTI1N0M5NF9tdF8xX3ZpZGVvX2Rhc2hpbml0Lm1wNBUAAsgBEgAVAhhAZmJfcGVybWFuZW50LzA2NDhBMkUwRTk4Qjk5NTJFN0U5QUVBQ0FDRDQ5QzkyX2F1ZGlvX2Rhc2hpbml0Lm1wNBUCAsgBEgAoABgAGwKIB3VzZV9vaWwBMRJwcm9ncmVzc2l2ZV9yZWNpcGUBMRUAACa4zMGpyLqrEBUCKAJDMywXQDAo9cKPXCkYGWRhc2hfaDI2NC1iYXNpYy1nZW4yXzcyMHARAHUAZarBAQA&_nc_gid=vS6Lu2KzfoFVSosmquYIBw&_nc_ss=7a289&_nc_map=urlgen_bucketless&_nc_zt=28&oh=00_AQLU71OBh1zEsnzDPUZvjiX0XsTCVPOvcgo_eH9CIQSdLw&oe=6AA70557,https://www.facebook.com/ads/library/?id=1088809416912834,الجهاز الدمعي متوفر,2026-09-09T10:18:36+00:00
1578499230658392,EG,مركز دكتور محمد يوسف - لجراحة العيون و الليزر,2026-07-12,59,0,59,ليه طرق رفع الحاجب بتختلف من حالة لتانية ✨ دكتور محمد يوسف بيوضح ليكي أنواع عمليات رفع الحاجب في الفيديو ده 🤔👇 ------------------------------ 🌟 د/محمد يوسف 🔝 إستشاري جراحات تصحيح الأبصار بالليزر والمياه البيضاء وتجميل الجفون . عضو كلية الجراحين الملكية بأدنبره بانجلترا زميل المجلس العالمي لطب وجراحة العيون ICO عضو الجمعيه الاوروبيه لتصحيح الابصار بالليزر وزرع العدسات عضو الجمعية المصرية لتجميل الجفون و الجهاز الدمعي. . ⚠️ متوفر خدمة التقسيط عبر استخدام فيزا مشتريات لجميع البنوك و نوفر خدمات valU للتقسيط . . تابعونا علي الانستجرام 👇 instagram.com/dr.mohamed.youssef.ghareeb/ . تابعونا علي سناب شات 👇 https://www.snapchat.com/@dr.mhmdyoussef . تابعونا علي تيك توك 👇 tiktok.com/@dr.mohamed_youssef . للتواصل معنا من داخل وخارج مصر 📞 +201023330221 . 📞 +201022093330 ‏ ‏للتواصل المباشر مع الفريق الطبي عبر الواتساب يرجى الضغط على هذا الرابط 👇🏻 . https://wa.me/201023330221?text= 📍فروعنا داخل مصر : ✨ الإسكندرية : الإبراهيمية,https://api.whatsapp.com/send,https://video.forn3-1.fna.fbcdn.net/o1/v/t2/f2/m366/AQOt9m7OJirHocnsh9lLqrHGSA0WXlZLwcNrIL7_BOX3y7py99CW-om0LWfYj65OrHEOZEpUWO2OzvoLyI1wUKtNH-ecCv8pv4z_7cNHbnMzcQ.mp4?_nc_cat=102&_nc_oc=AdpDPGrm7GsXBz-CCQjTcOJY2dd-N7Q9hNCgIC9XXCRjROBRgwYwXi1FOSvQu7OCsWA&_nc_sid=b66105&_nc_ht=video.forn3-1.fna.fbcdn.net&_nc_ohc=uiV94PrhL7UQ7kNvwH26rOm&efg=eyJ2ZW5jb2RlX3RhZyI6Inhwdl9wcm9ncmVzc2l2ZS5WSV9VU0VDQVNFX1BST0RVQ1RfVFlQRS4uQzMuNzIwLmRhc2hfaDI2NC1iYXNpYy1nZW4yXzcyMHAiLCJ4cHZfYXNzZXRfaWQiOjk5NTExODk2OTY3ODAzMCwiYXNzZXRfYWdlX2RheXMiOjExMywidmlfdXNlY2FzZV9pZCI6MTIzNzMsImR1cmF0aW9uX3MiOjcyLCJ1cmxnZW5fc291cmNlIjoid3d3In0%3D&ccb=17-1&vs=b4bdfc7b0ac639e9&_nc_vs=HBksFQIYRWZiX2VwaGVtZXJhbC8xNDQzRUU5MzQ4RUQ4RDQxN0EzRDY1NjdCNTUwNDNCRl9tdF8xX3ZpZGVvX2Rhc2hpbml0Lm1wNBUAAsgBEgAVAhhAZmJfcGVybWFuZW50LzdDNEU1M0E4RDI3MzU2QkRDREQxRTkyN0Y3Q0JDQ0FEX2F1ZGlvX2Rhc2hpbml0Lm1wNBUCAsgBEgAoABgAGwKIB3VzZV9vaWwBMRJwcm9ncmVzc2l2ZV9yZWNpcGUBMRUAACaco5OLxsPEAxUCKAJDMywXQFIIgxJul40YGWRhc2hfaDI2NC1iYXNpYy1nZW4yXzcyMHARAHUAZarBAQA&_nc_gid=vS6Lu2KzfoFVSosmquYIBw&_nc_ss=7a289&_nc_map=urlgen_bucketless&_nc_zt=28&oh=00_AQICo5emkrjjSvH8l5KhfjrQGix0Fziu05S8zyKUbRfiuQ&oe=6AA72042,https://www.facebook.com/ads/library/?id=1578499230658392,الجهاز الدمعي متوفر,2026-09-09T10:18:36+00:00
2108357866705596,EG,مركز دكتور محمد يوسف - لجراحة العيون و الليزر,2026-07-12,59,0,59,"✨Welcome to a new era of eye aesthetics & vision care… With Dr. Mohamed Youssef where, expertise meets innovation. ------------------------------ 🌟 د/محمد يوسف 🔝 إستشاري جراحات تصحيح الأبصار بالليزر والمياه البيضاء وتجميل الجفون . عضو كلية الجراحين الملكية بأدنبره بانجلترا زميل المجلس العالمي لطب وجراحة العيون ICO عضو الجمعيه الاوروبيه لتصحيح الابصار بالليزر وزرع العدسات عضو الجمعية المصرية لتجميل الجفون و الجهاز الدمعي. . ⚠️ متوفر خدمة التقسيط عبر استخدام فيزا مشتريات لجميع البنوك و نوفر خدمات valU للتقسيط . . تابعونا علي الانستجرام 👇 instagram.com/dr.mohamed.youssef.ghareeb/ . للتواصل معنا من داخل وخارج مصر 📞 +201023330221 📞 +201022093330 ‏ ‏للتواصل المباشر مع الفريق الطبي عبر الواتساب يرجى الضغط على هذا الرابط 👇🏻 https://wa.me/201023330221?text= 📍فروعنا داخل مصر : ✨الجيزة : الشيخ زايد ✨ الإسكندرية : الإبراهيمية",https://api.whatsapp.com/send,https://video.forn3-5.fna.fbcdn.net/o1/v/t2/f2/m366/AQP2lG26CNT2xsnkZUjxStIZ-7eHelWIF0fgTEmPbH-yRVS0svYfIQRq2SxwCXzUYxR3UlFlsgRRdLYGC_n9oVyTNIb29RrqB_Stg33IfvK7Tw.mp4?_nc_cat=105&_nc_oc=Adri7teilea_9biAwAzT8u8Croxa734KH4HSNmb1TmYkdIvqq-kcFtjnm2K6DaEnPLA&_nc_sid=b66105&_nc_ht=video.forn3-5.fna.fbcdn.net&_nc_ohc=2bf4zuM6I1wQ7kNvwGF5o9T&efg=eyJ2ZW5jb2RlX3RhZyI6Inhwdl9wcm9ncmVzc2l2ZS5WSV9VU0VDQVNFX1BST0RVQ1RfVFlQRS4uQzMuMTI4MC5kYXNoX2gyNjQtYmFzaWMtZ2VuMl83MjBwIiwieHB2X2Fzc2V0X2lkIjoyMjAwMDAxNjc3MTMwNzY5LCJhc3NldF9hZ2VfZGF5cyI6MzgyLCJ2aV91c2VjYXNlX2lkIjoxMjM3MywiZHVyYXRpb25fcyI6NjgsInVybGdlbl9zb3VyY2UiOiJ3d3cifQ%3D%3D&ccb=17-1&vs=551f03e4dc196f7e&_nc_vs=HBksFQIYRWZiX2VwaGVtZXJhbC8wMTQyOEQ1NUJFOTk0ODU3MzlDRkQ5RURCRjdDRTJBQl9tdF8xX3ZpZGVvX2Rhc2hpbml0Lm1wNBUAAsgBEgAVAhhAZmJfcGVybWFuZW50L0QyNENGM0JDRkZENzM3RDBBMUI1QURDRTcxRTVDREJCX2F1ZGlvX2Rhc2hpbml0Lm1wNBUCAsgBEgAoABgAGwKIB3VzZV9vaWwBMRJwcm9ncmVzc2l2ZV9yZWNpcGUBMRUAACai8MPn-bjoBxUCKAJDMywXQFE90vGp--cYGWRhc2hfaDI2NC1iYXNpYy1nZW4yXzcyMHARAHUAZarBAQA&_nc_gid=vS6Lu2KzfoFVSosmquYIBw&_nc_ss=7a289&_nc_map=urlgen_bucketless&_nc_zt=28&oh=00_AQKHHK4RhiXTqNaAXtXSemfQQnCn-3exbjDSUBw-bn2D2w&oe=6AA701F3,https://www.facebook.com/ads/library/?id=2108357866705596,الجهاز الدمعي متوفر,2026-09-09T10:18:36+00:00
4442334962699336,EG,مركز دكتور محمد يوسف - لجراحة العيون و الليزر,2026-07-12,59,0,59,#تجميل_الجفون هل يكون ضرورة طبية وليس إجراء تجميليا فقط ‼️ نشارككم استضافة الدكتور محمد يوسف مع الفنانة القديرة نشوي مصطفي خلال فعاليات مؤتمر الجمعية الرمدية ✨ ------------------------------ 🌟 د/محمد يوسف 🔝 إستشاري جراحات تصحيح الأبصار بالليزر والمياه البيضاء وتجميل الجفون . عضو كلية الجراحين الملكية بأدنبره بانجلترا زميل المجلس العالمي لطب وجراحة العيون ICO عضو الجمعيه الاوروبيه لتصحيح الابصار بالليزر وزرع العدسات عضو الجمعية المصرية لتجميل الجفون و الجهاز الدمعي. . ⚠️ متوفر خدمة التقسيط عبر استخدام فيزا مشتريات لجميع البنوك و نوفر خدمات valU للتقسيط . . تابعونا علي الانستجرام 👇 instagram.com/dr.mohamed.youssef.ghareeb/ . تابعونا علي سناب شات 👇 https://www.snapchat.com/@dr.mhmdyoussef . تابعونا علي تيك توك 👇 tiktok.com/@dr.mohamed_youssef . للتواصل معنا من داخل وخارج مصر 📞 +201023330221 . 📞 +201022093330 ‏ ‏للتواصل المباشر مع الفريق الطبي عبر الواتساب يرجى الضغط على هذا الرابط 👇🏻 . https://wa.me/201023330221?text= 📍فروعنا داخل مصر : ✨ الإسكندرية : الإبراهيمية,https://api.whatsapp.com/send,https://video.forn3-2.fna.fbcdn.net/o1/v/t2/f2/m366/AQMeIDsNBskxMCGo-rM0mr9-xqj8DImbAzbtT-bHqw6v98Ynl2xEoTlLsXO7lv_bw0IzarFAwv0TEG1ibKxoqUVZSVifG_1IwpskDEkyYIeVyg.mp4?_nc_cat=101&_nc_oc=Adq2m63zjXPBkD7KFOWt7oRG2l1ijAQAqcICPhqt29EgQonIzZusfcqfgGyB-uiPVlE&_nc_sid=b66105&_nc_ht=video.forn3-2.fna.fbcdn.net&_nc_ohc=Y0mENhI9hX8Q7kNvwF-C8lW&efg=eyJ2ZW5jb2RlX3RhZyI6Inhwdl9wcm9ncmVzc2l2ZS5WSV9VU0VDQVNFX1BST0RVQ1RfVFlQRS4uQzMuODQ4LmRhc2hfaDI2NC1iYXNpYy1nZW4yXzcyMHAiLCJ4cHZfYXNzZXRfaWQiOjIwNzE1NTQ4MDAwODM3MzEsImFzc2V0X2FnZV9kYXlzIjoyMTEsInZpX3VzZWNhc2VfaWQiOjEyMzczLCJkdXJhdGlvbl9zIjoxMTUsInVybGdlbl9zb3VyY2UiOiJ3d3cifQ%3D%3D&ccb=17-1&vs=94832aa1eff1a18b&_nc_vs=HBksFQIYRWZiX2VwaGVtZXJhbC84OTQxQTkxQTY4MEZGM0RERjJFRUE2QkUzNTgzQUM5RF9tdF8xX3ZpZGVvX2Rhc2hpbml0Lm1wNBUAAsgBEgAVAhhAZmJfcGVybWFuZW50L0M0NDJCNjI2NURCODNEMTg3N0UzMzMwM0UwQTFFNkJEX2F1ZGlvX2Rhc2hpbml0Lm1wNBUCAsgBEgAoABgAGwKIB3VzZV9vaWwBMRJwcm9ncmVzc2l2ZV9yZWNpcGUBMRUAACamjO__rYSuBxUCKAJDMywXQFzrhR64UewYGWRhc2hfaDI2NC1iYXNpYy1nZW4yXzcyMHARAHUAZarBAQA&_nc_gid=vS6Lu2KzfoFVSosmquYIBw&_nc_ss=7a289&_nc_map=urlgen_bucketless&_nc_zt=28&oh=00_AQJuZyaw3X4RZt1G6SrPaVF1xA66W5i3_f9_RFe-noqDDQ&oe=6AA6EDA7,https://www.facebook.com/ads/library/?id=4442334962699336,الجهاز الدمعي متوفر,2026-09-09T10:18:36+00:00
2902571000102541,SY,Olivia Bio,2026-07-12,59,0,59,"😩 تعبت من الصلع أو فراغات الشعر؟ بدون عمليات مكلفة 💸 وبدون حلول معقدة! ✨ iHair سيرم طبيعي للعناية بالشعر يساعد على: ✅ تقليل تساقط الشعر تدريجيًا ✅ تحسين كثافة الشعر ومظهر الفراغات ✅ تقوية الشعر الضعيف ودعم نموه ✅ مناسب للرجال والنساء 🌿 تركيبة طبيعية غنية بمكونات فعالة للعناية بفروة الرأس والشعر. ⏳ مع الاستخدام المنتظم، يمكن ملاحظة تحسن تدريجي خلال أسابيع. 💰 وفر وقتك وأموالك مقارنة بالحلول المكلفة. 🚚 التوصيل متوفر والدفع عند الاستلام. 📩 اطلب الآن واستعد ثقتك بشعرك من جديد! 🔥 | 👇 خلال 7 إلى 14 يوم بس، الناس قامت تلاحظ فرق واضح في فراغات الشعر والذقن! | ⭐ ⭐ أكثر من 100,000 عميل جربوه وأشادوا بنتائجه المذهلة! ⭐ ⭐",https://bioluxuuryshop.mydropify.shop/lp/lp-gcc-pntcw90d,https://video.forn3-2.fna.fbcdn.net/o1/v/t2/f2/m412/AQM4nMoKt8fVJv6O8z6AOveTLegwDReVLCqcuaW8pkMHUgVd1C4P6aVmO_d4Dem3X_UqfiPZ3crv7JLhJg8_PtF-CagjcbjSuoil-Gh7Vw.mp4?_nc_cat=110&_nc_oc=Adr0OTWegVdZ6ttShER4m56bEGPk769-BqoupwYFVQ8T6a0n9NyNo7lHAYtffSX081Q&_nc_sid=ef5aa3&_nc_ht=video.forn3-2.fna.fbcdn.net&_nc_ohc=mu_TEgLmjWgQ7kNvwFy29Js&efg=eyJ2ZW5jb2RlX3RhZyI6Inhwdl9wcm9ncmVzc2l2ZS5WSV9VU0VDQVNFX1BST0RVQ1RfVFlQRS4uQzMuMzYwLnN2ZV9zZCIsInhwdl9hc3NldF9pZCI6NDM1ODQ5MjY1NDI5NjU1NSwiYXNzZXRfYWdlX2RheXMiOjg5LCJ2aV91c2VjYXNlX2lkIjoxMDc5OSwiZHVyYXRpb25fcyI6MjUsInVybGdlbl9zb3VyY2UiOiJ3d3cifQ%3D%3D&ccb=17-1&_nc_gid=ZgqcQspoytFstw3szMNrbw&_nc_ss=7a289&_nc_map=urlgen_bucketless&_nc_zt=28&oh=00_AQJJljgtNVvwMCeoESIwpfeXsQtrWqkZNfxf9QVGLb6Guw&oe=6AA71360,https://www.facebook.com/ads/library/?id=2902571000102541,للعناية سيروم,2026-09-09T09:56:38+00:00
2835585966813995,EG,مركز دكتور محمد يوسف - لجراحة العيون و الليزر,2026-07-11,59,0,59,جفاف العين… مشكلة مزعجة لكثير من الناس 👁️ هل ليها علاج فعلًا 🤔 د/ محمد يوسف بيرد على واحد من أكتر الأسئلة اللي بتتكرر كتير 👇 ------------------------------ 🌟 د/محمد يوسف 🔝 إستشاري جراحات تصحيح الأبصار بالليزر والمياه البيضاء وتجميل الجفون . عضو كلية الجراحين الملكية بأدنبره بانجلترا زميل المجلس العالمي لطب وجراحة العيون ICO عضو الجمعيه الاوروبيه لتصحيح الابصار بالليزر وزرع العدسات عضو الجمعية المصرية لتجميل الجفون و الجهاز الدمعي. . ⚠️ متوفر خدمة التقسيط عبر استخدام فيزا مشتريات لجميع البنوك و نوفر خدمات valU للتقسيط . . تابعونا علي الانستجرام 👇 instagram.com/dr.mohamed.youssef.ghareeb/ . تابعونا علي سناب شات 👇 https://www.snapchat.com/@dr.mhmdyoussef . تابعونا علي تيك توك 👇 tiktok.com/@dr.mohamed_youssef . للتواصل معنا من داخل وخارج مصر 📞 +201023330221 . 📞 +201022093330 ‏ ‏للتواصل المباشر مع الفريق الطبي عبر الواتساب يرجى الضغط على هذا الرابط 👇🏻 . https://wa.me/201023330221?text= 📍فروعنا داخل مصر : ✨ الإسكندرية : الإبراهيمية,https://api.whatsapp.com/send,https://video.forn3-5.fna.fbcdn.net/o1/v/t2/f2/m366/AQOVJYx1HNWCUjV4_PJmaFtbirpnuqLpQ7VBbd5AOucvD0UT93xhDNS6TtZuRhEyYt2PokfZd_PYqcqKOqNW4TUsph-On2rJeJCOhP9EHa3oow.mp4?_nc_cat=111&_nc_oc=AdpZnI7uGQL8k-q-k6WaIRVs5xhIx4p97HYAP0iSov-U-grJGoB_AHfTGQcDaYdhXJs&_nc_sid=b66105&_nc_ht=video.forn3-5.fna.fbcdn.net&_nc_ohc=158_VxBXsYkQ7kNvwF86bKu&efg=eyJ2ZW5jb2RlX3RhZyI6Inhwdl9wcm9ncmVzc2l2ZS5WSV9VU0VDQVNFX1BST0RVQ1RfVFlQRS4uQzMuNzIwLmRhc2hfaDI2NC1iYXNpYy1nZW4yXzcyMHAiLCJ4cHZfYXNzZXRfaWQiOjE2OTcyMzA1MzgzNzA1ODMsImFzc2V0X2FnZV9kYXlzIjoxMjksInZpX3VzZWNhc2VfaWQiOjEyMzczLCJkdXJhdGlvbl9zIjo1MywidXJsZ2VuX3NvdXJjZSI6Ind3dyJ9&ccb=17-1&vs=7a1db7c2b2ee47a3&_nc_vs=HBksFQIYRWZiX2VwaGVtZXJhbC84NDQxNTBBMUI1NUQ5QjExQ0ZEODRGN0QxNUFGNEI5Rl9tdF8xX3ZpZGVvX2Rhc2hpbml0Lm1wNBUAAsgBEgAVAhhAZmJfcGVybWFuZW50L0QzNEEzQzVGNkZGNzA1QzU4QjE4MDIzQTY3NkI1QUE0X2F1ZGlvX2Rhc2hpbml0Lm1wNBUCAsgBEgAoABgAGwKIB3VzZV9vaWwBMRJwcm9ncmVzc2l2ZV9yZWNpcGUBMRUAACauuLv16OeDBhUCKAJDMywXQErd0vGp--cYGWRhc2hfaDI2NC1iYXNpYy1nZW4yXzcyMHARAHUAZarBAQA&_nc_gid=fIt7DI6OE_tqRugnkirO9g&_nc_ss=7a289&_nc_map=urlgen_bucketless&_nc_zt=28&oh=00_AQKA76byvZX-pce3ddMyTOwhpI00yCwICE0h4zxfbhK6yg&oe=6AA6D4F5,https://www.facebook.com/ads/library/?id=2835585966813995,جفاف الجفون,2026-09-09T05:24:45+00:00
1573824401114303,KM,Rich Legacy,2026-07-13,58,0,58,شاهد الفيديو كاملاً على هذا التطبيق. إنه مجاني تماماً!,https://play.google.com/store/apps/details?id=com.video.downloader.videoplayer.videodownloader.musicplayer,https://video.forn3-2.fna.fbcdn.net/o1/v/t2/f2/m366/AQNGU9dmHfkvWvq9rXdzECpb4p77-q6H68TUWx5LqT6ODRp7I6ZefHRlBKvnWCj66-5Amgrun7I95nIvdXtuUtZU23ASGeMuJzpKtz0yTgXo9g.mp4?_nc_cat=106&_nc_oc=Adr-Ne_YnKtaZGF3IgnC9yCZD9pHRShOt89180HJ6_aaePEo0t8d_Kx5_wsx3s79re0&_nc_sid=b66105&_nc_ht=video.forn3-2.fna.fbcdn.net&_nc_ohc=oihwfBbbOCUQ7kNvwG8vChI&efg=eyJ2ZW5jb2RlX3RhZyI6Inhwdl9wcm9ncmVzc2l2ZS5WSV9VU0VDQVNFX1BST0RVQ1RfVFlQRS4uQzMuNzIwLmRhc2hfaDI2NC1iYXNpYy1nZW4yXzcyMHAiLCJ4cHZfYXNzZXRfaWQiOjI0ODg0NTI1MTQ5MzU5NTAsImFzc2V0X2FnZV9kYXlzIjo3NSwidmlfdXNlY2FzZV9pZCI6MTAxMzksImR1cmF0aW9uX3MiOjE0NTcsInVybGdlbl9zb3VyY2UiOiJ3d3cifQ%3D%3D&ccb=17-1&vs=2495c0d7326b7691&_nc_vs=HBksFQIYRWZiX2VwaGVtZXJhbC9GMDRFMTZCNjA1Q0ZGMkJEOEJDM0MzRUI3NzgzRTNBQV9tdF8xX3ZpZGVvX2Rhc2hpbml0Lm1wNBUAAsgBEgAVAhhAZmJfcGVybWFuZW50L0Y1NDA3MjIyRTA5QjE3NjI5QzE1OTlDQzgwQ0UwRjk3X2F1ZGlvX2Rhc2hpbml0Lm1wNBUCAsgBEgAoABgAGwKIB3VzZV9vaWwBMRJwcm9ncmVzc2l2ZV9yZWNpcGUBMRUAACac0ouDgM_rCBUCKAJDMywXQJbEZmZmZmYYGWRhc2hfaDI2NC1iYXNpYy1nZW4yXzcyMHARAHUAZbaeAQA&_nc_gid=-uPgR1Y8R_i0d5tZ8P-cXA&_nc_ss=7a289&_nc_map=urlgen_bucketless&_nc_zt=28&oh=00_AQJsd-YAGdWuqXN7_NSKkz5APseCeQKsbdRKvFf8nI4EXQ&oe=6AA700FA,https://www.facebook.com/ads/library/?id=1573824401114303,مجاناً كريم,2026-09-09T11:46:51+00:00
2093964324875160,KM,Rich Legacy,2026-07-13,58,0,58,شاهد الفيديو كاملاً على هذا التطبيق. إنه مجاني تماماً!,https://play.google.com/store/apps/details?id=com.video.downloader.videoplayer.videodownloader.musicplayer,https://video.forn3-1.fna.fbcdn.net/o1/v/t2/f2/m366/AQO_2TY2hcTAewjdqNZFga1GQtHUMi3lYHKYOrUUnRnJZ7AgGdnVMxL6wZYEkhcbvI0PrTJyO7Ozzo61kOmZdJs-X_zRoRm8ur5dWtZV29pgNA.mp4?_nc_cat=108&_nc_oc=AdoXIHKWwCj7Hzc1hUXtdw5Vw6NCo0dIkTrjmGLMUKwASigvzuvu8CXOPyjfhp_0l-Q&_nc_sid=b66105&_nc_ht=video.forn3-1.fna.fbcdn.net&_nc_ohc=ojLFBgEyj-UQ7kNvwEltBtQ&efg=eyJ2ZW5jb2RlX3RhZyI6Inhwdl9wcm9ncmVzc2l2ZS5WSV9VU0VDQVNFX1BST0RVQ1RfVFlQRS4uQzMuNzIwLmRhc2hfaDI2NC1iYXNpYy1nZW4yXzcyMHAiLCJ4cHZfYXNzZXRfaWQiOjE4NDc2MDQ0NTI4NzQ0MTUsImFzc2V0X2FnZV9kYXlzIjo3NSwidmlfdXNlY2FzZV9pZCI6MTAxMzksImR1cmF0aW9uX3MiOjg0NywidXJsZ2VuX3NvdXJjZSI6Ind3dyJ9&ccb=17-1&vs=a54473b7af76637e&_nc_vs=HBksFQIYRWZiX2VwaGVtZXJhbC8yNjQwQ0REREQ0RUZDMkUxMzBDRjNBNzM5NjI2NzhCMl9tdF8xX3ZpZGVvX2Rhc2hpbml0Lm1wNBUAAsgBEgAVAhhAZmJfcGVybWFuZW50LzBDNDQ3MkM4MzRBMzI2MzM1REY1NEQ0NUUyOUI4Nzk2X2F1ZGlvX2Rhc2hpbml0Lm1wNBUCAsgBEgAoABgAGwKIB3VzZV9vaWwBMRJwcm9ncmVzc2l2ZV9yZWNpcGUBMRUAACbe4srx3ZjIBhUCKAJDMywXQIp93S8an74YGWRhc2hfaDI2NC1iYXNpYy1nZW4yXzcyMHARAHUAZbaeAQA&_nc_gid=fLBdp5KdO-jA7vFI7RIA2w&_nc_ss=7a289&_nc_map=urlgen_bucketless&_nc_zt=28&oh=00_AQLstDwmtXO2XpnIdU6pqYejOX633T3DTDMsh9-31NaLZQ&oe=6AA71BCC,https://www.facebook.com/ads/library/?id=2093964324875160,مجاناً كريم,2026-09-09T11:46:51+00:00
2026686514645934,LY,متجر رونق ,2026-07-13,58,0,58,كم مرة شفت والدتك أو والدك يعانون من تشققات القدمين أو الجلد الجاف؟ امنحهم الراحة التي يستحقونها مع جهاز العناية الإلكتروني بالقدمين، الذي يزيل الجلد الميت والخشونة بسهولة وأمان من المنزل، دون عناء أو مواعيد في الصالونات. ✔️ إزالة فعّالة للجلد الجاف والخشن ✔️ سهل وآمن في الاستخدام ✔️ نتائج ناعمة من أول استخدام لأن راحتهم تستحق منك هذه اللفتة. اطلبه الآن. 👣💙 | إزالة فعّالة للجلد الجاف والخشن,https://ronq-shop.myshopify.com/products/%D8%AC%D9%87%D8%A7%D8%B2-%D8%A7%D9%84%D8%B9%D9%86%D8%A7%D9%8A%D8%A9-%D8%A8%D8%A7%D9%84%D9%82%D8%AF%D9%85%D9%8A%D9%86?fbclid=IwY2xjawTCZBxleHRuA2FlbQIxMABicmlkETFLNXRLbjdzM0xtS092RnNPc3J0YwZhcHBfaWQPMTE5MjExNzI4MTQ0NTA0AAEeMW1kuvJrmyMOGX5Br6EsLT7fwUOc7WuCAym3PzLwyy9WB25yCAYC7mk0jbQ_aem_2BfWjjp3SeMUf5GQ5I6Nug,https://video.forn3-6.fna.fbcdn.net/o1/v/t2/f2/m366/AQOCibaC72P_fPNjUM1TZFWJdyd26ipOh_P6VWN3H9h3dz1RYK0FVi8ExwCGc7xjvIZ2MTvJ78RKCIZz_6cug7V6ZbyEADuog54IpGcePbpZCw.mp4?_nc_cat=107&_nc_oc=AdqLQV7a2-Awke8yU_Haj62uDiEwJJCmJ-Ddh7HRZ39r6IqCB5gOsQD36RJINdkp61Q&_nc_sid=b66105&_nc_ht=video.forn3-6.fna.fbcdn.net&_nc_ohc=pd2FafOwuWUQ7kNvwERrp4K&efg=eyJ2ZW5jb2RlX3RhZyI6Inhwdl9wcm9ncmVzc2l2ZS5WSV9VU0VDQVNFX1BST0RVQ1RfVFlQRS4uQzMuNzIwLmRhc2hfaDI2NC1iYXNpYy1nZW4yXzcyMHAiLCJ4cHZfYXNzZXRfaWQiOjI0Mzg4NTk2Njk5Mzg0NTEsImFzc2V0X2FnZV9kYXlzIjo1NywidmlfdXNlY2FzZV9pZCI6MTA3OTksImR1cmF0aW9uX3MiOjMwLCJ1cmxnZW5fc291cmNlIjoid3d3In0%3D&ccb=17-1&vs=f12ce78a7aa96f50&_nc_vs=HBksFQIYRWZiX2VwaGVtZXJhbC8wNTRBRDA4Q0Q1Njc5MTdDMDI3MzA3M0JCQ0UxNzNCNl9tdF8xX3ZpZGVvX2Rhc2hpbml0Lm1wNBUAAsgBEgAVAhhAZmJfcGVybWFuZW50LzI1NDBGMzVBRjk3NTY0Qzc1OThBRUFGMjBFQTI4Q0I1X2F1ZGlvX2Rhc2hpbml0Lm1wNBUCAsgBEgAoABgAGwKIB3VzZV9vaWwBMRJwcm9ncmVzc2l2ZV9yZWNpcGUBMRUAACamhMXEqIjVCBUCKAJDMywXQD6IcrAgxJwYGWRhc2hfaDI2NC1iYXNpYy1nZW4yXzcyMHARAHUAZd6oAQA&_nc_gid=2V7XGqt6qZbBrbO8eaqhfQ&_nc_ss=7b289&_nc_map=urlgen_bucketless&_nc_zt=28&oh=00_AQLz8oICktkWqBzIoG25SbVlcUMMd2inhKsyF8sF7zNQUw&oe=6AA700C1,https://www.facebook.com/ads/library/?id=2026686514645934,باب المنزل جهاز,2026-09-09T10:55:01+00:00
1558004012623269,PS,K-reine palestine,2026-07-12,58,0,58,️ واقي الشمس مش منتج صيفي… هو خطوة يومية أساسية لكل أنواع البشرة. أشعة الشمس ما بتسبب بس اسمرار، كمان ممكن تساهم بظهور التصبغات، الخطوط الرفيعة، وفقدان نضارة البشرة مع الوقت. واقي الشمس من K-Reine يوفر حماية يومية مريحة وخفيفة لتبقى بشرتك محمية كل يوم. ✨ #KReine #واقي_شمس #العناية_بالبشرة #Skincare #SunProtection SPF50,https://api.whatsapp.com/send,https://video.forn3-2.fna.fbcdn.net/o1/v/t2/f2/m86/AQOQRyK_H05raPoaiaSfyVoolNjbzUeqtLXMaHkY_NjWxDwdqn9_mvQJi_ocL1iaFppSQ_HJiAaY6bsvl9hK5_sroNwRuWT1X5BxB8s.mp4?_nc_cat=104&_nc_oc=AdqSPjMBOvDEGpi1iwGt0YxLxDXA_JnQYwNgZf3-r_TskKpOOltOt-39LWyG3xJSSdw&_nc_sid=b66105&_nc_ht=video.forn3-2.fna.fbcdn.net&_nc_ohc=JqLld7ZA0jcQ7kNvwFH2VVi&efg=eyJ2ZW5jb2RlX3RhZyI6Inhwdl9wcm9ncmVzc2l2ZS5WSV9VU0VDQVNFX1BST0RVQ1RfVFlQRS4uQzMuNzIwLmRhc2hfYmFzZWxpbmVfMV92MSIsInhwdl9hc3NldF9pZCI6MTQ5NjIyMTY2NTI5NDY1NywiYXNzZXRfYWdlX2RheXMiOjkzLCJ2aV91c2VjYXNlX2lkIjoxMjM3NCwiZHVyYXRpb25fcyI6NjksInVybGdlbl9zb3VyY2UiOiJ3d3cifQ%3D%3D&ccb=17-1&vs=a3247082f077ed37&_nc_vs=HBksFQIYUmlnX3hwdl9yZWVsc19wZXJtYW5lbnRfc3JfcHJvZC9COTQwMDNFMERBQTY2RkM4M0Q5RjA0MTdEMzIzMTdBNl92aWRlb19kYXNoaW5pdC5tcDQVAALIARIAFQIYUWlnX3hwdl9wbGFjZW1lbnRfcGVybWFuZW50X3YyLzUzNERFMzA5OUQ0Nzg1QTlDNTRDRDU0QjI1N0ZBMDk3X2F1ZGlvX2Rhc2hpbml0Lm1wNBUCAsgBEgAoABgAGwKIB3VzZV9vaWwBMRJwcm9ncmVzc2l2ZV9yZWNpcGUBMRUAACaC5euNyLOoBRUCKAJDMywXQFFCHKwIMScYEmRhc2hfYmFzZWxpbmVfMV92MREAdQBlrMEBAA&_nc_gid=7X6Ih07YXvu5DJfGPOD0PQ&_nc_ss=7b289&_nc_map=urlgen_bucketless&_nc_zt=28&oh=00_AQLiaWuEaKNKDSXrXlI6TZHZDuG_qoc01Rn89luFGV-6zg&oe=6AA2B891,https://www.facebook.com/ads/library/?id=1558004012623269,كريم واقي من التلوث,2026-09-09T05:51:12+00:00
2116392055582098,MR,Notica AI Note Taker,2026-07-14,57,0,57,🤖 تحدّث مع مدرسك الذكي وتدرّب على الإنجليزية في أي وقت ومن أي مكان. | 🤖 تعلّم الإنجليزية مع الذكاء الاصطناعي,https://play.google.com/store/apps/details?id=com.letsspeak.aitutor.languagelearning.learn,https://video.forn3-2.fna.fbcdn.net/o1/v/t2/f2/m366/AQMm-g4sbJqjjdJ_-dD9isndBjtWtojuxPdZnAVLd3UUK_kT2R_x2cIp80UtwSIUI9UeoZ-m0p6DGnRFtFIPS9rSwbTrgp2iieHCp2RZHrYniA.mp4?_nc_cat=109&_nc_oc=Adro_e9lXkuRISK6mO61lMcttaLN99lm8ijMJ287erAEwKohCcIsKLA52kWHEMq6OuY&_nc_sid=b66105&_nc_ht=video.forn3-2.fna.fbcdn.net&_nc_ohc=N5nz7O_ndLoQ7kNvwEWkZ7S&efg=eyJ2ZW5jb2RlX3RhZyI6Inhwdl9wcm9ncmVzc2l2ZS5WSV9VU0VDQVNFX1BST0RVQ1RfVFlQRS4uQzMuNzIwLmRhc2hfaDI2NC1iYXNpYy1nZW4yXzcyMHAiLCJ4cHZfYXNzZXRfaWQiOjg3NDQ4NzQ3MjM5NjMzMCwiYXNzZXRfYWdlX2RheXMiOjU3LCJ2aV91c2VjYXNlX2lkIjoxMDEzOSwiZHVyYXRpb25fcyI6OTUsInVybGdlbl9zb3VyY2UiOiJ3d3cifQ%3D%3D&ccb=17-1&vs=6538da476e214940&_nc_vs=HBksFQIYRWZiX2VwaGVtZXJhbC8yMjQwNjJGRTc3RjBBREZGNDQ2RDJDQTM5NEY0Qjg4RF9tdF8xX3ZpZGVvX2Rhc2hpbml0Lm1wNBUAAsgBEgAVAhhAZmJfcGVybWFuZW50LzlBNDhCQTVGREQ4NjZFODRCNUNFNjA0RDEyODNENTgwX2F1ZGlvX2Rhc2hpbml0Lm1wNBUCAsgBEgAoABgAGwKIB3VzZV9vaWwBMRJwcm9ncmVzc2l2ZV9yZWNpcGUBMRUAACbU4Liy79WNAxUCKAJDMywXQFfiHKwIMScYGWRhc2hfaDI2NC1iYXNpYy1nZW4yXzcyMHARAHUAZbaeAQA&_nc_gid=WXqVye0S1rdMfoFIG8Vs0w&_nc_ss=7b289&_nc_map=urlgen_bucketless&_nc_zt=28&oh=00_AQI9EkyHL9G9u5AcuqxRfrnnYhaT_zZbazZSm6uu97bpqA&oe=6AA71DB7,https://www.facebook.com/ads/library/?id=2116392055582098,السيروم هو السر هو,2026-09-09T10:21:15+00:00
1042214008667844,MA,Valary,2026-07-14,57,0,57,لكل من تعاني من: ❌ اسمرار مزعج في المناطق الحساسة ❌ رائحة غير مستحبة ❌ حكة أو جلد الأوزة بعد الحلاقة ❌ جفاف وخشونة في الركب والأكواع 💫 الحل هو VALARY SKIN كريم تفتيح وتهدئة بتركيبة مبتكرة، يمنحك لونًا موحدًا، رائحة منعشة، وبشرة ناعمة كالحرير 🌺 ✨ آمن – طبيعي – فعال 💖 ابدئي رحلتك نحو النعومة والتفتيح مع VALARY SKIN اليوم! | التوصيل مجاني والدفع بعد الاستلام 🚚🚛 | جربي VALARY SKIN اليوم وودّعي الاسمرار للأبد,https://www.valary.ma/products/tiktok-valary?view=landing-page,https://video.forn3-6.fna.fbcdn.net/o1/v/t2/f2/m366/AQO3gg4dmY0q_DHfVodyvfUU45YM3HKqtKO30cQTS9Gxc5Mf9J0hIgjlAtAh0Wz5bfShAu-Ly3Y4P5iTavY1nBlqX8OpHgK7JuDT7sGFPSBakA.mp4?_nc_cat=108&_nc_oc=Adp2_Ap-81mdQmTHoGIfdBS-RprO0YYTnb9QNUAdTI4DdKOuOccGICiTn9AdsdOAJ1c&_nc_sid=b66105&_nc_ht=video.forn3-6.fna.fbcdn.net&_nc_ohc=1eqRxz_qB9cQ7kNvwFwiQg9&efg=eyJ2ZW5jb2RlX3RhZyI6Inhwdl9wcm9ncmVzc2l2ZS5WSV9VU0VDQVNFX1BST0RVQ1RfVFlQRS4uQzMuNzIwLmRhc2hfaDI2NC1iYXNpYy1nZW4yXzcyMHAiLCJ4cHZfYXNzZXRfaWQiOjI1MzQ5Mjg5MDg4MDg5Mzk0LCJhc3NldF9hZ2VfZGF5cyI6MjQ5LCJ2aV91c2VjYXNlX2lkIjoxMDc5OSwiZHVyYXRpb25fcyI6MTgsInVybGdlbl9zb3VyY2UiOiJ3d3cifQ%3D%3D&ccb=17-1&vs=4ef30a4fb3ae5197&_nc_vs=HBksFQIYRWZiX2VwaGVtZXJhbC84QjQ1OTQ4NEU2MkQ3MTYyQ0VDMDAyMTc3QkNDQjM5QV9tdF8xX3ZpZGVvX2Rhc2hpbml0Lm1wNBUAAsgBEgAVAhhAZmJfcGVybWFuZW50L0U4NDFGQjhGMDZCNDg0QTRENDQyODc3NkY0MTIyQUI1X2F1ZGlvX2Rhc2hpbml0Lm1wNBUCAsgBEgAoABgAGwKIB3VzZV9vaWwBMRJwcm9ncmVzc2l2ZV9yZWNpcGUBMRUAACbk9Lu26cKHWhUCKAJDMywXQDIzMzMzMzMYGWRhc2hfaDI2NC1iYXNpYy1nZW4yXzcyMHARAHUAZd6oAQA&_nc_gid=0QQOi7VxvsmmDgIzrr5hiQ&_nc_ss=7b289&_nc_map=urlgen_bucketless&_nc_zt=28&oh=00_AQJdJpGNuJHq68yFMuN3Jk3jeB1p8aFR40OqyLhh0IDb3w&oe=6AA6E240,https://www.facebook.com/ads/library/?id=1042214008667844,كريم تفتيح,2026-09-09T09:33:23+00:00
1555110849596773,MA,Valary,2026-07-14,57,0,57,لكل من تعاني من: ❌ اسمرار مزعج في المناطق الحساسة ❌ رائحة غير مستحبة ❌ حكة أو جلد الأوزة بعد الحلاقة ❌ جفاف وخشونة في الركب والأكواع 💫 الحل هو VALARY SKIN كريم تفتيح وتهدئة بتركيبة مبتكرة، يمنحك لونًا موحدًا، رائحة منعشة، وبشرة ناعمة كالحرير 🌺 ✨ آمن – طبيعي – فعال 💖 ابدئي رحلتك نحو النعومة والتفتيح مع VALARY SKIN اليوم! | التوصيل مجاني والدفع بعد الاستلام 🚚🚛 | جربي VALARY SKIN اليوم وودّعي الاسمرار للأبد,https://www.valary.ma/products/tiktok-valary?view=landing-page,https://video.forn3-5.fna.fbcdn.net/o1/v/t2/f2/m366/AQNqEaiD0ZShmEKxNm1FRzXQUXGQT7_ONPIOazcn9FJ9I59hqc5hip8_L9tTVViCbetUwFUME-HoKVgyfZ45UCnrHBONoa47Ash3IA5VJnJ-Fg.mp4?_nc_cat=105&_nc_oc=AdpOLoZf0aSssUhaVL5YGBcS9BWU7Wt68KHq5DEe1RyydKB0nZz6lLPcacWxIQ0mzfo&_nc_sid=b66105&_nc_ht=video.forn3-5.fna.fbcdn.net&_nc_ohc=gK95kgoccUMQ7kNvwEqhNeI&efg=eyJ2ZW5jb2RlX3RhZyI6Inhwdl9wcm9ncmVzc2l2ZS5WSV9VU0VDQVNFX1BST0RVQ1RfVFlQRS4uQzMuNzIwLmRhc2hfaDI2NC1iYXNpYy1nZW4yXzcyMHAiLCJ4cHZfYXNzZXRfaWQiOjI0MTExODQ2OTI2Njk0MTksImFzc2V0X2FnZV9kYXlzIjoyNDksInZpX3VzZWNhc2VfaWQiOjEwNzk5LCJkdXJhdGlvbl9zIjoxOSwidXJsZ2VuX3NvdXJjZSI6Ind3dyJ9&ccb=17-1&vs=35e0f68137d6482b&_nc_vs=HBksFQIYRWZiX2VwaGVtZXJhbC82OTQxODcxODVEMURFMDBFMTYzNEU3M0JFQzQ2NEI4Ql9tdF8xX3ZpZGVvX2Rhc2hpbml0Lm1wNBUAAsgBEgAVAhhAZmJfcGVybWFuZW50L0EzNDM5OTM5NDM1NUM0ODQ2MzM5RjVGQUY3Njk2Q0JDX2F1ZGlvX2Rhc2hpbml0Lm1wNBUCAsgBEgAoABgAGwKIB3VzZV9vaWwBMRJwcm9ncmVzc2l2ZV9yZWNpcGUBMRUAACbWr8Hxtb3ICBUCKAJDMywXQDMzMzMzMzMYGWRhc2hfaDI2NC1iYXNpYy1nZW4yXzcyMHARAHUAZd6oAQA&_nc_gid=0QQOi7VxvsmmDgIzrr5hiQ&_nc_ss=7b289&_nc_map=urlgen_bucketless&_nc_zt=28&oh=00_AQK6qpFzm_w-z8JUTRFErTcbWlyvxWfuos8q9taFSi--zA&oe=6AA6DF3F,https://www.facebook.com/ads/library/?id=1555110849596773,كريم تفتيح,2026-09-09T09:33:23+00:00
911933011195931,MA,Valary,2026-07-14,57,0,57,لكل من تعاني من: ❌ اسمرار مزعج في المناطق الحساسة ❌ رائحة غير مستحبة ❌ حكة أو جلد الأوزة بعد الحلاقة ❌ جفاف وخشونة في الركب والأكواع 💫 الحل هو VALARY SKIN كريم تفتيح وتهدئة بتركيبة مبتكرة، يمنحك لونًا موحدًا، رائحة منعشة، وبشرة ناعمة كالحرير 🌺 ✨ آمن – طبيعي – فعال 💖 ابدئي رحلتك نحو النعومة والتفتيح مع VALARY SKIN اليوم! | التوصيل مجاني والدفع بعد الاستلام 🚚🚛 | جربي VALARY SKIN اليوم وودّعي الاسمرار للأبد,https://www.valary.ma/products/tiktok-valary?view=landing-page,https://video.forn3-1.fna.fbcdn.net/o1/v/t2/f2/m366/AQOwXt49QbPMF0LFv-IhRYWZQSNpBnb2T4nGionVvZ45DM_t0erqUeTtTiJosduuZd6xjt1q8ds4C8mIzoX_R7TzgdC_1yRZoewCVZ6GBAj5Xg.mp4?_nc_cat=103&_nc_oc=AdrnCJ6dVYDGB3POTAQrX5avJH5KZQVW9pmNYW7w8AC7afgNceTr3FIi3CLEvMgZxak&_nc_sid=b66105&_nc_ht=video.forn3-1.fna.fbcdn.net&_nc_ohc=Z1XCPNsHL8kQ7kNvwHXtAcf&efg=eyJ2ZW5jb2RlX3RhZyI6Inhwdl9wcm9ncmVzc2l2ZS5WSV9VU0VDQVNFX1BST0RVQ1RfVFlQRS4uQzMuNzIwLmRhc2hfaDI2NC1iYXNpYy1nZW4yXzcyMHAiLCJ4cHZfYXNzZXRfaWQiOjE2MTkwODA1ODkyNTY1MjAsImFzc2V0X2FnZV9kYXlzIjoyNDksInZpX3VzZWNhc2VfaWQiOjEwNzk5LCJkdXJhdGlvbl9zIjoxMywidXJsZ2VuX3NvdXJjZSI6Ind3dyJ9&ccb=17-1&vs=9f9c80cef8cca622&_nc_vs=HBksFQIYRWZiX2VwaGVtZXJhbC8wOTQ0MDM0MTM2NDdGNjlBMjk3QzE5OEVCNjJFQTE5MF9tdF8xX3ZpZGVvX2Rhc2hpbml0Lm1wNBUAAsgBEgAVAhhAZmJfcGVybWFuZW50LzZCNDFCMTlCNzRCMDkyOURBN0YxOTRERDU0QUVEMzg3X2F1ZGlvX2Rhc2hpbml0Lm1wNBUCAsgBEgAoABgAGwKIB3VzZV9vaWwBMRJwcm9ncmVzc2l2ZV9yZWNpcGUBMRUAACaQnZW28qLgBRUCKAJDMywXQCozMzMzMzMYGWRhc2hfaDI2NC1iYXNpYy1nZW4yXzcyMHARAHUAZd6oAQA&_nc_gid=a7G0d6qR5cF9sS9oHSdDIQ&_nc_ss=7b289&_nc_map=urlgen_bucketless&_nc_zt=28&oh=00_AQLs5FascRxtEX84gjN7sAzjIVD02DV3RwkZ52w-ZcQ86w&oe=6AA6FD7D,https://www.facebook.com/ads/library/?id=911933011195931,كريم تفتيح,2026-09-09T09:33:23+00:00
2428436800967797,MA,Valary,2026-07-15,56,0,56,لكل من تعاني من: ❌ اسمرار مزعج في المناطق الحساسة ❌ رائحة غير مستحبة ❌ حكة أو جلد الأوزة بعد الحلاقة ❌ جفاف وخشونة في الركب والأكواع 💫 الحل هو VALARY SKIN كريم تفتيح وتهدئة بتركيبة مبتكرة، يمنحك لونًا موحدًا، رائحة منعشة، وبشرة ناعمة كالحرير 🌺 ✨ آمن – طبيعي – فعال 💖 ابدئي رحلتك نحو النعومة والتفتيح مع VALARY SKIN اليوم! | التوصيل مجاني والدفع بعد الاستلام 🚚🚛 | جربي VALARY SKIN اليوم وودّعي الاسمرار للأبد,https://www.valary.ma/products/tiktok-valary?view=landing-page,https://video.forn3-5.fna.fbcdn.net/o1/v/t2/f2/m366/AQOivE5s5M1pBvdsET4N8ZU-q1O3oHK3PMdMFmj-VS8ycx99C6RiexpW6qXgDX7YfYRJHGU3JvUYWU0eEtg0fqh1a4izmGiJ_OfibNXXtl_fuQ.mp4?_nc_cat=105&_nc_oc=Adr88UTMAKIzVWt4PEWzHTk2j5ck-j6H55Je_u8jjhmUpQuls7o_CRaQjrZe_LP4_Rs&_nc_sid=b66105&_nc_ht=video.forn3-5.fna.fbcdn.net&_nc_ohc=2vL0399dwoQQ7kNvwFFLs3R&efg=eyJ2ZW5jb2RlX3RhZyI6Inhwdl9wcm9ncmVzc2l2ZS5WSV9VU0VDQVNFX1BST0RVQ1RfVFlQRS4uQzMuNzIwLmRhc2hfaDI2NC1iYXNpYy1nZW4yXzcyMHAiLCJ4cHZfYXNzZXRfaWQiOjI1NjM0MTkxMjAyODQzNDkzLCJhc3NldF9hZ2VfZGF5cyI6MjQ5LCJ2aV91c2VjYXNlX2lkIjoxMDc5OSwiZHVyYXRpb25fcyI6MTQsInVybGdlbl9zb3VyY2UiOiJ3d3cifQ%3D%3D&ccb=17-1&vs=c57fec442452e619&_nc_vs=HBksFQIYRWZiX2VwaGVtZXJhbC9BQTQ5RkRFRjgwNEExQzg5QzY3MEI0QkE2MkM0QTQ4RF9tdF8xX3ZpZGVvX2Rhc2hpbml0Lm1wNBUAAsgBEgAVAhhAZmJfcGVybWFuZW50Lzg1NDQxRDA3RDEwN0FFQkQxNkU0QTYyMDc2MDI4NkE5X2F1ZGlvX2Rhc2hpbml0Lm1wNBUCAsgBEgAoABgAGwKIB3VzZV9vaWwBMRJwcm9ncmVzc2l2ZV9yZWNpcGUBMRUAACbK7f_Lp4qJWxUCKAJDMywXQC0hysCDEm8YGWRhc2hfaDI2NC1iYXNpYy1nZW4yXzcyMHARAHUAZd6oAQA&_nc_gid=0QQOi7VxvsmmDgIzrr5hiQ&_nc_ss=7b289&_nc_map=urlgen_bucketless&_nc_zt=28&oh=00_AQLDuWNHM1S5dEF_jmQIaIolS1_qVUYTsPJD_kS80WisEw&oe=6AA6E19F,https://www.facebook.com/ads/library/?id=2428436800967797,كريم تفتيح,2026-09-09T09:33:23+00:00
1747945396324461,MA,Vinci Cosmétique ,2026-07-15,56,0,56,✨ باك العناية الحميمية – جل منظف + كريم تفتيح روتين متكامل للعناية بالمناطق الحساسة. 💧 جل منظف: ينظف بلطف ويمنح إحساساً بالانتعاش. ✨ كريم تفتيح: يساعد على توحيد لون البشرة وتقليل مظهر الاسمرار. ✔ مناسب للبشرة الحساسة ✔ تركيبة لطيفة بخلاصة البابونج ✔ عناية يومية لبشرة أكثر نعومة وإشراقاً 🚚 توصيل مجاني لجميع مدن المغرب 💵 الدفع عند الاستلام | 🚚 توصيل مجاني لجميع مدن المغرب | 💵 الدفع عند الاستلام,https://vincicosmetique.ma/products/pack-intime-eclat-vinci-1?view=test,https://video.forn3-6.fna.fbcdn.net/o1/v/t2/f2/m366/AQOqbIjJGcojnPVYfDlu8uWHVHpUj4gX70vE1nC7kPAsRdyueG0m4-Uw5FncDQ5DzS3FrfJYSzUo4yxOokSlHEU5IAAlRCY8bpZ-jLUcy6dksQ.mp4?_nc_cat=105&_nc_oc=Adpd3hnnFVCuho3Rz3Tr0unTVXB_ksNyYHXoBee9SgaXkYUHvLNHI2Yj3TwAUUOe4B0&_nc_sid=b66105&_nc_ht=video.forn3-6.fna.fbcdn.net&_nc_ohc=FEZyQ5TD4zQQ7kNvwHzQpjd&efg=eyJ2ZW5jb2RlX3RhZyI6Inhwdl9wcm9ncmVzc2l2ZS5WSV9VU0VDQVNFX1BST0RVQ1RfVFlQRS4uQzMuNzIwLmRhc2hfaDI2NC1iYXNpYy1nZW4yXzcyMHAiLCJ4cHZfYXNzZXRfaWQiOjE0NzgzNzkwNDA2Mzk2NDgsImFzc2V0X2FnZV9kYXlzIjo1NSwidmlfdXNlY2FzZV9pZCI6MTA3OTksImR1cmF0aW9uX3MiOjQyLCJ1cmxnZW5fc291cmNlIjoid3d3In0%3D&ccb=17-1&vs=2139cfa83063450c&_nc_vs=HBksFQIYRWZiX2VwaGVtZXJhbC8zNzQ1MjE0MjNCNTkwMkMxMkM5MkRBNTk2QkNEMkNBNF9tdF8xX3ZpZGVvX2Rhc2hpbml0Lm1wNBUAAsgBEgAVAhhAZmJfcGVybWFuZW50L0U0NDM4RTJBN0ZCRkM5NzMwOTgxOUZCMDVERkZCQjlCX2F1ZGlvX2Rhc2hpbml0Lm1wNBUCAsgBEgAoABgAGwKIB3VzZV9vaWwBMRJwcm9ncmVzc2l2ZV9yZWNpcGUBMRUAACbAqvyY_qSgBRUCKAJDMywXQEVE_fO2RaIYGWRhc2hfaDI2NC1iYXNpYy1nZW4yXzcyMHARAHUAZd6oAQA&_nc_gid=0QQOi7VxvsmmDgIzrr5hiQ&_nc_ss=7b289&_nc_map=urlgen_bucketless&_nc_zt=28&oh=00_AQJyGmrOvhf12NlDTTz1jzZGEd6uP5owxHisTEtycv0iig&oe=6AA701EB,https://www.facebook.com/ads/library/?id=1747945396324461,كريم تفتيح,2026-09-09T09:33:23+00:00
2075015296701490,MA,Valary,2026-07-15,56,0,56,لكل من تعاني من: ❌ اسمرار مزعج في المناطق الحساسة ❌ رائحة غير مستحبة ❌ حكة أو جلد الأوزة بعد الحلاقة ❌ جفاف وخشونة في الركب والأكواع 💫 الحل هو VALARY SKIN كريم تفتيح وتهدئة بتركيبة مبتكرة، يمنحك لونًا موحدًا، رائحة منعشة، وبشرة ناعمة كالحرير 🌺 ✨ آمن – طبيعي – فعال 💖 ابدئي رحلتك نحو النعومة والتفتيح مع VALARY SKIN اليوم! | التوصيل مجاني والدفع بعد الاستلام 🚚🚛 | جربي VALARY SKIN اليوم وودّعي الاسمرار للأبد,https://www.valary.ma/products/tiktok-valary?view=landing-page,https://video.forn3-1.fna.fbcdn.net/o1/v/t2/f2/m366/AQPJvqTzQknKI2ePLya66gDqxQIa6Zh2MRFmo4CNbyGpa6SZqTVfBMp0UGjxQ-j5e38xQCblchdQh-wXDL2KiEDQioGmLbAtIp_vFKc6bTX51Q.mp4?_nc_cat=108&_nc_oc=AdoA2nvgJY-zeSG_6SWdk-Ia5OKgffqoQFTs0NvZZQ1uD87GibtlMoMczhiEIfAxqfY&_nc_sid=b66105&_nc_ht=video.forn3-1.fna.fbcdn.net&_nc_ohc=xi5SlNgRVXcQ7kNvwEaVSaa&efg=eyJ2ZW5jb2RlX3RhZyI6Inhwdl9wcm9ncmVzc2l2ZS5WSV9VU0VDQVNFX1BST0RVQ1RfVFlQRS4uQzMuNzIwLmRhc2hfaDI2NC1iYXNpYy1nZW4yXzcyMHAiLCJ4cHZfYXNzZXRfaWQiOjExODg4ODQwMDMzNzAxMzEsImFzc2V0X2FnZV9kYXlzIjoyNDksInZpX3VzZWNhc2VfaWQiOjEwNzk5LCJkdXJhdGlvbl9zIjoyNywidXJsZ2VuX3NvdXJjZSI6Ind3dyJ9&ccb=17-1&vs=35d9888affdcfe84&_nc_vs=HBksFQIYRWZiX2VwaGVtZXJhbC9BQTQxREM0MDVFQjI4RDQ4Q0M0QzRBQkVEOUJCMUVBOF9tdF8xX3ZpZGVvX2Rhc2hpbml0Lm1wNBUAAsgBEgAVAhhAZmJfcGVybWFuZW50LzBGNDAyQzk4QjVCNUIyRUY5NDRBMUM3RjY5RjAzRTk4X2F1ZGlvX2Rhc2hpbml0Lm1wNBUCAsgBEgAoABgAGwKIB3VzZV9vaWwBMRJwcm9ncmVzc2l2ZV9yZWNpcGUBMRUAACam0pmLlNKcBBUCKAJDMywXQDuAAAAAAAAYGWRhc2hfaDI2NC1iYXNpYy1nZW4yXzcyMHARAHUAZd6oAQA&_nc_gid=a7G0d6qR5cF9sS9oHSdDIQ&_nc_ss=7b289&_nc_map=urlgen_bucketless&_nc_zt=28&oh=00_AQID--g3FN7SlviNiHxXO9L0Dsphicr8x6I_nDNR1VlbRA&oe=6AA713C0,https://www.facebook.com/ads/library/?id=2075015296701490,كريم تفتيح,2026-09-09T09:33:23+00:00
1570941131353232,EG,ال موسى للخزائن ومكن عد النقود,2026-07-15,56,0,56,"لو محتاج ماكينة يعتمد عليها في ضغط الشغل — X 20 S — 3,700 جنيه 💰 سرعة ودقة في كل عملية عد. ✅ عد عملات مختلفة ✅ Value Counting ✅ كشف تزوير 100% 🛡️ ضمان معتمد وخدمة ما بعد البيع 🚚 شحن مجاني ⚡ توصيل سريع جدًا 📍 أماكن فروع آل موسى... 📩 ابعتلنا رسالة الآن واحجز الموديل المناسب ليك | للتواصل 01070072017 وللطلب اضغط 👇 | مكنة عد النقود SMART-X-20-S بكشف تزوير عالي، تدعم عد عملات مختلفة، تقسيم بواكي ورزم، وتجميع القيمة (VALUE). ضمان عام وتوصيل مجاني لجميع المحافظات!",https://www.almosa-eg.com/products/SmartX-Single-20-S,https://video.forn3-2.fna.fbcdn.net/o1/v/t2/f2/m366/AQPvEWyz3h6GhO1jwFvyoeVae45mxk2Vyrj22Vbutp_J79wWfYLfD5zVPxImX8fEiMx0CAkbH3Pr90Y227TSeUnGh8ZUud9wvFP_b9NF4azq8g.mp4?_nc_cat=108&_nc_oc=AdoZqzA3cvHVgFVzdO_KIhuRNlBpcG50smt8kcfXE-RCiotPdEHJHUuvEgGBeLlGvbM&_nc_sid=b66105&_nc_ht=video.forn3-2.fna.fbcdn.net&_nc_ohc=CA6_a0Ixm4IQ7kNvwGdGFf2&efg=eyJ2ZW5jb2RlX3RhZyI6Inhwdl9wcm9ncmVzc2l2ZS5WSV9VU0VDQVNFX1BST0RVQ1RfVFlQRS4uQzMuNzIwLmRhc2hfaDI2NC1iYXNpYy1nZW4yXzcyMHAiLCJ4cHZfYXNzZXRfaWQiOjI2MjQ1OTY0OTc5OTUzOTMsImFzc2V0X2FnZV9kYXlzIjo1NSwidmlfdXNlY2FzZV9pZCI6MTIzNzMsImR1cmF0aW9uX3MiOjYzLCJ1cmxnZW5fc291cmNlIjoid3d3In0%3D&ccb=17-1&vs=6ad6b01cd3c87970&_nc_vs=HBksFQIYRWZiX2VwaGVtZXJhbC9CNTQ3RTc0RTlFMDYzNDU3M0ZBMDkxNEJDMkIyOTc5MV9tdF8xX3ZpZGVvX2Rhc2hpbml0Lm1wNBUAAsgBEgAVAhhAZmJfcGVybWFuZW50L0JENEUwNkI0NkU3OEVDNkUwMTAwNDFFMDVGNEZDMTlBX2F1ZGlvX2Rhc2hpbml0Lm1wNBUCAsgBEgAoABgAGwKIB3VzZV9vaWwBMRJwcm9ncmVzc2l2ZV9yZWNpcGUBMRUAACaC2ojfz8OpCRUCKAJDMywXQE-7peNT988YGWRhc2hfaDI2NC1iYXNpYy1nZW4yXzcyMHARAHUAZarBAQA&_nc_gid=Ia66e7EFccwOL_HGvQijQw&_nc_ss=7b289&_nc_map=urlgen_bucketless&_nc_zt=28&oh=00_AQLBxHNJU6dCazHls-J3qFg3E6Bc7I18lWCNoRZ1-yXmGw&oe=6AA6DB4C,https://www.facebook.com/ads/library/?id=1570941131353232,ساعة العرض اللي,2026-09-09T09:16:22+00:00
2844531009239992,TN,Zuma.com.tn,2026-07-15,56,0,56,📏 ميزان الليزر الإلكتروني 90° هو الأداة اللي توفّر عليك الوقت وتضمنلك دقة احترافية في كل خدمة! ✅ إسقاط ليزر أفقي وعمودي بدقة عالية ✅ زاوية 90° مثالية للتركيب والتشطيب ✅ ميزان مدمج لمزيد من الدقة ✅ سهل الحمل والاستعمال في أي مكان ✅ مناسب للسيراميك، الجبس، الرفوف، النوافذ، المطابخ والديكور 🔴 ما عادش تخمّم إذا الخط مستقيم ولا لا... الليزر يوريك كل شيء بدقة من أول مرة! 💪 سواء كنت حرفي، معلم بناء أو حتى تحب تخدم مشاريعك بنفسك في الدار، الأداة هاذي باش تربحك وقت ومجهود كبير. 🔥 عرض خاص لفترة محدودة + الدفع عند الاستلام 📩 اطلبه الآن قبل نفاد الكمية! https://zuma.com.tn/products/90degree | 📩 اطلبه الآن قبل نفاد الكمية!,https://zuma.com.tn/products/90degree,https://video.forn3-6.fna.fbcdn.net/o1/v/t2/f2/m366/AQM8dg-CAxH79duvbHSmx0Mi8vfXpDvqraWuZCjIhj9EcWNhXUypzQ7rBqnCRyfhib_q8FBgumncfd3u0lF30FLCWsbiQUfDCdDDm4XBNQYsFQ.mp4?_nc_cat=101&_nc_oc=AdqDkJGXLi3j2iYaqp8a61mMXnYOP2yl10SvyimTBoQXhXu9km06hVsP88KYc0xwk-U&_nc_sid=b66105&_nc_ht=video.forn3-6.fna.fbcdn.net&_nc_ohc=6Ku-36MM2nkQ7kNvwE0dGPi&efg=eyJ2ZW5jb2RlX3RhZyI6Inhwdl9wcm9ncmVzc2l2ZS5WSV9VU0VDQVNFX1BST0RVQ1RfVFlQRS4uQzMuNDgwLmRhc2hfaDI2NC1iYXNpYy1nZW4yXzcyMHAiLCJ4cHZfYXNzZXRfaWQiOjI0MjM0MzU1MzgxMzkwODEsImFzc2V0X2FnZV9kYXlzIjo1NSwidmlfdXNlY2FzZV9pZCI6MTA3OTksImR1cmF0aW9uX3MiOjkxLCJ1cmxnZW5fc291cmNlIjoid3d3In0%3D&ccb=17-1&vs=876cbb875da5629b&_nc_vs=HBksFQIYRWZiX2VwaGVtZXJhbC83MTQ3MUE2RkE4RDkxMkNERjNBRTYxNjBGQjJGMzc5NV9tdF8xX3ZpZGVvX2Rhc2hpbml0Lm1wNBUAAsgBEgAVAhhAZmJfcGVybWFuZW50LzRENDc2RDQ4NTQ0NUU1NjI1NUM2ODk5ODZGRUI4NEFDX2F1ZGlvX2Rhc2hpbml0Lm1wNBUCAsgBEgAoABgAGwKIB3VzZV9vaWwBMRJwcm9ncmVzc2l2ZV9yZWNpcGUBMRUAACaSn5jmwYbOCBUCKAJDMywXQFbwo9cKPXEYGWRhc2hfaDI2NC1iYXNpYy1nZW4yXzcyMHARAHUAZd6oAQA&_nc_gid=y4-heURqHVPg01zSR8NIsw&_nc_ss=7a289&_nc_map=urlgen_bucketless&_nc_zt=28&oh=00_AQIuL8TlCEYyOgVQrb6j4pl_9cPR72AUs3HE4m0-jzziyA&oe=6AA6E74B,https://www.facebook.com/ads/library/?id=2844531009239992,لمدة ساعة العرض اللي,2026-09-09T09:14:02+00:00
1427526602543013,EG,دنيا حامد - Donia Hamed,2026-07-14,56,0,56,"💗 جديد من Devoria 💗 ""ميك أب النو ميك أب"" – سر الإطلالة الطبيعية والمشرقة من أول استخدام! ✔️ تفتيح فوري وتوحيد لون البشرة ✔️ نضارة تدوم طول اليوم وملمس ناعم كالحرير ✔️ حماية من الشمس وتغذية بالكولاجين الطبيعي ✔️ يناسب جميع أنواع البشرة حتى الحساسة المجموعة تحتوي على: 🟩 صابونة لبان الدكر ❤️ كريم العرقسوس 💋 تنت طبيعي للخدود والشفايف ✨ بدون مكياج.. بشرة صافية، نضرة، ومتألقة! اطلبي الآن قبل ما يخلص العرض 👇 https://devoria-cosmetics.myeasyorders.com/products/Makeup-No-Mekeup | خصم 150 جنيه لما تشتري النهاردة بس ❌",https://devoria-cosmetics.myeasyorders.com/products/Makeup-No-Mekeup,https://video.forn3-5.fna.fbcdn.net/o1/v/t2/f2/m366/AQPKq1bQ1iX9APmz6g49RTCSxynzaHQOfEKqL1f9So9cqE7UCh6mZbgBVBK5xOKlz1HbGMXiPifdvQjBLsbFRnNJCz5TcuRqXG-LUyWtDQ1P7A.mp4?_nc_cat=100&_nc_oc=AdqRnfWNiAhuS0UHen_3xcYWf6RmaO-EKE2PL0hvZzR8sxnApPcFaoNERPVF3ggsKgQ&_nc_sid=b66105&_nc_ht=video.forn3-5.fna.fbcdn.net&_nc_ohc=Yf_fsfXPDpkQ7kNvwFV5lyK&efg=eyJ2ZW5jb2RlX3RhZyI6Inhwdl9wcm9ncmVzc2l2ZS5WSV9VU0VDQVNFX1BST0RVQ1RfVFlQRS4uQzMuNzIwLmRhc2hfaDI2NC1iYXNpYy1nZW4yXzcyMHAiLCJ4cHZfYXNzZXRfaWQiOjEwMTAyNjkxNjQ5NDM3MzgsImFzc2V0X2FnZV9kYXlzIjo1NiwidmlfdXNlY2FzZV9pZCI6MTA3OTksImR1cmF0aW9uX3MiOjE3NywidXJsZ2VuX3NvdXJjZSI6Ind3dyJ9&ccb=17-1&vs=cfbe1a4d9e386524&_nc_vs=HBksFQIYRWZiX2VwaGVtZXJhbC8xMTQ3NzJDRjEzMDVFQzYwRUVDQzY4NDg5NUIwMTVBNF9tdF8xX3ZpZGVvX2Rhc2hpbml0Lm1wNBUAAsgBEgAVAhhAZmJfcGVybWFuZW50LzNCNEYxQURGOUY4RERDRUFBNTM0MTgwMjZDN0Q3NDlEX2F1ZGlvX2Rhc2hpbml0Lm1wNBUCAsgBEgAoABgAGwKIB3VzZV9vaWwBMRJwcm9ncmVzc2l2ZV9yZWNpcGUBMRUAACb05aHrs7XLAxUCKAJDMywXQGY92yLQ5WAYGWRhc2hfaDI2NC1iYXNpYy1nZW4yXzcyMHARAHUAZd6oAQA&_nc_gid=qoeJ8P6va62WeF10ryL2dg&_nc_ss=7a289&_nc_map=urlgen_bucketless&_nc_zt=28&oh=00_AQJIoen2-8PG8Y9uM8vG0QqT4sW90iV3Ds3uMPnJMP7YZw&oe=6AA6B850,https://www.facebook.com/ads/library/?id=1427526602543013,النمش,2026-09-09T04:32:31+00:00
996415770067410,AE,Sharif Eye Centers - Dubai,2026-07-16,55,0,55,الدكتور خالد الشريف يتحدث عن الشخص المناسب لإجراء Contoura Vision 👁️✨ Dr. Khaled Al-Sharif explains who is the ideal candidate for Contoura Vision surgery. للحجز والاستفسار:�📞 00971553086941�📞 0097144233664� 📲 واتساب: http://wa.me/971553086941 🌐 للحجز عبر الموقع الإلكتروني:�https://sharifeyecenter.com/Appointment 📍 العنوان:�مبنى ابن سينا، بلوك D – المبنى رقم 27، شارع 26�مدينة دبي الطبية – دبي,https://api.whatsapp.com/send,https://video.forn3-1.fna.fbcdn.net/o1/v/t2/f2/m367/AQMZKB7lecl6AQmfiPQAvloG-P3Kz5eqA6BY_EyIL3wqplK6XZ28xXJZrkX7ZPntvLhCh27K2ti6ag4kqDWyGpysA0E2wTXQqElz421I1Q.mp4?_nc_cat=111&_nc_oc=AdrJ-NgUcatSzOOajbAd9fXOznBcKyiFAt6YeFhaOFM7OCpl5uu-nvZcVRyI-nOG-5w&_nc_sid=ef5aa3&_nc_ht=video.forn3-1.fna.fbcdn.net&_nc_ohc=VNz-t1v3wWwQ7kNvwGE0uxd&efg=eyJ2ZW5jb2RlX3RhZyI6Inhwdl9wcm9ncmVzc2l2ZS5WSV9VU0VDQVNFX1BST0RVQ1RfVFlQRS4uQzMuNzIwLnByb2dyZXNzaXZlX2gyNjQtYmFzaWMtZ2VuMl83MjBwIiwieHB2X2Fzc2V0X2lkIjoxODMzMzc0OTkyMzIxODUwMywiYXNzZXRfYWdlX2RheXMiOjE2MCwidmlfdXNlY2FzZV9pZCI6MTIzNzQsImR1cmF0aW9uX3MiOjY2LCJ1cmxnZW5fc291cmNlIjoid3d3In0%3D&ccb=17-1&_nc_gid=4ydYv4n3mrtYV7Uglqie9Q&_nc_ss=7b289&_nc_map=urlgen_bucketless&_nc_zt=28&oh=00_AQIgDIjTb7IgIi7HcFQrmU_Ufr2YpuGUW-Qz7DLaIwkYVw&oe=6AA71D43,https://www.facebook.com/ads/library/?id=996415770067410,جهاز الليزر,2026-09-09T10:39:21+00:00
1339615434440076,EG,Rich Circle,2026-07-17,54,0,54,شاهد الفيديو كاملاً على هذا التطبيق. إنه مجاني تماماً!,https://play.google.com/store/apps/details?id=com.callerid.phone.number.locator,https://video.forn3-1.fna.fbcdn.net/o1/v/t2/f2/m366/AQO_2TY2hcTAewjdqNZFga1GQtHUMi3lYHKYOrUUnRnJZ7AgGdnVMxL6wZYEkhcbvI0PrTJyO7Ozzo61kOmZdJs-X_zRoRm8ur5dWtZV29pgNA.mp4?_nc_cat=108&_nc_oc=AdoXIHKWwCj7Hzc1hUXtdw5Vw6NCo0dIkTrjmGLMUKwASigvzuvu8CXOPyjfhp_0l-Q&_nc_sid=b66105&_nc_ht=video.forn3-1.fna.fbcdn.net&_nc_ohc=ojLFBgEyj-UQ7kNvwEltBtQ&efg=eyJ2ZW5jb2RlX3RhZyI6Inhwdl9wcm9ncmVzc2l2ZS5WSV9VU0VDQVNFX1BST0RVQ1RfVFlQRS4uQzMuNzIwLmRhc2hfaDI2NC1iYXNpYy1nZW4yXzcyMHAiLCJ4cHZfYXNzZXRfaWQiOjE4NDc2MDQ0NTI4NzQ0MTUsImFzc2V0X2FnZV9kYXlzIjo3NSwidmlfdXNlY2FzZV9pZCI6MTAxMzksImR1cmF0aW9uX3MiOjg0NywidXJsZ2VuX3NvdXJjZSI6Ind3dyJ9&ccb=17-1&vs=a54473b7af76637e&_nc_vs=HBksFQIYRWZiX2VwaGVtZXJhbC8yNjQwQ0REREQ0RUZDMkUxMzBDRjNBNzM5NjI2NzhCMl9tdF8xX3ZpZGVvX2Rhc2hpbml0Lm1wNBUAAsgBEgAVAhhAZmJfcGVybWFuZW50LzBDNDQ3MkM4MzRBMzI2MzM1REY1NEQ0NUUyOUI4Nzk2X2F1ZGlvX2Rhc2hpbml0Lm1wNBUCAsgBEgAoABgAGwKIB3VzZV9vaWwBMRJwcm9ncmVzc2l2ZV9yZWNpcGUBMRUAACbe4srx3ZjIBhUCKAJDMywXQIp93S8an74YGWRhc2hfaDI2NC1iYXNpYy1nZW4yXzcyMHARAHUAZbaeAQA&_nc_gid=eiQU_N6uYmn13Ymr9HY37g&_nc_ss=7b289&_nc_map=urlgen_bucketless&_nc_zt=28&oh=00_AQJLmVdz4pDrujDOike7YBxH0NNvuD1Z430JA5VUEsPcKg&oe=6AA71BCC,https://www.facebook.com/ads/library/?id=1339615434440076,يوم توصيل مجاني كريم,2026-09-09T12:04:33+00:00
1366296475044687,KM,Rich Circle,2026-07-17,54,0,54,شاهد الفيديو كاملاً على هذا التطبيق. إنه مجاني تماماً!,https://play.google.com/store/apps/details?id=com.callerid.phone.number.locator,https://video.forn3-2.fna.fbcdn.net/o1/v/t2/f2/m366/AQNGU9dmHfkvWvq9rXdzECpb4p77-q6H68TUWx5LqT6ODRp7I6ZefHRlBKvnWCj66-5Amgrun7I95nIvdXtuUtZU23ASGeMuJzpKtz0yTgXo9g.mp4?_nc_cat=106&_nc_oc=Adr-Ne_YnKtaZGF3IgnC9yCZD9pHRShOt89180HJ6_aaePEo0t8d_Kx5_wsx3s79re0&_nc_sid=b66105&_nc_ht=video.forn3-2.fna.fbcdn.net&_nc_ohc=oihwfBbbOCUQ7kNvwG8vChI&efg=eyJ2ZW5jb2RlX3RhZyI6Inhwdl9wcm9ncmVzc2l2ZS5WSV9VU0VDQVNFX1BST0RVQ1RfVFlQRS4uQzMuNzIwLmRhc2hfaDI2NC1iYXNpYy1nZW4yXzcyMHAiLCJ4cHZfYXNzZXRfaWQiOjI0ODg0NTI1MTQ5MzU5NTAsImFzc2V0X2FnZV9kYXlzIjo3NSwidmlfdXNlY2FzZV9pZCI6MTAxMzksImR1cmF0aW9uX3MiOjE0NTcsInVybGdlbl9zb3VyY2UiOiJ3d3cifQ%3D%3D&ccb=17-1&vs=2495c0d7326b7691&_nc_vs=HBksFQIYRWZiX2VwaGVtZXJhbC9GMDRFMTZCNjA1Q0ZGMkJEOEJDM0MzRUI3NzgzRTNBQV9tdF8xX3ZpZGVvX2Rhc2hpbml0Lm1wNBUAAsgBEgAVAhhAZmJfcGVybWFuZW50L0Y1NDA3MjIyRTA5QjE3NjI5QzE1OTlDQzgwQ0UwRjk3X2F1ZGlvX2Rhc2hpbml0Lm1wNBUCAsgBEgAoABgAGwKIB3VzZV9vaWwBMRJwcm9ncmVzc2l2ZV9yZWNpcGUBMRUAACac0ouDgM_rCBUCKAJDMywXQJbEZmZmZmYYGWRhc2hfaDI2NC1iYXNpYy1nZW4yXzcyMHARAHUAZbaeAQA&_nc_gid=fLBdp5KdO-jA7vFI7RIA2w&_nc_ss=7a289&_nc_map=urlgen_bucketless&_nc_zt=28&oh=00_AQJM_-EWTdLrtAJbdlLzPDlnovTy-h-9auKe-cT-Wzjfsw&oe=6AA700FA,https://www.facebook.com/ads/library/?id=1366296475044687,مجاناً كريم,2026-09-09T11:46:51+00:00
2054825019244294,EG,دنيا حامد - Donia Hamed,2026-07-17,54,0,54,"💗 جديد من Devoria 💗 ""ميك أب النو ميك أب"" – سر الإطلالة الطبيعية والمشرقة من أول استخدام! ✔️ تفتيح فوري وتوحيد لون البشرة ✔️ نضارة تدوم طول اليوم وملمس ناعم كالحرير ✔️ حماية من الشمس وتغذية بالكولاجين الطبيعي ✔️ يناسب جميع أنواع البشرة حتى الحساسة المجموعة تحتوي على: 🟩 صابونة لبان الدكر ❤️ كريم العرقسوس 💋 تنت طبيعي للخدود والشفايف ✨ بدون مكياج.. بشرة صافية، نضرة، ومتألقة! اطلبي الآن قبل ما يخلص العرض 👇 https://devoria-cosmetics.myeasyorders.com/products/Makeup-No-Mekeup | خصم 150 جنيه لما تشتري النهاردة بس ❌",https://devoria-cosmetics.myeasyorders.com/products/Makeup-No-Mekeup,https://video.forn3-2.fna.fbcdn.net/o1/v/t2/f2/m366/AQMs8_q_VG16GmPPvc-iujPJ-5SZDZSrMQxxJMb8O7JnDgpfVftx6yS9Z8g3oN3pLEsCH7Ynz8pcsx_lyuxEzWWCmD_Ak_yUe9x7R-NFCVtYcg.mp4?_nc_cat=111&_nc_oc=AdpzSJabuMcuDgPOJl2mkoEFiz-1PGFtwd1QDBhicKWJGCRmleR42rXsU7sdNxophuY&_nc_sid=b66105&_nc_ht=video.forn3-2.fna.fbcdn.net&_nc_ohc=ptlQcSh7dywQ7kNvwElvdD5&efg=eyJ2ZW5jb2RlX3RhZyI6Inhwdl9wcm9ncmVzc2l2ZS5WSV9VU0VDQVNFX1BST0RVQ1RfVFlQRS4uQzIuNzIwLmRhc2hfaDI2NC1iYXNpYy1nZW4yXzcyMHAiLCJ4cHZfYXNzZXRfaWQiOjEzNDk3MzI4MzM5NjI1MjEsImFzc2V0X2FnZV9kYXlzIjo1MywidmlfdXNlY2FzZV9pZCI6MTA3OTksImR1cmF0aW9uX3MiOjE2OSwidXJsZ2VuX3NvdXJjZSI6Ind3dyJ9&ccb=17-1&vs=2b8de9461f16cf1c&_nc_vs=HBksFQIYRWZiX2VwaGVtZXJhbC81RTRGQzc1RUNFRUUyNkI5NEVGRjA0MzFCRUUyNzVCNV9tdF8xX3ZpZGVvX2Rhc2hpbml0Lm1wNBUAAsgBEgAVAhhAZmJfcGVybWFuZW50L0I4NDY2RjlDNDRCOTFFOUVFQ0IxODNERDFERTM5MEFCX2F1ZGlvX2Rhc2hpbml0Lm1wNBUCAsgBEgAoABgAGwKIB3VzZV9vaWwBMRJwcm9ncmVzc2l2ZV9yZWNpcGUBMRUAACayqOGh5eTlBBUCKAJDMiwXQGUjMzMzMzMYGWRhc2hfaDI2NC1iYXNpYy1nZW4yXzcyMHARAHUAZd6oAQA&_nc_gid=3IwMZ2g-bRDXKRlYhoCw9A&_nc_ss=7a289&_nc_map=urlgen_bucketless&_nc_zt=28&oh=00_AQLq98MMfYazxafeQ5V2HnCy-cMajM9aVyxlfF6I0a2ztQ&oe=6AA6EB41,https://www.facebook.com/ads/library/?id=2054825019244294,صابونة لبان الدكر كريم,2026-09-09T09:57:37+00:00
885521274154921,EG,دنيا حامد - Donia Hamed,2026-07-17,54,0,54,"🔥 عرض ديفوريا لمدة 48 ساعة بس! 🔥 لو بتدوري على حل سريع وفعّال للتصبغات، الغمقان، وآثار الحبوب… ولو زهقتي من الكريمات اللي بتسيب أثر أبيض أو بتسببلك تهيج… وجربتي كل حاجة ولسه مش لاقية نتيجة ترضيك؟ 📌 كريم العرقسوس هو الحل! ٣ فوائد في منتج واحد: ✅ بيفتح ويوحد لون البشرة ✅ بيعالج التصبغات وآثار الحبوب ✅ فيه صن بلوك طبيعي يحميكي من الشمس 💯 مناسب لكل أنواع البشرة، حتى الحساسة تقدري تستخدميه يوميًا قبل الشغل، الجامعة، أو الخروجات بتركيبة طبيعية فيها خلاصة العرقسوس… يعني نتيجة سريعة من غير خوف! ⚠️ العرض ساري ليومين بس الكمية محدودة… والفرصة دي مش هتتكرر 💥 الحقّي العرض وعيشي إحساس ""وشك منور"" كل يوم ✨ https://devoria-cosmetics.myeasyorders.com/products/licorice-cream | بشرتك هتبقي زي الفلتر ومن غير فلتر✨💧",https://devoria-cosmetics.myeasyorders.com/products/licorice-cream,https://video.forn3-6.fna.fbcdn.net/o1/v/t2/f2/m366/AQOr1gzdt8UvZeUGKB9ommW781zSc8VS0xuh0YDAsNn4HKA8MXyK2Rut1iqKaEIS5wgF1U0N7LQfhjVOonwmuemMX287UJjEMepQZ-xwbEgFqg.mp4?_nc_cat=104&_nc_oc=AdqasEO_VkiABqmh9jbxf9VGCByzVmzgnOK_U2N-hQSuRsA_Oj2VdPBal564kBF3W7Q&_nc_sid=b66105&_nc_ht=video.forn3-6.fna.fbcdn.net&_nc_ohc=VqGt2pVGChUQ7kNvwHknXHS&efg=eyJ2ZW5jb2RlX3RhZyI6Inhwdl9wcm9ncmVzc2l2ZS5WSV9VU0VDQVNFX1BST0RVQ1RfVFlQRS4uQzMuNzIwLmRhc2hfaDI2NC1iYXNpYy1nZW4yXzcyMHAiLCJ4cHZfYXNzZXRfaWQiOjIxMjM1MTQ4NDUxODg3MzQsImFzc2V0X2FnZV9kYXlzIjo1MywidmlfdXNlY2FzZV9pZCI6MTA3OTksImR1cmF0aW9uX3MiOjE2OSwidXJsZ2VuX3NvdXJjZSI6Ind3dyJ9&ccb=17-1&vs=4af7259c1f524e7f&_nc_vs=HBksFQIYRWZiX2VwaGVtZXJhbC9BQjQ2RkJBOTU2NUE5QTY4QzhDOTU5OTU5QjgxQzhBQ19tdF8xX3ZpZGVvX2Rhc2hpbml0Lm1wNBUAAsgBEgAVAhhAZmJfcGVybWFuZW50LzFFNDU1M0VFQTk0QzVCRTlGNkJGRjQzOTRCRTYyOUFDX2F1ZGlvX2Rhc2hpbml0Lm1wNBUCAsgBEgAoABgAGwKIB3VzZV9vaWwBMRJwcm9ncmVzc2l2ZV9yZWNpcGUBMRUAACb8ya7A6tTFBxUCKAJDMywXQGUjMzMzMzMYGWRhc2hfaDI2NC1iYXNpYy1nZW4yXzcyMHARAHUAZd6oAQA&_nc_gid=F5YiRe71dhxR3BPKp0kSQw&_nc_ss=7b289&_nc_map=urlgen_bucketless&_nc_zt=28&oh=00_AQL2B4UWYg-T1gCJLm8ZFMdc49OLPuR7MsXPnN2Nmdrh7w&oe=6AA6F644,https://www.facebook.com/ads/library/?id=885521274154921,عرض ديفوريا لمدة ساعة,2026-09-09T09:05:33+00:00
2813795892318039,JO,OroSkin Arabia,2026-07-18,53,0,53,مين قال إن العناية الاحترافية لازم تكون داخل العيادات؟ 👀✨ اليوم… عيادة التجميل صارت في بيتك. اكتشفي تشكيلة OROSKIN المتوفرة الآن في السالم كوزمتكس: 🎭 Elite Silicone LED Face Mask للمساعدة على تحسين مظهر البشرة ومنحها نضارة وإشراقة. ⚡ Ultra Sapphire IPL Hair Removal Handset جهاز إزالة الشعر المنزلي بتقنية التبريد لراحة أكبر أثناء الاستخدام. 🌀 Blackhead Remover with LED Therapy للعناية بالمسام وتنظيف البشرة بمستويات تناسب مختلف أنواع البشرة. 🧤 Exfoliating Body Glove لإزالة خلايا الجلد الميت ومنح الجسم ملمسًا أكثر نعومة. استثمري في نفسك… واصنعي روتين العناية الذي تستحقينه من منزلك ✨ 📍 متوفرة الآن في السالم كوزمتكس – اسألينا عن التفاصيل 💙,https://oroskin.co/pages/find-us,https://video.forn3-5.fna.fbcdn.net/o1/v/t2/f2/m367/AQOH7iyOuK2v7jPOJvYQOAz_OxkzGW-YmS2fMAhNVl1RpoGZcUX6qSf3MyHqVUNG-7MCRol9egiEZvpaYTdA94DGDbQ1FA04NI2KI3neMA.mp4?_nc_cat=103&_nc_oc=AdpHTEgnvoQCH6Oqh0QC_R_5UDepoaEvMGKN1ofLOArDKDNb9MjDOEtBrby4j0gWPi8&_nc_sid=ef5aa3&_nc_ht=video.forn3-5.fna.fbcdn.net&_nc_ohc=97OhMK9s-CMQ7kNvwGv4AKn&efg=eyJ2ZW5jb2RlX3RhZyI6Inhwdl9wcm9ncmVzc2l2ZS5WSV9VU0VDQVNFX1BST0RVQ1RfVFlQRS4uQzMuNzIwLnByb2dyZXNzaXZlX2gyNjQtYmFzaWMtZ2VuMl83MjBwIiwieHB2X2Fzc2V0X2lkIjoxODA1OTMzNzI2OTcyNTkyMiwiYXNzZXRfYWdlX2RheXMiOjY5LCJ2aV91c2VjYXNlX2lkIjoxMjM3NCwiZHVyYXRpb25fcyI6NDIsInVybGdlbl9zb3VyY2UiOiJ3d3cifQ%3D%3D&ccb=17-1&_nc_gid=A3Ly95n8jukg4TiSusXo9w&_nc_ss=7b289&_nc_map=urlgen_bucketless&_nc_zt=28&oh=00_AQIz7GCBPmTDCCeuqGlkflBHfpItzZ9oki52ribD-eX70Q&oe=6AA6FC93,https://www.facebook.com/ads/library/?id=2813795892318039,أكبر جهاز ازالة الشعر,2026-09-09T11:01:32+00:00
1723740811875524,EG,دنيا حامد - Donia Hamed,2026-07-18,53,0,53,"💗 جديد من Devoria 💗 ""ميك أب النو ميك أب"" – سر الإطلالة الطبيعية والمشرقة من أول استخدام! ✔️ تفتيح فوري وتوحيد لون البشرة ✔️ نضارة تدوم طول اليوم وملمس ناعم كالحرير ✔️ حماية من الشمس وتغذية بالكولاجين الطبيعي ✔️ يناسب جميع أنواع البشرة حتى الحساسة المجموعة تحتوي على: 🟩 صابونة لبان الدكر ❤️ كريم العرقسوس 💋 تنت طبيعي للخدود والشفايف ✨ بدون مكياج.. بشرة صافية، نضرة، ومتألقة! اطلبي الآن قبل ما يخلص العرض 👇 https://devoria-cosmetics.myeasyorders.com/products/Makeup-No-Mekeup | خصم 150 جنيه لما تشتري النهاردة بس ❌",https://devoria-cosmetics.myeasyorders.com/products/Makeup-No-Mekeup,https://video.forn3-1.fna.fbcdn.net/o1/v/t2/f2/m366/AQOYS7Xg9_utXPhjUbZpN9cvh7LIQN15h0JJB-Z2BxqaY4mFSr_AIFQcxtEss5xKLGzImhECMf-D0s0n_9BSeiBtqTTzIjVGg-nWg6SbIDHcZQ.mp4?_nc_cat=109&_nc_oc=Adpn8mJgePisz0a6ZMz_g61Lo5K1FQHPJey9BnILz1rRnmNpuzi9R9vPuBT8J1R1PGw&_nc_sid=b66105&_nc_ht=video.forn3-1.fna.fbcdn.net&_nc_ohc=GtnvrQLsid0Q7kNvwGIWYa4&efg=eyJ2ZW5jb2RlX3RhZyI6Inhwdl9wcm9ncmVzc2l2ZS5WSV9VU0VDQVNFX1BST0RVQ1RfVFlQRS4uQzIuNzIwLmRhc2hfaDI2NC1iYXNpYy1nZW4yXzcyMHAiLCJ4cHZfYXNzZXRfaWQiOjE3NDU5NzMwNzMwODk1NzAsImFzc2V0X2FnZV9kYXlzIjo1MiwidmlfdXNlY2FzZV9pZCI6MTA3OTksImR1cmF0aW9uX3MiOjIwMSwidXJsZ2VuX3NvdXJjZSI6Ind3dyJ9&ccb=17-1&vs=3bea0432d1f8225a&_nc_vs=HBksFQIYRWZiX2VwaGVtZXJhbC80NjQ1OTYxOTA4NzE0Nzk1OUEwRjIzMUMzMjA3RTJBRl9tdF8xX3ZpZGVvX2Rhc2hpbml0Lm1wNBUAAsgBEgAVAhhAZmJfcGVybWFuZW50Lzk3NEU4NTc3NDc0NEMwMTdBMUVFOUUyQkJDNDdEREJGX2F1ZGlvX2Rhc2hpbml0Lm1wNBUCAsgBEgAoABgAGwKIB3VzZV9vaWwBMRJwcm9ncmVzc2l2ZV9yZWNpcGUBMRUAACbE0PiMgf2ZBhUCKAJDMiwXQGkiHKwIMScYGWRhc2hfaDI2NC1iYXNpYy1nZW4yXzcyMHARAHUAZd6oAQA&_nc_gid=3IwMZ2g-bRDXKRlYhoCw9A&_nc_ss=7a289&_nc_map=urlgen_bucketless&_nc_zt=28&oh=00_AQLTNLJSuKXM3-27_4CUi0UxM33Mghf1KGbamgWJlVjH7g&oe=6AA6E63B,https://www.facebook.com/ads/library/?id=1723740811875524,صابونة لبان الدكر كريم,2026-09-09T09:57:37+00:00
1033428976311750,EG,دنيا حامد - Donia Hamed,2026-07-18,53,0,53,"خصم 40% لمدة 48 ساعة ❌ 🔥 العرض اللي هيخليكي ما تفكريش مرتين! 🔥 لو بتدوري على حل سريع وفعّال للتصبغات، الغمقان، وآثار الحبوب… ولو زهقتي من الكريمات اللي بتسيب أثر أبيض أو بتسببلك تهيج… وجربتي كل حاجة ولسه مش لاقية نتيجة ترضيك؟ 📌 كريم العرقسوس هو الحل! ٣ فوائد في منتج واحد: ✅ بيفتح ويوحد لون البشرة ✅ بيعالج التصبغات وآثار الحبوب ✅ فيه صن بلوك طبيعي يحميكي من الشمس 💯 مناسب لكل أنواع البشرة، حتى الحساسة تقدري تستخدميه يوميًا قبل الشغل، الجامعة، أو الخروجات بتركيبة طبيعية فيها خلاصة العرقسوس… يعني نتيجة سريعة من غير خوف! لو طلبتيه دلوقتي هتاخديه بسعر السنة اللي فاتت 🔥 الكمية محدودة… والفرصة دي مش هتتكرر 💥 الحقّي العرض وعيشي إحساس ""وشك منور"" كل يوم ✨ https://devoria-cosmetics.myeasyorders.com/products/licorice-cream | خصم 135 جنيه لما تشتري النهاردة بس ❌",https://devoria-cosmetics.myeasyorders.com/products/licorice-cream,https://video.forn3-5.fna.fbcdn.net/o1/v/t2/f2/m366/AQOksrnLkvJ-7zvGF3CqO4k6g5kPBt24ZfJAb3aJllVlstgcsUqHwJ1A15jlFac9tjZ8s-xBe_MQ5pfG4Dtty1s0OEalCWcbsqZ-RV7OBqpuyQ.mp4?_nc_cat=100&_nc_oc=AdozvZBVGEJUPZoShE6zMcouSwadTu6sCfr5pUuHvUcUdMXGxHzEHmoqxu2WwUpOf0k&_nc_sid=b66105&_nc_ht=video.forn3-5.fna.fbcdn.net&_nc_ohc=BcIkBL2OeToQ7kNvwH30_3B&efg=eyJ2ZW5jb2RlX3RhZyI6Inhwdl9wcm9ncmVzc2l2ZS5WSV9VU0VDQVNFX1BST0RVQ1RfVFlQRS4uQzIuNzIwLmRhc2hfaDI2NC1iYXNpYy1nZW4yXzcyMHAiLCJ4cHZfYXNzZXRfaWQiOjI0NDUwMTQwMTU5OTQ3NTUsImFzc2V0X2FnZV9kYXlzIjo1MywidmlfdXNlY2FzZV9pZCI6MTA3OTksImR1cmF0aW9uX3MiOjE1NSwidXJsZ2VuX3NvdXJjZSI6Ind3dyJ9&ccb=17-1&vs=ee48b444cb9db685&_nc_vs=HBksFQIYRWZiX2VwaGVtZXJhbC9FRDRCOTYxQzc4REQ2MzMyOThERUI5OTc2NzAxMzhCQl9tdF8xX3ZpZGVvX2Rhc2hpbml0Lm1wNBUAAsgBEgAVAhhAZmJfcGVybWFuZW50L0U0NDg5RTI4RUI0MjQ1RDIzODlERTFENjBCQjY2MzgxX2F1ZGlvX2Rhc2hpbml0Lm1wNBUCAsgBEgAoABgAGwKIB3VzZV9vaWwBMRJwcm9ncmVzc2l2ZV9yZWNpcGUBMRUAACaGrqf-xe7XCBUCKAJDMiwXQGN6p--dsi0YGWRhc2hfaDI2NC1iYXNpYy1nZW4yXzcyMHARAHUAZd6oAQA&_nc_gid=3IwMZ2g-bRDXKRlYhoCw9A&_nc_ss=7a289&_nc_map=urlgen_bucketless&_nc_zt=28&oh=00_AQKwrs8pYTcCFVZ01Ja3NL_33S0i3z02Rifk-DcL4gCviw&oe=6AA6F0A4,https://www.facebook.com/ads/library/?id=1033428976311750,صابونة لبان الدكر كريم,2026-09-09T09:57:37+00:00
4025665454234007,EG,دنيا حامد - Donia Hamed,2026-07-18,53,0,53,"🔥 عرض ديفوريا لمدة 48 ساعة بس! 🔥 لو بتدوري على حل سريع وفعّال للتصبغات، الغمقان، وآثار الحبوب… ولو زهقتي من الكريمات اللي بتسيب أثر أبيض أو بتسببلك تهيج… وجربتي كل حاجة ولسه مش لاقية نتيجة ترضيك؟ 📌 كريم العرقسوس هو الحل! ٣ فوائد في منتج واحد: ✅ بيفتح ويوحد لون البشرة ✅ بيعالج التصبغات وآثار الحبوب ✅ فيه صن بلوك طبيعي يحميكي من الشمس 💯 مناسب لكل أنواع البشرة، حتى الحساسة تقدري تستخدميه يوميًا قبل الشغل، الجامعة، أو الخروجات بتركيبة طبيعية فيها خلاصة العرقسوس… يعني نتيجة سريعة من غير خوف! ⚠️ العرض ساري ليومين بس الكمية محدودة… والفرصة دي مش هتتكرر 💥 الحقّي العرض وعيشي إحساس ""وشك منور"" كل يوم ✨ https://devoria-cosmetics.myeasyorders.com/products/licorice-cream | بشرتك هتبقي زي الفلتر ومن غير فلتر✨💧",https://devoria-cosmetics.myeasyorders.com/products/licorice-cream,https://video.forn3-5.fna.fbcdn.net/o1/v/t2/f2/m366/AQOksrnLkvJ-7zvGF3CqO4k6g5kPBt24ZfJAb3aJllVlstgcsUqHwJ1A15jlFac9tjZ8s-xBe_MQ5pfG4Dtty1s0OEalCWcbsqZ-RV7OBqpuyQ.mp4?_nc_cat=100&_nc_oc=AdozvZBVGEJUPZoShE6zMcouSwadTu6sCfr5pUuHvUcUdMXGxHzEHmoqxu2WwUpOf0k&_nc_sid=b66105&_nc_ht=video.forn3-5.fna.fbcdn.net&_nc_ohc=BcIkBL2OeToQ7kNvwH30_3B&efg=eyJ2ZW5jb2RlX3RhZyI6Inhwdl9wcm9ncmVzc2l2ZS5WSV9VU0VDQVNFX1BST0RVQ1RfVFlQRS4uQzMuNzIwLmRhc2hfaDI2NC1iYXNpYy1nZW4yXzcyMHAiLCJ4cHZfYXNzZXRfaWQiOjI0NDUwMTQwMTU5OTQ3NTUsImFzc2V0X2FnZV9kYXlzIjo1MywidmlfdXNlY2FzZV9pZCI6MTA3OTksImR1cmF0aW9uX3MiOjE1NSwidXJsZ2VuX3NvdXJjZSI6Ind3dyJ9&ccb=17-1&vs=ee48b444cb9db685&_nc_vs=HBksFQIYRWZiX2VwaGVtZXJhbC9FRDRCOTYxQzc4REQ2MzMyOThERUI5OTc2NzAxMzhCQl9tdF8xX3ZpZGVvX2Rhc2hpbml0Lm1wNBUAAsgBEgAVAhhAZmJfcGVybWFuZW50L0U0NDg5RTI4RUI0MjQ1RDIzODlERTFENjBCQjY2MzgxX2F1ZGlvX2Rhc2hpbml0Lm1wNBUCAsgBEgAoABgAGwKIB3VzZV9vaWwBMRJwcm9ncmVzc2l2ZV9yZWNpcGUBMRUAACaGrqf-xe7XCBUCKAJDMywXQGN6p--dsi0YGWRhc2hfaDI2NC1iYXNpYy1nZW4yXzcyMHARAHUAZd6oAQA&_nc_gid=F5YiRe71dhxR3BPKp0kSQw&_nc_ss=7b289&_nc_map=urlgen_bucketless&_nc_zt=28&oh=00_AQLP2ys8liEv9Jlwdg59Q6TLxNgMLgJ482jH1fovn_5QSg&oe=6AA6F0A4,https://www.facebook.com/ads/library/?id=4025665454234007,عرض ديفوريا لمدة ساعة,2026-09-09T09:05:33+00:00
1419492086817334,EG,دنيا حامد - Donia Hamed,2026-07-17,53,0,53,"خصم 40% لمدة 48 ساعة ❌ 🔥 العرض اللي هيخليكي ما تفكريش مرتين! 🔥 لو بتدوري على حل سريع وفعّال للتصبغات، الغمقان، وآثار الحبوب… ولو زهقتي من الكريمات اللي بتسيب أثر أبيض أو بتسببلك تهيج… وجربتي كل حاجة ولسه مش لاقية نتيجة ترضيك؟ 📌 كريم العرقسوس هو الحل! ٣ فوائد في منتج واحد: ✅ بيفتح ويوحد لون البشرة ✅ بيعالج التصبغات وآثار الحبوب ✅ فيه صن بلوك طبيعي يحميكي من الشمس 💯 مناسب لكل أنواع البشرة، حتى الحساسة تقدري تستخدميه يوميًا قبل الشغل، الجامعة، أو الخروجات بتركيبة طبيعية فيها خلاصة العرقسوس… يعني نتيجة سريعة من غير خوف! لو طلبتيه دلوقتي هتاخديه بسعر السنة اللي فاتت 🔥 الكمية محدودة… والفرصة دي مش هتتكرر 💥 الحقّي العرض وعيشي إحساس ""وشك منور"" كل يوم ✨ https://devoria-cosmetics.myeasyorders.com/products/licorice-cream | خصم 135 جنيه لما تشتري النهاردة بس ❌",https://devoria-cosmetics.myeasyorders.com/products/licorice-cream,https://video.forn3-6.fna.fbcdn.net/o1/v/t2/f2/m366/AQOr1gzdt8UvZeUGKB9ommW781zSc8VS0xuh0YDAsNn4HKA8MXyK2Rut1iqKaEIS5wgF1U0N7LQfhjVOonwmuemMX287UJjEMepQZ-xwbEgFqg.mp4?_nc_cat=104&_nc_oc=AdrkaBhOyFwKTuIF2msXEPAtEEjRYJ2iBTA6cGeYHOtqnUmowALkU29VVy60tyrt_Vc&_nc_sid=b66105&_nc_ht=video.forn3-6.fna.fbcdn.net&_nc_ohc=VqGt2pVGChUQ7kNvwHu-SvJ&efg=eyJ2ZW5jb2RlX3RhZyI6Inhwdl9wcm9ncmVzc2l2ZS5WSV9VU0VDQVNFX1BST0RVQ1RfVFlQRS4uQzMuNzIwLmRhc2hfaDI2NC1iYXNpYy1nZW4yXzcyMHAiLCJ4cHZfYXNzZXRfaWQiOjIxMjM1MTQ4NDUxODg3MzQsImFzc2V0X2FnZV9kYXlzIjo1MiwidmlfdXNlY2FzZV9pZCI6MTA3OTksImR1cmF0aW9uX3MiOjE2OSwidXJsZ2VuX3NvdXJjZSI6Ind3dyJ9&ccb=17-1&vs=4af7259c1f524e7f&_nc_vs=HBksFQIYRWZiX2VwaGVtZXJhbC9BQjQ2RkJBOTU2NUE5QTY4QzhDOTU5OTU5QjgxQzhBQ19tdF8xX3ZpZGVvX2Rhc2hpbml0Lm1wNBUAAsgBEgAVAhhAZmJfcGVybWFuZW50LzFFNDU1M0VFQTk0QzVCRTlGNkJGRjQzOTRCRTYyOUFDX2F1ZGlvX2Rhc2hpbml0Lm1wNBUCAsgBEgAoABgAGwKIB3VzZV9vaWwBMRJwcm9ncmVzc2l2ZV9yZWNpcGUBMRUAACb8ya7A6tTFBxUCKAJDMywXQGUjMzMzMzMYGWRhc2hfaDI2NC1iYXNpYy1nZW4yXzcyMHARAHUAZd6oAQA&_nc_gid=tQduCzYr8t7gJRVYeOHhGA&_nc_ss=7b289&_nc_map=urlgen_bucketless&_nc_zt=28&oh=00_AQKQTdWp8R2LQhMl8jJfxfl9K7hv1ZYrvAC3iZhyxSLBNQ&oe=6AA6BE04,https://www.facebook.com/ads/library/?id=1419492086817334,الحبوب الناتجة عن العرق,2026-09-09T04:21:42+00:00
1676179956982188,EG,دنيا حامد - Donia Hamed,2026-07-17,53,0,53,لو آثار الحبوب مخلياكي تحسي إن بشرتك مش صافية... يمكن ده الوقت المناسب تبدئي روتين مختلف ✨ كريم العرقسوس من Devoria يجمع بين: 🌿 إشراقة فورية بعد الاستخدام. 🌿 المساعدة على تحسين مظهر التصبغات وآثار الحبوب مع الاستخدام المنتظم. 🌿 ترطيب ولمسة ناعمة تناسب روتينك اليومي. ولو عندك مناسبة، أو نفسك تشوفي بشرتك بلون أكثر تجانسًا، ابدئي من النهارده. https://devoria-cosmetics.myeasyorders.com/products/licorice-cream | مشكلتك مش الحبوب... آثارها ❌,https://devoria-cosmetics.myeasyorders.com/products/licorice-cream,https://video.forn3-2.fna.fbcdn.net/o1/v/t2/f2/m366/AQNTc-U6qQD9R0A6GjJUdsk1CNy-9py19Ah5SDE1diy-6aycVh5oqsWOHzH2fByozg7HdqWjO4Rf-2y_ObL01nJ7c9DdwJU31oFtKf_2Qpf0eA.mp4?_nc_cat=105&_nc_oc=AdrJUmDSlcs0TVB6zkKkJlHXOLDWlQrbYJMvrj_1dc4dl8K8LyjFT_t0CwIOKuxnWbw&_nc_sid=b66105&_nc_ht=video.forn3-2.fna.fbcdn.net&_nc_ohc=_eTC2DW9wt0Q7kNvwGEzM58&efg=eyJ2ZW5jb2RlX3RhZyI6Inhwdl9wcm9ncmVzc2l2ZS5WSV9VU0VDQVNFX1BST0RVQ1RfVFlQRS4uQzMuNzIwLmRhc2hfaDI2NC1iYXNpYy1nZW4yXzcyMHAiLCJ4cHZfYXNzZXRfaWQiOjI4MTk4MDI2NzAzMTQ4NzE0LCJhc3NldF9hZ2VfZGF5cyI6NTMsInZpX3VzZWNhc2VfaWQiOjEwNzk5LCJkdXJhdGlvbl9zIjoxMzcsInVybGdlbl9zb3VyY2UiOiJ3d3cifQ%3D%3D&ccb=17-1&vs=8476506ae3e65cd2&_nc_vs=HBksFQIYRWZiX2VwaGVtZXJhbC8wMjRBNkRCMTQ0NjNDRTk5MUIxNjg1MzQyREU1NEM4M19tdF8xX3ZpZGVvX2Rhc2hpbml0Lm1wNBUAAsgBEgAVAhhAZmJfcGVybWFuZW50LzBGNDM0NTJEREI1QUQxQ0U2M0MyODE4NkIyREFGQkE0X2F1ZGlvX2Rhc2hpbml0Lm1wNBUCAsgBEgAoABgAGwKIB3VzZV9vaWwBMRJwcm9ncmVzc2l2ZV9yZWNpcGUBMRUAACbU2pDQlv2WZBUCKAJDMywXQGErtkWhysEYGWRhc2hfaDI2NC1iYXNpYy1nZW4yXzcyMHARAHUAZd6oAQA&_nc_gid=tQduCzYr8t7gJRVYeOHhGA&_nc_ss=7b289&_nc_map=urlgen_bucketless&_nc_zt=28&oh=00_AQKhgYUPzbgtrgj36H_1ZM8BgH6XOhhj96Kz3L7xEHRXIw&oe=6AA69793,https://www.facebook.com/ads/library/?id=1676179956982188,الحبوب الناتجة عن العرق,2026-09-09T04:21:42+00:00
1384807166841774,EG,دنيا حامد - Donia Hamed,2026-07-17,53,0,53,"خصم 40% لمدة 48 ساعة ❌ 🔥 العرض اللي هيخليكي ما تفكريش مرتين! 🔥 لو بتدوري على حل سريع وفعّال للتصبغات، الغمقان، وآثار الحبوب… ولو زهقتي من الكريمات اللي بتسيب أثر أبيض أو بتسببلك تهيج… وجربتي كل حاجة ولسه مش لاقية نتيجة ترضيك؟ 📌 كريم العرقسوس هو الحل! ٣ فوائد في منتج واحد: ✅ بيفتح ويوحد لون البشرة ✅ بيعالج التصبغات وآثار الحبوب ✅ فيه صن بلوك طبيعي يحميكي من الشمس 💯 مناسب لكل أنواع البشرة، حتى الحساسة تقدري تستخدميه يوميًا قبل الشغل، الجامعة، أو الخروجات بتركيبة طبيعية فيها خلاصة العرقسوس… يعني نتيجة سريعة من غير خوف! لو طلبتيه دلوقتي هتاخديه بسعر السنة اللي فاتت 🔥 الكمية محدودة… والفرصة دي مش هتتكرر 💥 الحقّي العرض وعيشي إحساس ""وشك منور"" كل يوم ✨ https://devoria-cosmetics.myeasyorders.com/products/licorice-cream | خصم 135 جنيه لما تشتري النهاردة بس ❌",https://devoria-cosmetics.myeasyorders.com/products/licorice-cream,https://video.forn3-2.fna.fbcdn.net/o1/v/t2/f2/m366/AQNTc-U6qQD9R0A6GjJUdsk1CNy-9py19Ah5SDE1diy-6aycVh5oqsWOHzH2fByozg7HdqWjO4Rf-2y_ObL01nJ7c9DdwJU31oFtKf_2Qpf0eA.mp4?_nc_cat=105&_nc_oc=AdrJUmDSlcs0TVB6zkKkJlHXOLDWlQrbYJMvrj_1dc4dl8K8LyjFT_t0CwIOKuxnWbw&_nc_sid=b66105&_nc_ht=video.forn3-2.fna.fbcdn.net&_nc_ohc=_eTC2DW9wt0Q7kNvwGEzM58&efg=eyJ2ZW5jb2RlX3RhZyI6Inhwdl9wcm9ncmVzc2l2ZS5WSV9VU0VDQVNFX1BST0RVQ1RfVFlQRS4uQzMuNzIwLmRhc2hfaDI2NC1iYXNpYy1nZW4yXzcyMHAiLCJ4cHZfYXNzZXRfaWQiOjI4MTk4MDI2NzAzMTQ4NzE0LCJhc3NldF9hZ2VfZGF5cyI6NTMsInZpX3VzZWNhc2VfaWQiOjEwNzk5LCJkdXJhdGlvbl9zIjoxMzcsInVybGdlbl9zb3VyY2UiOiJ3d3cifQ%3D%3D&ccb=17-1&vs=8476506ae3e65cd2&_nc_vs=HBksFQIYRWZiX2VwaGVtZXJhbC8wMjRBNkRCMTQ0NjNDRTk5MUIxNjg1MzQyREU1NEM4M19tdF8xX3ZpZGVvX2Rhc2hpbml0Lm1wNBUAAsgBEgAVAhhAZmJfcGVybWFuZW50LzBGNDM0NTJEREI1QUQxQ0U2M0MyODE4NkIyREFGQkE0X2F1ZGlvX2Rhc2hpbml0Lm1wNBUCAsgBEgAoABgAGwKIB3VzZV9vaWwBMRJwcm9ncmVzc2l2ZV9yZWNpcGUBMRUAACbU2pDQlv2WZBUCKAJDMywXQGErtkWhysEYGWRhc2hfaDI2NC1iYXNpYy1nZW4yXzcyMHARAHUAZd6oAQA&_nc_gid=4NFwGkU36bDKwNb1MxvFuQ&_nc_ss=7b289&_nc_map=urlgen_bucketless&_nc_zt=28&oh=00_AQLNNYUm4MCtbaf-yzsDkeDPPR_cUV7BmiVs9a3ByRaivg&oe=6AA69793,https://www.facebook.com/ads/library/?id=1384807166841774,الحبوب الناتجة عن العرق,2026-09-09T04:21:42+00:00
2225780618218025,TN,BioaQua Tunisie,2026-07-18,52,0,52,الحلول المثبتة علميا بش تتمتع ببشرة بيضاء 💎 و تتخلص من البقع الداكنة (taches brune) في وقت قصير هي : ✅ التخلص من الجلد الميت عن طريق التقشير(gommage) ✅ الترطيب و تغذية البشرة بفيتامين C و مضاداة الأكسدة . مقشر الخوخ يوفرلك الحلول هاذم بطريقة طبيعية و فعالة 🌿 | ☝ تخلص من البقع الداكنة 🍀,https://bioaquatunisie.com/products/peachcream,https://video.forn3-1.fna.fbcdn.net/o1/v/t2/f2/m366/AQMLkSX6MkRKwRE0DSpi__MJF5YZCtQz3yyjJ_q8UMi-1b7d13mzYzmqF5bTAZpo5OctHDilD27MOPGEcThh-UGrm-LBH27c4TVmcVWPissL8Q.mp4?_nc_cat=105&_nc_oc=AdpSfp8kXz43g5FL-UVOiuJmSRrW3K53j0CCD4OI56iegSKxEqcg3J5PZPuF9MNIrK8&_nc_sid=b66105&_nc_ht=video.forn3-1.fna.fbcdn.net&_nc_ohc=SK5iN8aE_WsQ7kNvwGHjQ5-&efg=eyJ2ZW5jb2RlX3RhZyI6Inhwdl9wcm9ncmVzc2l2ZS5WSV9VU0VDQVNFX1BST0RVQ1RfVFlQRS4uQzMuNzIwLmRhc2hfaDI2NC1iYXNpYy1nZW4yXzcyMHAiLCJ4cHZfYXNzZXRfaWQiOjk3MTYwNjE3ODQ2NzMzNSwiYXNzZXRfYWdlX2RheXMiOjM0NiwidmlfdXNlY2FzZV9pZCI6MTA3OTksImR1cmF0aW9uX3MiOjc2LCJ1cmxnZW5fc291cmNlIjoid3d3In0%3D&ccb=17-1&vs=d24e87f321728fbd&_nc_vs=HBksFQIYRWZiX2VwaGVtZXJhbC9CNDQwREI2Q0NENDI4QjZBQTE3NDQ1MTE4MkZFQjRBMF9tdF8xX3ZpZGVvX2Rhc2hpbml0Lm1wNBUAAsgBEgAVAhhAZmJfcGVybWFuZW50LzZGNEFCQjgxNDhFNEJDN0JBNzg4NThBNzJBMEVBNDg3X2F1ZGlvX2Rhc2hpbml0Lm1wNBUCAsgBEgAoABgAGwKIB3VzZV9vaWwBMRJwcm9ncmVzc2l2ZV9yZWNpcGUBMRUAACaOuIiS9uq5AxUCKAJDMywXQFM1T987ZFoYGWRhc2hfaDI2NC1iYXNpYy1nZW4yXzcyMHARAHUAZd6oAQA&_nc_gid=0TpCcMYproH3KSGozMspyw&_nc_ss=7a289&_nc_map=urlgen_bucketless&_nc_zt=28&oh=00_AQL8gmeWMxBT6zx1JPWetcRdZspBf4HgUZ849N7qitnDRg&oe=6AA6E5DB,https://www.facebook.com/ads/library/?id=2225780618218025,كريم الوقاية من البقع الداكنة,2026-09-09T07:39:40+00:00
3215584012124226,LB,Softskin By Secretreza,2026-07-18,52,0,52,وهيدي كانت تجربتي مع سيكريت ريزا، عنجد شفت فرق كبير من أول شهرين! 👏🏻 | جهاز ازالة الشعر من المنزل 💗,https://www.secretreza.com/,https://video.forn3-1.fna.fbcdn.net/o1/v/t2/f2/m366/AQNXyPcZILpQHe8juiy7R-aDhixPWTDiC4IxneasogGwcnFPrmi_c7Y3voBOt6ve7S_J_C3u-OtmHJF_iDVCQd7wq1EG-9XK5SIty9UIHqTVjA.mp4?_nc_cat=103&_nc_oc=AdrnAyxvICbYQdvUGCV5MuRzrMGdcuHYJHc-q9mBCG4Ymc0-9-gRct4P4DwZndq_aio&_nc_sid=b66105&_nc_ht=video.forn3-1.fna.fbcdn.net&_nc_ohc=ItjFnbdhctAQ7kNvwGyn2OV&efg=eyJ2ZW5jb2RlX3RhZyI6Inhwdl9wcm9ncmVzc2l2ZS5WSV9VU0VDQVNFX1BST0RVQ1RfVFlQRS4uQzMuNzIwLmRhc2hfaDI2NC1iYXNpYy1nZW4yXzcyMHAiLCJ4cHZfYXNzZXRfaWQiOjEwNDY3NjEyMzc4NTcyODUsImFzc2V0X2FnZV9kYXlzIjo1NCwidmlfdXNlY2FzZV9pZCI6MTA3OTksImR1cmF0aW9uX3MiOjIxLCJ1cmxnZW5fc291cmNlIjoid3d3In0%3D&ccb=17-1&vs=ed87256da7fd8b8a&_nc_vs=HBksFQIYRWZiX2VwaGVtZXJhbC8wQjQwRkZDNERFMTczOEU2QTRGMUYzQjNBQkQ2QUQ5NV9tdF8xX3ZpZGVvX2Rhc2hpbml0Lm1wNBUAAsgBEgAVAhhAZmJfcGVybWFuZW50LzI2NDVCQjFEMEUzQkJEQkVGOTk2QkRFQzdDMEQ3OEJGX2F1ZGlvX2Rhc2hpbml0Lm1wNBUCAsgBEgAoABgAGwKIB3VzZV9vaWwBMRJwcm9ncmVzc2l2ZV9yZWNpcGUBMRUAACaKkPr7woHcAxUCKAJDMywXQDXdsi0OVgQYGWRhc2hfaDI2NC1iYXNpYy1nZW4yXzcyMHARAHUAZd6oAQA&_nc_gid=EShJslbhpe6hl_ErCeMz9g&_nc_ss=7b289&_nc_map=urlgen_bucketless&_nc_zt=28&oh=00_AQIs8Lto5ZjM-zF7GgBrR6Il5V1omgF4NEiEOJ-MCC7I8g&oe=6AA6E3C5,https://www.facebook.com/ads/library/?id=3215584012124226,تقرحات ما بعد إزالة الشعر,2026-09-09T06:03:36+00:00
1014165444547874,KW,Mamba-6,2026-07-20,51,0,51,🏡💡✅ مصباح جداري لاسلكي الشحن مزود بشريط إضاءة LED RGB كامل الألوان؛ يمكن تغيير تأثيرات الإضاءة عن طريق جهاز تحكم عن بُعد أو بلوتوث. 🌈 | 🔥 مصباح جداري لاسلكي الشحن 💡💚,https://t.newinhere.com/product/11sphwkunyr?i=oicsnx3w7m,https://video.forn3-6.fna.fbcdn.net/o1/v/t2/f2/m366/AQNPmixSLnIjeyecdEOtCLTF_FiNZqDFbQko9VAgeWscwB975pygzWZBZq0u4xa0kGtEJjiIGRg2jwq0ZQgKfJJfTtrSwkFCOrKFaHRPL1P2pw.mp4?_nc_cat=107&_nc_oc=AdoRs2PJE2YdtJA_8LQ8R2y_dl1QD9J1YVkhl-ZJ5QkDgJnpdWng7FIZ0bpILjUrVvY&_nc_sid=b66105&_nc_ht=video.forn3-6.fna.fbcdn.net&_nc_ohc=blBikkJ6iOwQ7kNvwGlodqx&efg=eyJ2ZW5jb2RlX3RhZyI6Inhwdl9wcm9ncmVzc2l2ZS5WSV9VU0VDQVNFX1BST0RVQ1RfVFlQRS4uQzMuNTQwLmRhc2hfaDI2NC1iYXNpYy1nZW4yXzcyMHAiLCJ4cHZfYXNzZXRfaWQiOjkwMjY4NzQ5ODg2NjQxMSwiYXNzZXRfYWdlX2RheXMiOjI0OCwidmlfdXNlY2FzZV9pZCI6MTA3OTksImR1cmF0aW9uX3MiOjMxLCJ1cmxnZW5fc291cmNlIjoid3d3In0%3D&ccb=17-1&vs=48211dbc8b5f33e9&_nc_vs=HBksFQIYRWZiX2VwaGVtZXJhbC80NjQzMUNDQjlFQzk5OTNFOTE0M0FFNTExMjQ0QjdBN19tdF8xX3ZpZGVvX2Rhc2hpbml0Lm1wNBUAAsgBEgAVAhhAZmJfcGVybWFuZW50LzlDNERERkY3M0M3NzVENEUxMTA0Mzk2QTQzOEYxQkI5X2F1ZGlvX2Rhc2hpbml0Lm1wNBUCAsgBEgAoABgAGwKIB3VzZV9vaWwBMRJwcm9ncmVzc2l2ZV9yZWNpcGUBMRUAACbWu7T7qb-aAxUCKAJDMywXQD93S8an754YGWRhc2hfaDI2NC1iYXNpYy1nZW4yXzcyMHARAHUAZd6oAQA&_nc_gid=qKwEYoWEH9ntVJ3wHjsdJQ&_nc_ss=7b289&_nc_map=urlgen_bucketless&_nc_zt=28&oh=00_AQJaUlyDh5Xu84dD6v4MPoPO7qBTXNJgHdHI8hNQH1z34A&oe=6AA6F66D,https://www.facebook.com/ads/library/?id=1014165444547874,جهاز تحكم,2026-09-09T11:07:13+00:00
1398917392300772,SA,Imdad,2026-07-20,51,0,51,أكيور ليزر لعلاج حب الشباب يعتبر أكبر طفرة في مجال الجلدية والليزر في القرن الحادي والعشرون حيث تمكنت هذه التقنية الثورية ولأول مرة من أستهداف الغدد الدهنية التي تعتبر المسبب الأساسي لحب الشباب بشكل فعال وأمن وبدون التأثير على أجزاء الجلد الأخرى مع أكيور أصبح الأن من الممكن علاج حب الشباب بمختلف درجاته بدون معاناة الأعراض الجانبية التي تسببها العلاجات التقليدية و مخاطر الأنتكاسات التي أرقت الكثيرين تواصلوا معنا الأن للأستفسار عن أكيور، أول ليزر بالعالم يعالج أسباب حب الشباب فعلياً وليس فقط الأعراض,https://api.whatsapp.com/send,https://video.forn3-1.fna.fbcdn.net/o1/v/t2/f2/m366/AQOuNboyM4A_KirNAHt_uGR9ZUrNrLOkthT23L5H0jFG3ZKO2_AWDM_V554qOD7ernPTevpVjY5IF2iL2O3STD7pPMh4GT6qxx5Z6s8DPATmMA.mp4?_nc_cat=102&_nc_oc=Adr-qW0yrY6LNN5AdjoPUeWTEfIPTYr8Hqvq5qBDrNqwYIAgi47-PippsQR9BSXp16M&_nc_sid=b66105&_nc_ht=video.forn3-1.fna.fbcdn.net&_nc_ohc=slXY_NcrTcwQ7kNvwHDIN10&efg=eyJ2ZW5jb2RlX3RhZyI6Inhwdl9wcm9ncmVzc2l2ZS5WSV9VU0VDQVNFX1BST0RVQ1RfVFlQRS4uQzMuNzIwLmRhc2hfaDI2NC1iYXNpYy1nZW4yXzcyMHAiLCJ4cHZfYXNzZXRfaWQiOjQyOTEzOTYzMzMwODMzMCwiYXNzZXRfYWdlX2RheXMiOjY3NywidmlfdXNlY2FzZV9pZCI6MTAxMDEsImR1cmF0aW9uX3MiOjExMiwidXJsZ2VuX3NvdXJjZSI6Ind3dyJ9&ccb=17-1&vs=8004c7df582258db&_nc_vs=HBksFQIYRWZiX2VwaGVtZXJhbC9FOTQ5OEZFQjUxNzA0MkJCODZEQzIzQTdDQTQxMzFCNl9tdF8xX3ZpZGVvX2Rhc2hpbml0Lm1wNBUAAsgBEgAVAhg6cGFzc3Rocm91Z2hfZXZlcnN0b3JlL0dJU3V1QnZidF90RjRzZ0ZBSExkbjBLQzg2SkZidjRHQUFBRhUCAsgBEgAoABgAGwKIB3VzZV9vaWwBMRJwcm9ncmVzc2l2ZV9yZWNpcGUBMRUAACbUiri2m5PDARUCKAJDMywXQFwcKPXCj1wYGWRhc2hfaDI2NC1iYXNpYy1nZW4yXzcyMHARAHUAZeqdAQA&_nc_gid=Zg3--HDW3-zB84laLyc2QA&_nc_ss=7b289&_nc_map=urlgen_bucketless&_nc_zt=28&oh=00_AQKmgfNFr4nQBrX8apWreJ0ALVkuiI6iNg2MYvwRevZ_Dw&oe=6AA6FE6A,https://www.facebook.com/ads/library/?id=1398917392300772,أكبر جهاز ازالة,2026-09-09T11:02:32+00:00
1955157818497146,SA,Imdad,2026-07-20,51,0,51,أكيور ليزر لعلاج حب الشباب يعتبر أكبر طفرة في مجال الجلدية والليزر في القرن الحادي والعشرون حيث تمكنت هذه التقنية الثورية ولأول مرة من أستهداف الغدد الدهنية التي تعتبر المسبب الأساسي لحب الشباب بشكل فعال وأمن وبدون التأثير على أجزاء الجلد الأخرى مع أكيور أصبح الأن من الممكن علاج حب الشباب بمختلف درجاته بدون معاناة الأعراض الجانبية التي تسببها العلاجات التقليدية و مخاطر الأنتكاسات التي أرقت الكثيرين تواصلوا معنا الأن للأستفسار عن أكيور، أول ليزر بالعالم يعالج أسباب حب الشباب فعلياً وليس فقط الأعراض,https://api.whatsapp.com/send,https://video.forn3-1.fna.fbcdn.net/o1/v/t2/f2/m366/AQOuNboyM4A_KirNAHt_uGR9ZUrNrLOkthT23L5H0jFG3ZKO2_AWDM_V554qOD7ernPTevpVjY5IF2iL2O3STD7pPMh4GT6qxx5Z6s8DPATmMA.mp4?_nc_cat=102&_nc_oc=Adr-qW0yrY6LNN5AdjoPUeWTEfIPTYr8Hqvq5qBDrNqwYIAgi47-PippsQR9BSXp16M&_nc_sid=b66105&_nc_ht=video.forn3-1.fna.fbcdn.net&_nc_ohc=slXY_NcrTcwQ7kNvwHDIN10&efg=eyJ2ZW5jb2RlX3RhZyI6Inhwdl9wcm9ncmVzc2l2ZS5WSV9VU0VDQVNFX1BST0RVQ1RfVFlQRS4uQzIuNzIwLmRhc2hfaDI2NC1iYXNpYy1nZW4yXzcyMHAiLCJ4cHZfYXNzZXRfaWQiOjQyOTEzOTYzMzMwODMzMCwiYXNzZXRfYWdlX2RheXMiOjY3NywidmlfdXNlY2FzZV9pZCI6MTAxMDEsImR1cmF0aW9uX3MiOjExMiwidXJsZ2VuX3NvdXJjZSI6Ind3dyJ9&ccb=17-1&vs=8004c7df582258db&_nc_vs=HBksFQIYRWZiX2VwaGVtZXJhbC9FOTQ5OEZFQjUxNzA0MkJCODZEQzIzQTdDQTQxMzFCNl9tdF8xX3ZpZGVvX2Rhc2hpbml0Lm1wNBUAAsgBEgAVAhg6cGFzc3Rocm91Z2hfZXZlcnN0b3JlL0dJU3V1QnZidF90RjRzZ0ZBSExkbjBLQzg2SkZidjRHQUFBRhUCAsgBEgAoABgAGwKIB3VzZV9vaWwBMRJwcm9ncmVzc2l2ZV9yZWNpcGUBMRUAACbUiri2m5PDARUCKAJDMiwXQFwcKPXCj1wYGWRhc2hfaDI2NC1iYXNpYy1nZW4yXzcyMHARAHUAZeqdAQA&_nc_gid=497Axl5R6q41agJxwSdzQw&_nc_ss=7a289&_nc_map=urlgen_bucketless&_nc_zt=28&oh=00_AQKfPyRIEPLwFwkILRaO7SU0dmPGf7jjL28CqN_mBsYtfA&oe=6AA6FE6A,https://www.facebook.com/ads/library/?id=1955157818497146,جهاز ازالة الشعر,2026-09-09T10:30:54+00:00
1012779194968310,EG,KIXO SOCKS,2026-07-21,50,0,50,حرام علينا نبيع الجودة دي بالسعر ده!” دي كانت أول جملة سمعناها من عملاء كتير بعد ما جربوا شرابات KIXO. 🧦🔥 💥 12 زوج شرابات قطن 90% بـ 220 جنيه فقط بدل 320 جنيه. ✅ خامة ناعمة ومريحة. ✅ قطن 90% بجودة ممتازة. ✅ فري سايز من 35 إلى 45. ✅ مناسبة للشغل، والرياضة، والاستخدام اليومي. 🔒 والأجمل؟ افتح الشحنة واتأكد من الجودة بنفسك قبل الاستلام. ولو المنتج مش مطابق لوصفنا… من حقك ترفض الاستلام بدون ما تدفع. ⏳ العرض لمدة 48 ساعة فقط. بعدها السعر هيرجع لسعره الطبيعي. 📦 اطلب دلوقتي واستلم لحد باب بيتك قبل انتهاء الخصم. | اضغط هنا للشراء,https://kixo-socks.myeasyorders.com/funnels/maklam,https://video.forn3-5.fna.fbcdn.net/o1/v/t2/f2/m366/AQPPc037Sz58wIi4WDJ_m_09I-vPI-5LXxs5HP76t2KcXMlRi7fRnAhUIvkmZB8AfN4dcVBYXLwZp3jK3CEWrwrXzCHI02CxQ6gQuFHav6IsUw.mp4?_nc_cat=107&_nc_oc=AdqJ61wF8JrBdKsW3ooy-4kxGehPGAY0qhXHOQrr12Y1RBLiS-gk2k8o8meCO1Q72X0&_nc_sid=b66105&_nc_ht=video.forn3-5.fna.fbcdn.net&_nc_ohc=RqMxrcRieMMQ7kNvwGxpoCC&efg=eyJ2ZW5jb2RlX3RhZyI6Inhwdl9wcm9ncmVzc2l2ZS5WSV9VU0VDQVNFX1BST0RVQ1RfVFlQRS4uQzMuNjA4LmRhc2hfaDI2NC1iYXNpYy1nZW4yXzcyMHAiLCJ4cHZfYXNzZXRfaWQiOjEwNTgzNzA5NTMzMjY1MzUsImFzc2V0X2FnZV9kYXlzIjo0OSwidmlfdXNlY2FzZV9pZCI6MTA3OTksImR1cmF0aW9uX3MiOjMzLCJ1cmxnZW5fc291cmNlIjoid3d3In0%3D&ccb=17-1&vs=b2e4a5d70906b0e6&_nc_vs=HBksFQIYRWZiX2VwaGVtZXJhbC9GMTQwNjhBQkRFNzVCMkIxRTcxQzcxNDk5RDk1RkI5N19tdF8xX3ZpZGVvX2Rhc2hpbml0Lm1wNBUAAsgBEgAVAhhAZmJfcGVybWFuZW50L0ZFNDAwMjU5NUZCREQ5NjQ0QzUzM0M3OEE3NTlEQTk4X2F1ZGlvX2Rhc2hpbml0Lm1wNBUCAsgBEgAoABgAGwKIB3VzZV9vaWwBMRJwcm9ncmVzc2l2ZV9yZWNpcGUBMRUAACaOv7WLpqXhAxUCKAJDMywXQEDRBiTdLxsYGWRhc2hfaDI2NC1iYXNpYy1nZW4yXzcyMHARAHUAZd6oAQA&_nc_gid=95mXcB57ow5j8o0R8yKrZw&_nc_ss=7b289&_nc_map=urlgen_bucketless&_nc_zt=28&oh=00_AQL9yODsJgYJC8r-BwYZ1A1kwmNXCW7c_Ds5QaUDV2tLDQ&oe=6AA6F111,https://www.facebook.com/ads/library/?id=1012779194968310,ساعة العرض اللي,2026-09-09T09:16:22+00:00
2246782412774449,JO,Softskin By Secretreza,2026-07-22,49,0,49,وهيدي كانت تجربتي مع سيكريت ريزا، عنجد شفت فرق كبير من أول شهرين! 👏🏻 | جهاز ازالة الشعر من المنزل 💗 | استخدام كامل للجسم 🌹,https://www.secretreza.com/,https://video.forn3-1.fna.fbcdn.net/o1/v/t2/f2/m366/AQNXyPcZILpQHe8juiy7R-aDhixPWTDiC4IxneasogGwcnFPrmi_c7Y3voBOt6ve7S_J_C3u-OtmHJF_iDVCQd7wq1EG-9XK5SIty9UIHqTVjA.mp4?_nc_cat=103&_nc_oc=AdrnAyxvICbYQdvUGCV5MuRzrMGdcuHYJHc-q9mBCG4Ymc0-9-gRct4P4DwZndq_aio&_nc_sid=b66105&_nc_ht=video.forn3-1.fna.fbcdn.net&_nc_ohc=ItjFnbdhctAQ7kNvwGyn2OV&efg=eyJ2ZW5jb2RlX3RhZyI6Inhwdl9wcm9ncmVzc2l2ZS5WSV9VU0VDQVNFX1BST0RVQ1RfVFlQRS4uQzMuNzIwLmRhc2hfaDI2NC1iYXNpYy1nZW4yXzcyMHAiLCJ4cHZfYXNzZXRfaWQiOjEwNDY3NjEyMzc4NTcyODUsImFzc2V0X2FnZV9kYXlzIjo1NCwidmlfdXNlY2FzZV9pZCI6MTA3OTksImR1cmF0aW9uX3MiOjIxLCJ1cmxnZW5fc291cmNlIjoid3d3In0%3D&ccb=17-1&vs=ed87256da7fd8b8a&_nc_vs=HBksFQIYRWZiX2VwaGVtZXJhbC8wQjQwRkZDNERFMTczOEU2QTRGMUYzQjNBQkQ2QUQ5NV9tdF8xX3ZpZGVvX2Rhc2hpbml0Lm1wNBUAAsgBEgAVAhhAZmJfcGVybWFuZW50LzI2NDVCQjFEMEUzQkJEQkVGOTk2QkRFQzdDMEQ3OEJGX2F1ZGlvX2Rhc2hpbml0Lm1wNBUCAsgBEgAoABgAGwKIB3VzZV9vaWwBMRJwcm9ncmVzc2l2ZV9yZWNpcGUBMRUAACaKkPr7woHcAxUCKAJDMywXQDXdsi0OVgQYGWRhc2hfaDI2NC1iYXNpYy1nZW4yXzcyMHARAHUAZd6oAQA&_nc_gid=TrM6QW7bTUws9Qq2gN8bCg&_nc_ss=7b289&_nc_map=urlgen_bucketless&_nc_zt=28&oh=00_AQIawdDv2NZvNGCe6Hd2gtutG4p32UMxK2E6LX6U9gyo7w&oe=6AA71C05,https://www.facebook.com/ads/library/?id=2246782412774449,كبير أول شهرين جهاز,2026-09-09T10:40:11+00:00
1003814249222814,JO,Softskin By Secretreza,2026-07-22,49,0,49,وهيدي كانت تجربتي مع سيكريت ريزا، عنجد شفت فرق كبير من أول شهرين! 👏🏻 | جهاز ازالة الشعر من المنزل 💗 | استخدام كامل للجسم🌹,https://www.secretreza.com/,https://video.forn3-5.fna.fbcdn.net/o1/v/t2/f2/m366/AQOBFJsPIXzHYzA5lXAwPYgVHuZ4NnokKDN01M_trLIN3dVJvdeynXAFec5E6CaC1yH8IKDt2cCfFo1iUpq3AFWzc6Gh21Hxm75Zoh4Wzrbvgg.mp4?_nc_cat=102&_nc_oc=AdoFrdhcQTXfMdsN5wXFsWIyrG6d1QEfvS4L07EeTSPsYOKx6bcMIpm6VDYZ3IITUNs&_nc_sid=b66105&_nc_ht=video.forn3-5.fna.fbcdn.net&_nc_ohc=C-7qaP4e2jIQ7kNvwFgicBq&efg=eyJ2ZW5jb2RlX3RhZyI6Inhwdl9wcm9ncmVzc2l2ZS5WSV9VU0VDQVNFX1BST0RVQ1RfVFlQRS4uQzMuNzIwLmRhc2hfaDI2NC1iYXNpYy1nZW4yXzcyMHAiLCJ4cHZfYXNzZXRfaWQiOjEzNTkyNDQzNjg5MDQxODIsImFzc2V0X2FnZV9kYXlzIjo1NCwidmlfdXNlY2FzZV9pZCI6MTA3OTksImR1cmF0aW9uX3MiOjI5LCJ1cmxnZW5fc291cmNlIjoid3d3In0%3D&ccb=17-1&vs=78a8d5809306bf99&_nc_vs=HBksFQIYRWZiX2VwaGVtZXJhbC9FMjQ1RTE0OTUxRDg0MDQ3QThCNjdGQUQ0Nzk3Q0Q5QV9tdF8xX3ZpZGVvX2Rhc2hpbml0Lm1wNBUAAsgBEgAVAhhAZmJfcGVybWFuZW50LzE5NEI2NTdERTcxNUMzQkQ0MEFGQUZDOUQ1MTE5MjhBX2F1ZGlvX2Rhc2hpbml0Lm1wNBUCAsgBEgAoABgAGwKIB3VzZV9vaWwBMRJwcm9ncmVzc2l2ZV9yZWNpcGUBMRUAACbs_6vct47qBBUCKAJDMywXQD0iDEm6XjUYGWRhc2hfaDI2NC1iYXNpYy1nZW4yXzcyMHARAHUAZd6oAQA&_nc_gid=TrM6QW7bTUws9Qq2gN8bCg&_nc_ss=7b289&_nc_map=urlgen_bucketless&_nc_zt=28&oh=00_AQI0KJKcXwz7xpBgl5OpGCG7HH-TzVHA99P2gvnYlrCDtA&oe=6AA7262E,https://www.facebook.com/ads/library/?id=1003814249222814,كبير أول شهرين جهاز,2026-09-09T10:40:11+00:00
1768990061187915,SY,Olivia Bio,2026-07-22,49,0,49,"😩 تعبت من الصلع أو فراغات الشعر؟ بدون عمليات مكلفة 💸 وبدون حلول معقدة! ✨ iHair سيرم طبيعي للعناية بالشعر يساعد على: ✅ تقليل تساقط الشعر تدريجيًا ✅ تحسين كثافة الشعر ومظهر الفراغات ✅ تقوية الشعر الضعيف ودعم نموه ✅ مناسب للرجال والنساء 🌿 تركيبة طبيعية غنية بمكونات فعالة للعناية بفروة الرأس والشعر. ⏳ مع الاستخدام المنتظم، يمكن ملاحظة تحسن تدريجي خلال أسابيع. 💰 وفر وقتك وأموالك مقارنة بالحلول المكلفة. 🚚 التوصيل متوفر والدفع عند الاستلام. 📩 اطلب الآن واستعد ثقتك بشعرك من جديد! 🔥 | 👇 خلال 7 إلى 14 يوم بس، الناس قامت تلاحظ فرق واضح في فراغات الشعر والذقن! | ⭐ ⭐ أكثر من 100,000 عميل جربوه وأشادوا بنتائجه المذهلة! ⭐ ⭐",https://bioluxuuryshop.mydropify.shop/lp/lp-gcc-pntcw90d,https://video.forn3-2.fna.fbcdn.net/o1/v/t2/f2/m366/AQOlW5osV1eqDy3A9B3j8lRq8PZ9nlUxbsIYsuMLGAM5ru7I-ugSky_IvpMSuC5_jOB6oLsM2MSb2gKago9X-MkqH9govMIwdgYM-jnENEbqCQ.mp4?_nc_cat=103&_nc_oc=AdoCIRblRBI_51u5uq3B5v68wpIWX87nKaJuzt8vHLjNZOPKKZzCHo5Kui_xFWqYy9o&_nc_sid=b66105&_nc_ht=video.forn3-2.fna.fbcdn.net&_nc_ohc=v5VgM6nD450Q7kNvwH_Fq6H&efg=eyJ2ZW5jb2RlX3RhZyI6Inhwdl9wcm9ncmVzc2l2ZS5WSV9VU0VDQVNFX1BST0RVQ1RfVFlQRS4uQzMuNzIwLmRhc2hfaDI2NC1iYXNpYy1nZW4yXzcyMHAiLCJ4cHZfYXNzZXRfaWQiOjIxNzE1ODMyMTcwMTc0OTksImFzc2V0X2FnZV9kYXlzIjo4OSwidmlfdXNlY2FzZV9pZCI6MTA3OTksImR1cmF0aW9uX3MiOjMzLCJ1cmxnZW5fc291cmNlIjoid3d3In0%3D&ccb=17-1&vs=dbc9239ebd2e1a44&_nc_vs=HBksFQIYRWZiX2VwaGVtZXJhbC85QzQ3MzdGNEJBNTExNzFBODM3MjQ3NkZCQjRCRkRCN19tdF8xX3ZpZGVvX2Rhc2hpbml0Lm1wNBUAAsgBEgAVAhhAZmJfcGVybWFuZW50LzcxNEUxREIwQzlCRTBDNURBMzQyRTk5MUEzMTgwODgyX2F1ZGlvX2Rhc2hpbml0Lm1wNBUCAsgBEgAoABgAGwKIB3VzZV9vaWwBMRJwcm9ncmVzc2l2ZV9yZWNpcGUBMRUAACa2ioHk48LbBxUCKAJDMywXQECEOVgQYk4YGWRhc2hfaDI2NC1iYXNpYy1nZW4yXzcyMHARAHUAZd6oAQA&_nc_gid=btCawUrwfHlsh1eXdySsIQ&_nc_ss=7a289&_nc_map=urlgen_bucketless&_nc_zt=28&oh=00_AQLP-s2PPXh6r0WpLFBGxLGJeQ7SOzt9D1ECST6jgYhOkg&oe=6AA712CD,https://www.facebook.com/ads/library/?id=1768990061187915,للعناية سيروم,2026-09-09T09:56:38+00:00
1539350751315808,OM,CozmaZone,2026-07-22,49,0,49,تبين بشرتك وجلدك يرجع لهم الارتواء والنضارة؟ السر مو بكثرة الكريمات.. 👀 الاستثمار الصح يبدأ من الداخل! كوزما كولاجين البحري عالي الامتصاص يختصر عليكِ المشوار، بتركيبته الكورية الذكية المدعمة بالهيالورونيك أسيد وفيتامين سي، مو بس عشان مرونة البشرة وصحتها، حتى صحة المفاصل والعظام بتفرق معك بشكل تلاحظينه في حركتك يومياً. ابدئي كورس كوزما كولاجين اليوم وشوفي النتيجة بنفسك!✨ #كوزما_كولاجين #كولاجين_بحري #مرونة_البشرة #صحة_المفاصل | جرّبي كوزما كولاجين وشوفي كيف بشرتك وصحتك بتفرق معك✨,https://cozmazone.com/ar/%D9%85%D9%86%D8%AA%D8%AC%D8%A7%D8%AA-%D9%83%D9%88%D8%B1%D9%8A%D8%A9/c1527365339,https://video.forn3-5.fna.fbcdn.net/o1/v/t2/f2/m366/AQOarw2lFV739RuAn6rfLYafr1dea3Skw_d-PS1hrYIHDpRDaH089M-XWy0ag504I2E0HBDJmJSvpf1mrKqP0zz-GwKP0qxB_z2o8wUxmbCWzA.mp4?_nc_cat=104&_nc_oc=AdorIrqtxS7DkvrI3ijchZWyJd8X6icnj6yXJXbzUAj5UtmzVRwvAbCd4th6P0C-2Y8&_nc_sid=b66105&_nc_ht=video.forn3-5.fna.fbcdn.net&_nc_ohc=FG36sLzNIDQQ7kNvwHOyEQ8&efg=eyJ2ZW5jb2RlX3RhZyI6Inhwdl9wcm9ncmVzc2l2ZS5WSV9VU0VDQVNFX1BST0RVQ1RfVFlQRS4uQzMuNzIwLmRhc2hfaDI2NC1iYXNpYy1nZW4yXzcyMHAiLCJ4cHZfYXNzZXRfaWQiOjE1ODE4ODQ3NjAwODI0MDYsImFzc2V0X2FnZV9kYXlzIjo4NSwidmlfdXNlY2FzZV9pZCI6MTAxMzksImR1cmF0aW9uX3MiOjE2MCwidXJsZ2VuX3NvdXJjZSI6Ind3dyJ9&ccb=17-1&vs=49cf1d85bc674a93&_nc_vs=HBksFQIYRWZiX2VwaGVtZXJhbC80ODQ2Mjg3RUFFRjdFNDM0MzREMTlCOThFMzg1ODI4QV9tdF8xX3ZpZGVvX2Rhc2hpbml0Lm1wNBUAAsgBEgAVAhhAZmJfcGVybWFuZW50LzQ5NEVFQzRDMUM2Q0U2NEJFRDJGNzRGNjhGODY0QkEwX2F1ZGlvX2Rhc2hpbml0Lm1wNBUCAsgBEgAoABgAGwKIB3VzZV9vaWwBMRJwcm9ncmVzc2l2ZV9yZWNpcGUBMRUAACbMn5rz563PBRUCKAJDMywXQGQap--dsi0YGWRhc2hfaDI2NC1iYXNpYy1nZW4yXzcyMHARAHUAZbaeAQA&_nc_gid=Qb47ypCcsDgudXi9JYE_9Q&_nc_ss=7b289&_nc_map=urlgen_bucketless&_nc_zt=28&oh=00_AQLh-9kG35Qb0oEgrOdhWTEGXP0OcBojqSmt_OZWm81R9g&oe=6AA70230,https://www.facebook.com/ads/library/?id=1539350751315808,الكريمات اللي,2026-09-09T09:28:32+00:00
1569319284604452,JO,WaffarX,2026-07-22,49,0,49,👑 ملوك الكاش باك رجعوا من تاني! الموسم الجديد مليان مفاجآت… وأسئلة هتكشف كل حاجة! 🔎 أبطالنا تحت الاختبار: بيشتروا إيه؟ بيوفروا كام؟ وفاهمين WaffarX قد إيه؟ اتفرج، ركز، يمكن تكون إنت ملك الكاش باك الجاي 😎💵 أول ملك معانا محمد ضياء، كنا عارفين إن إحنا هنتفاجئ بتفاصيل كتير بس اللي حصل ماكانش في حساباتنا! اتفرج على الحلقة الأولى دلوقتي، ووفر دايما مع WaffarX! 😉 #كاش_باك_مبيخلصش #WaffarX #ملوك_الكاش_باك #waffarx #cashback #Waffarx #Cashback #كاش_باك #كاش_باك_كاش_معاك #وفراكس #وفرإكس | 👑 ملوك الكاش باك رجعوا من تاني!,https://www.waffarx.com/app,https://video.forn3-6.fna.fbcdn.net/o1/v/t2/f2/m412/AQO8QinI5elTWBMz2p4AsFQ-9G4zJt9w_BHkck0dx6Qrpr_4m_PilpWfjcuYecoP5TkDpYXDGZs8xxPdqupZzLlz.mp4?_nc_cat=100&_nc_oc=AdrsHa_9AXwm1ZrjgNCck7iHcB5VwSXr8tO3W5degvM6hDi4ohOLOFLN9qreoIalHmw&_nc_sid=ef5aa3&_nc_ht=video.forn3-6.fna.fbcdn.net&_nc_ohc=fksU1AzDArsQ7kNvwEm6ico&efg=eyJ2ZW5jb2RlX3RhZyI6Inhwdl9wcm9ncmVzc2l2ZS5WSV9VU0VDQVNFX1BST0RVQ1RfVFlQRS4uQzMuMzYwLnN2ZV9zZCIsInhwdl9hc3NldF9pZCI6NTQ1MDA2NTc4NjkzNzUwLCJhc3NldF9hZ2VfZGF5cyI6NDQyLCJ2aV91c2VjYXNlX2lkIjoxMjM3MywiZHVyYXRpb25fcyI6Nzg1LCJ1cmxnZW5fc291cmNlIjoid3d3In0%3D&ccb=17-1&_nc_gid=irtyDX8J64Xxey-QH28dgg&_nc_ss=7b289&_nc_map=urlgen_bucketless&_nc_zt=28&oh=00_AQKyOWWz35UYCPoSQLP7V9m2M1SteDYnx-0u5hVEwaf09A&oe=6AA6E47D,https://www.facebook.com/ads/library/?id=1569319284604452,لمدة ساعة بس لو,2026-09-09T09:06:13+00:00
1057591156740606,EG,Isohydrin Egypt ,2026-07-21,49,0,49,من Isohydrin،خطوتين بس هيفرقوا في روتين بشرتك. هتقدري تسيطري على الحبوب والدهون مع Hydra Clear Cleansing Foam اللي بينظف المسام بعمق، وبيحتوي على الـ Salicylic Acid اللي بيعمل تقشير لطيف عشان يشيل الخلايا الميتة ويمنع ظهور حبوب جديدة، بجانب الـ Niacinamide اللي بيساعد في تنظيم إفراز الدهون ويقلل الرؤوس السوداء. كملي خطوتك العلاجية مع Hydra Clear Purifying Gel المصمم مخصوص عشان يعالج حبوب تحت الجلد، يضيع آثار الحبوب، ويقضي على الرؤوس السوداء لبشرة صافية خالية من العيوب اطلبى دلوقتى https://isohydrin.com/collections/mixed-oily-acne-prone-skin | isohydrin هتقدري تسيطري على الحبوب والدهون مع,https://isohydrin.com/collections/mixed-oily-acne-prone-skin,https://video.forn3-2.fna.fbcdn.net/o1/v/t2/f2/m366/AQP65s4vnWFE1CixmnzKqmEUGBJy6b42YFsUoGnxKGsjRxiCZtukmvqmIfGD1zmmuIUSp0HQYA2Jb4ipF4hymW54DZqdYsaiP4n_6BO1kJR3JA.mp4?_nc_cat=101&_nc_oc=AdpfcBUTqMzXlBHxS5qM7RoFpBiVv4Vyr8BK_eh9W8LEsM14HCxRZdufbQtq0Du-6xI&_nc_sid=b66105&_nc_ht=video.forn3-2.fna.fbcdn.net&_nc_ohc=ZFgNpAZ5MDUQ7kNvwHc_Ld-&efg=eyJ2ZW5jb2RlX3RhZyI6Inhwdl9wcm9ncmVzc2l2ZS5WSV9VU0VDQVNFX1BST0RVQ1RfVFlQRS4uQzMuNzIwLmRhc2hfaDI2NC1iYXNpYy1nZW4yXzcyMHAiLCJ4cHZfYXNzZXRfaWQiOjQwNTY5MTIzMDQ0NTI0MTcsImFzc2V0X2FnZV9kYXlzIjoxMDcsInZpX3VzZWNhc2VfaWQiOjEyMzczLCJkdXJhdGlvbl9zIjo4NSwidXJsZ2VuX3NvdXJjZSI6Ind3dyJ9&ccb=17-1&vs=b473e5fc12a2838c&_nc_vs=HBksFQIYRWZiX2VwaGVtZXJhbC81NjRCMUExREE3M0VCOThBQkI5NTg3Rjg0RkE1NkE4NF9tdF8xX3ZpZGVvX2Rhc2hpbml0Lm1wNBUAAsgBEgAVAhhAZmJfcGVybWFuZW50LzhDNDZDRTZDQjU1QUU0RTM3RDQ4OERENTQ5QjM1MDk3X2F1ZGlvX2Rhc2hpbml0Lm1wNBUCAsgBEgAoABgAGwKIB3VzZV9vaWwBMRJwcm9ncmVzc2l2ZV9yZWNpcGUBMRUAACaCzdWMsO-0DhUCKAJDMywXQFVDQ5WBBiUYGWRhc2hfaDI2NC1iYXNpYy1nZW4yXzcyMHARAHUAZarBAQA&_nc_gid=tQduCzYr8t7gJRVYeOHhGA&_nc_ss=7b289&_nc_map=urlgen_bucketless&_nc_zt=28&oh=00_AQKKS1b-5BplnZL2DOFWW8TwDlpCMAyPwvr1L4uxLMep9w&oe=6AA69B0B,https://www.facebook.com/ads/library/?id=1057591156740606,الحبوب الناتجة عن العرق,2026-09-09T04:21:42+00:00
1752224299462523,EG,Blanco Store,2026-07-23,48,0,48,التجاعيد مش لازم تكمل ✋ سيروم ببتيدات النحاس الأزرق بيحارب علامات السن قبل ما تظهر: ✔️ خطوط الجبهة ✔️ تجاعيد العين ✔️ فقدان مرونة البشرة 🌊 عناية ذكية ببشرتك ⚡ الكمية محدودة جدًا احجزي دلوقتي واستمتعي ببشرة مشدودة ومشرقة 👇 | خصم 50 % وشحن مجاني - لفترة محدودة 🚨 | ا العرض لأول 20 عميل فقط,https://www.blancoonlines.com/products/Facelif-serum#,https://video.forn3-6.fna.fbcdn.net/o1/v/t2/f2/m366/AQMPMJPhNq9TH2WXt6abq65tcREC4rJzdBsMrQBQkWty1I72hosgQ6Vvw3lZUbvlYDvS4vhYg_m1CYmAVGf7tXE9uCnC6wgww_kneLiK0gxj7w.mp4?_nc_cat=100&_nc_oc=AdqdhojznYW-2y6L3yXnFrHwcCadLhHZlGaXhsMBzU3-CJWdHqN-LQRo_25ADwL8pAY&_nc_sid=b66105&_nc_ht=video.forn3-6.fna.fbcdn.net&_nc_ohc=hb4XAeFBmGEQ7kNvwF7Iud4&efg=eyJ2ZW5jb2RlX3RhZyI6Inhwdl9wcm9ncmVzc2l2ZS5WSV9VU0VDQVNFX1BST0RVQ1RfVFlQRS4uQzMuNTQwLmRhc2hfaDI2NC1iYXNpYy1nZW4yXzcyMHAiLCJ4cHZfYXNzZXRfaWQiOjE5ODMzNDI1ODU4NzI5MzcsImFzc2V0X2FnZV9kYXlzIjoyMzUsInZpX3VzZWNhc2VfaWQiOjEwNzk5LCJkdXJhdGlvbl9zIjozMSwidXJsZ2VuX3NvdXJjZSI6Ind3dyJ9&ccb=17-1&vs=4f457dd1dc2255b7&_nc_vs=HBksFQIYRWZiX2VwaGVtZXJhbC82MDQxNzZCN0ZDN0Y5MTdCQzhBNDRGNERBOERGQTk5Ql9tdF8xX3ZpZGVvX2Rhc2hpbml0Lm1wNBUAAsgBEgAVAhhAZmJfcGVybWFuZW50LzQxNEM4MjdEMjZGMDM2NDIzODBCRUMzQ0U4RDFEQ0FBX2F1ZGlvX2Rhc2hpbml0Lm1wNBUCAsgBEgAoABgAGwKIB3VzZV9vaWwBMRJwcm9ncmVzc2l2ZV9yZWNpcGUBMRUAACbSiOTk3fWFBxUCKAJDMywXQD8iDEm6XjUYGWRhc2hfaDI2NC1iYXNpYy1nZW4yXzcyMHARAHUAZd6oAQA&_nc_gid=IepG-5DYjIy-vZ_InvTAxw&_nc_ss=7b289&_nc_map=urlgen_bucketless&_nc_zt=28&oh=00_AQK-MsRBy4eky9xeYhedPnChsbAi4aXvdC4aZi8YKs4ZFA&oe=6AA730C0,https://www.facebook.com/ads/library/?id=1752224299462523,تكمل سيروم ببتيدات,2026-09-09T11:43:18+00:00
1357259136561924,EG,Blanco Store,2026-07-23,48,0,48,التجاعيد مش لازم تكمل ✋ سيروم ببتيدات النحاس الأزرق بيحارب علامات السن قبل ما تظهر: ✔️ خطوط الجبهة ✔️ تجاعيد العين ✔️ فقدان مرونة البشرة 🌊 عناية ذكية ببشرتك ⚡ الكمية محدودة جدًا احجزي دلوقتي واستمتعي ببشرة مشدودة ومشرقة 👇 | خصم 50 % وشحن مجاني - لفترة محدودة 🚨 | ا العرض لأول 20 عميل فقط,https://www.blancoonlines.com/products/Facelif-serum#,https://video.forn3-6.fna.fbcdn.net/o1/v/t2/f2/m366/AQMPMJPhNq9TH2WXt6abq65tcREC4rJzdBsMrQBQkWty1I72hosgQ6Vvw3lZUbvlYDvS4vhYg_m1CYmAVGf7tXE9uCnC6wgww_kneLiK0gxj7w.mp4?_nc_cat=100&_nc_oc=AdqdhojznYW-2y6L3yXnFrHwcCadLhHZlGaXhsMBzU3-CJWdHqN-LQRo_25ADwL8pAY&_nc_sid=b66105&_nc_ht=video.forn3-6.fna.fbcdn.net&_nc_ohc=hb4XAeFBmGEQ7kNvwF7Iud4&efg=eyJ2ZW5jb2RlX3RhZyI6Inhwdl9wcm9ncmVzc2l2ZS5WSV9VU0VDQVNFX1BST0RVQ1RfVFlQRS4uQzMuNTQwLmRhc2hfaDI2NC1iYXNpYy1nZW4yXzcyMHAiLCJ4cHZfYXNzZXRfaWQiOjE5ODMzNDI1ODU4NzI5MzcsImFzc2V0X2FnZV9kYXlzIjoyMzUsInZpX3VzZWNhc2VfaWQiOjEwNzk5LCJkdXJhdGlvbl9zIjozMSwidXJsZ2VuX3NvdXJjZSI6Ind3dyJ9&ccb=17-1&vs=4f457dd1dc2255b7&_nc_vs=HBksFQIYRWZiX2VwaGVtZXJhbC82MDQxNzZCN0ZDN0Y5MTdCQzhBNDRGNERBOERGQTk5Ql9tdF8xX3ZpZGVvX2Rhc2hpbml0Lm1wNBUAAsgBEgAVAhhAZmJfcGVybWFuZW50LzQxNEM4MjdEMjZGMDM2NDIzODBCRUMzQ0U4RDFEQ0FBX2F1ZGlvX2Rhc2hpbml0Lm1wNBUCAsgBEgAoABgAGwKIB3VzZV9vaWwBMRJwcm9ncmVzc2l2ZV9yZWNpcGUBMRUAACbSiOTk3fWFBxUCKAJDMywXQD8iDEm6XjUYGWRhc2hfaDI2NC1iYXNpYy1nZW4yXzcyMHARAHUAZd6oAQA&_nc_gid=IepG-5DYjIy-vZ_InvTAxw&_nc_ss=7b289&_nc_map=urlgen_bucketless&_nc_zt=28&oh=00_AQK-MsRBy4eky9xeYhedPnChsbAi4aXvdC4aZi8YKs4ZFA&oe=6AA730C0,https://www.facebook.com/ads/library/?id=1357259136561924,تكمل سيروم ببتيدات,2026-09-09T11:43:18+00:00
1971818336660177,EG,Blanco Store,2026-07-23,48,0,48,التجاعيد مش لازم تكمل ✋ سيروم ببتيدات النحاس الأزرق بيحارب علامات السن قبل ما تظهر: ✔️ خطوط الجبهة ✔️ تجاعيد العين ✔️ فقدان مرونة البشرة 🌊 عناية ذكية ببشرتك ⚡ الكمية محدودة جدًا احجزي دلوقتي واستمتعي ببشرة مشدودة ومشرقة 👇 | خصم 50 % وشحن مجاني - لفترة محدودة 🚨 | ا العرض لأول 20 عميل فقط,https://www.blancoonlines.com/products/Facelif-serum#,https://video.forn3-6.fna.fbcdn.net/o1/v/t2/f2/m366/AQMPMJPhNq9TH2WXt6abq65tcREC4rJzdBsMrQBQkWty1I72hosgQ6Vvw3lZUbvlYDvS4vhYg_m1CYmAVGf7tXE9uCnC6wgww_kneLiK0gxj7w.mp4?_nc_cat=100&_nc_oc=AdqdhojznYW-2y6L3yXnFrHwcCadLhHZlGaXhsMBzU3-CJWdHqN-LQRo_25ADwL8pAY&_nc_sid=b66105&_nc_ht=video.forn3-6.fna.fbcdn.net&_nc_ohc=hb4XAeFBmGEQ7kNvwF7Iud4&efg=eyJ2ZW5jb2RlX3RhZyI6Inhwdl9wcm9ncmVzc2l2ZS5WSV9VU0VDQVNFX1BST0RVQ1RfVFlQRS4uQzMuNTQwLmRhc2hfaDI2NC1iYXNpYy1nZW4yXzcyMHAiLCJ4cHZfYXNzZXRfaWQiOjE5ODMzNDI1ODU4NzI5MzcsImFzc2V0X2FnZV9kYXlzIjoyMzUsInZpX3VzZWNhc2VfaWQiOjEwNzk5LCJkdXJhdGlvbl9zIjozMSwidXJsZ2VuX3NvdXJjZSI6Ind3dyJ9&ccb=17-1&vs=4f457dd1dc2255b7&_nc_vs=HBksFQIYRWZiX2VwaGVtZXJhbC82MDQxNzZCN0ZDN0Y5MTdCQzhBNDRGNERBOERGQTk5Ql9tdF8xX3ZpZGVvX2Rhc2hpbml0Lm1wNBUAAsgBEgAVAhhAZmJfcGVybWFuZW50LzQxNEM4MjdEMjZGMDM2NDIzODBCRUMzQ0U4RDFEQ0FBX2F1ZGlvX2Rhc2hpbml0Lm1wNBUCAsgBEgAoABgAGwKIB3VzZV9vaWwBMRJwcm9ncmVzc2l2ZV9yZWNpcGUBMRUAACbSiOTk3fWFBxUCKAJDMywXQD8iDEm6XjUYGWRhc2hfaDI2NC1iYXNpYy1nZW4yXzcyMHARAHUAZd6oAQA&_nc_gid=IepG-5DYjIy-vZ_InvTAxw&_nc_ss=7b289&_nc_map=urlgen_bucketless&_nc_zt=28&oh=00_AQK-MsRBy4eky9xeYhedPnChsbAi4aXvdC4aZi8YKs4ZFA&oe=6AA730C0,https://www.facebook.com/ads/library/?id=1971818336660177,تكمل سيروم ببتيدات,2026-09-09T11:43:18+00:00
2235357007218976,EG,Blanco Store,2026-07-23,48,0,48,التجاعيد مش لازم تكمل ✋ سيروم ببتيدات النحاس الأزرق بيحارب علامات السن قبل ما تظهر: ✔️ خطوط الجبهة ✔️ تجاعيد العين ✔️ فقدان مرونة البشرة 🌊 عناية ذكية ببشرتك ⚡ الكمية محدودة جدًا احجزي دلوقتي واستمتعي ببشرة مشدودة ومشرقة 👇 | خصم 50 % وشحن مجاني - لفترة محدودة 🚨 | ا العرض لأول 20 عميل فقط,https://www.blancoonlines.com/products/Facelif-serum#,https://video.forn3-6.fna.fbcdn.net/o1/v/t2/f2/m366/AQMPMJPhNq9TH2WXt6abq65tcREC4rJzdBsMrQBQkWty1I72hosgQ6Vvw3lZUbvlYDvS4vhYg_m1CYmAVGf7tXE9uCnC6wgww_kneLiK0gxj7w.mp4?_nc_cat=100&_nc_oc=AdqdhojznYW-2y6L3yXnFrHwcCadLhHZlGaXhsMBzU3-CJWdHqN-LQRo_25ADwL8pAY&_nc_sid=b66105&_nc_ht=video.forn3-6.fna.fbcdn.net&_nc_ohc=hb4XAeFBmGEQ7kNvwF7Iud4&efg=eyJ2ZW5jb2RlX3RhZyI6Inhwdl9wcm9ncmVzc2l2ZS5WSV9VU0VDQVNFX1BST0RVQ1RfVFlQRS4uQzMuNTQwLmRhc2hfaDI2NC1iYXNpYy1nZW4yXzcyMHAiLCJ4cHZfYXNzZXRfaWQiOjE5ODMzNDI1ODU4NzI5MzcsImFzc2V0X2FnZV9kYXlzIjoyMzUsInZpX3VzZWNhc2VfaWQiOjEwNzk5LCJkdXJhdGlvbl9zIjozMSwidXJsZ2VuX3NvdXJjZSI6Ind3dyJ9&ccb=17-1&vs=4f457dd1dc2255b7&_nc_vs=HBksFQIYRWZiX2VwaGVtZXJhbC82MDQxNzZCN0ZDN0Y5MTdCQzhBNDRGNERBOERGQTk5Ql9tdF8xX3ZpZGVvX2Rhc2hpbml0Lm1wNBUAAsgBEgAVAhhAZmJfcGVybWFuZW50LzQxNEM4MjdEMjZGMDM2NDIzODBCRUMzQ0U4RDFEQ0FBX2F1ZGlvX2Rhc2hpbml0Lm1wNBUCAsgBEgAoABgAGwKIB3VzZV9vaWwBMRJwcm9ncmVzc2l2ZV9yZWNpcGUBMRUAACbSiOTk3fWFBxUCKAJDMywXQD8iDEm6XjUYGWRhc2hfaDI2NC1iYXNpYy1nZW4yXzcyMHARAHUAZd6oAQA&_nc_gid=IepG-5DYjIy-vZ_InvTAxw&_nc_ss=7b289&_nc_map=urlgen_bucketless&_nc_zt=28&oh=00_AQK-MsRBy4eky9xeYhedPnChsbAi4aXvdC4aZi8YKs4ZFA&oe=6AA730C0,https://www.facebook.com/ads/library/?id=2235357007218976,تكمل سيروم ببتيدات,2026-09-09T11:43:18+00:00
1031407469645638,EG,Blanco Store,2026-07-23,48,0,48,التجاعيد مش لازم تكمل ✋ سيروم ببتيدات النحاس الأزرق بيحارب علامات السن قبل ما تظهر: ✔️ خطوط الجبهة ✔️ تجاعيد العين ✔️ فقدان مرونة البشرة 🌊 عناية ذكية ببشرتك ⚡ الكمية محدودة جدًا احجزي دلوقتي واستمتعي ببشرة مشدودة ومشرقة 👇 | خصم 50 % وشحن مجاني - لفترة محدودة 🚨 | ا العرض لأول 20 عميل فقط,https://www.blancoonlines.com/products/Facelif-serum#,https://video.forn3-6.fna.fbcdn.net/o1/v/t2/f2/m366/AQMPMJPhNq9TH2WXt6abq65tcREC4rJzdBsMrQBQkWty1I72hosgQ6Vvw3lZUbvlYDvS4vhYg_m1CYmAVGf7tXE9uCnC6wgww_kneLiK0gxj7w.mp4?_nc_cat=100&_nc_oc=AdqdhojznYW-2y6L3yXnFrHwcCadLhHZlGaXhsMBzU3-CJWdHqN-LQRo_25ADwL8pAY&_nc_sid=b66105&_nc_ht=video.forn3-6.fna.fbcdn.net&_nc_ohc=hb4XAeFBmGEQ7kNvwF7Iud4&efg=eyJ2ZW5jb2RlX3RhZyI6Inhwdl9wcm9ncmVzc2l2ZS5WSV9VU0VDQVNFX1BST0RVQ1RfVFlQRS4uQzMuNTQwLmRhc2hfaDI2NC1iYXNpYy1nZW4yXzcyMHAiLCJ4cHZfYXNzZXRfaWQiOjE5ODMzNDI1ODU4NzI5MzcsImFzc2V0X2FnZV9kYXlzIjoyMzUsInZpX3VzZWNhc2VfaWQiOjEwNzk5LCJkdXJhdGlvbl9zIjozMSwidXJsZ2VuX3NvdXJjZSI6Ind3dyJ9&ccb=17-1&vs=4f457dd1dc2255b7&_nc_vs=HBksFQIYRWZiX2VwaGVtZXJhbC82MDQxNzZCN0ZDN0Y5MTdCQzhBNDRGNERBOERGQTk5Ql9tdF8xX3ZpZGVvX2Rhc2hpbml0Lm1wNBUAAsgBEgAVAhhAZmJfcGVybWFuZW50LzQxNEM4MjdEMjZGMDM2NDIzODBCRUMzQ0U4RDFEQ0FBX2F1ZGlvX2Rhc2hpbml0Lm1wNBUCAsgBEgAoABgAGwKIB3VzZV9vaWwBMRJwcm9ncmVzc2l2ZV9yZWNpcGUBMRUAACbSiOTk3fWFBxUCKAJDMywXQD8iDEm6XjUYGWRhc2hfaDI2NC1iYXNpYy1nZW4yXzcyMHARAHUAZd6oAQA&_nc_gid=IepG-5DYjIy-vZ_InvTAxw&_nc_ss=7b289&_nc_map=urlgen_bucketless&_nc_zt=28&oh=00_AQK-MsRBy4eky9xeYhedPnChsbAi4aXvdC4aZi8YKs4ZFA&oe=6AA730C0,https://www.facebook.com/ads/library/?id=1031407469645638,تكمل سيروم ببتيدات,2026-09-09T11:43:18+00:00
1034011022337008,EG,Blanco Store,2026-07-23,48,0,48,التجاعيد مش لازم تكمل ✋ سيروم ببتيدات النحاس الأزرق بيحارب علامات السن قبل ما تظهر: ✔️ خطوط الجبهة ✔️ تجاعيد العين ✔️ فقدان مرونة البشرة 🌊 عناية ذكية ببشرتك ⚡ الكمية محدودة جدًا احجزي دلوقتي واستمتعي ببشرة مشدودة ومشرقة 👇 | عشان وقتك غالي وبشرتك تستاهل 👌 | الكمية محدودة جدًا ❌,https://www.blancoonlines.com/products/Facelif-serum#,https://video.forn3-1.fna.fbcdn.net/o1/v/t2/f2/m366/AQOvH82H9_EwnPRDCYoqy-0tZYpNJbwjgL_adMbJ84FDVWSAQD7AjLb1eJ75M8FX2IS_SV_V1G_4joGziS0kxZBZId65tkDmMTBG92bcl7fnlg.mp4?_nc_cat=102&_nc_oc=AdosPsQYo0icFkN1-lh5rurnBajNOhjgXCnyi0BtGR9nyWMJBJK171--NcX-k3INhSI&_nc_sid=b66105&_nc_ht=video.forn3-1.fna.fbcdn.net&_nc_ohc=pkH95mMS3uIQ7kNvwHYM0fX&efg=eyJ2ZW5jb2RlX3RhZyI6Inhwdl9wcm9ncmVzc2l2ZS5WSV9VU0VDQVNFX1BST0RVQ1RfVFlQRS4uQzMuNzIwLmRhc2hfaDI2NC1iYXNpYy1nZW4yXzcyMHAiLCJ4cHZfYXNzZXRfaWQiOjE5NzIxMDUyOTcwMDUzOTksImFzc2V0X2FnZV9kYXlzIjoxNTMsInZpX3VzZWNhc2VfaWQiOjEwNzk5LCJkdXJhdGlvbl9zIjoyNiwidXJsZ2VuX3NvdXJjZSI6Ind3dyJ9&ccb=17-1&vs=d1f8175f3cecaed2&_nc_vs=HBksFQIYRWZiX2VwaGVtZXJhbC9GQjQ4NzkyNzY5MzE0MzE5QUZCMTI5M0ZBNTZCMkNBNF9tdF8xX3ZpZGVvX2Rhc2hpbml0Lm1wNBUAAsgBEgAVAhhAZmJfcGVybWFuZW50LzI5NDc1RkEwMjgwNjZCQzRGMTQwODEwRkZFRjgwN0I0X2F1ZGlvX2Rhc2hpbml0Lm1wNBUCAsgBEgAoABgAGwKIB3VzZV9vaWwBMRJwcm9ncmVzc2l2ZV9yZWNpcGUBMRUAACaurYC70eeABxUCKAJDMywXQDr3S8an754YGWRhc2hfaDI2NC1iYXNpYy1nZW4yXzcyMHARAHUAZd6oAQA&_nc_gid=IepG-5DYjIy-vZ_InvTAxw&_nc_ss=7b289&_nc_map=urlgen_bucketless&_nc_zt=28&oh=00_AQI5B0xqRctJzubCTXE7ypKhBSrfrcSIpoeYIh2Z0Ous-Q&oe=6AA70EAA,https://www.facebook.com/ads/library/?id=1034011022337008,تكمل سيروم ببتيدات,2026-09-09T11:43:18+00:00
1822868465759289,EG,Blanco Store,2026-07-23,48,0,48,التجاعيد مش لازم تكمل ✋ سيروم ببتيدات النحاس الأزرق بيحارب علامات السن قبل ما تظهر: ✔️ خطوط الجبهة ✔️ تجاعيد العين ✔️ فقدان مرونة البشرة 🌊 عناية ذكية ببشرتك ⚡ الكمية محدودة جدًا احجزي دلوقتي واستمتعي ببشرة مشدودة ومشرقة 👇 | عشان وقتك غالي وبشرتك تستاهل 👌 | الكمية محدودة جدًا ❌,https://www.blancoonlines.com/products/Facelif-serum#,https://video.forn3-1.fna.fbcdn.net/o1/v/t2/f2/m366/AQOvH82H9_EwnPRDCYoqy-0tZYpNJbwjgL_adMbJ84FDVWSAQD7AjLb1eJ75M8FX2IS_SV_V1G_4joGziS0kxZBZId65tkDmMTBG92bcl7fnlg.mp4?_nc_cat=102&_nc_oc=AdosPsQYo0icFkN1-lh5rurnBajNOhjgXCnyi0BtGR9nyWMJBJK171--NcX-k3INhSI&_nc_sid=b66105&_nc_ht=video.forn3-1.fna.fbcdn.net&_nc_ohc=pkH95mMS3uIQ7kNvwHYM0fX&efg=eyJ2ZW5jb2RlX3RhZyI6Inhwdl9wcm9ncmVzc2l2ZS5WSV9VU0VDQVNFX1BST0RVQ1RfVFlQRS4uQzMuNzIwLmRhc2hfaDI2NC1iYXNpYy1nZW4yXzcyMHAiLCJ4cHZfYXNzZXRfaWQiOjE5NzIxMDUyOTcwMDUzOTksImFzc2V0X2FnZV9kYXlzIjoxNTMsInZpX3VzZWNhc2VfaWQiOjEwNzk5LCJkdXJhdGlvbl9zIjoyNiwidXJsZ2VuX3NvdXJjZSI6Ind3dyJ9&ccb=17-1&vs=d1f8175f3cecaed2&_nc_vs=HBksFQIYRWZiX2VwaGVtZXJhbC9GQjQ4NzkyNzY5MzE0MzE5QUZCMTI5M0ZBNTZCMkNBNF9tdF8xX3ZpZGVvX2Rhc2hpbml0Lm1wNBUAAsgBEgAVAhhAZmJfcGVybWFuZW50LzI5NDc1RkEwMjgwNjZCQzRGMTQwODEwRkZFRjgwN0I0X2F1ZGlvX2Rhc2hpbml0Lm1wNBUCAsgBEgAoABgAGwKIB3VzZV9vaWwBMRJwcm9ncmVzc2l2ZV9yZWNpcGUBMRUAACaurYC70eeABxUCKAJDMywXQDr3S8an754YGWRhc2hfaDI2NC1iYXNpYy1nZW4yXzcyMHARAHUAZd6oAQA&_nc_gid=IepG-5DYjIy-vZ_InvTAxw&_nc_ss=7b289&_nc_map=urlgen_bucketless&_nc_zt=28&oh=00_AQI5B0xqRctJzubCTXE7ypKhBSrfrcSIpoeYIh2Z0Ous-Q&oe=6AA70EAA,https://www.facebook.com/ads/library/?id=1822868465759289,تكمل سيروم ببتيدات,2026-09-09T11:43:18+00:00
1434287598529948,EG,Blanco Store,2026-07-23,48,0,48,التجاعيد مش لازم تكمل ✋ سيروم ببتيدات النحاس الأزرق بيحارب علامات السن قبل ما تظهر: ✔️ خطوط الجبهة ✔️ تجاعيد العين ✔️ فقدان مرونة البشرة 🌊 عناية ذكية ببشرتك ⚡ الكمية محدودة جدًا احجزي دلوقتي واستمتعي ببشرة مشدودة ومشرقة 👇 | عشان وقتك غالي وبشرتك تستاهل 👌 | الكمية محدودة جدًا ❌,https://www.blancoonlines.com/products/Facelif-serum#,https://video.forn3-6.fna.fbcdn.net/o1/v/t2/f2/m366/AQOtERF4wJeromYxWCnLMBlIMnMTl3cQL4kDcwpX1wr7uTTVrIcKGrBmEjiNB5MHBJN2HiTPk_Gj60dxgxJAzBg46yOE1wquNfKpvyodnTIKAA.mp4?_nc_cat=100&_nc_oc=AdpIZlzc6ghr2X-HVAV28937u9s1AwDpo4A0MVkmtOE0NVI2wWNxib4vX59Fn15lBeU&_nc_sid=b66105&_nc_ht=video.forn3-6.fna.fbcdn.net&_nc_ohc=F_CGIu6Quv8Q7kNvwG_LpvD&efg=eyJ2ZW5jb2RlX3RhZyI6Inhwdl9wcm9ncmVzc2l2ZS5WSV9VU0VDQVNFX1BST0RVQ1RfVFlQRS4uQzMuNzIwLmRhc2hfaDI2NC1iYXNpYy1nZW4yXzcyMHAiLCJ4cHZfYXNzZXRfaWQiOjE1NDg0MjI4NDM5NTcwMTksImFzc2V0X2FnZV9kYXlzIjoxNTMsInZpX3VzZWNhc2VfaWQiOjEwNzk5LCJkdXJhdGlvbl9zIjoxMywidXJsZ2VuX3NvdXJjZSI6Ind3dyJ9&ccb=17-1&vs=55279c31c1fd6507&_nc_vs=HBksFQIYRWZiX2VwaGVtZXJhbC82MjQ5RDY5MEY5MURBNDExMEQyQkY3M0Y2NzM1OTdBRF9tdF8xX3ZpZGVvX2Rhc2hpbml0Lm1wNBUAAsgBEgAVAhhAZmJfcGVybWFuZW50Lzk1NDVEMjQyRTI4OTM4QTQ2MDI1MDhDRTM3NjAwRDg1X2F1ZGlvX2Rhc2hpbml0Lm1wNBUCAsgBEgAoABgAGwKIB3VzZV9vaWwBMRJwcm9ncmVzc2l2ZV9yZWNpcGUBMRUAACa2_JuZiZLABRUCKAJDMywXQCvMzMzMzM0YGWRhc2hfaDI2NC1iYXNpYy1nZW4yXzcyMHARAHUAZd6oAQA&_nc_gid=0s_ZijFaJMeNDc9eSuWiUQ&_nc_ss=7b289&_nc_map=urlgen_bucketless&_nc_zt=28&oh=00_AQILKsOf6RzYVsCsoMKXVNmykBv14JZrxjijs5Ghpcqe2A&oe=6AA71C50,https://www.facebook.com/ads/library/?id=1434287598529948,تكمل سيروم ببتيدات,2026-09-09T11:43:18+00:00
1924281264927972,EG,Blanco Store,2026-07-23,48,0,48,التجاعيد مش لازم تكمل ✋ سيروم ببتيدات النحاس الأزرق بيحارب علامات السن قبل ما تظهر: ✔️ خطوط الجبهة ✔️ تجاعيد العين ✔️ فقدان مرونة البشرة 🌊 عناية ذكية ببشرتك ⚡ الكمية محدودة جدًا احجزي دلوقتي واستمتعي ببشرة مشدودة ومشرقة 👇 | عشان وقتك غالي وبشرتك تستاهل 👌 | الكمية محدودة جدًا ❌,https://www.blancoonlines.com/products/Facelif-serum#,https://video.forn3-5.fna.fbcdn.net/o1/v/t2/f2/m366/AQPqs7vSPYyea0uFOD6NoEAn60MHk_a-PhulfLQPN74WQ9wcyoSmqpag7hwvVCUesYzyuHyQV-x434trL0Pk5j3bpdAKiWISgfmDqf4bVHnDZA.mp4?_nc_cat=109&_nc_oc=AdpkfC1z4o0ylliecb2GV3gbmn0kicSNPpvUwTA8gG0olm_8FuKpVr9lGTAc9vxAyNM&_nc_sid=b66105&_nc_ht=video.forn3-5.fna.fbcdn.net&_nc_ohc=ow_o-Tb9YxoQ7kNvwHScc4S&efg=eyJ2ZW5jb2RlX3RhZyI6Inhwdl9wcm9ncmVzc2l2ZS5WSV9VU0VDQVNFX1BST0RVQ1RfVFlQRS4uQzMuNzIwLmRhc2hfaDI2NC1iYXNpYy1nZW4yXzcyMHAiLCJ4cHZfYXNzZXRfaWQiOjEwMTk3MjA4ODcxNTEyOTMsImFzc2V0X2FnZV9kYXlzIjoxNTMsInZpX3VzZWNhc2VfaWQiOjEwNzk5LCJkdXJhdGlvbl9zIjoyNywidXJsZ2VuX3NvdXJjZSI6Ind3dyJ9&ccb=17-1&vs=b03b0abdd1427617&_nc_vs=HBksFQIYRWZiX2VwaGVtZXJhbC80QTQzMERCNkREQTM0NDM5RTZDMUNBREQ0MTYyOTI4MF9tdF8xX3ZpZGVvX2Rhc2hpbml0Lm1wNBUAAsgBEgAVAhhAZmJfcGVybWFuZW50LzAyNDYyRUI4ODI1MDk4QjQwQzk5QTE3RERFRjAyOEJDX2F1ZGlvX2Rhc2hpbml0Lm1wNBUCAsgBEgAoABgAGwKIB3VzZV9vaWwBMRJwcm9ncmVzc2l2ZV9yZWNpcGUBMRUAACb6qv3TyNvPAxUCKAJDMywXQDvMzMzMzM0YGWRhc2hfaDI2NC1iYXNpYy1nZW4yXzcyMHARAHUAZd6oAQA&_nc_gid=0s_ZijFaJMeNDc9eSuWiUQ&_nc_ss=7b289&_nc_map=urlgen_bucketless&_nc_zt=28&oh=00_AQKg-z-jmLOAmSWL1_gM-jJ_UOs-A9M_7bdejeuuXb1oHg&oe=6AA73423,https://www.facebook.com/ads/library/?id=1924281264927972,تكمل سيروم ببتيدات,2026-09-09T11:43:18+00:00
1056347326851382,EG,Blanco Store,2026-07-23,48,0,48,التجاعيد مش لازم تكمل ✋ سيروم ببتيدات النحاس الأزرق بيحارب علامات السن قبل ما تظهر: ✔️ خطوط الجبهة ✔️ تجاعيد العين ✔️ فقدان مرونة البشرة 🌊 عناية ذكية ببشرتك ⚡ الكمية محدودة جدًا احجزي دلوقتي واستمتعي ببشرة مشدودة ومشرقة 👇 | عشان وقتك غالي وبشرتك تستاهل 👌 | الكمية محدودة جدًا ❌,https://www.blancoonlines.com/products/Facelif-serum#,https://video.forn3-2.fna.fbcdn.net/o1/v/t2/f2/m366/AQOn0bZUN0nFwdldNaeIvaQDB1X8B1SN5HcbwaUz6p4b8OY9IUOWxCH3qRcrB9-6OGHIwlu4nifISXFbEdGZq5RMf3V95aAvhkGLg5_NjCT0uA.mp4?_nc_cat=110&_nc_oc=AdqagTZjnrREukxhOXwvcivCIWi8y2Jd6orSCndni83De8cBGjXdwsoJW46aHWZKVdw&_nc_sid=b66105&_nc_ht=video.forn3-2.fna.fbcdn.net&_nc_ohc=mH_gjbo90-IQ7kNvwH0Buod&efg=eyJ2ZW5jb2RlX3RhZyI6Inhwdl9wcm9ncmVzc2l2ZS5WSV9VU0VDQVNFX1BST0RVQ1RfVFlQRS4uQzMuNzIwLmRhc2hfaDI2NC1iYXNpYy1nZW4yXzcyMHAiLCJ4cHZfYXNzZXRfaWQiOjI2Mjc0Njc2MTMyMjI2ODkzLCJhc3NldF9hZ2VfZGF5cyI6MTUzLCJ2aV91c2VjYXNlX2lkIjoxMDc5OSwiZHVyYXRpb25fcyI6MjQsInVybGdlbl9zb3VyY2UiOiJ3d3cifQ%3D%3D&ccb=17-1&vs=cb134c8c9333b547&_nc_vs=HBksFQIYRWZiX2VwaGVtZXJhbC83RDRDNkIzM0VCRjVBOEYyNkI1NjlDRTg5Q0I1QkRCRF9tdF8xX3ZpZGVvX2Rhc2hpbml0Lm1wNBUAAsgBEgAVAhhAZmJfcGVybWFuZW50L0JFNDEwN0M5MDUwQzU4MkIzRTUwOTZBQ0ExMTlGNDlFX2F1ZGlvX2Rhc2hpbml0Lm1wNBUCAsgBEgAoABgAGwKIB3VzZV9vaWwBMRJwcm9ncmVzc2l2ZV9yZWNpcGUBMRUAACaanZmXuKusXRUCKAJDMywXQDgiDEm6XjUYGWRhc2hfaDI2NC1iYXNpYy1nZW4yXzcyMHARAHUAZd6oAQA&_nc_gid=0s_ZijFaJMeNDc9eSuWiUQ&_nc_ss=7b289&_nc_map=urlgen_bucketless&_nc_zt=28&oh=00_AQIllZrj80KM8HRN2gD-fIfy2rrjG84OJFZRlU-OHaTHiw&oe=6AA7103A,https://www.facebook.com/ads/library/?id=1056347326851382,تكمل سيروم ببتيدات,2026-09-09T11:43:18+00:00
4148035522164360,EG,دنيا حامد - Donia Hamed,2026-07-23,48,0,48,"💗 جديد من Devoria 💗 ""ميك أب النو ميك أب"" – سر الإطلالة الطبيعية والمشرقة من أول استخدام! ✔️ تفتيح فوري وتوحيد لون البشرة ✔️ نضارة تدوم طول اليوم وملمس ناعم كالحرير ✔️ حماية من الشمس وتغذية بالكولاجين الطبيعي ✔️ يناسب جميع أنواع البشرة حتى الحساسة المجموعة تحتوي على: 🟩 صابونة لبان الدكر ❤️ كريم العرقسوس 💋 تنت طبيعي للخدود والشفايف ✨ بدون مكياج.. بشرة صافية، نضرة، ومتألقة! اطلبي الآن قبل ما يخلص العرض 👇 https://devoria-cosmetics.myeasyorders.com/products/Makeup-No-Mekeup | خصم 150 جنيه لما تشتري النهاردة بس ❌",https://devoria-cosmetics.myeasyorders.com/products/Makeup-No-Mekeup,https://video.forn3-1.fna.fbcdn.net/o1/v/t2/f2/m366/AQOYS7Xg9_utXPhjUbZpN9cvh7LIQN15h0JJB-Z2BxqaY4mFSr_AIFQcxtEss5xKLGzImhECMf-D0s0n_9BSeiBtqTTzIjVGg-nWg6SbIDHcZQ.mp4?_nc_cat=109&_nc_oc=Adpn8mJgePisz0a6ZMz_g61Lo5K1FQHPJey9BnILz1rRnmNpuzi9R9vPuBT8J1R1PGw&_nc_sid=b66105&_nc_ht=video.forn3-1.fna.fbcdn.net&_nc_ohc=GtnvrQLsid0Q7kNvwGIWYa4&efg=eyJ2ZW5jb2RlX3RhZyI6Inhwdl9wcm9ncmVzc2l2ZS5WSV9VU0VDQVNFX1BST0RVQ1RfVFlQRS4uQzIuNzIwLmRhc2hfaDI2NC1iYXNpYy1nZW4yXzcyMHAiLCJ4cHZfYXNzZXRfaWQiOjE3NDU5NzMwNzMwODk1NzAsImFzc2V0X2FnZV9kYXlzIjo1MiwidmlfdXNlY2FzZV9pZCI6MTA3OTksImR1cmF0aW9uX3MiOjIwMSwidXJsZ2VuX3NvdXJjZSI6Ind3dyJ9&ccb=17-1&vs=3bea0432d1f8225a&_nc_vs=HBksFQIYRWZiX2VwaGVtZXJhbC80NjQ1OTYxOTA4NzE0Nzk1OUEwRjIzMUMzMjA3RTJBRl9tdF8xX3ZpZGVvX2Rhc2hpbml0Lm1wNBUAAsgBEgAVAhhAZmJfcGVybWFuZW50Lzk3NEU4NTc3NDc0NEMwMTdBMUVFOUUyQkJDNDdEREJGX2F1ZGlvX2Rhc2hpbml0Lm1wNBUCAsgBEgAoABgAGwKIB3VzZV9vaWwBMRJwcm9ncmVzc2l2ZV9yZWNpcGUBMRUAACbE0PiMgf2ZBhUCKAJDMiwXQGkiHKwIMScYGWRhc2hfaDI2NC1iYXNpYy1nZW4yXzcyMHARAHUAZd6oAQA&_nc_gid=3IwMZ2g-bRDXKRlYhoCw9A&_nc_ss=7a289&_nc_map=urlgen_bucketless&_nc_zt=28&oh=00_AQLTNLJSuKXM3-27_4CUi0UxM33Mghf1KGbamgWJlVjH7g&oe=6AA6E63B,https://www.facebook.com/ads/library/?id=4148035522164360,صابونة لبان الدكر كريم,2026-09-09T09:57:37+00:00
1017163851343408,EG,دنيا حامد - Donia Hamed,2026-07-23,48,0,48,"كنت فاكرة إن بشرتي خلاص فقدت نضارتها من كتر الإرهاق والشمس.. كل مرة أجرب كريم أو فاونديشن يزود المشكلة 😩 لحد ما واحدة صاحبتي قالت لي على **""ميك أب النو ميك أب"" من Devoria**! من أول استخدام لاحظت الفرق 😍 البشرة بقت أنعم وأنضر بشكل طبيعي.. كأني عاملة ""مكياج خفيف"" من غير نقطة فاونديشن! الصابونة ريحتها حلوة وبتنظف من غير ما تنشف، والكريم خفيف جدًا على البشرة. أما التنت؟ فبيعطي توريد رقيق للخدود والشفايف يخليكِ شكلِك طبيعي وراقي 💋 بعد أسبوع واحد بس.. فعلاً ثقتي في نفسي رجعت وبقيت أخرج من غير مكياج 💖 المنتج ده مش بس تجميلي، ده عناية كاملة في علبة واحدة 🌸 انضمي لآلاف البنات اللي جربوه وقالوا نفس الكلام ❤️ https://devoria-cosmetics.myeasyorders.com/products/Makeup-No-Mekeup | خصم 150 جنيه لما تشتري النهاردة بس ❌",https://devoria-cosmetics.myeasyorders.com/products/Makeup-No-Mekeup,https://video.forn3-1.fna.fbcdn.net/o1/v/t2/f2/m366/AQOYS7Xg9_utXPhjUbZpN9cvh7LIQN15h0JJB-Z2BxqaY4mFSr_AIFQcxtEss5xKLGzImhECMf-D0s0n_9BSeiBtqTTzIjVGg-nWg6SbIDHcZQ.mp4?_nc_cat=109&_nc_oc=Adpn8mJgePisz0a6ZMz_g61Lo5K1FQHPJey9BnILz1rRnmNpuzi9R9vPuBT8J1R1PGw&_nc_sid=b66105&_nc_ht=video.forn3-1.fna.fbcdn.net&_nc_ohc=GtnvrQLsid0Q7kNvwGIWYa4&efg=eyJ2ZW5jb2RlX3RhZyI6Inhwdl9wcm9ncmVzc2l2ZS5WSV9VU0VDQVNFX1BST0RVQ1RfVFlQRS4uQzIuNzIwLmRhc2hfaDI2NC1iYXNpYy1nZW4yXzcyMHAiLCJ4cHZfYXNzZXRfaWQiOjE3NDU5NzMwNzMwODk1NzAsImFzc2V0X2FnZV9kYXlzIjo1MiwidmlfdXNlY2FzZV9pZCI6MTA3OTksImR1cmF0aW9uX3MiOjIwMSwidXJsZ2VuX3NvdXJjZSI6Ind3dyJ9&ccb=17-1&vs=3bea0432d1f8225a&_nc_vs=HBksFQIYRWZiX2VwaGVtZXJhbC80NjQ1OTYxOTA4NzE0Nzk1OUEwRjIzMUMzMjA3RTJBRl9tdF8xX3ZpZGVvX2Rhc2hpbml0Lm1wNBUAAsgBEgAVAhhAZmJfcGVybWFuZW50Lzk3NEU4NTc3NDc0NEMwMTdBMUVFOUUyQkJDNDdEREJGX2F1ZGlvX2Rhc2hpbml0Lm1wNBUCAsgBEgAoABgAGwKIB3VzZV9vaWwBMRJwcm9ncmVzc2l2ZV9yZWNpcGUBMRUAACbE0PiMgf2ZBhUCKAJDMiwXQGkiHKwIMScYGWRhc2hfaDI2NC1iYXNpYy1nZW4yXzcyMHARAHUAZd6oAQA&_nc_gid=2egYFDM6ps_2u768MnpKMg&_nc_ss=7a289&_nc_map=urlgen_bucketless&_nc_zt=28&oh=00_AQIA7fntJNj8lo4N7RnApr1FbnBVbeb4HMjvts4ERq7C9Q&oe=6AA6E63B,https://www.facebook.com/ads/library/?id=1017163851343408,صابونة لبان الدكر كريم,2026-09-09T09:57:37+00:00
2009819812992418,EG,دنيا حامد - Donia Hamed,2026-07-23,48,0,48,"😱 بطّلي تخبي بشرتك بالمكياج... وابدئي خليها تتكلم لوحدها! لو كل مرة بتغطي عيوب بشرتك بالفاونديشن والكونسيلر، جربي **ميك أب النو ميك أب من Devoria** 💗 منتج طبيعي 100% هيرجع لبشرتك نضارتها من أول استخدام ✨ 💦 بيقلل البقع والتصبغات 🌸 يوحد اللون ويدي إشراقة فورية ☀️ يحتوي على صن بلوك لحماية من الشمس 💋 ومع التنت الطبيعي.. توريد طبيعي يخلي الكل يسألك ""حاطة إيه؟"" مفيش كيميكال ولا مواد ضارة 🚫 بس تركيبة طبيعية مصرّح بيها من وزارة الصحة ✅ مش بس هتحبي شكلك... هتحبي نفسك كمان 💖 اضغطي هنا وابدئي التغيير اليوم 👇 https://devoria-cosmetics.myeasyorders.com/products/Makeup-No-Mekeup | خصم 150 جنيه لما تشتري النهاردة بس ❌",https://devoria-cosmetics.myeasyorders.com/products/Makeup-No-Mekeup,https://video.forn3-1.fna.fbcdn.net/o1/v/t2/f2/m366/AQOYS7Xg9_utXPhjUbZpN9cvh7LIQN15h0JJB-Z2BxqaY4mFSr_AIFQcxtEss5xKLGzImhECMf-D0s0n_9BSeiBtqTTzIjVGg-nWg6SbIDHcZQ.mp4?_nc_cat=109&_nc_oc=Adpn8mJgePisz0a6ZMz_g61Lo5K1FQHPJey9BnILz1rRnmNpuzi9R9vPuBT8J1R1PGw&_nc_sid=b66105&_nc_ht=video.forn3-1.fna.fbcdn.net&_nc_ohc=GtnvrQLsid0Q7kNvwGIWYa4&efg=eyJ2ZW5jb2RlX3RhZyI6Inhwdl9wcm9ncmVzc2l2ZS5WSV9VU0VDQVNFX1BST0RVQ1RfVFlQRS4uQzIuNzIwLmRhc2hfaDI2NC1iYXNpYy1nZW4yXzcyMHAiLCJ4cHZfYXNzZXRfaWQiOjE3NDU5NzMwNzMwODk1NzAsImFzc2V0X2FnZV9kYXlzIjo1MiwidmlfdXNlY2FzZV9pZCI6MTA3OTksImR1cmF0aW9uX3MiOjIwMSwidXJsZ2VuX3NvdXJjZSI6Ind3dyJ9&ccb=17-1&vs=3bea0432d1f8225a&_nc_vs=HBksFQIYRWZiX2VwaGVtZXJhbC80NjQ1OTYxOTA4NzE0Nzk1OUEwRjIzMUMzMjA3RTJBRl9tdF8xX3ZpZGVvX2Rhc2hpbml0Lm1wNBUAAsgBEgAVAhhAZmJfcGVybWFuZW50Lzk3NEU4NTc3NDc0NEMwMTdBMUVFOUUyQkJDNDdEREJGX2F1ZGlvX2Rhc2hpbml0Lm1wNBUCAsgBEgAoABgAGwKIB3VzZV9vaWwBMRJwcm9ncmVzc2l2ZV9yZWNpcGUBMRUAACbE0PiMgf2ZBhUCKAJDMiwXQGkiHKwIMScYGWRhc2hfaDI2NC1iYXNpYy1nZW4yXzcyMHARAHUAZd6oAQA&_nc_gid=2egYFDM6ps_2u768MnpKMg&_nc_ss=7a289&_nc_map=urlgen_bucketless&_nc_zt=28&oh=00_AQIA7fntJNj8lo4N7RnApr1FbnBVbeb4HMjvts4ERq7C9Q&oe=6AA6E63B,https://www.facebook.com/ads/library/?id=2009819812992418,صابونة لبان الدكر كريم,2026-09-09T09:57:37+00:00
2340309453039331,SY,Olivia Bio,2026-07-23,48,0,48,"😩 تعبت من الصلع أو فراغات الشعر؟ بدون عمليات مكلفة 💸 وبدون حلول معقدة! ✨ iHair سيرم طبيعي للعناية بالشعر يساعد على: ✅ تقليل تساقط الشعر تدريجيًا ✅ تحسين كثافة الشعر ومظهر الفراغات ✅ تقوية الشعر الضعيف ودعم نموه ✅ مناسب للرجال والنساء 🌿 تركيبة طبيعية غنية بمكونات فعالة للعناية بفروة الرأس والشعر. ⏳ مع الاستخدام المنتظم، يمكن ملاحظة تحسن تدريجي خلال أسابيع. 💰 وفر وقتك وأموالك مقارنة بالحلول المكلفة. 🚚 التوصيل متوفر والدفع عند الاستلام. 📩 اطلب الآن واستعد ثقتك بشعرك من جديد! 🔥 | 👇 خلال 7 إلى 14 يوم بس، الناس قامت تلاحظ فرق واضح في فراغات الشعر والذقن! | ⭐ ⭐ أكثر من 100,000 عميل جربوه وأشادوا بنتائجه المذهلة! ⭐ ⭐",https://bioluxuuryshop.mydropify.shop/lp/lp-gcc-pntcw90d,https://video.forn3-2.fna.fbcdn.net/o1/v/t2/f2/m366/AQOlW5osV1eqDy3A9B3j8lRq8PZ9nlUxbsIYsuMLGAM5ru7I-ugSky_IvpMSuC5_jOB6oLsM2MSb2gKago9X-MkqH9govMIwdgYM-jnENEbqCQ.mp4?_nc_cat=103&_nc_oc=AdoCIRblRBI_51u5uq3B5v68wpIWX87nKaJuzt8vHLjNZOPKKZzCHo5Kui_xFWqYy9o&_nc_sid=b66105&_nc_ht=video.forn3-2.fna.fbcdn.net&_nc_ohc=v5VgM6nD450Q7kNvwH_Fq6H&efg=eyJ2ZW5jb2RlX3RhZyI6Inhwdl9wcm9ncmVzc2l2ZS5WSV9VU0VDQVNFX1BST0RVQ1RfVFlQRS4uQzMuNzIwLmRhc2hfaDI2NC1iYXNpYy1nZW4yXzcyMHAiLCJ4cHZfYXNzZXRfaWQiOjIxNzE1ODMyMTcwMTc0OTksImFzc2V0X2FnZV9kYXlzIjo4OSwidmlfdXNlY2FzZV9pZCI6MTA3OTksImR1cmF0aW9uX3MiOjMzLCJ1cmxnZW5fc291cmNlIjoid3d3In0%3D&ccb=17-1&vs=dbc9239ebd2e1a44&_nc_vs=HBksFQIYRWZiX2VwaGVtZXJhbC85QzQ3MzdGNEJBNTExNzFBODM3MjQ3NkZCQjRCRkRCN19tdF8xX3ZpZGVvX2Rhc2hpbml0Lm1wNBUAAsgBEgAVAhhAZmJfcGVybWFuZW50LzcxNEUxREIwQzlCRTBDNURBMzQyRTk5MUEzMTgwODgyX2F1ZGlvX2Rhc2hpbml0Lm1wNBUCAsgBEgAoABgAGwKIB3VzZV9vaWwBMRJwcm9ncmVzc2l2ZV9yZWNpcGUBMRUAACa2ioHk48LbBxUCKAJDMywXQECEOVgQYk4YGWRhc2hfaDI2NC1iYXNpYy1nZW4yXzcyMHARAHUAZd6oAQA&_nc_gid=btCawUrwfHlsh1eXdySsIQ&_nc_ss=7a289&_nc_map=urlgen_bucketless&_nc_zt=28&oh=00_AQLP-s2PPXh6r0WpLFBGxLGJeQ7SOzt9D1ECST6jgYhOkg&oe=6AA712CD,https://www.facebook.com/ads/library/?id=2340309453039331,للعناية سيروم,2026-09-09T09:56:38+00:00
1005581748965854,SY,Olivia Bio,2026-07-23,48,0,48,"😩 تعبت من الصلع أو فراغات الشعر؟ بدون عمليات مكلفة 💸 وبدون حلول معقدة! ✨ iHair سيرم طبيعي للعناية بالشعر يساعد على: ✅ تقليل تساقط الشعر تدريجيًا ✅ تحسين كثافة الشعر ومظهر الفراغات ✅ تقوية الشعر الضعيف ودعم نموه ✅ مناسب للرجال والنساء 🌿 تركيبة طبيعية غنية بمكونات فعالة للعناية بفروة الرأس والشعر. ⏳ مع الاستخدام المنتظم، يمكن ملاحظة تحسن تدريجي خلال أسابيع. 💰 وفر وقتك وأموالك مقارنة بالحلول المكلفة. 🚚 التوصيل متوفر والدفع عند الاستلام. 📩 اطلب الآن واستعد ثقتك بشعرك من جديد! 🔥 | 👇 خلال 7 إلى 14 يوم بس، الناس قامت تلاحظ فرق واضح في فراغات الشعر والذقن! | ⭐ ⭐ أكثر من 100,000 عميل جربوه وأشادوا بنتائجه المذهلة! ⭐ ⭐",https://bioluxuuryshop.mydropify.shop/lp/lp-gcc-pntcw90d,https://video.forn3-2.fna.fbcdn.net/o1/v/t2/f2/m412/AQM4nMoKt8fVJv6O8z6AOveTLegwDReVLCqcuaW8pkMHUgVd1C4P6aVmO_d4Dem3X_UqfiPZ3crv7JLhJg8_PtF-CagjcbjSuoil-Gh7Vw.mp4?_nc_cat=110&_nc_oc=Adr0OTWegVdZ6ttShER4m56bEGPk769-BqoupwYFVQ8T6a0n9NyNo7lHAYtffSX081Q&_nc_sid=ef5aa3&_nc_ht=video.forn3-2.fna.fbcdn.net&_nc_ohc=mu_TEgLmjWgQ7kNvwFy29Js&efg=eyJ2ZW5jb2RlX3RhZyI6Inhwdl9wcm9ncmVzc2l2ZS5WSV9VU0VDQVNFX1BST0RVQ1RfVFlQRS4uQzMuMzYwLnN2ZV9zZCIsInhwdl9hc3NldF9pZCI6NDM1ODQ5MjY1NDI5NjU1NSwiYXNzZXRfYWdlX2RheXMiOjg5LCJ2aV91c2VjYXNlX2lkIjoxMDc5OSwiZHVyYXRpb25fcyI6MjUsInVybGdlbl9zb3VyY2UiOiJ3d3cifQ%3D%3D&ccb=17-1&_nc_gid=ZgqcQspoytFstw3szMNrbw&_nc_ss=7a289&_nc_map=urlgen_bucketless&_nc_zt=28&oh=00_AQJJljgtNVvwMCeoESIwpfeXsQtrWqkZNfxf9QVGLb6Guw&oe=6AA71360,https://www.facebook.com/ads/library/?id=1005581748965854,للعناية سيروم,2026-09-09T09:56:38+00:00
1389757163251319,EG,Blanco Store,2026-07-24,47,0,47,التجاعيد مش لازم تكمل ✋ سيروم ببتيدات النحاس الأزرق بيحارب علامات السن قبل ما تظهر: ✔️ خطوط الجبهة ✔️ تجاعيد العين ✔️ فقدان مرونة البشرة 🌊 عناية ذكية ببشرتك ⚡ الكمية محدودة جدًا احجزي دلوقتي واستمتعي ببشرة مشدودة ومشرقة 👇 | خصم 50 % وشحن مجاني - لفترة محدودة 🚨 | ا العرض لأول 20 عميل فقط,https://www.blancoonlines.com/products/Facelif-serum#,https://video.forn3-6.fna.fbcdn.net/o1/v/t2/f2/m366/AQMPMJPhNq9TH2WXt6abq65tcREC4rJzdBsMrQBQkWty1I72hosgQ6Vvw3lZUbvlYDvS4vhYg_m1CYmAVGf7tXE9uCnC6wgww_kneLiK0gxj7w.mp4?_nc_cat=100&_nc_oc=AdqdhojznYW-2y6L3yXnFrHwcCadLhHZlGaXhsMBzU3-CJWdHqN-LQRo_25ADwL8pAY&_nc_sid=b66105&_nc_ht=video.forn3-6.fna.fbcdn.net&_nc_ohc=hb4XAeFBmGEQ7kNvwF7Iud4&efg=eyJ2ZW5jb2RlX3RhZyI6Inhwdl9wcm9ncmVzc2l2ZS5WSV9VU0VDQVNFX1BST0RVQ1RfVFlQRS4uQzMuNTQwLmRhc2hfaDI2NC1iYXNpYy1nZW4yXzcyMHAiLCJ4cHZfYXNzZXRfaWQiOjE5ODMzNDI1ODU4NzI5MzcsImFzc2V0X2FnZV9kYXlzIjoyMzUsInZpX3VzZWNhc2VfaWQiOjEwNzk5LCJkdXJhdGlvbl9zIjozMSwidXJsZ2VuX3NvdXJjZSI6Ind3dyJ9&ccb=17-1&vs=4f457dd1dc2255b7&_nc_vs=HBksFQIYRWZiX2VwaGVtZXJhbC82MDQxNzZCN0ZDN0Y5MTdCQzhBNDRGNERBOERGQTk5Ql9tdF8xX3ZpZGVvX2Rhc2hpbml0Lm1wNBUAAsgBEgAVAhhAZmJfcGVybWFuZW50LzQxNEM4MjdEMjZGMDM2NDIzODBCRUMzQ0U4RDFEQ0FBX2F1ZGlvX2Rhc2hpbml0Lm1wNBUCAsgBEgAoABgAGwKIB3VzZV9vaWwBMRJwcm9ncmVzc2l2ZV9yZWNpcGUBMRUAACbSiOTk3fWFBxUCKAJDMywXQD8iDEm6XjUYGWRhc2hfaDI2NC1iYXNpYy1nZW4yXzcyMHARAHUAZd6oAQA&_nc_gid=IepG-5DYjIy-vZ_InvTAxw&_nc_ss=7b289&_nc_map=urlgen_bucketless&_nc_zt=28&oh=00_AQK-MsRBy4eky9xeYhedPnChsbAi4aXvdC4aZi8YKs4ZFA&oe=6AA730C0,https://www.facebook.com/ads/library/?id=1389757163251319,تكمل سيروم ببتيدات,2026-09-09T11:43:18+00:00
3164032797122116,EG,Blanco Store,2026-07-24,47,0,47,التجاعيد مش لازم تكمل ✋ سيروم ببتيدات النحاس الأزرق بيحارب علامات السن قبل ما تظهر: ✔️ خطوط الجبهة ✔️ تجاعيد العين ✔️ فقدان مرونة البشرة 🌊 عناية ذكية ببشرتك ⚡ الكمية محدودة جدًا احجزي دلوقتي واستمتعي ببشرة مشدودة ومشرقة 👇 | عشان وقتك غالي وبشرتك تستاهل 👌 | الكمية محدودة جدًا ❌,https://www.blancoonlines.com/products/Facelif-serum#,https://video.forn3-6.fna.fbcdn.net/o1/v/t2/f2/m366/AQOtERF4wJeromYxWCnLMBlIMnMTl3cQL4kDcwpX1wr7uTTVrIcKGrBmEjiNB5MHBJN2HiTPk_Gj60dxgxJAzBg46yOE1wquNfKpvyodnTIKAA.mp4?_nc_cat=100&_nc_oc=AdpIZlzc6ghr2X-HVAV28937u9s1AwDpo4A0MVkmtOE0NVI2wWNxib4vX59Fn15lBeU&_nc_sid=b66105&_nc_ht=video.forn3-6.fna.fbcdn.net&_nc_ohc=F_CGIu6Quv8Q7kNvwG_LpvD&efg=eyJ2ZW5jb2RlX3RhZyI6Inhwdl9wcm9ncmVzc2l2ZS5WSV9VU0VDQVNFX1BST0RVQ1RfVFlQRS4uQzMuNzIwLmRhc2hfaDI2NC1iYXNpYy1nZW4yXzcyMHAiLCJ4cHZfYXNzZXRfaWQiOjE1NDg0MjI4NDM5NTcwMTksImFzc2V0X2FnZV9kYXlzIjoxNTMsInZpX3VzZWNhc2VfaWQiOjEwNzk5LCJkdXJhdGlvbl9zIjoxMywidXJsZ2VuX3NvdXJjZSI6Ind3dyJ9&ccb=17-1&vs=55279c31c1fd6507&_nc_vs=HBksFQIYRWZiX2VwaGVtZXJhbC82MjQ5RDY5MEY5MURBNDExMEQyQkY3M0Y2NzM1OTdBRF9tdF8xX3ZpZGVvX2Rhc2hpbml0Lm1wNBUAAsgBEgAVAhhAZmJfcGVybWFuZW50Lzk1NDVEMjQyRTI4OTM4QTQ2MDI1MDhDRTM3NjAwRDg1X2F1ZGlvX2Rhc2hpbml0Lm1wNBUCAsgBEgAoABgAGwKIB3VzZV9vaWwBMRJwcm9ncmVzc2l2ZV9yZWNpcGUBMRUAACa2_JuZiZLABRUCKAJDMywXQCvMzMzMzM0YGWRhc2hfaDI2NC1iYXNpYy1nZW4yXzcyMHARAHUAZd6oAQA&_nc_gid=0s_ZijFaJMeNDc9eSuWiUQ&_nc_ss=7b289&_nc_map=urlgen_bucketless&_nc_zt=28&oh=00_AQILKsOf6RzYVsCsoMKXVNmykBv14JZrxjijs5Ghpcqe2A&oe=6AA71C50,https://www.facebook.com/ads/library/?id=3164032797122116,تكمل سيروم ببتيدات,2026-09-09T11:43:18+00:00
1067577149068534,EG,Blanco Store,2026-07-24,47,0,47,التجاعيد مش لازم تكمل ✋ سيروم ببتيدات النحاس الأزرق بيحارب علامات السن قبل ما تظهر: ✔️ خطوط الجبهة ✔️ تجاعيد العين ✔️ فقدان مرونة البشرة 🌊 عناية ذكية ببشرتك ⚡ الكمية محدودة جدًا احجزي دلوقتي واستمتعي ببشرة مشدودة ومشرقة 👇 | عشان وقتك غالي وبشرتك تستاهل 👌 | الكمية محدودة جدًا ❌,https://www.blancoonlines.com/products/Facelif-serum#,https://video.forn3-5.fna.fbcdn.net/o1/v/t2/f2/m366/AQPqs7vSPYyea0uFOD6NoEAn60MHk_a-PhulfLQPN74WQ9wcyoSmqpag7hwvVCUesYzyuHyQV-x434trL0Pk5j3bpdAKiWISgfmDqf4bVHnDZA.mp4?_nc_cat=109&_nc_oc=AdpkfC1z4o0ylliecb2GV3gbmn0kicSNPpvUwTA8gG0olm_8FuKpVr9lGTAc9vxAyNM&_nc_sid=b66105&_nc_ht=video.forn3-5.fna.fbcdn.net&_nc_ohc=ow_o-Tb9YxoQ7kNvwHScc4S&efg=eyJ2ZW5jb2RlX3RhZyI6Inhwdl9wcm9ncmVzc2l2ZS5WSV9VU0VDQVNFX1BST0RVQ1RfVFlQRS4uQzMuNzIwLmRhc2hfaDI2NC1iYXNpYy1nZW4yXzcyMHAiLCJ4cHZfYXNzZXRfaWQiOjEwMTk3MjA4ODcxNTEyOTMsImFzc2V0X2FnZV9kYXlzIjoxNTMsInZpX3VzZWNhc2VfaWQiOjEwNzk5LCJkdXJhdGlvbl9zIjoyNywidXJsZ2VuX3NvdXJjZSI6Ind3dyJ9&ccb=17-1&vs=b03b0abdd1427617&_nc_vs=HBksFQIYRWZiX2VwaGVtZXJhbC80QTQzMERCNkREQTM0NDM5RTZDMUNBREQ0MTYyOTI4MF9tdF8xX3ZpZGVvX2Rhc2hpbml0Lm1wNBUAAsgBEgAVAhhAZmJfcGVybWFuZW50LzAyNDYyRUI4ODI1MDk4QjQwQzk5QTE3RERFRjAyOEJDX2F1ZGlvX2Rhc2hpbml0Lm1wNBUCAsgBEgAoABgAGwKIB3VzZV9vaWwBMRJwcm9ncmVzc2l2ZV9yZWNpcGUBMRUAACb6qv3TyNvPAxUCKAJDMywXQDvMzMzMzM0YGWRhc2hfaDI2NC1iYXNpYy1nZW4yXzcyMHARAHUAZd6oAQA&_nc_gid=0s_ZijFaJMeNDc9eSuWiUQ&_nc_ss=7b289&_nc_map=urlgen_bucketless&_nc_zt=28&oh=00_AQKg-z-jmLOAmSWL1_gM-jJ_UOs-A9M_7bdejeuuXb1oHg&oe=6AA73423,https://www.facebook.com/ads/library/?id=1067577149068534,تكمل سيروم ببتيدات,2026-09-09T11:43:18+00:00
4258999791019610,EG,Blanco Store,2026-07-24,47,0,47,التجاعيد مش لازم تكمل ✋ سيروم ببتيدات النحاس الأزرق بيحارب علامات السن قبل ما تظهر: ✔️ خطوط الجبهة ✔️ تجاعيد العين ✔️ فقدان مرونة البشرة 🌊 عناية ذكية ببشرتك ⚡ الكمية محدودة جدًا احجزي دلوقتي واستمتعي ببشرة مشدودة ومشرقة 👇 | عشان وقتك غالي وبشرتك تستاهل 👌 | الكمية محدودة جدًا ❌,https://www.blancoonlines.com/products/Facelif-serum#,https://video.forn3-2.fna.fbcdn.net/o1/v/t2/f2/m366/AQOn0bZUN0nFwdldNaeIvaQDB1X8B1SN5HcbwaUz6p4b8OY9IUOWxCH3qRcrB9-6OGHIwlu4nifISXFbEdGZq5RMf3V95aAvhkGLg5_NjCT0uA.mp4?_nc_cat=110&_nc_oc=AdqagTZjnrREukxhOXwvcivCIWi8y2Jd6orSCndni83De8cBGjXdwsoJW46aHWZKVdw&_nc_sid=b66105&_nc_ht=video.forn3-2.fna.fbcdn.net&_nc_ohc=mH_gjbo90-IQ7kNvwH0Buod&efg=eyJ2ZW5jb2RlX3RhZyI6Inhwdl9wcm9ncmVzc2l2ZS5WSV9VU0VDQVNFX1BST0RVQ1RfVFlQRS4uQzMuNzIwLmRhc2hfaDI2NC1iYXNpYy1nZW4yXzcyMHAiLCJ4cHZfYXNzZXRfaWQiOjI2Mjc0Njc2MTMyMjI2ODkzLCJhc3NldF9hZ2VfZGF5cyI6MTUzLCJ2aV91c2VjYXNlX2lkIjoxMDc5OSwiZHVyYXRpb25fcyI6MjQsInVybGdlbl9zb3VyY2UiOiJ3d3cifQ%3D%3D&ccb=17-1&vs=cb134c8c9333b547&_nc_vs=HBksFQIYRWZiX2VwaGVtZXJhbC83RDRDNkIzM0VCRjVBOEYyNkI1NjlDRTg5Q0I1QkRCRF9tdF8xX3ZpZGVvX2Rhc2hpbml0Lm1wNBUAAsgBEgAVAhhAZmJfcGVybWFuZW50L0JFNDEwN0M5MDUwQzU4MkIzRTUwOTZBQ0ExMTlGNDlFX2F1ZGlvX2Rhc2hpbml0Lm1wNBUCAsgBEgAoABgAGwKIB3VzZV9vaWwBMRJwcm9ncmVzc2l2ZV9yZWNpcGUBMRUAACaanZmXuKusXRUCKAJDMywXQDgiDEm6XjUYGWRhc2hfaDI2NC1iYXNpYy1nZW4yXzcyMHARAHUAZd6oAQA&_nc_gid=0s_ZijFaJMeNDc9eSuWiUQ&_nc_ss=7b289&_nc_map=urlgen_bucketless&_nc_zt=28&oh=00_AQIllZrj80KM8HRN2gD-fIfy2rrjG84OJFZRlU-OHaTHiw&oe=6AA7103A,https://www.facebook.com/ads/library/?id=4258999791019610,تكمل سيروم ببتيدات,2026-09-09T11:43:18+00:00
1721947678875058,EG,دنيا حامد - Donia Hamed,2026-07-24,47,0,47,"خصم 40% لمدة 48 ساعة ❌ 🔥 العرض اللي هيخليكي ما تفكريش مرتين! 🔥 لو بتدوري على حل سريع وفعّال للتصبغات، الغمقان، وآثار الحبوب… ولو زهقتي من الكريمات اللي بتسيب أثر أبيض أو بتسببلك تهيج… وجربتي كل حاجة ولسه مش لاقية نتيجة ترضيك؟ 📌 كريم العرقسوس هو الحل! ٣ فوائد في منتج واحد: ✅ بيفتح ويوحد لون البشرة ✅ بيعالج التصبغات وآثار الحبوب ✅ فيه صن بلوك طبيعي يحميكي من الشمس 💯 مناسب لكل أنواع البشرة، حتى الحساسة تقدري تستخدميه يوميًا قبل الشغل، الجامعة، أو الخروجات بتركيبة طبيعية فيها خلاصة العرقسوس… يعني نتيجة سريعة من غير خوف! لو طلبتيه دلوقتي هتاخديه بسعر السنة اللي فاتت 🔥 الكمية محدودة… والفرصة دي مش هتتكرر 💥 الحقّي العرض وعيشي إحساس ""وشك منور"" كل يوم ✨ https://devoria-cosmetics.myeasyorders.com/products/licorice-cream | خصم 135 جنيه لما تشتري النهاردة بس ❌",https://devoria-cosmetics.myeasyorders.com/products/licorice-cream,https://video.forn3-5.fna.fbcdn.net/o1/v/t2/f2/m366/AQOksrnLkvJ-7zvGF3CqO4k6g5kPBt24ZfJAb3aJllVlstgcsUqHwJ1A15jlFac9tjZ8s-xBe_MQ5pfG4Dtty1s0OEalCWcbsqZ-RV7OBqpuyQ.mp4?_nc_cat=100&_nc_oc=AdozvZBVGEJUPZoShE6zMcouSwadTu6sCfr5pUuHvUcUdMXGxHzEHmoqxu2WwUpOf0k&_nc_sid=b66105&_nc_ht=video.forn3-5.fna.fbcdn.net&_nc_ohc=BcIkBL2OeToQ7kNvwH30_3B&efg=eyJ2ZW5jb2RlX3RhZyI6Inhwdl9wcm9ncmVzc2l2ZS5WSV9VU0VDQVNFX1BST0RVQ1RfVFlQRS4uQzIuNzIwLmRhc2hfaDI2NC1iYXNpYy1nZW4yXzcyMHAiLCJ4cHZfYXNzZXRfaWQiOjI0NDUwMTQwMTU5OTQ3NTUsImFzc2V0X2FnZV9kYXlzIjo1MywidmlfdXNlY2FzZV9pZCI6MTA3OTksImR1cmF0aW9uX3MiOjE1NSwidXJsZ2VuX3NvdXJjZSI6Ind3dyJ9&ccb=17-1&vs=ee48b444cb9db685&_nc_vs=HBksFQIYRWZiX2VwaGVtZXJhbC9FRDRCOTYxQzc4REQ2MzMyOThERUI5OTc2NzAxMzhCQl9tdF8xX3ZpZGVvX2Rhc2hpbml0Lm1wNBUAAsgBEgAVAhhAZmJfcGVybWFuZW50L0U0NDg5RTI4RUI0MjQ1RDIzODlERTFENjBCQjY2MzgxX2F1ZGlvX2Rhc2hpbml0Lm1wNBUCAsgBEgAoABgAGwKIB3VzZV9vaWwBMRJwcm9ncmVzc2l2ZV9yZWNpcGUBMRUAACaGrqf-xe7XCBUCKAJDMiwXQGN6p--dsi0YGWRhc2hfaDI2NC1iYXNpYy1nZW4yXzcyMHARAHUAZd6oAQA&_nc_gid=3IwMZ2g-bRDXKRlYhoCw9A&_nc_ss=7a289&_nc_map=urlgen_bucketless&_nc_zt=28&oh=00_AQKwrs8pYTcCFVZ01Ja3NL_33S0i3z02Rifk-DcL4gCviw&oe=6AA6F0A4,https://www.facebook.com/ads/library/?id=1721947678875058,صابونة لبان الدكر كريم,2026-09-09T09:57:37+00:00
2422739321463760,EG,دنيا حامد - Donia Hamed,2026-07-24,47,0,47,"خصم 40% لمدة 48 ساعة ❌ 🔥 العرض اللي هيخليكي ما تفكريش مرتين! 🔥 لو بتدوري على حل سريع وفعّال للتصبغات، الغمقان، وآثار الحبوب… ولو زهقتي من الكريمات اللي بتسيب أثر أبيض أو بتسببلك تهيج… وجربتي كل حاجة ولسه مش لاقية نتيجة ترضيك؟ 📌 كريم العرقسوس هو الحل! ٣ فوائد في منتج واحد: ✅ بيفتح ويوحد لون البشرة ✅ بيعالج التصبغات وآثار الحبوب ✅ فيه صن بلوك طبيعي يحميكي من الشمس 💯 مناسب لكل أنواع البشرة، حتى الحساسة تقدري تستخدميه يوميًا قبل الشغل، الجامعة، أو الخروجات بتركيبة طبيعية فيها خلاصة العرقسوس… يعني نتيجة سريعة من غير خوف! لو طلبتيه دلوقتي هتاخديه بسعر السنة اللي فاتت 🔥 الكمية محدودة… والفرصة دي مش هتتكرر 💥 الحقّي العرض وعيشي إحساس ""وشك منور"" كل يوم ✨ https://devoria-cosmetics.myeasyorders.com/products/licorice-cream | خصم 135 جنيه لما تشتري النهاردة بس ❌",https://devoria-cosmetics.myeasyorders.com/products/licorice-cream,https://video.forn3-5.fna.fbcdn.net/o1/v/t2/f2/m366/AQOksrnLkvJ-7zvGF3CqO4k6g5kPBt24ZfJAb3aJllVlstgcsUqHwJ1A15jlFac9tjZ8s-xBe_MQ5pfG4Dtty1s0OEalCWcbsqZ-RV7OBqpuyQ.mp4?_nc_cat=100&_nc_oc=AdozvZBVGEJUPZoShE6zMcouSwadTu6sCfr5pUuHvUcUdMXGxHzEHmoqxu2WwUpOf0k&_nc_sid=b66105&_nc_ht=video.forn3-5.fna.fbcdn.net&_nc_ohc=BcIkBL2OeToQ7kNvwH30_3B&efg=eyJ2ZW5jb2RlX3RhZyI6Inhwdl9wcm9ncmVzc2l2ZS5WSV9VU0VDQVNFX1BST0RVQ1RfVFlQRS4uQzIuNzIwLmRhc2hfaDI2NC1iYXNpYy1nZW4yXzcyMHAiLCJ4cHZfYXNzZXRfaWQiOjI0NDUwMTQwMTU5OTQ3NTUsImFzc2V0X2FnZV9kYXlzIjo1MywidmlfdXNlY2FzZV9pZCI6MTA3OTksImR1cmF0aW9uX3MiOjE1NSwidXJsZ2VuX3NvdXJjZSI6Ind3dyJ9&ccb=17-1&vs=ee48b444cb9db685&_nc_vs=HBksFQIYRWZiX2VwaGVtZXJhbC9FRDRCOTYxQzc4REQ2MzMyOThERUI5OTc2NzAxMzhCQl9tdF8xX3ZpZGVvX2Rhc2hpbml0Lm1wNBUAAsgBEgAVAhhAZmJfcGVybWFuZW50L0U0NDg5RTI4RUI0MjQ1RDIzODlERTFENjBCQjY2MzgxX2F1ZGlvX2Rhc2hpbml0Lm1wNBUCAsgBEgAoABgAGwKIB3VzZV9vaWwBMRJwcm9ncmVzc2l2ZV9yZWNpcGUBMRUAACaGrqf-xe7XCBUCKAJDMiwXQGN6p--dsi0YGWRhc2hfaDI2NC1iYXNpYy1nZW4yXzcyMHARAHUAZd6oAQA&_nc_gid=3IwMZ2g-bRDXKRlYhoCw9A&_nc_ss=7a289&_nc_map=urlgen_bucketless&_nc_zt=28&oh=00_AQKwrs8pYTcCFVZ01Ja3NL_33S0i3z02Rifk-DcL4gCviw&oe=6AA6F0A4,https://www.facebook.com/ads/library/?id=2422739321463760,صابونة لبان الدكر كريم,2026-09-09T09:57:37+00:00
1793920498717884,EG,دنيا حامد - Donia Hamed,2026-07-24,47,0,47,لو آثار الحبوب مخلياكي تحسي إن بشرتك مش صافية... يمكن ده الوقت المناسب تبدئي روتين مختلف ✨ كريم العرقسوس من Devoria يجمع بين: 🌿 إشراقة فورية بعد الاستخدام. 🌿 المساعدة على تحسين مظهر التصبغات وآثار الحبوب مع الاستخدام المنتظم. 🌿 ترطيب ولمسة ناعمة تناسب روتينك اليومي. ولو عندك مناسبة، أو نفسك تشوفي بشرتك بلون أكثر تجانسًا، ابدئي من النهارده. https://devoria-cosmetics.myeasyorders.com/products/licorice-cream | مشكلتك مش الحبوب... آثارها ❌,https://devoria-cosmetics.myeasyorders.com/products/licorice-cream,https://video.forn3-5.fna.fbcdn.net/o1/v/t2/f2/m366/AQOksrnLkvJ-7zvGF3CqO4k6g5kPBt24ZfJAb3aJllVlstgcsUqHwJ1A15jlFac9tjZ8s-xBe_MQ5pfG4Dtty1s0OEalCWcbsqZ-RV7OBqpuyQ.mp4?_nc_cat=100&_nc_oc=AdozvZBVGEJUPZoShE6zMcouSwadTu6sCfr5pUuHvUcUdMXGxHzEHmoqxu2WwUpOf0k&_nc_sid=b66105&_nc_ht=video.forn3-5.fna.fbcdn.net&_nc_ohc=BcIkBL2OeToQ7kNvwH30_3B&efg=eyJ2ZW5jb2RlX3RhZyI6Inhwdl9wcm9ncmVzc2l2ZS5WSV9VU0VDQVNFX1BST0RVQ1RfVFlQRS4uQzIuNzIwLmRhc2hfaDI2NC1iYXNpYy1nZW4yXzcyMHAiLCJ4cHZfYXNzZXRfaWQiOjI0NDUwMTQwMTU5OTQ3NTUsImFzc2V0X2FnZV9kYXlzIjo1MywidmlfdXNlY2FzZV9pZCI6MTA3OTksImR1cmF0aW9uX3MiOjE1NSwidXJsZ2VuX3NvdXJjZSI6Ind3dyJ9&ccb=17-1&vs=ee48b444cb9db685&_nc_vs=HBksFQIYRWZiX2VwaGVtZXJhbC9FRDRCOTYxQzc4REQ2MzMyOThERUI5OTc2NzAxMzhCQl9tdF8xX3ZpZGVvX2Rhc2hpbml0Lm1wNBUAAsgBEgAVAhhAZmJfcGVybWFuZW50L0U0NDg5RTI4RUI0MjQ1RDIzODlERTFENjBCQjY2MzgxX2F1ZGlvX2Rhc2hpbml0Lm1wNBUCAsgBEgAoABgAGwKIB3VzZV9vaWwBMRJwcm9ncmVzc2l2ZV9yZWNpcGUBMRUAACaGrqf-xe7XCBUCKAJDMiwXQGN6p--dsi0YGWRhc2hfaDI2NC1iYXNpYy1nZW4yXzcyMHARAHUAZd6oAQA&_nc_gid=l2TT--VhFcAU2xxwUJ5l-A&_nc_ss=7a289&_nc_map=urlgen_bucketless&_nc_zt=28&oh=00_AQJ1o8KGqD4MulJo-Vi-FsX6urVY28gMWV2w62SnfOQ9Ug&oe=6AA6F0A4,https://www.facebook.com/ads/library/?id=1793920498717884,صابونة لبان الدكر كريم,2026-09-09T09:57:37+00:00
1063928482648498,EG,دنيا حامد - Donia Hamed,2026-07-24,47,0,47,☀️ المصيف المفروض يغير مودك... مش لون بشرتك. كلنا بنستنى البحر والشمس والصور الحلوة... لكن بعد كام يوم، تلاقي بشرتك بقت أغمق أو التصبغات بانت أكتر. علشان كده روتين العناية في الصيف مهم بنفس أهمية الاستمتاع بالمصيف. 🌿 كريم العرقسوس من Devoria بيدي البشرة إشراقة فورية بعد الاستخدام، ومع الانتظام في روتين العناية يساعد على تحسين مظهر التصبغات وتوحيد لون البشرة. ✨ علشان تستمتعي بالمصيف... من غير ما تقلقي من شكل بشرتك بعده. استخدميه بانتظام صباحًا ومساءً، للحصول على أفضل النتائج. https://devoria-cosmetics.myeasyorders.com/products/licorice-cream | مشكلتك مش الحبوب... آثارها ❌,https://devoria-cosmetics.myeasyorders.com/products/licorice-cream,https://video.forn3-5.fna.fbcdn.net/o1/v/t2/f2/m366/AQOksrnLkvJ-7zvGF3CqO4k6g5kPBt24ZfJAb3aJllVlstgcsUqHwJ1A15jlFac9tjZ8s-xBe_MQ5pfG4Dtty1s0OEalCWcbsqZ-RV7OBqpuyQ.mp4?_nc_cat=100&_nc_oc=AdozvZBVGEJUPZoShE6zMcouSwadTu6sCfr5pUuHvUcUdMXGxHzEHmoqxu2WwUpOf0k&_nc_sid=b66105&_nc_ht=video.forn3-5.fna.fbcdn.net&_nc_ohc=BcIkBL2OeToQ7kNvwH30_3B&efg=eyJ2ZW5jb2RlX3RhZyI6Inhwdl9wcm9ncmVzc2l2ZS5WSV9VU0VDQVNFX1BST0RVQ1RfVFlQRS4uQzIuNzIwLmRhc2hfaDI2NC1iYXNpYy1nZW4yXzcyMHAiLCJ4cHZfYXNzZXRfaWQiOjI0NDUwMTQwMTU5OTQ3NTUsImFzc2V0X2FnZV9kYXlzIjo1MywidmlfdXNlY2FzZV9pZCI6MTA3OTksImR1cmF0aW9uX3MiOjE1NSwidXJsZ2VuX3NvdXJjZSI6Ind3dyJ9&ccb=17-1&vs=ee48b444cb9db685&_nc_vs=HBksFQIYRWZiX2VwaGVtZXJhbC9FRDRCOTYxQzc4REQ2MzMyOThERUI5OTc2NzAxMzhCQl9tdF8xX3ZpZGVvX2Rhc2hpbml0Lm1wNBUAAsgBEgAVAhhAZmJfcGVybWFuZW50L0U0NDg5RTI4RUI0MjQ1RDIzODlERTFENjBCQjY2MzgxX2F1ZGlvX2Rhc2hpbml0Lm1wNBUCAsgBEgAoABgAGwKIB3VzZV9vaWwBMRJwcm9ncmVzc2l2ZV9yZWNpcGUBMRUAACaGrqf-xe7XCBUCKAJDMiwXQGN6p--dsi0YGWRhc2hfaDI2NC1iYXNpYy1nZW4yXzcyMHARAHUAZd6oAQA&_nc_gid=l2TT--VhFcAU2xxwUJ5l-A&_nc_ss=7a289&_nc_map=urlgen_bucketless&_nc_zt=28&oh=00_AQJ1o8KGqD4MulJo-Vi-FsX6urVY28gMWV2w62SnfOQ9Ug&oe=6AA6F0A4,https://www.facebook.com/ads/library/?id=1063928482648498,صابونة لبان الدكر كريم,2026-09-09T09:57:37+00:00
911823017993792,EG,دنيا حامد - Donia Hamed,2026-07-24,47,0,47,"🔥 عرض ديفوريا لمدة 48 ساعة بس! 🔥 لو بتدوري على حل سريع وفعّال للتصبغات، الغمقان، وآثار الحبوب… ولو زهقتي من الكريمات اللي بتسيب أثر أبيض أو بتسببلك تهيج… وجربتي كل حاجة ولسه مش لاقية نتيجة ترضيك؟ 📌 كريم العرقسوس هو الحل! ٣ فوائد في منتج واحد: ✅ بيفتح ويوحد لون البشرة ✅ بيعالج التصبغات وآثار الحبوب ✅ فيه صن بلوك طبيعي يحميكي من الشمس 💯 مناسب لكل أنواع البشرة، حتى الحساسة تقدري تستخدميه يوميًا قبل الشغل، الجامعة، أو الخروجات بتركيبة طبيعية فيها خلاصة العرقسوس… يعني نتيجة سريعة من غير خوف! ⚠️ العرض ساري ليومين بس الكمية محدودة… والفرصة دي مش هتتكرر 💥 الحقّي العرض وعيشي إحساس ""وشك منور"" كل يوم ✨ https://devoria-cosmetics.myeasyorders.com/products/licorice-cream | بشرتك هتبقي زي الفلتر ومن غير فلتر✨💧",https://devoria-cosmetics.myeasyorders.com/products/licorice-cream,https://video.forn3-2.fna.fbcdn.net/o1/v/t2/f2/m366/AQNTc-U6qQD9R0A6GjJUdsk1CNy-9py19Ah5SDE1diy-6aycVh5oqsWOHzH2fByozg7HdqWjO4Rf-2y_ObL01nJ7c9DdwJU31oFtKf_2Qpf0eA.mp4?_nc_cat=105&_nc_oc=AdoqztYgHIo3mk-zg6yJQ2E-iKcA71L5ymWx0kzEzpU83M8K418IhwHwutdOEA9D27c&_nc_sid=b66105&_nc_ht=video.forn3-2.fna.fbcdn.net&_nc_ohc=_eTC2DW9wt0Q7kNvwGDQnPP&efg=eyJ2ZW5jb2RlX3RhZyI6Inhwdl9wcm9ncmVzc2l2ZS5WSV9VU0VDQVNFX1BST0RVQ1RfVFlQRS4uQzMuNzIwLmRhc2hfaDI2NC1iYXNpYy1nZW4yXzcyMHAiLCJ4cHZfYXNzZXRfaWQiOjI4MTk4MDI2NzAzMTQ4NzE0LCJhc3NldF9hZ2VfZGF5cyI6NTMsInZpX3VzZWNhc2VfaWQiOjEwNzk5LCJkdXJhdGlvbl9zIjoxMzcsInVybGdlbl9zb3VyY2UiOiJ3d3cifQ%3D%3D&ccb=17-1&vs=8476506ae3e65cd2&_nc_vs=HBksFQIYRWZiX2VwaGVtZXJhbC8wMjRBNkRCMTQ0NjNDRTk5MUIxNjg1MzQyREU1NEM4M19tdF8xX3ZpZGVvX2Rhc2hpbml0Lm1wNBUAAsgBEgAVAhhAZmJfcGVybWFuZW50LzBGNDM0NTJEREI1QUQxQ0U2M0MyODE4NkIyREFGQkE0X2F1ZGlvX2Rhc2hpbml0Lm1wNBUCAsgBEgAoABgAGwKIB3VzZV9vaWwBMRJwcm9ncmVzc2l2ZV9yZWNpcGUBMRUAACbU2pDQlv2WZBUCKAJDMywXQGErtkWhysEYGWRhc2hfaDI2NC1iYXNpYy1nZW4yXzcyMHARAHUAZd6oAQA&_nc_gid=lcaS38gGFDaudO-kS1AIyA&_nc_ss=7b289&_nc_map=urlgen_bucketless&_nc_zt=28&oh=00_AQKxr8V_8wh1lUv7bb4kBRne8goKJ89T7uJXSeJ9M9e2kQ&oe=6AA70813,https://www.facebook.com/ads/library/?id=911823017993792,عرض ديفوريا لمدة ساعة,2026-09-09T09:05:33+00:00
1722659658883684,EG,دنيا حامد - Donia Hamed,2026-07-24,47,0,47,"🔥 عرض ديفوريا لمدة 48 ساعة بس! 🔥 لو بتدوري على حل سريع وفعّال للتصبغات، الغمقان، وآثار الحبوب… ولو زهقتي من الكريمات اللي بتسيب أثر أبيض أو بتسببلك تهيج… وجربتي كل حاجة ولسه مش لاقية نتيجة ترضيك؟ 📌 كريم العرقسوس هو الحل! ٣ فوائد في منتج واحد: ✅ بيفتح ويوحد لون البشرة ✅ بيعالج التصبغات وآثار الحبوب ✅ فيه صن بلوك طبيعي يحميكي من الشمس 💯 مناسب لكل أنواع البشرة، حتى الحساسة تقدري تستخدميه يوميًا قبل الشغل، الجامعة، أو الخروجات بتركيبة طبيعية فيها خلاصة العرقسوس… يعني نتيجة سريعة من غير خوف! ⚠️ العرض ساري ليومين بس الكمية محدودة… والفرصة دي مش هتتكرر 💥 الحقّي العرض وعيشي إحساس ""وشك منور"" كل يوم ✨ https://devoria-cosmetics.myeasyorders.com/products/licorice-cream | بشرتك هتبقي زي الفلتر ومن غير فلتر✨💧",https://devoria-cosmetics.myeasyorders.com/products/licorice-cream,https://video.forn3-5.fna.fbcdn.net/o1/v/t2/f2/m366/AQOksrnLkvJ-7zvGF3CqO4k6g5kPBt24ZfJAb3aJllVlstgcsUqHwJ1A15jlFac9tjZ8s-xBe_MQ5pfG4Dtty1s0OEalCWcbsqZ-RV7OBqpuyQ.mp4?_nc_cat=100&_nc_oc=AdozvZBVGEJUPZoShE6zMcouSwadTu6sCfr5pUuHvUcUdMXGxHzEHmoqxu2WwUpOf0k&_nc_sid=b66105&_nc_ht=video.forn3-5.fna.fbcdn.net&_nc_ohc=BcIkBL2OeToQ7kNvwH30_3B&efg=eyJ2ZW5jb2RlX3RhZyI6Inhwdl9wcm9ncmVzc2l2ZS5WSV9VU0VDQVNFX1BST0RVQ1RfVFlQRS4uQzMuNzIwLmRhc2hfaDI2NC1iYXNpYy1nZW4yXzcyMHAiLCJ4cHZfYXNzZXRfaWQiOjI0NDUwMTQwMTU5OTQ3NTUsImFzc2V0X2FnZV9kYXlzIjo1MywidmlfdXNlY2FzZV9pZCI6MTA3OTksImR1cmF0aW9uX3MiOjE1NSwidXJsZ2VuX3NvdXJjZSI6Ind3dyJ9&ccb=17-1&vs=ee48b444cb9db685&_nc_vs=HBksFQIYRWZiX2VwaGVtZXJhbC9FRDRCOTYxQzc4REQ2MzMyOThERUI5OTc2NzAxMzhCQl9tdF8xX3ZpZGVvX2Rhc2hpbml0Lm1wNBUAAsgBEgAVAhhAZmJfcGVybWFuZW50L0U0NDg5RTI4RUI0MjQ1RDIzODlERTFENjBCQjY2MzgxX2F1ZGlvX2Rhc2hpbml0Lm1wNBUCAsgBEgAoABgAGwKIB3VzZV9vaWwBMRJwcm9ncmVzc2l2ZV9yZWNpcGUBMRUAACaGrqf-xe7XCBUCKAJDMywXQGN6p--dsi0YGWRhc2hfaDI2NC1iYXNpYy1nZW4yXzcyMHARAHUAZd6oAQA&_nc_gid=F5YiRe71dhxR3BPKp0kSQw&_nc_ss=7b289&_nc_map=urlgen_bucketless&_nc_zt=28&oh=00_AQLP2ys8liEv9Jlwdg59Q6TLxNgMLgJ482jH1fovn_5QSg&oe=6AA6F0A4,https://www.facebook.com/ads/library/?id=1722659658883684,عرض ديفوريا لمدة ساعة,2026-09-09T09:05:33+00:00
1806548720338808,EG,دنيا حامد - Donia Hamed,2026-07-24,47,0,47,"🔥 عرض ديفوريا لمدة 48 ساعة بس! 🔥 لو بتدوري على حل سريع وفعّال للتصبغات، الغمقان، وآثار الحبوب… ولو زهقتي من الكريمات اللي بتسيب أثر أبيض أو بتسببلك تهيج… وجربتي كل حاجة ولسه مش لاقية نتيجة ترضيك؟ 📌 كريم العرقسوس هو الحل! ٣ فوائد في منتج واحد: ✅ بيفتح ويوحد لون البشرة ✅ بيعالج التصبغات وآثار الحبوب ✅ فيه صن بلوك طبيعي يحميكي من الشمس 💯 مناسب لكل أنواع البشرة، حتى الحساسة تقدري تستخدميه يوميًا قبل الشغل، الجامعة، أو الخروجات بتركيبة طبيعية فيها خلاصة العرقسوس… يعني نتيجة سريعة من غير خوف! ⚠️ العرض ساري ليومين بس الكمية محدودة… والفرصة دي مش هتتكرر 💥 الحقّي العرض وعيشي إحساس ""وشك منور"" كل يوم ✨ https://devoria-cosmetics.myeasyorders.com/products/licorice-cream | بشرتك هتبقي زي الفلتر ومن غير فلتر✨💧",https://devoria-cosmetics.myeasyorders.com/products/licorice-cream,https://video.forn3-5.fna.fbcdn.net/o1/v/t2/f2/m366/AQOksrnLkvJ-7zvGF3CqO4k6g5kPBt24ZfJAb3aJllVlstgcsUqHwJ1A15jlFac9tjZ8s-xBe_MQ5pfG4Dtty1s0OEalCWcbsqZ-RV7OBqpuyQ.mp4?_nc_cat=100&_nc_oc=AdozvZBVGEJUPZoShE6zMcouSwadTu6sCfr5pUuHvUcUdMXGxHzEHmoqxu2WwUpOf0k&_nc_sid=b66105&_nc_ht=video.forn3-5.fna.fbcdn.net&_nc_ohc=BcIkBL2OeToQ7kNvwH30_3B&efg=eyJ2ZW5jb2RlX3RhZyI6Inhwdl9wcm9ncmVzc2l2ZS5WSV9VU0VDQVNFX1BST0RVQ1RfVFlQRS4uQzMuNzIwLmRhc2hfaDI2NC1iYXNpYy1nZW4yXzcyMHAiLCJ4cHZfYXNzZXRfaWQiOjI0NDUwMTQwMTU5OTQ3NTUsImFzc2V0X2FnZV9kYXlzIjo1MywidmlfdXNlY2FzZV9pZCI6MTA3OTksImR1cmF0aW9uX3MiOjE1NSwidXJsZ2VuX3NvdXJjZSI6Ind3dyJ9&ccb=17-1&vs=ee48b444cb9db685&_nc_vs=HBksFQIYRWZiX2VwaGVtZXJhbC9FRDRCOTYxQzc4REQ2MzMyOThERUI5OTc2NzAxMzhCQl9tdF8xX3ZpZGVvX2Rhc2hpbml0Lm1wNBUAAsgBEgAVAhhAZmJfcGVybWFuZW50L0U0NDg5RTI4RUI0MjQ1RDIzODlERTFENjBCQjY2MzgxX2F1ZGlvX2Rhc2hpbml0Lm1wNBUCAsgBEgAoABgAGwKIB3VzZV9vaWwBMRJwcm9ncmVzc2l2ZV9yZWNpcGUBMRUAACaGrqf-xe7XCBUCKAJDMywXQGN6p--dsi0YGWRhc2hfaDI2NC1iYXNpYy1nZW4yXzcyMHARAHUAZd6oAQA&_nc_gid=F5YiRe71dhxR3BPKp0kSQw&_nc_ss=7b289&_nc_map=urlgen_bucketless&_nc_zt=28&oh=00_AQLP2ys8liEv9Jlwdg59Q6TLxNgMLgJ482jH1fovn_5QSg&oe=6AA6F0A4,https://www.facebook.com/ads/library/?id=1806548720338808,عرض ديفوريا لمدة ساعة,2026-09-09T09:05:33+00:00
1391871319530901,EG,Blanco Store,2026-07-23,47,0,47,التجاعيد مش لازم تكمل ✋ سيروم ببتيدات النحاس الأزرق بيحارب علامات السن قبل ما تظهر: ✔️ خطوط الجبهة ✔️ تجاعيد العين ✔️ فقدان مرونة البشرة 🌊 عناية ذكية ببشرتك ⚡ الكمية محدودة جدًا احجزي دلوقتي واستمتعي ببشرة مشدودة ومشرقة 👇 | عشان وقتك غالي وبشرتك تستاهل 👌 | الكمية محدودة جدًا ❌,https://www.blancoonlines.com/products/Facelif-serum#,https://video.forn3-5.fna.fbcdn.net/o1/v/t2/f2/m366/AQO-BOIXtB3N5eyNEmHKZAbCqNZ9iuY9cwYvJat9QLoWmWP10t67h1SePbbaNTvrfcDDFJcusGUYYvTxTaU3a3BL0SPDqceBKRpk3MhzcRYhVQ.mp4?_nc_cat=100&_nc_oc=AdrFPMNsTeF1WKFwLMzul_Uw9ZfBIQqD5hiRVW0xcc4fyrUkVW5yRZyukQATSgmec8U&_nc_sid=b66105&_nc_ht=video.forn3-5.fna.fbcdn.net&_nc_ohc=TolIBTHoCM4Q7kNvwHRLLhd&efg=eyJ2ZW5jb2RlX3RhZyI6Inhwdl9wcm9ncmVzc2l2ZS5WSV9VU0VDQVNFX1BST0RVQ1RfVFlQRS4uQzMuNzIwLmRhc2hfaDI2NC1iYXNpYy1nZW4yXzcyMHAiLCJ4cHZfYXNzZXRfaWQiOjg0MzcxNjc5NTM5OTc0OCwiYXNzZXRfYWdlX2RheXMiOjE1MywidmlfdXNlY2FzZV9pZCI6MTA3OTksImR1cmF0aW9uX3MiOjMxLCJ1cmxnZW5fc291cmNlIjoid3d3In0%3D&ccb=17-1&vs=c81290baf5383fca&_nc_vs=HBksFQIYRWZiX2VwaGVtZXJhbC9GQjQwNjYxREVEMTM0NTI3RUI5RUJBNEZDMzNGMzFBMl9tdF8xX3ZpZGVvX2Rhc2hpbml0Lm1wNBUAAsgBEgAVAhhAZmJfcGVybWFuZW50L0I1NDdDN0M0OTAwQkE2MjM4NUM3MTgzNjhFRTE0RkFFX2F1ZGlvX2Rhc2hpbml0Lm1wNBUCAsgBEgAoABgAGwKIB3VzZV9vaWwBMRJwcm9ncmVzc2l2ZV9yZWNpcGUBMRUAACaI-Yv-49b_AhUCKAJDMywXQD8AAAAAAAAYGWRhc2hfaDI2NC1iYXNpYy1nZW4yXzcyMHARAHUAZd6oAQA&_nc_gid=hXH1wZSPFKseR6ouTXYgOA&_nc_ss=7b289&_nc_map=urlgen_bucketless&_nc_zt=28&oh=00_AQI-q27DLdpZHHCF3KXJOH-gNAQnYKmSvBlp_dYJ0DwpZw&oe=6AA6E808,https://www.facebook.com/ads/library/?id=1391871319530901,فقدان مرونة الجلد,2026-09-09T07:31:13+00:00
2041964663072595,EG,Blanco Store,2026-07-23,47,0,47,التجاعيد مش لازم تكمل ✋ سيروم ببتيدات النحاس الأزرق بيحارب علامات السن قبل ما تظهر: ✔️ خطوط الجبهة ✔️ تجاعيد العين ✔️ فقدان مرونة البشرة 🌊 عناية ذكية ببشرتك ⚡ الكمية محدودة جدًا احجزي دلوقتي واستمتعي ببشرة مشدودة ومشرقة 👇 | عشان وقتك غالي وبشرتك تستاهل 👌 | الكمية محدودة جدًا ❌,https://www.blancoonlines.com/products/Facelif-serum#,https://video.forn3-6.fna.fbcdn.net/o1/v/t2/f2/m366/AQN_qxYbJbF12I05UCJzaOGdblfo4am_WNtO6LFmpSu69XJqB5LOqFg1rMxMEqouk7y4iefH0zVRyflTGr8I0AlO45U90KH6cIzyLb7K_iA9oQ.mp4?_nc_cat=100&_nc_oc=AdoYCEOfemJLU-bGY74rdpeaV7VPc-pPjC59xGaJf3iSCSSk1MI7kand9P_9Z-T5Tsc&_nc_sid=b66105&_nc_ht=video.forn3-6.fna.fbcdn.net&_nc_ohc=QJ7rQNj2UeAQ7kNvwEZUiVQ&efg=eyJ2ZW5jb2RlX3RhZyI6Inhwdl9wcm9ncmVzc2l2ZS5WSV9VU0VDQVNFX1BST0RVQ1RfVFlQRS4uQzMuNzIwLmRhc2hfaDI2NC1iYXNpYy1nZW4yXzcyMHAiLCJ4cHZfYXNzZXRfaWQiOjEyNzIwNzc2NzgyMzA1MjIsImFzc2V0X2FnZV9kYXlzIjoxNTMsInZpX3VzZWNhc2VfaWQiOjEwNzk5LCJkdXJhdGlvbl9zIjo1OCwidXJsZ2VuX3NvdXJjZSI6Ind3dyJ9&ccb=17-1&vs=adcf8b499296c0b5&_nc_vs=HBksFQIYRWZiX2VwaGVtZXJhbC8wQTQ2QThDQTk2Q0Y2NDk0MDEwNTJFNTEyRTQwNTU4MF9tdF8xX3ZpZGVvX2Rhc2hpbml0Lm1wNBUAAsgBEgAVAhhAZmJfcGVybWFuZW50L0Y5NEY2NThCMjBBQThFRkIwQzZGRjE5M0FDNzQ2MEI1X2F1ZGlvX2Rhc2hpbml0Lm1wNBUCAsgBEgAoABgAGwKIB3VzZV9vaWwBMRJwcm9ncmVzc2l2ZV9yZWNpcGUBMRUAACb075mi1bzCBBUCKAJDMywXQE1IcrAgxJwYGWRhc2hfaDI2NC1iYXNpYy1nZW4yXzcyMHARAHUAZd6oAQA&_nc_gid=yH2zASIX2WnIaWnDP6nxmQ&_nc_ss=7b289&_nc_map=urlgen_bucketless&_nc_zt=28&oh=00_AQJCQUtsXlu2eSmwUssXmyxCD87iGlz8CezUJvd1xwvngQ&oe=6AA6DEE0,https://www.facebook.com/ads/library/?id=2041964663072595,فقدان مرونة الجلد,2026-09-09T07:31:13+00:00
991684673695041,EG,Blanco Store,2026-07-23,47,0,47,التجاعيد مش لازم تكمل ✋ سيروم ببتيدات النحاس الأزرق بيحارب علامات السن قبل ما تظهر: ✔️ خطوط الجبهة ✔️ تجاعيد العين ✔️ فقدان مرونة البشرة 🌊 عناية ذكية ببشرتك ⚡ الكمية محدودة جدًا احجزي دلوقتي واستمتعي ببشرة مشدودة ومشرقة 👇 | عشان وقتك غالي وبشرتك تستاهل 👌 | الكمية محدودة جدًا ❌,https://www.blancoonlines.com/products/Facelif-serum#,https://video.forn3-6.fna.fbcdn.net/o1/v/t2/f2/m366/AQN_qxYbJbF12I05UCJzaOGdblfo4am_WNtO6LFmpSu69XJqB5LOqFg1rMxMEqouk7y4iefH0zVRyflTGr8I0AlO45U90KH6cIzyLb7K_iA9oQ.mp4?_nc_cat=100&_nc_oc=AdoYCEOfemJLU-bGY74rdpeaV7VPc-pPjC59xGaJf3iSCSSk1MI7kand9P_9Z-T5Tsc&_nc_sid=b66105&_nc_ht=video.forn3-6.fna.fbcdn.net&_nc_ohc=QJ7rQNj2UeAQ7kNvwEZUiVQ&efg=eyJ2ZW5jb2RlX3RhZyI6Inhwdl9wcm9ncmVzc2l2ZS5WSV9VU0VDQVNFX1BST0RVQ1RfVFlQRS4uQzMuNzIwLmRhc2hfaDI2NC1iYXNpYy1nZW4yXzcyMHAiLCJ4cHZfYXNzZXRfaWQiOjEyNzIwNzc2NzgyMzA1MjIsImFzc2V0X2FnZV9kYXlzIjoxNTMsInZpX3VzZWNhc2VfaWQiOjEwNzk5LCJkdXJhdGlvbl9zIjo1OCwidXJsZ2VuX3NvdXJjZSI6Ind3dyJ9&ccb=17-1&vs=adcf8b499296c0b5&_nc_vs=HBksFQIYRWZiX2VwaGVtZXJhbC8wQTQ2QThDQTk2Q0Y2NDk0MDEwNTJFNTEyRTQwNTU4MF9tdF8xX3ZpZGVvX2Rhc2hpbml0Lm1wNBUAAsgBEgAVAhhAZmJfcGVybWFuZW50L0Y5NEY2NThCMjBBQThFRkIwQzZGRjE5M0FDNzQ2MEI1X2F1ZGlvX2Rhc2hpbml0Lm1wNBUCAsgBEgAoABgAGwKIB3VzZV9vaWwBMRJwcm9ncmVzc2l2ZV9yZWNpcGUBMRUAACb075mi1bzCBBUCKAJDMywXQE1IcrAgxJwYGWRhc2hfaDI2NC1iYXNpYy1nZW4yXzcyMHARAHUAZd6oAQA&_nc_gid=yH2zASIX2WnIaWnDP6nxmQ&_nc_ss=7b289&_nc_map=urlgen_bucketless&_nc_zt=28&oh=00_AQJCQUtsXlu2eSmwUssXmyxCD87iGlz8CezUJvd1xwvngQ&oe=6AA6DEE0,https://www.facebook.com/ads/library/?id=991684673695041,فقدان مرونة الجلد,2026-09-09T07:31:13+00:00
1053664610663271,YE,الهامور ستور,2026-07-25,46,0,46,🔥🦷 ودّع بقايا الطعام والبلاك… واستمتع بابتسامة أنظف كل يوم! ✨ 🌟 جهاز تنظيف الأسنان بضغط الماء – الحل الذكي للعناية بالفم والأسنان بطريقة احترافية، مع إمكانية إضافة غسول الفم لمزيد من الانتعاش والنظافة. 😍 ✨ المميزات: ✅ تنظيف عميق بضغط الماء لإزالة البلاك وبقايا الطعام. ✅ إمكانية إضافة غسول الفم لنتائج أفضل. ✅ 3 مستويات للضغط تناسب جميع الاحتياجات. ✅ بطارية قابلة للشحن لاسلكيًا. ✅ تصميم خفيف وعملي مناسب للمنزل والسفر. ✅ مقاوم للماء وآمن للاستخدام في الحمام. 💙 الفوائد: ✔️ يساعد على تحسين صحة اللثة وتقليل الالتهابات. ✔️ يساهم في إزالة البكتيريا المسببة للتسوس. ✔️ يمنحك شعورًا بالانتعاش والنظافة بعد كل استخدام. ✔️ مثالي لتنظيف الأماكن التي يصعب الوصول إليها بالفرشاة. 💰 السعر المفاجأة: فقط 3500 ريال 🔥 📦 الكمية محدودة... اطلبه الآن واستمتع بابتسامة أكثر صحة وإشراقًا! 🦷✨ 📞 اطلبها الآن من #الهامور_ستوى للطلب والاستفسار عبر الرقم: 📲 0779 006 084 🚚 خدمة التوصيل متوفرة: • شحن لجميع المحافظات عبر مكاتب النقل. • توصيل سريع داخل المدينة بأسعار رمزية 🛵 🔥 انضم لمجتمعنا على الواتساب لتصلك أحدث العروض والخصومات الحصرية: https://chat.whatsapp.com/GRZ6ZvrPbOy6mlBuLZn1ia?mode=ac_t 📢 قناتنا على الواتساب: https://whatsapp.com/channel/0029VbAOU4CFnSzD3cnAvf11 📦 تصفح الكتالوج الكامل للمنتجات: https://wa.me/c/967779006084,https://api.whatsapp.com/send,https://video.forn3-5.fna.fbcdn.net/o1/v/t2/f2/m366/AQN5e_PH96aqPENaJR4cM-VgBZIsXYwALN7bFYMs-r0KR388zbbydGjqCmJzEgnk9xzRfOy9MwCe8wBnf-_e2dEOw7vkPIEdtQmc3wq_4DQ5Uw.mp4?_nc_cat=102&_nc_oc=Ado6rqSqZIHMoqYoqKwuShFNTCEIWmY8EnjNKsON9QoteWG0Wu9RwQelUV35OWU62E0&_nc_sid=b66105&_nc_ht=video.forn3-5.fna.fbcdn.net&_nc_ohc=pzGSKI_18hIQ7kNvwEjbk5O&efg=eyJ2ZW5jb2RlX3RhZyI6Inhwdl9wcm9ncmVzc2l2ZS5WSV9VU0VDQVNFX1BST0RVQ1RfVFlQRS4uQzMuNzIwLmRhc2hfaDI2NC1iYXNpYy1nZW4yXzcyMHAiLCJ4cHZfYXNzZXRfaWQiOjEzNDc4NDU5NjY5NzIyODQsImFzc2V0X2FnZV9kYXlzIjo0NSwidmlfdXNlY2FzZV9pZCI6MTIzNzMsImR1cmF0aW9uX3MiOjE4LCJ1cmxnZW5fc291cmNlIjoid3d3In0%3D&ccb=17-1&vs=3cfa35a6cbce1727&_nc_vs=HBksFQIYRWZiX2VwaGVtZXJhbC82NjQ1OTFFNTk1MENGQURFMUE5RDBCQ0VGQUYxQThBQV9tdF8xX3ZpZGVvX2Rhc2hpbml0Lm1wNBUAAsgBEgAVAhhAZmJfcGVybWFuZW50L0VBNEJGODlDRTMwMzAyNEM1NEEyRkIxMzI4OUIwMEJFX2F1ZGlvX2Rhc2hpbml0Lm1wNBUCAsgBEgAoABgAGwKIB3VzZV9vaWwBMRJwcm9ncmVzc2l2ZV9yZWNpcGUBMRUAACb4lZaB-_bkBBUCKAJDMywXQDKQ5WBBiTcYGWRhc2hfaDI2NC1iYXNpYy1nZW4yXzcyMHARAHUAZarBAQA&_nc_gid=arF1JJ9oYrL65gA7H74bEA&_nc_ss=7a289&_nc_map=urlgen_bucketless&_nc_zt=28&oh=00_AQJKVqAceSh0prPfuoFljhmebkk1tz7MhoFbM7r33hJ4Dg&oe=6AA70702,https://www.facebook.com/ads/library/?id=1053664610663271,جهاز ازالة,2026-09-09T10:32:22+00:00
2514230285666819,SA,Mega store Ksa,2026-07-25,46,0,46,جهاز الليزر لي إزالة الشعر الي رح يغنيك عم الجلسات والصالونات بتقنية النانو أحدث اصدار2026 | عر,https://api.whatsapp.com/send,https://video.forn3-1.fna.fbcdn.net/o1/v/t2/f2/m366/AQOTy16rGb0_2RNr4qtMlsLTIA9tNs3ccUfCWnwv9uAZbvm4Y6CL9p6kPVO7pP60B18HaIdk4pxc7O12kA3VORfMtmFXsY-1HMJXo7F8oZVsAA.mp4?_nc_cat=103&_nc_oc=AdrEhuoFnfplDmgSUojwFqU7MawwoSU8EwFFWcfn421vmbWd8mbAp6d8WKciQFR7xDE&_nc_sid=b66105&_nc_ht=video.forn3-1.fna.fbcdn.net&_nc_ohc=jg5h8ZGvsCwQ7kNvwFxShvN&efg=eyJ2ZW5jb2RlX3RhZyI6Inhwdl9wcm9ncmVzc2l2ZS5WSV9VU0VDQVNFX1BST0RVQ1RfVFlQRS4uQzIuNDgwLmRhc2hfaDI2NC1iYXNpYy1nZW4yXzcyMHAiLCJ4cHZfYXNzZXRfaWQiOjE0MDAyOTIwNTg0NDgxOTMsImFzc2V0X2FnZV9kYXlzIjoxNDQsInZpX3VzZWNhc2VfaWQiOjEwMTM5LCJkdXJhdGlvbl9zIjo4LCJ1cmxnZW5fc291cmNlIjoid3d3In0%3D&ccb=17-1&vs=2db17cad9959d9eb&_nc_vs=HBksFQIYRWZiX2VwaGVtZXJhbC8xQjQxRjBBRkVBQ0FFQ0FFNjFBQTU1RjkzQ0U5NjhBN19tdF8xX3ZpZGVvX2Rhc2hpbml0Lm1wNBUAAsgBEgAVAhhAZmJfcGVybWFuZW50LzU3NDE0OEMzRkNFQTIxRjJFMDZEODZEODZFNzhEM0FFX2F1ZGlvX2Rhc2hpbml0Lm1wNBUCAsgBEgAoABgAGwKIB3VzZV9vaWwBMRJwcm9ncmVzc2l2ZV9yZWNpcGUBMRUAACaChc7r3OP8BBUCKAJDMiwXQCCZmZmZmZoYGWRhc2hfaDI2NC1iYXNpYy1nZW4yXzcyMHARAHUAZbaeAQA&_nc_gid=1qfy9Gjd9d3vs8H_mT38CQ&_nc_ss=7a289&_nc_map=urlgen_bucketless&_nc_zt=28&oh=00_AQL8BzzZrIHMPM2pi36X7YYgsIKee6Kgv1pInxXDyh2-Lg&oe=6AA71CB1,https://www.facebook.com/ads/library/?id=2514230285666819,جهاز ازالة الشعر,2026-09-09T10:30:54+00:00
1819643449416056,EG,Blanco Store,2026-07-24,46,0,46,التجاعيد مش لازم تكمل ✋ سيروم ببتيدات النحاس الأزرق بيحارب علامات السن قبل ما تظهر: ✔️ خطوط الجبهة ✔️ تجاعيد العين ✔️ فقدان مرونة البشرة 🌊 عناية ذكية ببشرتك ⚡ الكمية محدودة جدًا احجزي دلوقتي واستمتعي ببشرة مشدودة ومشرقة 👇 | عشان وقتك غالي وبشرتك تستاهل 👌 | الكمية محدودة جدًا ❌,https://www.blancoonlines.com/products/Facelif-serum#,https://video.forn3-5.fna.fbcdn.net/o1/v/t2/f2/m366/AQO-BOIXtB3N5eyNEmHKZAbCqNZ9iuY9cwYvJat9QLoWmWP10t67h1SePbbaNTvrfcDDFJcusGUYYvTxTaU3a3BL0SPDqceBKRpk3MhzcRYhVQ.mp4?_nc_cat=100&_nc_oc=AdrFPMNsTeF1WKFwLMzul_Uw9ZfBIQqD5hiRVW0xcc4fyrUkVW5yRZyukQATSgmec8U&_nc_sid=b66105&_nc_ht=video.forn3-5.fna.fbcdn.net&_nc_ohc=TolIBTHoCM4Q7kNvwHRLLhd&efg=eyJ2ZW5jb2RlX3RhZyI6Inhwdl9wcm9ncmVzc2l2ZS5WSV9VU0VDQVNFX1BST0RVQ1RfVFlQRS4uQzMuNzIwLmRhc2hfaDI2NC1iYXNpYy1nZW4yXzcyMHAiLCJ4cHZfYXNzZXRfaWQiOjg0MzcxNjc5NTM5OTc0OCwiYXNzZXRfYWdlX2RheXMiOjE1MywidmlfdXNlY2FzZV9pZCI6MTA3OTksImR1cmF0aW9uX3MiOjMxLCJ1cmxnZW5fc291cmNlIjoid3d3In0%3D&ccb=17-1&vs=c81290baf5383fca&_nc_vs=HBksFQIYRWZiX2VwaGVtZXJhbC9GQjQwNjYxREVEMTM0NTI3RUI5RUJBNEZDMzNGMzFBMl9tdF8xX3ZpZGVvX2Rhc2hpbml0Lm1wNBUAAsgBEgAVAhhAZmJfcGVybWFuZW50L0I1NDdDN0M0OTAwQkE2MjM4NUM3MTgzNjhFRTE0RkFFX2F1ZGlvX2Rhc2hpbml0Lm1wNBUCAsgBEgAoABgAGwKIB3VzZV9vaWwBMRJwcm9ncmVzc2l2ZV9yZWNpcGUBMRUAACaI-Yv-49b_AhUCKAJDMywXQD8AAAAAAAAYGWRhc2hfaDI2NC1iYXNpYy1nZW4yXzcyMHARAHUAZd6oAQA&_nc_gid=hXH1wZSPFKseR6ouTXYgOA&_nc_ss=7b289&_nc_map=urlgen_bucketless&_nc_zt=28&oh=00_AQI-q27DLdpZHHCF3KXJOH-gNAQnYKmSvBlp_dYJ0DwpZw&oe=6AA6E808,https://www.facebook.com/ads/library/?id=1819643449416056,فقدان مرونة الجلد,2026-09-09T07:31:13+00:00
1995763454402734,EG,سوق بغداد - Baghdad Bazaar,2026-07-24,46,0,46,آلاف النساء جربوا سيروم ببتيدات النحاس الأزرق والنتائج كانت مبهرة ✨ من أول استخدام… بشرة مشدودة، ناعمة، ومليانة حيوية 💖 ودّعي التجاعيد وعيشي بشرة شابة ناعمة ومتوهجة! 🌊💙 ✔️ يقلّل خطوط الجبهة والتجاعيد حول العين ✔️ يرطب بعمق ويعيد مرونة الوجه ✔️ سهل الاستخدام ونتائجه سريعة 🚚 شحن مجاني | 💵 الدفع عند الاستلام ⚡ الكمية محدودة… احجزي الآن 👇 | ✨ يمنحك إشراقة وشباب يدوم,https://www.blancoonlines.com/products/Facelif-serum#,https://video.forn3-2.fna.fbcdn.net/o1/v/t2/f2/m366/AQNr-ZxQIynpVHO-n-EbzLUm-v49_IOQBiENUySQsJTA-NckWKT1nkROwUc9yzlaiCJ8tLR821xSai64LlXhrm60UK7ExIpMPcYwZl5GO2KqZw.mp4?_nc_cat=108&_nc_oc=AdpXxmYwoKjtNHW40LUbMt9kBnX740nCuAwZdcA-iAaEd4LbzSs9ZPt9eWX0qbZCMEo&_nc_sid=b66105&_nc_ht=video.forn3-2.fna.fbcdn.net&_nc_ohc=KwHkMq_KkT0Q7kNvwHR99RO&efg=eyJ2ZW5jb2RlX3RhZyI6Inhwdl9wcm9ncmVzc2l2ZS5WSV9VU0VDQVNFX1BST0RVQ1RfVFlQRS4uQzMuNzIwLmRhc2hfaDI2NC1iYXNpYy1nZW4yXzcyMHAiLCJ4cHZfYXNzZXRfaWQiOjExNjkxMTY4OTUxMzg3MTcsImFzc2V0X2FnZV9kYXlzIjozMzMsInZpX3VzZWNhc2VfaWQiOjEwNzk5LCJkdXJhdGlvbl9zIjozMiwidXJsZ2VuX3NvdXJjZSI6Ind3dyJ9&ccb=17-1&vs=6a819ef057ad042f&_nc_vs=HBksFQIYRWZiX2VwaGVtZXJhbC80ODQ0Qjk3Q0VDNDkwRUQ4MDY0MkZCMjJBQzA5QjZCQl9tdF8xX3ZpZGVvX2Rhc2hpbml0Lm1wNBUAAsgBEgAVAhhAZmJfcGVybWFuZW50L0U1NDY4N0NFNkY0NTRFQkVFNEU0QzJGNUUwOTA2QTg5X2F1ZGlvX2Rhc2hpbml0Lm1wNBUCAsgBEgAoABgAGwKIB3VzZV9vaWwBMRJwcm9ncmVzc2l2ZV9yZWNpcGUBMRUAACa6zuLTx9OTBBUCKAJDMywXQEBmZmZmZmYYGWRhc2hfaDI2NC1iYXNpYy1nZW4yXzcyMHARAHUAZd6oAQA&_nc_gid=wr3UkmCvCBWJp3JtcSypYw&_nc_ss=7b289&_nc_map=urlgen_bucketless&_nc_zt=28&oh=00_AQJ6hijwyM-rpP6Faq1WnhYfY81jLbOyhHRDkNxebKGjFg&oe=6AA6F748,https://www.facebook.com/ads/library/?id=1995763454402734,فقدان مرونة الجلد,2026-09-09T07:31:12+00:00
1862674705088974,EG,دنيا حامد - Donia Hamed,2026-07-24,46,0,46,"🔥 عرض ديفوريا لمدة 48 ساعة بس! 🔥 لو بتدوري على حل سريع وفعّال للتصبغات، الغمقان، وآثار الحبوب… ولو زهقتي من الكريمات اللي بتسيب أثر أبيض أو بتسببلك تهيج… وجربتي كل حاجة ولسه مش لاقية نتيجة ترضيك؟ 📌 كريم العرقسوس هو الحل! ٣ فوائد في منتج واحد: ✅ بيفتح ويوحد لون البشرة ✅ بيعالج التصبغات وآثار الحبوب ✅ فيه صن بلوك طبيعي يحميكي من الشمس 💯 مناسب لكل أنواع البشرة، حتى الحساسة تقدري تستخدميه يوميًا قبل الشغل، الجامعة، أو الخروجات بتركيبة طبيعية فيها خلاصة العرقسوس… يعني نتيجة سريعة من غير خوف! ⚠️ العرض ساري ليومين بس الكمية محدودة… والفرصة دي مش هتتكرر 💥 الحقّي العرض وعيشي إحساس ""وشك منور"" كل يوم ✨ https://devoria-cosmetics.myeasyorders.com/products/licorice-cream | بشرتك هتبقي زي الفلتر ومن غير فلتر✨💧",https://devoria-cosmetics.myeasyorders.com/products/licorice-cream,https://video.forn3-2.fna.fbcdn.net/o1/v/t2/f2/m366/AQNTc-U6qQD9R0A6GjJUdsk1CNy-9py19Ah5SDE1diy-6aycVh5oqsWOHzH2fByozg7HdqWjO4Rf-2y_ObL01nJ7c9DdwJU31oFtKf_2Qpf0eA.mp4?_nc_cat=105&_nc_oc=AdrJUmDSlcs0TVB6zkKkJlHXOLDWlQrbYJMvrj_1dc4dl8K8LyjFT_t0CwIOKuxnWbw&_nc_sid=b66105&_nc_ht=video.forn3-2.fna.fbcdn.net&_nc_ohc=_eTC2DW9wt0Q7kNvwGEzM58&efg=eyJ2ZW5jb2RlX3RhZyI6Inhwdl9wcm9ncmVzc2l2ZS5WSV9VU0VDQVNFX1BST0RVQ1RfVFlQRS4uQzMuNzIwLmRhc2hfaDI2NC1iYXNpYy1nZW4yXzcyMHAiLCJ4cHZfYXNzZXRfaWQiOjI4MTk4MDI2NzAzMTQ4NzE0LCJhc3NldF9hZ2VfZGF5cyI6NTMsInZpX3VzZWNhc2VfaWQiOjEwNzk5LCJkdXJhdGlvbl9zIjoxMzcsInVybGdlbl9zb3VyY2UiOiJ3d3cifQ%3D%3D&ccb=17-1&vs=8476506ae3e65cd2&_nc_vs=HBksFQIYRWZiX2VwaGVtZXJhbC8wMjRBNkRCMTQ0NjNDRTk5MUIxNjg1MzQyREU1NEM4M19tdF8xX3ZpZGVvX2Rhc2hpbml0Lm1wNBUAAsgBEgAVAhhAZmJfcGVybWFuZW50LzBGNDM0NTJEREI1QUQxQ0U2M0MyODE4NkIyREFGQkE0X2F1ZGlvX2Rhc2hpbml0Lm1wNBUCAsgBEgAoABgAGwKIB3VzZV9vaWwBMRJwcm9ncmVzc2l2ZV9yZWNpcGUBMRUAACbU2pDQlv2WZBUCKAJDMywXQGErtkWhysEYGWRhc2hfaDI2NC1iYXNpYy1nZW4yXzcyMHARAHUAZd6oAQA&_nc_gid=2vgEewhjC7DlF7G6zTGcdA&_nc_ss=7b289&_nc_map=urlgen_bucketless&_nc_zt=28&oh=00_AQLJWt9QwY6Hk9xBZ6t3KgVOwOD9Y2X-MkqvmUA_FcxUuw&oe=6AA69793,https://www.facebook.com/ads/library/?id=1862674705088974,الحبوب الناتجة عن العرق,2026-09-09T04:21:42+00:00
2479418522569157,MA,Glow Nature,2026-07-26,45,0,45,✨ عرض حصري ! 49 درهم فقط 🚨 الحكة والاحمرار ديال البشرة مقلقينك؟ إلى كنت كتواجه الحكة، الاحمرار أو تهيج البشرة بشكل متكرر، فالعناية المناسبة كتقدر تساعدك تسترجع الراحة ديالك. ✨ TENOVATE PLUS ✨ ✔️ يساعد على تهدئة البشرة المتهيجة. ✔️ يساهم في التخفيف من الإحساس بالحكة والاحمرار. ✔️ تركيبة للعناية اليومية بالبشرة حسب توجيهات الاستعمال. ✔️ مناسب لمن يبحث عن راحة أكبر لبشرته. 💙 ما تخليش الانزعاج اليومي يأثر عليك. 📦 اطلب TENOVATE PLUS الآن واستافد من العرض المتوفر مع الدفع عند الاستلام. | ✨ عرض حصري ! 49 درهم فقط | ✉️ اطلبه الآن واسترجع صحة وجمال,https://promo49.storeep.com/products/tenovate,https://video.forn3-6.fna.fbcdn.net/o1/v/t2/f2/m366/AQP9eQKYfGduQPkdeQAD4woZbuJu8C_FeQsvwHPXHPKn91emja2QtCL4GvzNHz93FYl08_PCfPBm1V4CoxvxNpmnbEJ8HyTveTY6CBE4WR2EEg.mp4?_nc_cat=103&_nc_oc=Adoa7vZ4m6GSvU7G_wFGnHmDtjNlLZxaA0xCBVT7qPsfdeqgZRazXuI3_5Yk38Mp4bE&_nc_sid=b66105&_nc_ht=video.forn3-6.fna.fbcdn.net&_nc_ohc=_wTZENQM-zYQ7kNvwFZsEvq&efg=eyJ2ZW5jb2RlX3RhZyI6Inhwdl9wcm9ncmVzc2l2ZS5WSV9VU0VDQVNFX1BST0RVQ1RfVFlQRS4uQzMuNzIwLmRhc2hfaDI2NC1iYXNpYy1nZW4yXzcyMHAiLCJ4cHZfYXNzZXRfaWQiOjE3Njc4MTAwODc3Mjk5NDksImFzc2V0X2FnZV9kYXlzIjo0NCwidmlfdXNlY2FzZV9pZCI6MTA3OTksImR1cmF0aW9uX3MiOjM3LCJ1cmxnZW5fc291cmNlIjoid3d3In0%3D&ccb=17-1&vs=7522fa2ee0aa6970&_nc_vs=HBksFQIYRWZiX2VwaGVtZXJhbC81QTQyNUYwMDE4NzEwNkQ5OTEzMUQ4N0MxQjRGRjBBNF9tdF8xX3ZpZGVvX2Rhc2hpbml0Lm1wNBUAAsgBEgAVAhhAZmJfcGVybWFuZW50L0NBNDM1M0UyMkI4NDNDRjIxM0EyRDYxQ0VBOThDNzlCX2F1ZGlvX2Rhc2hpbml0Lm1wNBUCAsgBEgAoABgAGwKIB3VzZV9vaWwBMRJwcm9ncmVzc2l2ZV9yZWNpcGUBMRUAACa67PnEi_SjBhUCKAJDMywXQEKiDEm6XjUYGWRhc2hfaDI2NC1iYXNpYy1nZW4yXzcyMHARAHUAZd6oAQA&_nc_gid=BG5I4faR11qKtYdCMuDziA&_nc_ss=7b289&_nc_map=urlgen_bucketless&_nc_zt=28&oh=00_AQKOgUzR7i04wW6jadzaFqofa2UErYeuWM1-jvwFrbjjRA&oe=6AA6F7F1,https://www.facebook.com/ads/library/?id=2479418522569157,كريم للعناية اليومية يساعد,2026-09-09T09:43:45+00:00
1568037754676059,EG,سوق بغداد - Baghdad Bazaar,2026-07-25,45,0,45,آلاف النساء جربوا سيروم ببتيدات النحاس الأزرق والنتائج كانت مبهرة ✨ من أول استخدام… بشرة مشدودة، ناعمة، ومليانة حيوية 💖 ودّعي التجاعيد وعيشي بشرة شابة ناعمة ومتوهجة! 🌊💙 ✔️ يقلّل خطوط الجبهة والتجاعيد حول العين ✔️ يرطب بعمق ويعيد مرونة الوجه ✔️ سهل الاستخدام ونتائجه سريعة 🚚 شحن مجاني | 💵 الدفع عند الاستلام ⚡ الكمية محدودة… احجزي الآن 👇 | ✨ يمنحك إشراقة وشباب يدوم,https://www.blancoonlines.com/products/Facelif-serum#,https://video.forn3-2.fna.fbcdn.net/o1/v/t2/f2/m366/AQNr-ZxQIynpVHO-n-EbzLUm-v49_IOQBiENUySQsJTA-NckWKT1nkROwUc9yzlaiCJ8tLR821xSai64LlXhrm60UK7ExIpMPcYwZl5GO2KqZw.mp4?_nc_cat=108&_nc_oc=AdpXxmYwoKjtNHW40LUbMt9kBnX740nCuAwZdcA-iAaEd4LbzSs9ZPt9eWX0qbZCMEo&_nc_sid=b66105&_nc_ht=video.forn3-2.fna.fbcdn.net&_nc_ohc=KwHkMq_KkT0Q7kNvwHR99RO&efg=eyJ2ZW5jb2RlX3RhZyI6Inhwdl9wcm9ncmVzc2l2ZS5WSV9VU0VDQVNFX1BST0RVQ1RfVFlQRS4uQzMuNzIwLmRhc2hfaDI2NC1iYXNpYy1nZW4yXzcyMHAiLCJ4cHZfYXNzZXRfaWQiOjExNjkxMTY4OTUxMzg3MTcsImFzc2V0X2FnZV9kYXlzIjozMzMsInZpX3VzZWNhc2VfaWQiOjEwNzk5LCJkdXJhdGlvbl9zIjozMiwidXJsZ2VuX3NvdXJjZSI6Ind3dyJ9&ccb=17-1&vs=6a819ef057ad042f&_nc_vs=HBksFQIYRWZiX2VwaGVtZXJhbC80ODQ0Qjk3Q0VDNDkwRUQ4MDY0MkZCMjJBQzA5QjZCQl9tdF8xX3ZpZGVvX2Rhc2hpbml0Lm1wNBUAAsgBEgAVAhhAZmJfcGVybWFuZW50L0U1NDY4N0NFNkY0NTRFQkVFNEU0QzJGNUUwOTA2QTg5X2F1ZGlvX2Rhc2hpbml0Lm1wNBUCAsgBEgAoABgAGwKIB3VzZV9vaWwBMRJwcm9ncmVzc2l2ZV9yZWNpcGUBMRUAACa6zuLTx9OTBBUCKAJDMywXQEBmZmZmZmYYGWRhc2hfaDI2NC1iYXNpYy1nZW4yXzcyMHARAHUAZd6oAQA&_nc_gid=wr3UkmCvCBWJp3JtcSypYw&_nc_ss=7b289&_nc_map=urlgen_bucketless&_nc_zt=28&oh=00_AQJ6hijwyM-rpP6Faq1WnhYfY81jLbOyhHRDkNxebKGjFg&oe=6AA6F748,https://www.facebook.com/ads/library/?id=1568037754676059,فقدان مرونة الجلد,2026-09-09T07:31:13+00:00
1529309899193863,OM,Olympia Outlet اولمبيا اوتليت,2026-07-27,44,0,44,اولمبيا الخوير 98284355📱 دراجة الاليبتكال واللياقة من اولمبيا❤️ ✨✅لعشاق الفخامة واحدث الاصدارات 💫 ✨✅يتحمل وزن يصل الى 150 KG🧡✊ ✨✅مزود بشاشة بتوضح فيها السرعه والمسافة والوقت والسعرات الحراية ونبضات القلب 👉 ❤️ ✨✅مزود بدرجات من الجهد لزيادة القوه وحرق الدهون🤎 ✨✅ضمان لمدة عام علي الجهاز 🤩 ✨✅ولا تنسي هديتـك معانـا❤️🎁 ✨✅متوفر خدمة التوصيل والتركيب لجميع الولايات 🚚 ✨✅موقعنا بالخوير بجوار شركة ظفار للتأمين و مطعم چوليبي و مقابل حي الوزارات 📍 ✨للتواصل 98284355✨📞 #مسقط #السيب_الخوض_معبيله_العذييه_بوشر_الانصب_مطرح_العامرات_الحيل_الباطنه_من_الجنوب_للشمال_نتشرف_باختياركم_لنا #عمان #reels #gym,https://api.whatsapp.com/send,https://video.forn3-2.fna.fbcdn.net/o1/v/t2/f2/m367/AQMqgdATGnJw2BSJ_NBumkWX2mk3qkD0Ltv32NY_orFTqP1cvU0xEcliHfKCdBV6dxwPb_fWTzSSS0zwbSMPfHEU0T9JSO0GIJPf0JnG7Q.mp4?_nc_cat=104&_nc_oc=Adq2fsThr4yd-Mkz0E1aZTlIYigfOWEU6RBaMDBg2Jh7zw1IpDNqVdHLFMJTeSIWTNg&_nc_sid=ef5aa3&_nc_ht=video.forn3-2.fna.fbcdn.net&_nc_ohc=taAiDHHtrj0Q7kNvwGhU7mV&efg=eyJ2ZW5jb2RlX3RhZyI6Inhwdl9wcm9ncmVzc2l2ZS5WSV9VU0VDQVNFX1BST0RVQ1RfVFlQRS4uQzMuNTc2LnByb2dyZXNzaXZlX2gyNjQtYmFzaWMtZ2VuMl83MjBwIiwieHB2X2Fzc2V0X2lkIjoxMzYwOTM0MTY5NDcwOTQ4LCJhc3NldF9hZ2VfZGF5cyI6NzgsInZpX3VzZWNhc2VfaWQiOjEyMzc0LCJkdXJhdGlvbl9zIjozNCwidXJsZ2VuX3NvdXJjZSI6Ind3dyJ9&ccb=17-1&_nc_gid=KFlf2BnCFari1lWhBU7pug&_nc_ss=7a289&_nc_map=urlgen_bucketless&_nc_zt=28&oh=00_AQK1bvSpZlws_Awhs76cUfQIfGdQFtYM9GHfLeUGQt--5Q&oe=6AA7079A,https://www.facebook.com/ads/library/?id=1529309899193863,أكبر جهاز,2026-09-09T11:03:13+00:00
1367198438849137,MA,Extra Mass,2026-07-27,44,0,44,"🔥 واش كتعاني من الحكة والانزعاج فالمنطقة الحساسة؟ مع DERMAVEX غادي تحس براحة من أول استعمال، بتركيبة طبيعية مصممة للعناية اليومية بالبشرة الحساسة. ✅ يساعد على تهدئة الإحساس بالحكة والانزعاج ✅ يمنح إحساسًا بالانتعاش والراحة ✅ مناسب للاستعمال اليومي ✅ تركيبة طبيعية 100% ⭐ أكثر من 5,000 زبون اختار DERMAVEX 🚚 التوصيل سريع لجميع المدن المغربية | فقط 119 درهم | DERMAVEX غادي تحس براحة",https://korsato.online/cortexi-copy,https://video.forn3-5.fna.fbcdn.net/o1/v/t2/f2/m366/AQOmNKAiKYZWGFfAgFtEardDBm5Px997504nw_YmRfSN0TdFRALfzlg8PLC4yQzv7I9QbPpOU5X3M-yiWflo7hDQ1MkV5g95W4Co_KxaprVq5Q.mp4?_nc_cat=105&_nc_oc=AdoGum_O_6PrYCpespCwVYLWwloPv1BwQ2IGh5Dk5U4OdaIicfCIcm2VeRn11k38aHM&_nc_sid=b66105&_nc_ht=video.forn3-5.fna.fbcdn.net&_nc_ohc=5zkiR10xtoMQ7kNvwEFLuSg&efg=eyJ2ZW5jb2RlX3RhZyI6Inhwdl9wcm9ncmVzc2l2ZS5WSV9VU0VDQVNFX1BST0RVQ1RfVFlQRS4uQzMuNzIwLmRhc2hfaDI2NC1iYXNpYy1nZW4yXzcyMHAiLCJ4cHZfYXNzZXRfaWQiOjE0ODQ0NjgzNjcwMzk4NjMsImFzc2V0X2FnZV9kYXlzIjo0NSwidmlfdXNlY2FzZV9pZCI6MTA3OTksImR1cmF0aW9uX3MiOjMzLCJ1cmxnZW5fc291cmNlIjoid3d3In0%3D&ccb=17-1&vs=3c6c78b5468dafec&_nc_vs=HBksFQIYRWZiX2VwaGVtZXJhbC85MTQzNUM1NEMzQ0VCNjg2NjRGNUFDRkYwOTVEOUM5OV9tdF8xX3ZpZGVvX2Rhc2hpbml0Lm1wNBUAAsgBEgAVAhhAZmJfcGVybWFuZW50L0RBNEI1RkIxNDMzOTBDMDg4MzJEQzNGODU2NzI4NkI1X2F1ZGlvX2Rhc2hpbml0Lm1wNBUCAsgBEgAoABgAGwKIB3VzZV9vaWwBMRJwcm9ncmVzc2l2ZV9yZWNpcGUBMRUAACbu9ZSbt4ejBRUCKAJDMywXQED7peNT988YGWRhc2hfaDI2NC1iYXNpYy1nZW4yXzcyMHARAHUAZd6oAQA&_nc_gid=BG5I4faR11qKtYdCMuDziA&_nc_ss=7b289&_nc_map=urlgen_bucketless&_nc_zt=28&oh=00_AQI4FuUpfzO1Drj6kGXdp6YPawrJXgJ-wB1Mv-cd2YkpLA&oe=6AA6EB2F,https://www.facebook.com/ads/library/?id=1367198438849137,كريم للعناية اليومية يساعد,2026-09-09T09:43:45+00:00
1015159114464619,MA,Extra Mass,2026-07-27,44,0,44,"🔥 واش كتعاني من الحكة والانزعاج فالمنطقة الحساسة؟ مع DERMAVEX غادي تحس براحة من أول استعمال، بتركيبة طبيعية مصممة للعناية اليومية بالبشرة الحساسة. ✅ يساعد على تهدئة الإحساس بالحكة والانزعاج ✅ يمنح إحساسًا بالانتعاش والراحة ✅ مناسب للاستعمال اليومي ✅ تركيبة طبيعية 100% ⭐ أكثر من 5,000 زبون اختار DERMAVEX 🚚 التوصيل سريع لجميع المدن المغربية | فقط 119 درهم | DERMAVEX غادي تحس براحة",https://korsato.online/cortexi-copy,https://video.forn3-1.fna.fbcdn.net/o1/v/t2/f2/m366/AQPOY9TuGUVaNHxEOOkDKFiC-VJ9LDo3XEnGUdVOgAcnGGaY8xHhkvBn2FXWSv8uksmroP6yYyA07Vfz2hKrbCG54eCJDNP5Fs95Kub7opd0Ag.mp4?_nc_cat=111&_nc_oc=AdqNgP-aQ17fQpf08WLVXKv8xsfhi7sbp1HlePCfWyVJTD-enhLxv_7ZhVD-x1CBW4s&_nc_sid=b66105&_nc_ht=video.forn3-1.fna.fbcdn.net&_nc_ohc=6ndMeVXb6TIQ7kNvwEHwHqU&efg=eyJ2ZW5jb2RlX3RhZyI6Inhwdl9wcm9ncmVzc2l2ZS5WSV9VU0VDQVNFX1BST0RVQ1RfVFlQRS4uQzMuNzIwLmRhc2hfaDI2NC1iYXNpYy1nZW4yXzcyMHAiLCJ4cHZfYXNzZXRfaWQiOjI0MzEzMTQxMzQwNjQzOTcsImFzc2V0X2FnZV9kYXlzIjo1NSwidmlfdXNlY2FzZV9pZCI6MTA3OTksImR1cmF0aW9uX3MiOjExOSwidXJsZ2VuX3NvdXJjZSI6Ind3dyJ9&ccb=17-1&vs=c721f4e102b1c168&_nc_vs=HBksFQIYRWZiX2VwaGVtZXJhbC83NjQzRDc0RjQ4QjA0ODI3NzI5RTI4M0UyNzk4QTdCMl9tdF8xX3ZpZGVvX2Rhc2hpbml0Lm1wNBUAAsgBEgAVAhhAZmJfcGVybWFuZW50L0IwNEMwQTQxRkRGQzZDQUQzRUZBQUE4ODFEMjQ0REI5X2F1ZGlvX2Rhc2hpbml0Lm1wNBUCAsgBEgAoABgAGwKIB3VzZV9vaWwBMRJwcm9ncmVzc2l2ZV9yZWNpcGUBMRUAACaa9OL0jdHRCBUCKAJDMywXQF3gAAAAAAAYGWRhc2hfaDI2NC1iYXNpYy1nZW4yXzcyMHARAHUAZd6oAQA&_nc_gid=BG5I4faR11qKtYdCMuDziA&_nc_ss=7b289&_nc_map=urlgen_bucketless&_nc_zt=28&oh=00_AQKeq2xJ35rr52WHFbIGdJlcNuvw8yxwpudoSr0bBNBhlg&oe=6AA6EF25,https://www.facebook.com/ads/library/?id=1015159114464619,كريم للعناية اليومية يساعد,2026-09-09T09:43:45+00:00
1065634169470298,EG,Fantastic Kids Toys,2026-07-28,43,0,43,"بتدوري على راحة طفلك وراحتك إنتي كمان في نفس الوقت؟ جبنالك الحل السحري! ✨👼 نقدم لكِ سوينج ماستيلا 3 في 1 الأصلي (Mastela).. المكان المفضل الجديد لبطلك الصغير! 😍 عشان راحتكم تهمنا، وفرنالك سرير وكرسي وهزاز في جهاز واحد بمواصفات هتخليكي تعتمدي عليه كل يوم: ✨ مميزات السوينج السحري: 🛏️ استخدام 3 في 1: سرير مريح للنوم، وكرسي للجلوس واللعب في نفس الوقت. 🔌 مرونة التشغيل: بيشتغل بالكهرباء أو البطاريات (الحجارة)، يعني شغال معاكي في البيت أو لو خارجة بيه. 🎶 مزاج طفلك دايماً رايق: تقدري تشغلي له أغانيه المفضلة أو قرآن من موبايلك عن طريق البلوتوث أو فلاشة USB، ده غير إن فيه 15 نغمة مدمجة بتساعده على الاسترخاء والنوم. 🎛️ تحكم كامل عن بُعد: ريحي نفسك وتحكمي في السرعات والموسيقى من خلال ""الريموت كنترول"" وإنتي في مكانك. 💤 نوم هادي وعميق: مورجيحة بـ 3 سرعات مختلفة عشان تناسب طفلك وتهديه، مع ""تايمر"" تقدري تضبطيه عشان يفصل تلقائياً. 🦟 أقصى حماية: مزود بناموسية متينة عشان تحمي طفلك من أي ناموس أو حشرات وتضمني له نوم آمن 100%. 🧸 تسلية ومرح: بار ألعاب لطيف جداً هيشغل انتباه طفلك ويسليه في أوقات صحيانه. اختاري الأفضل والمضمون من أشهر علامات مستلزمات الأطفال 🥇 🛒 متوفر الآن! للطلب ومعرفة السعر، ابعتيلنا رسالة على الصفحة 📩 أو سيبي تعليق وهنتواصل معاكي فوراً بكل التفاصيل. | ★ العلامة التجارية: سوينج ماستيلا 3 في 1 الأصلي من أشهر علامات مستلزمات الأطفال.",https://www.fantastickidstoy.com/products/mastella3in1106,https://video.forn3-2.fna.fbcdn.net/o1/v/t2/f2/m366/AQNpPSkUtIml4_PndlW2RHa2NWOfyWRTsY4ClTrh2HligHT2Pl7fE3W4UlNCmiDDvtC4Bc4QOd_9BOc0xcqAxvGq9N7TiTYG6_RJcUVLO-jByg.mp4?_nc_cat=106&_nc_oc=AdqM9T3uwc8EMH6xSlJKsWIFJ_VsXKb-p4RZjEe_A675sf5N-iCWoTTOXB_cb7ltnSg&_nc_sid=b66105&_nc_ht=video.forn3-2.fna.fbcdn.net&_nc_ohc=XdvkpWRnUJQQ7kNvwHJVpKl&efg=eyJ2ZW5jb2RlX3RhZyI6Inhwdl9wcm9ncmVzc2l2ZS5WSV9VU0VDQVNFX1BST0RVQ1RfVFlQRS4uQzMuNzIwLmRhc2hfaDI2NC1iYXNpYy1nZW4yXzcyMHAiLCJ4cHZfYXNzZXRfaWQiOjEzNzg5Njg2OTQxMzg0MDgsImFzc2V0X2FnZV9kYXlzIjo5MywidmlfdXNlY2FzZV9pZCI6MTIzNzMsImR1cmF0aW9uX3MiOjE5LCJ1cmxnZW5fc291cmNlIjoid3d3In0%3D&ccb=17-1&vs=54da0af3f2e9ef8f&_nc_vs=HBksFQIYRWZiX2VwaGVtZXJhbC80QzQyOEIyMkEyODQ0N0Y2QkQwNUYzMDI0MUQzODZBN19tdF8xX3ZpZGVvX2Rhc2hpbml0Lm1wNBUAAsgBEgAVAhhAZmJfcGVybWFuZW50L0ZBNDRFNkFFNjg4M0M1NEU5MzkyQ0Y2MjQ4RERGNUJFX2F1ZGlvX2Rhc2hpbml0Lm1wNBUCAsgBEgAoABgAGwKIB3VzZV9vaWwBMRJwcm9ncmVzc2l2ZV9yZWNpcGUBMRUAACbQmN2yxYrzBBUCKAJDMywXQDNmZmZmZmYYGWRhc2hfaDI2NC1iYXNpYy1nZW4yXzcyMHARAHUAZarBAQA&_nc_gid=Y6JqT0-5Y8EcVETTrh_3NA&_nc_ss=7a289&_nc_map=urlgen_bucketless&_nc_zt=28&oh=00_AQJfz2Y0eBDIpM3dsWNwZPAhAr3Po2y04tmYYAuuClyXDQ&oe=6AA706FE,https://www.facebook.com/ads/library/?id=1065634169470298,جهاز تحكم بعد،,2026-09-09T11:22:32+00:00
1729594478295268,MA,Star10.ma,2026-07-28,43,0,43,📸🔥 تحكم في تصويرك وكأنك تحمل كاميرا احترافية! مع TELESIN Grip، ستحصل على ثبات أفضل، تحكم أسهل، ولقطات أكثر احترافية باستخدام هاتفك أو كاميرا الأكشن. صُمم خصيصًا لصناع المحتوى، الفلوغر، وعشاق التصوير. (telesin.com) ✅ قبضة مريحة تمنحك ثباتًا أكبر أثناء التصوير. ✅ تصميم خفيف وسهل الحمل في أي مكان. ✅ عصا سيلفي مخفية داخل المقبض. ✅ يتحول إلى حامل مكتبي في ثوانٍ. ✅ جهاز تحكم لاسلكي لالتقاط الصور والفيديو عن بُعد. ✅ مثالي للفلوغات، السفر، الريلز، تيك توك، ويوتيوب. (telesin.com) اصنع محتوى احترافي بثقة، والتقط كل لحظة بأفضل جودة وأعلى ثبات. 🎥✨ 🚚 توصيل سريع إلى جميع مدن المغرب 💰 الدفع عند الاستلام متوفر 🛒 اطلبه الآن: https://star10.ma/products/telesen-grip #TELESIN #صناعة_المحتوى #كاميرا_أكشن #تصوير #فلوغ ريلز تيك_توك يوتيوب Star10 المغرب,https://star10.ma/products/telesen-grip,https://video.forn3-2.fna.fbcdn.net/o1/v/t2/f2/m367/AQMsYNM8ov_ZCy-19xr8Gl-lOWKKFHZ1m8bYt5PR6IP_a3RyZfzffzO20KlQVOx-zYOUv8H1-Gq6roQORTgQRXIEVX20UlAH_11eNGQXAw.mp4?_nc_cat=103&_nc_oc=AdoBdMREyTk4jkELMAKPEtUG8YS7mpHnMh0E2_9xHa4ecrT9u-oMpJEuuMsQHHvfm9Y&_nc_sid=ef5aa3&_nc_ht=video.forn3-2.fna.fbcdn.net&_nc_ohc=7u0d7Nw-48UQ7kNvwEBqAU2&efg=eyJ2ZW5jb2RlX3RhZyI6Inhwdl9wcm9ncmVzc2l2ZS5WSV9VU0VDQVNFX1BST0RVQ1RfVFlQRS4uQzMuNzIwLnByb2dyZXNzaXZlX2gyNjQtYmFzaWMtZ2VuMl83MjBwIiwieHB2X2Fzc2V0X2lkIjoyNzk1NjAzNTY3NDgzNDAyLCJhc3NldF9hZ2VfZGF5cyI6NDUsInZpX3VzZWNhc2VfaWQiOjEyMzc0LCJkdXJhdGlvbl9zIjoyNCwidXJsZ2VuX3NvdXJjZSI6Ind3dyJ9&ccb=17-1&_nc_gid=9q5GuBADRyAhIdyExtJZig&_nc_ss=7b289&_nc_map=urlgen_bucketless&_nc_zt=28&oh=00_AQIsvYqATHUdjS4v9HtAnfxrTRy_huU6OJ660HiGjeEjzQ&oe=6AA7108B,https://www.facebook.com/ads/library/?id=1729594478295268,جهاز تحكم بعد، يوفر,2026-09-09T11:07:45+00:00
2548824585570752,TN,Planet Store,2026-07-28,43,0,43,🌬️✨ عطّر بيتك في ثواني… وخلي الريحة فخمة طول اليوم! 🔥 جهاز نشر العطر الأوتوماتيكي بستايل عصري وإضاءة LED خرافية يعطيك جو رايق، ريحة منعشة، وديكور يرفع فخامة المكان 💎 ✅ 5 مستويات تحكم ذكي 💨 رذاذ ناعم وثابت 🌈 إضاءة LED مميزة 🔇 هادئ للنوم والاسترخاء 🔋 شحن USB عملي 📍 مناسب للبيت، المكتب، السيارة، الصالون | 📍 مناسب للبيت، المكتب، السيارة، الصالون | ⭐⭐⭐⭐⭐,https://planet-store.converty.shop/product/muaatwir-hw?utm_medium={{campaign.name}}&utm_campaign={{adset.name}}&utm_content={{ad.name}}&+ad_id={{ad.id}}&%0A+adset_id={{adset.id}}&%0A+campaign_id={{campaign.id}}&%0A+placement={{placement}}&%0A+site_source_name={{site_source_name}}&%0A+cuid=mkr1ckvuzj6h4wbb,https://video.forn3-1.fna.fbcdn.net/o1/v/t2/f2/m366/AQN7dwR3tXkeO9d4rj6IDH_q84lYyWX92Fy0Uu2naIB6b_arBaCi6ko8iLLSgYl8gosBsO5wP8yYjuI7S8surcu9DvyVVjSzCDP2ugY82VcEOg.mp4?_nc_cat=100&_nc_oc=AdoqP9od2FzHxg4i2-9kAXrVh3Cv2ZKOkYLjHWp1kO0tTgIrE8CvuYIOe1bRU1m93FY&_nc_sid=b66105&_nc_ht=video.forn3-1.fna.fbcdn.net&_nc_ohc=nPg9jCBavkwQ7kNvwFfrg46&efg=eyJ2ZW5jb2RlX3RhZyI6Inhwdl9wcm9ncmVzc2l2ZS5WSV9VU0VDQVNFX1BST0RVQ1RfVFlQRS4uQzMuNzIwLmRhc2hfaDI2NC1iYXNpYy1nZW4yXzcyMHAiLCJ4cHZfYXNzZXRfaWQiOjE0NTA4NjcwMTMyNzk4ODksImFzc2V0X2FnZV9kYXlzIjoyMjgsInZpX3VzZWNhc2VfaWQiOjEwNzk5LCJkdXJhdGlvbl9zIjoxNSwidXJsZ2VuX3NvdXJjZSI6Ind3dyJ9&ccb=17-1&vs=c92531f6ab791fc9&_nc_vs=HBksFQIYRWZiX2VwaGVtZXJhbC9DRTQ1OTA0NUQxQUU1RkU3OEI0MEFCQjMxQkM0NkI4Q19tdF8xX3ZpZGVvX2Rhc2hpbml0Lm1wNBUAAsgBEgAVAhhAZmJfcGVybWFuZW50LzMwNDdEQkVDQjQ2NzRDQTE0MzA1ODQzMUMwNThDRDlEX2F1ZGlvX2Rhc2hpbml0Lm1wNBUCAsgBEgAoABgAGwKIB3VzZV9vaWwBMRJwcm9ncmVzc2l2ZV9yZWNpcGUBMRUAACaigovPyeOTBRUCKAJDMywXQC67ZFocrAgYGWRhc2hfaDI2NC1iYXNpYy1nZW4yXzcyMHARAHUAZd6oAQA&_nc_gid=L_Ueg4MIXOk-Zk2tjrkBBg&_nc_ss=7b289&_nc_map=urlgen_bucketless&_nc_zt=28&oh=00_AQKrJf9SWXcBUYC9UrtrAQu6WWws7vKxynrGzKcZnZh2Dw&oe=6AA6FC10,https://www.facebook.com/ads/library/?id=2548824585570752,بيتك جهاز,2026-09-09T10:58:58+00:00
1063192509483453,PS,LinCo,2026-07-28,43,0,43,السؤال مش بس: شو أحسن كوبا بالسوق؟ السؤال الأهم: أي نظام وخدمة بتركن عليهم بمصلحتك؟ مع لينكو من لين كوبوت، منوفرلك أحدث מערכות קופה، برنامج ذكي مناسب لمصلحتك، وخدمة تقنية سريعة 24 ساعة 7 ايام بالاسبوع لأي وقت بتحتاجنا فيه! 🤝 انضم لآلاف المصالح اللي سبقتك، وخلي مصلحتك تشتغل مع أفضل מערכות קופה ונקודות מכירה في البلاد. من أكثر من 25 سنة، ولين كوبوت هي الشريك التقني لآلاف المصالح في الوسط العربي. إذا عندك مطعم، سوبرماركت، كافيه أو أي مصلحة تجارية، إحنا منوفرلك מערכות קופה ונקודות מכירה متطورة، مع תוכנה ذكية مصممة حسب احتياجات مصلحتك. ✅ إدارة מכירות بكل سهولة ✅ متابعة מלאי لحظة بلحظة ✅ דוחות دقيقة تساعدك تتخذ قرارات صح ✅ ربط بين الفروع، المستودعات وشركات التوصيل ✅ أجهزة קופה وמסופונים بأحدث التقنيات ✅ دعم تقني سريع متوفر 24/7، وخدمة VIP مع وصول تقني للمصلحة عند الحاجة ✅تطبيق مخصص لصاحب المصلحه يتيح متابعة جميع العمليات وإدارة الأعمال من الهاتف المحمول، مع إمكانية إصدار تقارير احترافية بصيغة PDF في أي وقت ومن أي مكان. إحنا ما منبيعك جهاز وبس... إحنا منبني מערכת متكاملة بتسهّل شغلك، بتوفّر عليك وقت، بتقلّل الأخطاء، وبتخليك تتابع مبيعاتك ومخزونك بكل سهولة ومن أي مكان. 📲 تواصلوا معنا اليوم: 📞 1700-700-481 📞 054-266-6660,https://api.whatsapp.com/send,https://video.forn3-2.fna.fbcdn.net/o1/v/t2/f2/m367/AQNxkQMUjuAS2B_ZUFRFoU7njr0a7rLsHzS9Etup6JHNrSNiNmS5eUXWPPhqawAaF1DMdF_p6kbX70QJTY578nfEw-5CplN43g7uLWdI2A.mp4?_nc_cat=111&_nc_oc=Ado712jQ5HM9z9FdwmWOHiOV4DW4QKvEc_aGex8sMlmrhdmW4FzAl79SxyhPFEas_1w&_nc_sid=ef5aa3&_nc_ht=video.forn3-2.fna.fbcdn.net&_nc_ohc=edPK_SZY4gsQ7kNvwE-SFBO&efg=eyJ2ZW5jb2RlX3RhZyI6Inhwdl9wcm9ncmVzc2l2ZS5WSV9VU0VDQVNFX1BST0RVQ1RfVFlQRS4uQzMuNzIwLnByb2dyZXNzaXZlX2gyNjQtYmFzaWMtZ2VuMl83MjBwIiwieHB2X2Fzc2V0X2lkIjoxODYxMDY3MzM3NDAyMTA2OCwiYXNzZXRfYWdlX2RheXMiOjU1LCJ2aV91c2VjYXNlX2lkIjoxMjM3NCwiZHVyYXRpb25fcyI6MzQsInVybGdlbl9zb3VyY2UiOiJ3d3cifQ%3D%3D&ccb=17-1&_nc_gid=SxDMsGNBG4zxj4FeGufG9Q&_nc_ss=7a289&_nc_map=urlgen_bucketless&_nc_zt=28&oh=00_AQJp863tPTjsl4JmjW6-HyB1E9jFmu9Wn3pInjDGfrltaQ&oe=6AA6EE97,https://www.facebook.com/ads/library/?id=1063192509483453,جهاز هو إصدار متقدم,2026-09-09T10:13:15+00:00
28240245628912486,OM,رفادة,2026-07-28,43,0,43,⁨ استغل الفرصة مع متجر رفادة ( هدايا موثقة بالإسم في مكة المكرمة 🕋 )⁩,https://refadat-albyt.sa/%D8%A7%D9%84%D8%A3%D9%83%D8%AB%D8%B1-%D8%B7%D9%84%D8%A8%D8%A7/c1253416165,https://video.forn3-2.fna.fbcdn.net/o1/v/t2/f2/m69/AQNSc8P5vlICMncwzVFI_9VISYWbtJko7imbHkTbwZrjF8I4BMhirGkBBQF6DGC2feiIFUNG6r_DjGxY3qCnkIn4.mp4?strext=1&_nc_cat=100&_nc_oc=AdqeodWTRYzDNXCJOjVwru2DvCyDkns0FMO_XjInItWYsSCMuTxeYAEK8RI-ftd0fRY&_nc_sid=b66105&_nc_ht=video.forn3-2.fna.fbcdn.net&_nc_ohc=bkkEo5j-rjMQ7kNvwHrWPM8&efg=eyJ2ZW5jb2RlX3RhZyI6Inhwdl9wcm9ncmVzc2l2ZS5WSV9VU0VDQVNFX1BST0RVQ1RfVFlQRS4uQzMuNzIwLmRhc2hfYmFzZWxpbmVfMV92MSIsInhwdl9hc3NldF9pZCI6MTc5NDUyNTcyNjYxMDc1NjUsImFzc2V0X2FnZV9kYXlzIjoyMDIsInZpX3VzZWNhc2VfaWQiOjEyMzc0LCJkdXJhdGlvbl9zIjo1NCwidXJsZ2VuX3NvdXJjZSI6Ind3dyJ9&ccb=17-1&vs=99c7e630b0a71b4a&_nc_vs=HBksFQIYOnBhc3N0aHJvdWdoX2V2ZXJzdG9yZS9HR01tQlNaNE9LY3hhRVlEQUt1V2pFX2tVNXhoYnNwVEFRQUYVAALIARIAFQIYUWlnX3hwdl9wbGFjZW1lbnRfcGVybWFuZW50X3YyLzJFNDA5RDdBMEM3RDFGRjFFMUIxRDNCOEM2RkMwOEJGX2F1ZGlvX2Rhc2hpbml0Lm1wNBUCAsgBEgAoABgAGwKIB3VzZV9vaWwBMRJwcm9ncmVzc2l2ZV9yZWNpcGUBMRUAACba0v7LucfgPxUCKAJDMywXQEtG6XjU_fQYEmRhc2hfYmFzZWxpbmVfMV92MREAdQBlrMEBAA&_nc_gid=h1RshW5T6ijsoxU6B71sxg&_nc_ss=7b289&_nc_map=urlgen_bucketless&_nc_zt=28&oh=00_AQJVPvOtDN84uhyDXrENAxrwYUPp1ku8EV3L3HD52wR-hA&oe=6AA6F346,https://www.facebook.com/ads/library/?id=28240245628912486,ساعة بس لو,2026-09-09T09:07:46+00:00
27256401980728191,KW,Sundus Production,2026-07-29,42,0,42,👈 تلاوات مجموعة أجهزة صوتية إيمانية تتكوّن من 5 أجهزة ممغنطة 👈 صُممت لتكون وسيلة عملية لسماع القرآن الكريم والأذكار في أي وقت 👈 في البيت، المكتب، أو أثناء التنقل 👈 صوت واضح • تثبيت مغناطيسي • تحكم بسيط • محتوى متنوع بين القرآن والأذكار 👈 أجهزة ممغنطة سهلة التثبيت والاستخدام. 👈 الجهاز الأول / سورة البقرة 👈 الجهاز الثاني / سورة الفاتحة – سورة الكهف – جزء عم 👈 الجهاز الثالث / جزء تبارك – قد سمع 👈 الجهاز الرابع / سورة يوسف – سورة يس – جزء الذاريات 👈 الجهاز الخامس / أذكار الصباح والمساء – الرقية الشرعية – تكبيرات العيد 👈 هدية فاخرة وقيمة لك ولمن تحب 👈 توصيل الى جميع انحاء دولة الكويت .🚛✅,https://sundusonline.com/collections/quranspeakers/products/tilawat,https://video.forn3-2.fna.fbcdn.net/o1/v/t2/f2/m366/AQOrYHqhfVDuWGpRuPl8cAww3wI5m3TtHTI-xAo053YbI_FGNe4fEW9ZSxoqc67IOhruaZDCTxIpc_ZMFfuZYwuyT2Jdd8YLZ8XUm_9BnRqmkQ.mp4?_nc_cat=101&_nc_oc=Adov9YFABdwdRCLSTlFYz-IN4MQfemS8C7pij7IrAlIJiWazCGXUu9aS1Vnk1Uu2KqI&_nc_sid=b66105&_nc_ht=video.forn3-2.fna.fbcdn.net&_nc_ohc=qbv9sJ8mpPUQ7kNvwHWVah-&efg=eyJ2ZW5jb2RlX3RhZyI6Inhwdl9wcm9ncmVzc2l2ZS5WSV9VU0VDQVNFX1BST0RVQ1RfVFlQRS4uQzMuNzIwLmRhc2hfaDI2NC1iYXNpYy1nZW4yXzcyMHAiLCJ4cHZfYXNzZXRfaWQiOjE2MTE1MzkzMDczMzE5NDgsImFzc2V0X2FnZV9kYXlzIjo0MiwidmlfdXNlY2FzZV9pZCI6MTA3OTksImR1cmF0aW9uX3MiOjIxLCJ1cmxnZW5fc291cmNlIjoid3d3In0%3D&ccb=17-1&vs=c7627f202482ba0c&_nc_vs=HBksFQIYRWZiX2VwaGVtZXJhbC8yMzRBNTdDNkU0RkI2OTg5NENEQUEwNTYxNDkyQjZCMV9tdF8xX3ZpZGVvX2Rhc2hpbml0Lm1wNBUAAsgBEgAVAhhAZmJfcGVybWFuZW50LzkzNEM3RDIxQTI4MkQ3OERBRkZGMTQ0NTA2RDkwNTg1X2F1ZGlvX2Rhc2hpbml0Lm1wNBUCAsgBEgAoABgAGwKIB3VzZV9vaWwBMRJwcm9ncmVzc2l2ZV9yZWNpcGUBMRUAACbYhaS_9-vcBRUCKAJDMywXQDU7peNT988YGWRhc2hfaDI2NC1iYXNpYy1nZW4yXzcyMHARAHUAZd6oAQA&_nc_gid=GDXuhxSObAYqJ1hxQjipXA&_nc_ss=7b289&_nc_map=urlgen_bucketless&_nc_zt=28&oh=00_AQJvMCC2TVW7zlUIKMa3VY2WWcETInC8FBrwKiKpfJVkjQ&oe=6AA71FD7,https://www.facebook.com/ads/library/?id=27256401980728191,جهاز تحكم,2026-09-09T11:07:13+00:00
1055349093742405,PS,LinCo,2026-07-29,42,0,42,السؤال مش بس: شو أحسن كوبا بالسوق؟ السؤال الأهم: أي نظام وخدمة بتركن عليهم بمصلحتك؟ مع لينكو من لين كوبوت، منوفرلك أحدث מערכות קופה، برنامج ذكي مناسب لمصلحتك، وخدمة تقنية سريعة 24 ساعة 7 ايام بالاسبوع لأي وقت بتحتاجنا فيه! 🤝 انضم لآلاف المصالح اللي سبقتك، وخلي مصلحتك تشتغل مع أفضل מערכות קופה ונקודות מכירה في البلاد. من أكثر من 25 سنة، ولين كوبوت هي الشريك التقني لآلاف المصالح في الوسط العربي. إذا عندك مطعم، سوبرماركت، كافيه أو أي مصلحة تجارية، إحنا منوفرلك מערכות קופה ונקודות מכירה متطورة، مع תוכנה ذكية مصممة حسب احتياجات مصلحتك. ✅ إدارة מכירות بكل سهولة ✅ متابعة מלאי لحظة بلحظة ✅ דוחות دقيقة تساعدك تتخذ قرارات صح ✅ ربط بين الفروع، المستودعات وشركات التوصيل ✅ أجهزة קופה وמסופונים بأحدث التقنيات ✅ دعم تقني سريع متوفر 24/7، وخدمة VIP مع وصول تقني للمصلحة عند الحاجة ✅تطبيق مخصص لصاحب المصلحه يتيح متابعة جميع العمليات وإدارة الأعمال من الهاتف المحمول، مع إمكانية إصدار تقارير احترافية بصيغة PDF في أي وقت ومن أي مكان. إحنا ما منبيعك جهاز وبس... إحنا منبني מערכת متكاملة بتسهّل شغلك، بتوفّر عليك وقت، بتقلّل الأخطاء، وبتخليك تتابع مبيعاتك ومخزونك بكل سهولة ومن أي مكان. 📲 تواصلوا معنا اليوم: 📞 1700-700-481 📞 054-266-6660,https://api.whatsapp.com/send,https://video.forn3-2.fna.fbcdn.net/o1/v/t2/f2/m367/AQNxkQMUjuAS2B_ZUFRFoU7njr0a7rLsHzS9Etup6JHNrSNiNmS5eUXWPPhqawAaF1DMdF_p6kbX70QJTY578nfEw-5CplN43g7uLWdI2A.mp4?_nc_cat=111&_nc_oc=Ado712jQ5HM9z9FdwmWOHiOV4DW4QKvEc_aGex8sMlmrhdmW4FzAl79SxyhPFEas_1w&_nc_sid=ef5aa3&_nc_ht=video.forn3-2.fna.fbcdn.net&_nc_ohc=edPK_SZY4gsQ7kNvwE-SFBO&efg=eyJ2ZW5jb2RlX3RhZyI6Inhwdl9wcm9ncmVzc2l2ZS5WSV9VU0VDQVNFX1BST0RVQ1RfVFlQRS4uQzMuNzIwLnByb2dyZXNzaXZlX2gyNjQtYmFzaWMtZ2VuMl83MjBwIiwieHB2X2Fzc2V0X2lkIjoxODYxMDY3MzM3NDAyMTA2OCwiYXNzZXRfYWdlX2RheXMiOjU1LCJ2aV91c2VjYXNlX2lkIjoxMjM3NCwiZHVyYXRpb25fcyI6MzQsInVybGdlbl9zb3VyY2UiOiJ3d3cifQ%3D%3D&ccb=17-1&_nc_gid=SxDMsGNBG4zxj4FeGufG9Q&_nc_ss=7a289&_nc_map=urlgen_bucketless&_nc_zt=28&oh=00_AQJp863tPTjsl4JmjW6-HyB1E9jFmu9Wn3pInjDGfrltaQ&oe=6AA6EE97,https://www.facebook.com/ads/library/?id=1055349093742405,جهاز هو إصدار متقدم,2026-09-09T10:13:15+00:00
2210646696527939,MA,Vinci Cosmétique ,2026-07-29,42,0,42,✨ باك العناية الحميمية VINCI – جل + كريم ✨ روتين متكامل للعناية بالمناطق الحساسة بكل لطف وانتعاش 🌸 💧 جل منظف: ينظف بلطف ويمنح إحساساً بالانتعاش ✨ كريم تفتيح: يساعد على توحيد لون البشرة وتقليل مظهر الاسمرار تدريجياً ✔ مناسب للبشرة الحساسة ✔ يساعد على النعومة والإشراقة ✔ سهل الاستخدام ضمن روتينك اليومي 🚚 توصيل مجاني لجميع مدن المغرب 💵 الدفع عند الاستلام | 🚚 توصيل مجاني لجميع مدن المغرب | 💵 الدفع عند الاستلام,https://vincicosmetique.ma/products/pack-intime-eclat-vinci-1?view=test,https://video.forn3-1.fna.fbcdn.net/o1/v/t2/f2/m366/AQO7CQDUZ_NJc0SyrynkTY-j8NejIffR6xgtyjNiR9XHJWmuj7DqBrNdmyDjIHSGk3knXiJJRKW-kYs7N-YKTOoOI3vPrXj4IielPt_31zpWSA.mp4?_nc_cat=111&_nc_oc=AdqOuvP-bj8JOoneOsRnEh5Ao52i5TkN2dAxcYhlfiBz5zAEqc1oxU64xT7d68ZuykI&_nc_sid=b66105&_nc_ht=video.forn3-1.fna.fbcdn.net&_nc_ohc=wqkCVFxPl1QQ7kNvwHjhVoj&efg=eyJ2ZW5jb2RlX3RhZyI6Inhwdl9wcm9ncmVzc2l2ZS5WSV9VU0VDQVNFX1BST0RVQ1RfVFlQRS4uQzMuNzIwLmRhc2hfaDI2NC1iYXNpYy1nZW4yXzcyMHAiLCJ4cHZfYXNzZXRfaWQiOjE0ODI4MjYwMjAyNzg5NDgsImFzc2V0X2FnZV9kYXlzIjo0MSwidmlfdXNlY2FzZV9pZCI6MTA3OTksImR1cmF0aW9uX3MiOjI3LCJ1cmxnZW5fc291cmNlIjoid3d3In0%3D&ccb=17-1&vs=5071de2c6f9b9d15&_nc_vs=HBksFQIYRWZiX2VwaGVtZXJhbC8zNTQ1OTg0MEU1MzQxNDg3M0JBMzRERjQyM0Y5OTQ4NV9tdF8xX3ZpZGVvX2Rhc2hpbml0Lm1wNBUAAsgBEgAVAhhAZmJfcGVybWFuZW50L0QxNEZFMzM5REJGRjk0MDc4MEE0RjI3REFFRTg5QUIwX2F1ZGlvX2Rhc2hpbml0Lm1wNBUCAsgBEgAoABgAGwKIB3VzZV9vaWwBMRJwcm9ncmVzc2l2ZV9yZWNpcGUBMRUAACbIyp7j6qeiBRUCKAJDMywXQDtVP3ztkWgYGWRhc2hfaDI2NC1iYXNpYy1nZW4yXzcyMHARAHUAZd6oAQA&_nc_gid=a7G0d6qR5cF9sS9oHSdDIQ&_nc_ss=7b289&_nc_map=urlgen_bucketless&_nc_zt=28&oh=00_AQJXhQAL1by6v7MokDFJNGbRPXiJSLeQpHCoLU9RHfG-Mg&oe=6AA6EB19,https://www.facebook.com/ads/library/?id=2210646696527939,كريم تفتيح,2026-09-09T09:33:23+00:00
1738712057371251,IQ,وقف الأمة Ümmet Vakfı,2026-07-29,42,0,42,أول مدرسية على أرض وقفية في مدينة القدس 🔴 فمنذ عام ١٩٧٦ لم تبنى مدرسة وقفية جديدة في مدينة القدس ولكننا في وقف الأمة بفضل الله تعالى ننتقل للمراحل قبل النهائية في بناء وتشييد المدرسة التى تخدم مناطق القدس 🛑 لنكمل حلم الطلاب المقدسيين في استكمال تعليمهم ليخرج منهم جيلاً يحمي ويُحيي الأقصى! بكريم عطائكم نكمل بناء المدرسة لتكون جاهزة لاستقبال الطلاب المقدسيين في العام الدراسي الجديد! لتكون نوراً للطلاب المقدسيين وصدقة جارية يمتد أثرها ويُعظم أجرها! للمشاركة والمساهمة في هذا الصرح والأجر العظيم ففي كل حرف يتعلمه الطلاب لكم أجراً تبرع الآن 🔴 :https://ummetvakfi.org/ar/o/SchoolQ 🔴لاخراج زكاة أموالكم عبر الرابط:https://ummetvakfi.org/ar/o/zakatPal | أخرج زكاتك لفلسطين🔴,https://ummetvakfi.org/ar/o/SchoolQ,https://video.forn3-2.fna.fbcdn.net/o1/v/t2/f2/m366/AQPg3GEUAPlxhKKixBXv24rAxVzztmGp5GXm_HNHWMCyAUJxW-bBxhpAtkBtOAprEBkJ1sIcgqx61lH7-fzi1oCu8S6wKAo9jGUaFU3rEAmDUQ.mp4?_nc_cat=100&_nc_oc=AdrtCwTt8ttf9h91SC1g64--UfmrLtLyGpvRcjTmmWtg6dhdCHhfEEitCwOhlQAc8Bw&_nc_sid=b66105&_nc_ht=video.forn3-2.fna.fbcdn.net&_nc_ohc=zjP_5_4ZmSIQ7kNvwE-Amr4&efg=eyJ2ZW5jb2RlX3RhZyI6Inhwdl9wcm9ncmVzc2l2ZS5WSV9VU0VDQVNFX1BST0RVQ1RfVFlQRS4uQzMuNzIwLmRhc2hfaDI2NC1iYXNpYy1nZW4yXzcyMHAiLCJ4cHZfYXNzZXRfaWQiOjM0NDE5Mzc5OTI0MzQyMTgxLCJhc3NldF9hZ2VfZGF5cyI6MTg3LCJ2aV91c2VjYXNlX2lkIjoxMjM3MywiZHVyYXRpb25fcyI6OTEsInVybGdlbl9zb3VyY2UiOiJ3d3cifQ%3D%3D&ccb=17-1&vs=11f517bb502d54df&_nc_vs=HBksFQIYRWZiX2VwaGVtZXJhbC8wODQwNUM2MzQ5NjAwQkQ1MDMzOEFDNzYxNkQ5MzA5Q19tdF8xX3ZpZGVvX2Rhc2hpbml0Lm1wNBUAAsgBEgAVAhhAZmJfcGVybWFuZW50L0NFNERERDJCRjNFREQ3Mjk3NTEyREM4NDUzQkY0QkI4X2F1ZGlvX2Rhc2hpbml0Lm1wNBUCAsgBEgAoABgAGwKIB3VzZV9vaWwBMRJwcm9ncmVzc2l2ZV9yZWNpcGUBMRUAACbK1ryczI-kehUCKAJDMywXQFbF0vGp--cYGWRhc2hfaDI2NC1iYXNpYy1nZW4yXzcyMHARAHUAZarBAQA&_nc_gid=MT4dHwH38s959vRAPE8FRA&_nc_ss=7b289&_nc_map=urlgen_bucketless&_nc_zt=28&oh=00_AQKHyqm6ewyacHYYjQvqJaggTKtirz3a6MpkmOhByjeHmw&oe=6AA6E99C,https://www.facebook.com/ads/library/?id=1738712057371251,مختلف كريم,2026-09-09T09:25:22+00:00
1403609241635736,KW,القبطان للسيارات,2026-07-28,42,0,42,بأقل من مليون و 600 الف هتستلم Hyundai Avante Cn7 2025 وارد كوريا بالمواصفات الكاملة 🔥 كسر زيرو عداد 3500 بس و موتور 1600 تنفس طبيعي ، موجودة استلام فوري الحق الفرصة قبل ما تفوتك⏳ الخط الساخن : 16029 #avante #cn7 #وارد_كوريا #سيارات_مصر #القبطان,https://api.whatsapp.com/send,https://video.forn3-5.fna.fbcdn.net/o1/v/t2/f2/m366/AQO4i7FlPJVbKXcnKWtmj4tFBNEqrNOYbtT5_pm7Jc6F109QTTp_nlYMbEjEAONjsXvJ-4uM3om-ov395RFIp36Ida3EIt6AC5MZawxFs8iObA.mp4?_nc_cat=102&_nc_oc=AdrNScpfzs6XQOCBnaZ-vsHHMEFgjv376GEfuuHK74JjnbAjjTRf6HjXLXMX85E1-Xw&_nc_sid=b66105&_nc_ht=video.forn3-5.fna.fbcdn.net&_nc_ohc=_oROqT7RNMgQ7kNvwGeYRcT&efg=eyJ2ZW5jb2RlX3RhZyI6Inhwdl9wcm9ncmVzc2l2ZS5WSV9VU0VDQVNFX1BST0RVQ1RfVFlQRS4uQzMuNzIwLmRhc2hfaDI2NC1iYXNpYy1nZW4yXzcyMHAiLCJ4cHZfYXNzZXRfaWQiOjE1NjY2MzE2MjUxMTU0NjQsImFzc2V0X2FnZV9kYXlzIjo0NywidmlfdXNlY2FzZV9pZCI6MTIzNzMsImR1cmF0aW9uX3MiOjY1LCJ1cmxnZW5fc291cmNlIjoid3d3In0%3D&ccb=17-1&vs=44bf05d2c1f53f3c&_nc_vs=HBksFQIYRWZiX2VwaGVtZXJhbC9GRDQ3NUQ0M0Q3MjBENTc3MEE1ODE3MDMzQUUwNjQ4Rl9tdF8xX3ZpZGVvX2Rhc2hpbml0Lm1wNBUAAsgBEgAVAhhAZmJfcGVybWFuZW50LzMzNDk5N0E3Q0JFN0NGODlDMTY4REQ2MjFGNjY1RUI3X2F1ZGlvX2Rhc2hpbml0Lm1wNBUCAsgBEgAoABgAGwKIB3VzZV9vaWwBMRJwcm9ncmVzc2l2ZV9yZWNpcGUBMRUAACaQnZKY-7XIBRUCKAJDMywXQFBXbItDlYEYGWRhc2hfaDI2NC1iYXNpYy1nZW4yXzcyMHARAHUAZarBAQA&_nc_gid=r4CBUZZwFRkKWtjqRC-XRg&_nc_ss=7a289&_nc_map=urlgen_bucketless&_nc_zt=28&oh=00_AQIm9p6eEqmV5r5lGez_CuNPGhmEFX3-d7zeYnDM1-74Aw&oe=6AA6D082,https://www.facebook.com/ads/library/?id=1403609241635736,كاميرا خلفية للسيارات مع شاشة,2026-09-09T05:09:50+00:00
1636227911846264,LY,المعتمد للتجارة والتسويق الالكتروني,2026-07-30,41,0,41,⚡ شاحن بطارية ذكي 12V/6A مع شاشة LCD ووضع إصلاح للبطاريات الضعيفة | أعد الحياة لبطاريتك بأمان تام 🔋 توصيل مجاني! | توصيل مجاني | شاحن بطارية ذكي 12V 6A مع شاشة LCD ووظيفة الإصلاح اعتنِ ببطارية سيارتك باحترافية وأمان تام 🔋⚡ هل بطارية سيارتك ضعيفة أو تعطلت فجأة؟ مع هذا الشاحن الذكي، تستطيع شحن وإصلاح بطاريتك بنفسك بكل سهولة وأمان، دون الحاجة لمختص أو ورشة. جهاز متعدد الاستخدامات يناسب السيارات، الشاحنات، والدراجات النارية. ⚡ المميزات الرئيسية: 🔌 شحن ذكي 12V / 6A تيار شحن مثالي وآمن يناسب البطاريات من 2 إلى 100 أمبير/ساعة، مع تحكم تلقائي يمنع الشحن الزائد أو التلف. 🖥️ شاشة LCD رقمية واضحة تعرض الجهد، نسبة الشحن، وحالة البطارية لحظياً، لتتابع عملية الشحن بدقة من البداية للنهاية. 🛠️ وضع إصلاح البطاريات (Repair Mode) تقنية نبضات خاصة تساعد على إعادة تنشيط البطاريات الضعيفة أو المهملة وإطالة عمرها الافتراضي. 🔋 يدعم جميع أنواع البطاريات متوافق مع بطاريات AGM وGEL والبطاريات العادية (الرصاص الحمضية)، مما يجعله مناسباً للسيارات، الشاحنات، والدراجات النارية. 🛡️ حماية متعددة الطبقات حماية من الشحن الزائد، القصر الكهربائي، عكس القطبية، وارتفاع الحرارة، لضمان أمانك وأمان بطاريتك بنسبة 100%. 🔧 ملاقط توصيل قوية ومتينة ملاقط معدنية سميكة بإحكام تثبيت ممتاز، تضمن اتصالاً كهربائياً مستقراً دون انقطاع أثناء الشحن. 🔌 تصميم مدمج وسهل الحمل هيكل خارجي متين مقاوم للصدمات بتصميم عملي يسهل تخزينه في السيارة أو المنزل. 🎯 يعمل بكفاءة مع: السيارات الخاصة 🚗 الشاحنات 🚛 الدراجات النارية 🏍️ بطاريات AGM/GEL,https://www.almotamad.ly/products/SmartSmart,https://video.forn3-6.fna.fbcdn.net/o1/v/t2/f2/m366/AQO_0cy81M3u1iHTdkN_uY_AEcwDEJk5fZZJLTfmr5n-QdZhCeCbRKHOSSL9PQvurpM7sHGg3IJDmkn6hbe7Jo88-g_LTbs8etZHmoPyJUW1Mg.mp4?_nc_cat=111&_nc_oc=Ado9hJJ_tWDDxJ2IA26iisgO9EMsC4C10lWGt1OyL7Mn4gok7X70P5cVse1eLpXeAHM&_nc_sid=b66105&_nc_ht=video.forn3-6.fna.fbcdn.net&_nc_ohc=t46CNHtSP-YQ7kNvwEBqx0i&efg=eyJ2ZW5jb2RlX3RhZyI6Inhwdl9wcm9ncmVzc2l2ZS5WSV9VU0VDQVNFX1BST0RVQ1RfVFlQRS4uQzMuNzIwLmRhc2hfaDI2NC1iYXNpYy1nZW4yXzcyMHAiLCJ4cHZfYXNzZXRfaWQiOjEwNjYxNTU0ODkzMTc4OTgsImFzc2V0X2FnZV9kYXlzIjo0MCwidmlfdXNlY2FzZV9pZCI6MTA3OTksImR1cmF0aW9uX3MiOjM4LCJ1cmxnZW5fc291cmNlIjoid3d3In0%3D&ccb=17-1&vs=590a901fc8279503&_nc_vs=HBksFQIYRWZiX2VwaGVtZXJhbC82RjQ3MTI4RUU4Q0EyNDE1MzAzMzY3NDU0RjQyNzFCQV9tdF8xX3ZpZGVvX2Rhc2hpbml0Lm1wNBUAAsgBEgAVAhhAZmJfcGVybWFuZW50LzE2NDFGNTU2N0UwRUQ4REU3Qjk1MTM4NzEzMERCRkJEX2F1ZGlvX2Rhc2hpbml0Lm1wNBUCAsgBEgAoABgAGwKIB3VzZV9vaWwBMRJwcm9ncmVzc2l2ZV9yZWNpcGUBMRUAACaU0LqzterkAxUCKAJDMywXQEM3bItDlYEYGWRhc2hfaDI2NC1iYXNpYy1nZW4yXzcyMHARAHUAZd6oAQA&_nc_gid=qA9fzCvmJnoPn3Nn2jTmow&_nc_ss=7b289&_nc_map=urlgen_bucketless&_nc_zt=28&oh=00_AQL6SEbf3NBv8bZKs-l5WAxN7rFwbHFStQxjnSXtL_O_yQ&oe=6AA71A4D,https://www.facebook.com/ads/library/?id=1636227911846264,جهاز تحكم مثالي,2026-09-09T11:05:35+00:00
1807290753968298,OM,Olympia Outlet اولمبيا اوتليت,2026-07-30,41,0,41,اولمبيا الخوير 98284355📱 جهاز الركض الاحترافي 5 HP 😍💎 ✨✅لعشاق الفخامة واحدث الاصدارات 💫 ✨✅يتحمل وزن يصل الى 150 KG🧡✊ ✨✅مزود بشاشة بتوضح فيها السرعه والمسافة والوقت والسعرات الحراية ونبضات القلب 👉🤎 ✨✅مزود بخاصية الانحدار الجبلي وخاصية امتصاص الصدمات ❤️ ✨✅ضمان لمدة عامين علي الجهاز 🤩 ✨✅ولا تنسي هديتـك معانـا❤️🎁 ✨✅متوفر خدمة التوصيل والتركيب لجميع الولايات 🚚 ✨✅موقعنا بالخوير بجوار شركة ظفار للتأمين و مطعم چوليبي و مقابل حي الوزارات 📍 ✨للتواصل 98284355✨📞 #مسقط #عُمان #السيب_الخوض_معبيله_العذييه_بوشر_الانصب_مطرح_العامرات_الحيل_الباطنه_من_الجنوب_للشمال_نتشرف_باختياركم_لنا,https://api.whatsapp.com/send,https://video.forn3-6.fna.fbcdn.net/o1/v/t2/f2/m367/AQMY3c3ZXA50b6HKdwHaba4PMY6zMyiIWtAisKKPiairK2b5TGfOb_tm-3K1N5V74xY4TdXAtRlxKcaGkI_vcm9hxgKfJlAq2T35VnuMcQ.mp4?_nc_cat=100&_nc_oc=Adrv_POMax2FqO5JnfrLYgQQdbJMRpEZ0iJcCqh0OBHfrgzi2B8wtxLsGDK8aQGu39Y&_nc_sid=ef5aa3&_nc_ht=video.forn3-6.fna.fbcdn.net&_nc_ohc=pxDO2aiqrDgQ7kNvwHPuQzi&efg=eyJ2ZW5jb2RlX3RhZyI6Inhwdl9wcm9ncmVzc2l2ZS5WSV9VU0VDQVNFX1BST0RVQ1RfVFlQRS4uQzMuNzIwLnByb2dyZXNzaXZlX2gyNjQtYmFzaWMtZ2VuMl83MjBwIiwieHB2X2Fzc2V0X2lkIjoyMTU4NTUwNjM0OTM1MjgyLCJhc3NldF9hZ2VfZGF5cyI6MTE5LCJ2aV91c2VjYXNlX2lkIjoxMjM3NCwiZHVyYXRpb25fcyI6NzAsInVybGdlbl9zb3VyY2UiOiJ3d3cifQ%3D%3D&ccb=17-1&_nc_gid=VxaWhYWzCzfrBWVeTypVJg&_nc_ss=7a289&_nc_map=urlgen_bucketless&_nc_zt=28&oh=00_AQJRF6rt4j682I0q6E298lOkmNE894tfwY8WAmHW4-K8Cw&oe=6AA712FA,https://www.facebook.com/ads/library/?id=1807290753968298,أكبر جهاز,2026-09-09T11:03:13+00:00
1008404918622156,TN,Veloma.tn,2026-07-30,41,0,41,برشة ناس تعاني من الفطريات بين الفخذين ولا في البدن وتسكت عل القلق ما عادش تحشم ولا تقلق روحك! صابوننا المخدوم بريحة ونباتات طبيعية مصمم خصيصاً باش يرجعلك بشرتك ناعمة ونظيفة من غير كيمياويات تضر جلدتك. ⭐ شنوة يخلي الصابون هذا مختلف؟ • مكونات طبيعية وصحية عل الجلدة. • يقتل الفطريات من العرق 🛒 استغل العرض الخاص وتخلص من القلق توا | ودّع الحكة في 7 أيام | عناية طبيعية للجلد يوم بعد يوم.,https://veloma.xyz/products/savon-veloma,https://video.forn3-6.fna.fbcdn.net/o1/v/t2/f2/m366/AQMPegA-8sEnL-GiZ1T25m_ejvUWc3e9LoYh98j9qox3eoOkZIcsK21I2hRyLi-g4UNQgXDWR6DJEVYxj5T9g7bNYUCMtNxRlvifv53DYTgHTg.mp4?_nc_cat=111&_nc_oc=AdoaCoin4pvzNXdJ_KTd9JQlw9wLMRLl739AdDnH--aLmzgfuEodRtKWNmlewU_UAU4&_nc_sid=b66105&_nc_ht=video.forn3-6.fna.fbcdn.net&_nc_ohc=7nt574UXETAQ7kNvwFk0A0I&efg=eyJ2ZW5jb2RlX3RhZyI6Inhwdl9wcm9ncmVzc2l2ZS5WSV9VU0VDQVNFX1BST0RVQ1RfVFlQRS4uQzMuNzIwLmRhc2hfaDI2NC1iYXNpYy1nZW4yXzcyMHAiLCJ4cHZfYXNzZXRfaWQiOjE3NDUxMzg5MzY2MTUwNDAsImFzc2V0X2FnZV9kYXlzIjo0MCwidmlfdXNlY2FzZV9pZCI6MTA3OTksImR1cmF0aW9uX3MiOjM1MSwidXJsZ2VuX3NvdXJjZSI6Ind3dyJ9&ccb=17-1&vs=72bee07a8d80a7b8&_nc_vs=HBksFQIYRWZiX2VwaGVtZXJhbC82NzREQzFFOERFMjAxQkEyNUZCOTIyMTU4MTgxRkZBRV9tdF8xX3ZpZGVvX2Rhc2hpbml0Lm1wNBUAAsgBEgAVAhhAZmJfcGVybWFuZW50LzAyNDY2QzE1QzJGQjBCNkE0RkI3MTI2QjlFMTRDRjgyX2F1ZGlvX2Rhc2hpbml0Lm1wNBUCAsgBEgAoABgAGwKIB3VzZV9vaWwBMRJwcm9ncmVzc2l2ZV9yZWNpcGUBMRUAACaAwrSmusyZBhUCKAJDMywXQHX7ul41P30YGWRhc2hfaDI2NC1iYXNpYy1nZW4yXzcyMHARAHUAZd6oAQA&_nc_gid=y4-heURqHVPg01zSR8NIsw&_nc_ss=7a289&_nc_map=urlgen_bucketless&_nc_zt=28&oh=00_AQKWaMyiYUV4Nx_TZ7ujQ06UXgIaKVYFsQUS4pBVRdW6-A&oe=6AA70ABD,https://www.facebook.com/ads/library/?id=1008404918622156,لمدة ساعة العرض اللي,2026-09-09T09:14:02+00:00
1243660497810187,LY,سوقنا souqna,2026-07-29,41,0,41,😓 الحر، التعرق، والحركة طول اليوم؟ خلك مرتاح مع كريم الأعشاب لترطيب وتهدئة البشرة بتركيبة عشبية تساعد على ترطيب البشرة ومنحها إحساسًا بالراحة والانتعاش، لتناسب روتينك اليومي. ✅ تركيبة عشبية لطيفة 💧 يساعد على ترطيب البشرة 🌿 يمنح إحساسًا بالراحة والانتعاش 👌 سريع الامتصاص وسهل الاستخدام 🎁 خصم 30% لفترة محدودة 🚚 شحن مجاني إلى جميع المدن الليبية 💵 الدفع عند الاستلام 🛒 اطلبه توا واستفد من العرض الحالي : https://www.souqna-s.store/Herbal-cream | 😳 المنتج اللي كل رجل يحتاجه! | 👌 سريع الامتصاص وسهل الاستخدام,https://www.souqna-s.store/Herbal-cream,https://video.forn3-5.fna.fbcdn.net/o1/v/t2/f2/m366/AQMrg7cAyMnfhIF02RwhZUr2I9UHAIbzwQv3GcyhDxzFjTYW_BPrtaMv6gPCia7SNktld-MXHA6uqRpY5eXZvT8H-zGxSDeU029ywTpWZVlXxw.mp4?_nc_cat=106&_nc_oc=Adrl_KTtPnspB6_Nk0q1t6MU5dqMlL4RhK8_mw4vX02SpMo4HS22sLAlyzNKdBSm8Wg&_nc_sid=b66105&_nc_ht=video.forn3-5.fna.fbcdn.net&_nc_ohc=nisdq94fgfMQ7kNvwGRtxz6&efg=eyJ2ZW5jb2RlX3RhZyI6Inhwdl9wcm9ncmVzc2l2ZS5WSV9VU0VDQVNFX1BST0RVQ1RfVFlQRS4uQzIuNzIwLmRhc2hfaDI2NC1iYXNpYy1nZW4yXzcyMHAiLCJ4cHZfYXNzZXRfaWQiOjE2MDIyODU3NDQ3OTAwNjIsImFzc2V0X2FnZV9kYXlzIjo0MSwidmlfdXNlY2FzZV9pZCI6MTA3OTksImR1cmF0aW9uX3MiOjI2LCJ1cmxnZW5fc291cmNlIjoid3d3In0%3D&ccb=17-1&vs=dedca88d9a793718&_nc_vs=HBksFQIYRWZiX2VwaGVtZXJhbC9ENzREQkNGNjQyRUI2QzRDQUNEOTI1MTAzOENGNDE5OF9tdF8xX3ZpZGVvX2Rhc2hpbml0Lm1wNBUAAsgBEgAVAhhAZmJfcGVybWFuZW50Lzk1NDQ3RjA5NzJENUVCRjA1RjNFRjA2MTBDMTI1RkE5X2F1ZGlvX2Rhc2hpbml0Lm1wNBUCAsgBEgAoABgAGwKIB3VzZV9vaWwBMRJwcm9ncmVzc2l2ZV9yZWNpcGUBMRUAACbc6KyKp9HYBRUCKAJDMiwXQDpVP3ztkWgYGWRhc2hfaDI2NC1iYXNpYy1nZW4yXzcyMHARAHUAZd6oAQA&_nc_gid=mH07kQyRu1kbyS5YOmpnJw&_nc_ss=7a289&_nc_map=urlgen_bucketless&_nc_zt=28&oh=00_AQIud_6trKx48vmSjTkx3JWQH3LU2ZDxSaybE3XNRuAsCA&oe=6AA6EE2A,https://www.facebook.com/ads/library/?id=1243660497810187,البقع الصفراء على الجلد,2026-09-09T08:38:49+00:00
1397334105621250,EG,Sophia Cosmetics,2026-07-29,41,0,41,اللي بيجرّب صوفيا سوفت… بيلاحظ الفرق 🤍 نضارة أوضح، ملمس أنعم، وترطيب من غير إحساس تقيل. نتايج فعّالة وحقيقية، ومعمولة عشان تبان على بشرتك مش بس تتقال ✨ | بشرتك هتقولك شكرًا.,https://sophia-cosmetic.com/,https://video.forn3-2.fna.fbcdn.net/o1/v/t2/f2/m366/AQN4s83yQ4QVTFr9xZKUe42XVqFCgwBmP1js73ir20vcMQMYINALWCfTzv-4iv0ZBMo9pJaEge5Xp6cYar6PquKQa862taNkonPdSBY2q-JqRA.mp4?_nc_cat=102&_nc_oc=AdrK3bjn_PdJO83XUE4d22mnck5UQBApxqADbIAB0zPx7SfqfzceYvV5eJh8DhMTfU0&_nc_sid=b66105&_nc_ht=video.forn3-2.fna.fbcdn.net&_nc_ohc=GPUdsNrWLUgQ7kNvwH2fDK6&efg=eyJ2ZW5jb2RlX3RhZyI6Inhwdl9wcm9ncmVzc2l2ZS5WSV9VU0VDQVNFX1BST0RVQ1RfVFlQRS4uQzMuNzIwLmRhc2hfaDI2NC1iYXNpYy1nZW4yXzcyMHAiLCJ4cHZfYXNzZXRfaWQiOjEzOTA3MTAzNzYyNTk2OTYsImFzc2V0X2FnZV9kYXlzIjo1NCwidmlfdXNlY2FzZV9pZCI6MTA3OTksImR1cmF0aW9uX3MiOjUyLCJ1cmxnZW5fc291cmNlIjoid3d3In0%3D&ccb=17-1&vs=cd1bc980b99b7fa6&_nc_vs=HBksFQIYRWZiX2VwaGVtZXJhbC85RjQwQUVBMzg0NkNBRUY0ODAxOTk3NjQ3NjA4QTc4NV9tdF8xX3ZpZGVvX2Rhc2hpbml0Lm1wNBUAAsgBEgAVAhhAZmJfcGVybWFuZW50L0Q1NDRCMTAxNTgzNDAxNDVFREMyRjI1ODU2NkQ1MEFEX2F1ZGlvX2Rhc2hpbml0Lm1wNBUCAsgBEgAoABgAGwKIB3VzZV9vaWwBMRJwcm9ncmVzc2l2ZV9yZWNpcGUBMRUAACbggbPf_7X4BBUCKAJDMywXQEpu2RaHKwIYGWRhc2hfaDI2NC1iYXNpYy1nZW4yXzcyMHARAHUAZd6oAQA&_nc_gid=wQNwrfz4SJV0n9wnpIxdVA&_nc_ss=7a289&_nc_map=urlgen_bucketless&_nc_zt=28&oh=00_AQK73-op6UJmt4bYRcsKFJ1ZcYJnyljJrBmMtp78stchpQ&oe=6AA6A7DE,https://www.facebook.com/ads/library/?id=1397334105621250,النمش,2026-09-09T04:32:31+00:00
1577437393825113,SA,DotDrama19,2026-07-31,40,0,40,انقر لمشاهدة السلسلة كاملة,http://play.google.com/store/apps/details?id=com.vividshort.drama.vivid,https://video.forn3-1.fna.fbcdn.net/o1/v/t2/f2/m366/AQMDvaIOlEY-pMxVwp2rl4LR8O5CoTRYS9RtzEej8dC6zDIPpOjSUzhav22weO0gtksl5QNBJPkCeETONVXrMOomB8hhzomduANULyhVgvDFVg.mp4?_nc_cat=110&_nc_oc=AdpJt2jWG3F7FmC_T5Aft1NCl5amZIAHxGd3qZEiYUPnJRTQnK-lBosRik4y7o9xx_o&_nc_sid=b66105&_nc_ht=video.forn3-1.fna.fbcdn.net&_nc_ohc=cVQOENv1HwMQ7kNvwHR6-O-&efg=eyJ2ZW5jb2RlX3RhZyI6Inhwdl9wcm9ncmVzc2l2ZS5WSV9VU0VDQVNFX1BST0RVQ1RfVFlQRS4uQzMuNzIwLmRhc2hfaDI2NC1iYXNpYy1nZW4yXzcyMHAiLCJ4cHZfYXNzZXRfaWQiOjEwMTY0Mjg5MTEyNjU4ODYsImFzc2V0X2FnZV9kYXlzIjo0MSwidmlfdXNlY2FzZV9pZCI6MTAxMzksImR1cmF0aW9uX3MiOjE1MjEsInVybGdlbl9zb3VyY2UiOiJ3d3cifQ%3D%3D&ccb=17-1&vs=990ae3fe00e7a1c8&_nc_vs=HBksFQIYRWZiX2VwaGVtZXJhbC9DRTQ3MkE3Mzg3MEQ4QjlBQTM5RkZGRTE2QjVFQUY5OV9tdF8xX3ZpZGVvX2Rhc2hpbml0Lm1wNBUAAsgBEgAVAhhAZmJfcGVybWFuZW50L0Q5NDcxQzk4NDM0OUM5NkNDMzc1RjIwQUMzMzkzMjk2X2F1ZGlvX2Rhc2hpbml0Lm1wNBUCAsgBEgAoABgAGwKIB3VzZV9vaWwBMRJwcm9ncmVzc2l2ZV9yZWNpcGUBMRUAACa8oZDD-ZvOAxUCKAJDMywXQJfHEGJN0vIYGWRhc2hfaDI2NC1iYXNpYy1nZW4yXzcyMHARAHUAZbaeAQA&_nc_gid=KxyI3KJoJV6Hji_9TuWdog&_nc_ss=7b289&_nc_map=urlgen_bucketless&_nc_zt=28&oh=00_AQL_9WuSEbt1G6yWlLt_JiSvqMEK-pgG2Nb_nq2ww9TkPw&oe=6AA728EA,https://www.facebook.com/ads/library/?id=1577437393825113,الأول هل تبحثين كريم,2026-09-09T12:05:49+00:00
1585521089966791,SA,DotDrama19,2026-07-31,40,0,40,انقر لمشاهدة السلسلة كاملة,http://play.google.com/store/apps/details?id=com.vividshort.drama.vivid,https://video.forn3-6.fna.fbcdn.net/o1/v/t2/f2/m366/AQN2ICQvtO1UlU5ch6XtNIm5S1GVpK8LrNgCyEoUr-R4FlKv3TIsw6C3wYw85LEU1eWaAL2s4nX-Y5FbVyvzESlU2TyRRdfSP5_xPyAYd1_7bw.mp4?_nc_cat=107&_nc_oc=Adr-YmV0DuserwKBwlp4EUyjzFwgB70tFgoaAZk39ciZnSfVAc0xpr1w1qOC0Lyzk4A&_nc_sid=b66105&_nc_ht=video.forn3-6.fna.fbcdn.net&_nc_ohc=jHERbfCaxoUQ7kNvwFEQmye&efg=eyJ2ZW5jb2RlX3RhZyI6Inhwdl9wcm9ncmVzc2l2ZS5WSV9VU0VDQVNFX1BST0RVQ1RfVFlQRS4uQzMuNzIwLmRhc2hfaDI2NC1iYXNpYy1nZW4yXzcyMHAiLCJ4cHZfYXNzZXRfaWQiOjM1NTIzNjk5MDQ5NDE0MjAsImFzc2V0X2FnZV9kYXlzIjo0MSwidmlfdXNlY2FzZV9pZCI6MTAxMzksImR1cmF0aW9uX3MiOjE1MjksInVybGdlbl9zb3VyY2UiOiJ3d3cifQ%3D%3D&ccb=17-1&vs=4e1c9c63f4d381b1&_nc_vs=HBksFQIYRWZiX2VwaGVtZXJhbC9DMDRGODlFRDY2MENGN0Q1RkJGRkVCRENGOEI0N0E4RV9tdF8xX3ZpZGVvX2Rhc2hpbml0Lm1wNBUAAsgBEgAVAhhAZmJfcGVybWFuZW50LzQxNEYxNzY4QjJFQjVEM0Y2QjVEREZCMkQ5RDRGNUFCX2F1ZGlvX2Rhc2hpbml0Lm1wNBUCAsgBEgAoABgAGwKIB3VzZV9vaWwBMRJwcm9ncmVzc2l2ZV9yZWNpcGUBMRUAACbY5dukkrfPDBUCKAJDMywXQJflEGJN0vIYGWRhc2hfaDI2NC1iYXNpYy1nZW4yXzcyMHARAHUAZbaeAQA&_nc_gid=KxyI3KJoJV6Hji_9TuWdog&_nc_ss=7b289&_nc_map=urlgen_bucketless&_nc_zt=28&oh=00_AQLf_h7zstNUc4T80Lpezdo32nrf51iRv2IH8lS_Wm05xQ&oe=6AA72535,https://www.facebook.com/ads/library/?id=1585521089966791,الأول هل تبحثين كريم,2026-09-09T12:05:49+00:00
2609237576170956,EG,Blanco Store,2026-08-01,39,0,39,التجاعيد مش لازم تكمل ✋ سيروم ببتيدات النحاس الأزرق بيحارب علامات السن قبل ما تظهر: ✔️ خطوط الجبهة ✔️ تجاعيد العين ✔️ فقدان مرونة البشرة 🌊 عناية ذكية ببشرتك ⚡ الكمية محدودة جدًا احجزي دلوقتي واستمتعي ببشرة مشدودة ومشرقة 👇 | عشان وقتك غالي وبشرتك تستاهل 👌 | الكمية محدودة جدًا ❌,https://www.blancoonlines.com/products/Facelif-serum#,https://video.forn3-2.fna.fbcdn.net/o1/v/t2/f2/m366/AQPLfHiBw6kc8h7gEs30nlmX0aIDdfU3QyTTqj9dg_680jA_wc81ks5NwyKZokSeY6FnfqZ-aE_8AduFdjz_7abCj0FDKBNv8lVDNi1BdvkByA.mp4?_nc_cat=106&_nc_oc=Adq-v_i-M8Q8M-LZGT6hZpQKvMlfNZhT7OBPFGU58NaJHdka3vg6-ta99JCpeZAewCU&_nc_sid=b66105&_nc_ht=video.forn3-2.fna.fbcdn.net&_nc_ohc=ZMMODRFcHDYQ7kNvwFfsEWz&efg=eyJ2ZW5jb2RlX3RhZyI6Inhwdl9wcm9ncmVzc2l2ZS5WSV9VU0VDQVNFX1BST0RVQ1RfVFlQRS4uQzMuNzIwLmRhc2hfaDI2NC1iYXNpYy1nZW4yXzcyMHAiLCJ4cHZfYXNzZXRfaWQiOjIyNTc4MzQ0ODEyODkwMjgsImFzc2V0X2FnZV9kYXlzIjoxNTMsInZpX3VzZWNhc2VfaWQiOjEwNzk5LCJkdXJhdGlvbl9zIjo4LCJ1cmxnZW5fc291cmNlIjoid3d3In0%3D&ccb=17-1&vs=1fd2662c98ac2e20&_nc_vs=HBksFQIYRWZiX2VwaGVtZXJhbC8xRjQ0QTcxNjY4RjREQUU3RDMyNUI3NkNCM0E1QURBMV9tdF8xX3ZpZGVvX2Rhc2hpbml0Lm1wNBUAAsgBEgAVAhhAZmJfcGVybWFuZW50LzI5NEFCRDgzMzVGRjg0MDJERDFDMkNBRDVCMjgzNjlGX2F1ZGlvX2Rhc2hpbml0Lm1wNBUCAsgBEgAoABgAGwKIB3VzZV9vaWwBMRJwcm9ncmVzc2l2ZV9yZWNpcGUBMRUAACaIncDjod-CCBUCKAJDMywXQCEQ5WBBiTcYGWRhc2hfaDI2NC1iYXNpYy1nZW4yXzcyMHARAHUAZd6oAQA&_nc_gid=IepG-5DYjIy-vZ_InvTAxw&_nc_ss=7b289&_nc_map=urlgen_bucketless&_nc_zt=28&oh=00_AQKOC2-2cIVIfYpvZT1mFeV4ZcVwjFu-sDvfYfMsSQeahw&oe=6AA72826,https://www.facebook.com/ads/library/?id=2609237576170956,تكمل سيروم ببتيدات,2026-09-09T11:43:18+00:00
1006810572227660,EG,Blanco Store,2026-08-01,39,0,39,التجاعيد مش لازم تكمل ✋ سيروم ببتيدات النحاس الأزرق بيحارب علامات السن قبل ما تظهر: ✔️ خطوط الجبهة ✔️ تجاعيد العين ✔️ فقدان مرونة البشرة 🌊 عناية ذكية ببشرتك ⚡ الكمية محدودة جدًا احجزي دلوقتي واستمتعي ببشرة مشدودة ومشرقة 👇 | عشان وقتك غالي وبشرتك تستاهل 👌 | الكمية محدودة جدًا ❌,https://www.blancoonlines.com/products/Facelif-serum#,https://video.forn3-2.fna.fbcdn.net/o1/v/t2/f2/m366/AQPLfHiBw6kc8h7gEs30nlmX0aIDdfU3QyTTqj9dg_680jA_wc81ks5NwyKZokSeY6FnfqZ-aE_8AduFdjz_7abCj0FDKBNv8lVDNi1BdvkByA.mp4?_nc_cat=106&_nc_oc=Adq-v_i-M8Q8M-LZGT6hZpQKvMlfNZhT7OBPFGU58NaJHdka3vg6-ta99JCpeZAewCU&_nc_sid=b66105&_nc_ht=video.forn3-2.fna.fbcdn.net&_nc_ohc=ZMMODRFcHDYQ7kNvwFfsEWz&efg=eyJ2ZW5jb2RlX3RhZyI6Inhwdl9wcm9ncmVzc2l2ZS5WSV9VU0VDQVNFX1BST0RVQ1RfVFlQRS4uQzMuNzIwLmRhc2hfaDI2NC1iYXNpYy1nZW4yXzcyMHAiLCJ4cHZfYXNzZXRfaWQiOjIyNTc4MzQ0ODEyODkwMjgsImFzc2V0X2FnZV9kYXlzIjoxNTMsInZpX3VzZWNhc2VfaWQiOjEwNzk5LCJkdXJhdGlvbl9zIjo4LCJ1cmxnZW5fc291cmNlIjoid3d3In0%3D&ccb=17-1&vs=1fd2662c98ac2e20&_nc_vs=HBksFQIYRWZiX2VwaGVtZXJhbC8xRjQ0QTcxNjY4RjREQUU3RDMyNUI3NkNCM0E1QURBMV9tdF8xX3ZpZGVvX2Rhc2hpbml0Lm1wNBUAAsgBEgAVAhhAZmJfcGVybWFuZW50LzI5NEFCRDgzMzVGRjg0MDJERDFDMkNBRDVCMjgzNjlGX2F1ZGlvX2Rhc2hpbml0Lm1wNBUCAsgBEgAoABgAGwKIB3VzZV9vaWwBMRJwcm9ncmVzc2l2ZV9yZWNpcGUBMRUAACaIncDjod-CCBUCKAJDMywXQCEQ5WBBiTcYGWRhc2hfaDI2NC1iYXNpYy1nZW4yXzcyMHARAHUAZd6oAQA&_nc_gid=IepG-5DYjIy-vZ_InvTAxw&_nc_ss=7b289&_nc_map=urlgen_bucketless&_nc_zt=28&oh=00_AQKOC2-2cIVIfYpvZT1mFeV4ZcVwjFu-sDvfYfMsSQeahw&oe=6AA72826,https://www.facebook.com/ads/library/?id=1006810572227660,تكمل سيروم ببتيدات,2026-09-09T11:43:18+00:00
1052936993784330,MR,Flash Narrative,2026-08-01,39,0,39,عندما يبتلع تسونامي جميع اليابسة بين ليلة وضحاها، ينقذ حارس الأمن مازن الزهراني الآخرين بإيثار، ليُلقى به من طوفه ويُترك للموت غرقًا. بعد بعثه من جديد، يوقظ نظام المنقذ: أنقذ الأرواح لترتقي سفينته. هذه المرة، يستعد مبكرًا، مستعدًا لردّ كل معروف وكل خيانة. | الفيضان العالمي: فُلك حارس الأمن الأخير(بالعربية),https://play.google.com/store/apps/details?id=com.dramawave.app&hl=en,https://video.forn3-6.fna.fbcdn.net/o1/v/t2/f2/m366/AQPJG2ga4sto6fKM2UU-Px9aHLE4ZghY6D_nPefTd_qpWIn0yihU1zhkvayn8qYzR2gRQdOyFLCTkFZwrSY2p5ld_fPovUvkQV3J3PGicLNjfw.mp4?_nc_cat=109&_nc_oc=AdqnXUUS_cCz0hgZxBzewtLAS8CyJJqvNib_xRAZtzs7txv1cX07-hvgVDRSPRCEN8M&_nc_sid=b66105&_nc_ht=video.forn3-6.fna.fbcdn.net&_nc_ohc=-sfPqCa-kVEQ7kNvwFomikb&efg=eyJ2ZW5jb2RlX3RhZyI6Inhwdl9wcm9ncmVzc2l2ZS5WSV9VU0VDQVNFX1BST0RVQ1RfVFlQRS4uQzMuNzIwLmRhc2hfaDI2NC1iYXNpYy1nZW4yXzcyMHAiLCJ4cHZfYXNzZXRfaWQiOjE4NzIwNzQ2MzA0MzU4OTgsImFzc2V0X2FnZV9kYXlzIjozOCwidmlfdXNlY2FzZV9pZCI6MTAxMzksImR1cmF0aW9uX3MiOjExMjAsInVybGdlbl9zb3VyY2UiOiJ3d3cifQ%3D%3D&ccb=17-1&vs=59c3204b69b71adf&_nc_vs=HBksFQIYRWZiX2VwaGVtZXJhbC81QTRBM0NBRUQ1MEUwNEREM0ZDNUY3NzAzM0ExMEU4RF9tdF8xX3ZpZGVvX2Rhc2hpbml0Lm1wNBUAAsgBEgAVAhhAZmJfcGVybWFuZW50LzI2NDMzNTU2NTc5REM5RUI2OTQ3NTU0QzM2RjBCRkFCX2F1ZGlvX2Rhc2hpbml0Lm1wNBUCAsgBEgAoABgAGwKIB3VzZV9vaWwBMRJwcm9ncmVzc2l2ZV9yZWNpcGUBMRUAACb00Lj1iqnTBhUCKAJDMywXQJGAqfvnbIsYGWRhc2hfaDI2NC1iYXNpYy1nZW4yXzcyMHARAHUAZbaeAQA&_nc_gid=WXqVye0S1rdMfoFIG8Vs0w&_nc_ss=7b289&_nc_map=urlgen_bucketless&_nc_zt=28&oh=00_AQK1W6EcBGOMlSmN-LuJDlawYgVm8ksQBk1ZKfa4mR1VnA&oe=6AA70D5B,https://www.facebook.com/ads/library/?id=1052936993784330,السيروم هو السر هو,2026-09-09T10:21:15+00:00
1062661043367685,MA,CRIM.bio,2026-08-01,39,0,39,وداعاً للتجاعيد وعلامات التقدم في السن! 🌸 كريم Retinlifte الغني بالريتينول يمنح بشرتك النضارة، الشد، والإشراقة التي تستحقينها من أول استخدام. 🔥 عرض حصري لفترة محدودة فقط! (وفري أكثر واحصلي على كورس كامل) 🚛 توصيل مجاني والدفع عند الاستلام! لا تفوتي الفرصة، الكمية محدودة. 📥 للطلب، اضغطي هنا: [ https://wa.me+212677299514,https://api.whatsapp.com/send,https://video.forn3-5.fna.fbcdn.net/o1/v/t2/f2/m366/AQPrKmwQ-lOUoOWdoQNp2jFiNpc6fnkzAm0G-eq57Fv0ApNgtGKWmcEgBaI0XCdy0OikpGsgRtan2ZiX0ZpmDw7KHdwkNG3T8wYSSv7RvnplKw.mp4?_nc_cat=102&_nc_oc=AdoDkdW4oS5FKT7mjun1x3WHhla9sEQLQ2mPE_w0ad5qn5j3J-_diaAO4fmCxdBU-YA&_nc_sid=b66105&_nc_ht=video.forn3-5.fna.fbcdn.net&_nc_ohc=5Pi8yx72MdAQ7kNvwGt1XJK&efg=eyJ2ZW5jb2RlX3RhZyI6Inhwdl9wcm9ncmVzc2l2ZS5WSV9VU0VDQVNFX1BST0RVQ1RfVFlQRS4uQzMuNDgwLmRhc2hfaDI2NC1iYXNpYy1nZW4yXzcyMHAiLCJ4cHZfYXNzZXRfaWQiOjk1MzA0MDkzNzgyMzExMCwiYXNzZXRfYWdlX2RheXMiOjQ0LCJ2aV91c2VjYXNlX2lkIjoxMjM3MywiZHVyYXRpb25fcyI6MzgsInVybGdlbl9zb3VyY2UiOiJ3d3cifQ%3D%3D&ccb=17-1&vs=68a0aec866fe0f7d&_nc_vs=HBksFQIYRWZiX2VwaGVtZXJhbC8zRTRDNjZCM0M1NDZGQzdDQzA3QjU4MzJFM0Y0N0JCOV9tdF8xX3ZpZGVvX2Rhc2hpbml0Lm1wNBUAAsgBEgAVAhhAZmJfcGVybWFuZW50LzRCNEI0NkEzRURCOUVBNzE4RkRDOTk3RjU2NENCMUJCX2F1ZGlvX2Rhc2hpbml0Lm1wNBUCAsgBEgAoABgAGwKIB3VzZV9vaWwBMRJwcm9ncmVzc2l2ZV9yZWNpcGUBMRUAACaMrvGopLKxAxUCKAJDMywXQEM7peNT988YGWRhc2hfaDI2NC1iYXNpYy1nZW4yXzcyMHARAHUAZarBAQA&_nc_gid=6LK9fW2zgvt_LyLmNfSCwQ&_nc_ss=7b289&_nc_map=urlgen_bucketless&_nc_zt=28&oh=00_AQJBv7tNz04zHPFJfLY4Hbc1jT7u1PCcyTVumi9E8VuLwQ&oe=6AA6FEBA,https://www.facebook.com/ads/library/?id=1062661043367685,كريم تفتيح,2026-09-09T09:33:23+00:00
1426888569290595,AE,Noor organic,2026-08-02,38,0,38,تبحثين عن روتين متكامل للمناطق الحساسة؟ 🌸 الخطوة الأولى: غسول لطيف ينظف البشرة ويمنحها انتعاشًا يدوم. الخطوة الثانية: سنفرة تساعد على إزالة الخلايا الميتة وتحسين ملمس البشرة. الخطوة الثالثة: كريم يساعد على توحيد لون البشرة، ترطيبها، وتقليل مظهر الاسمرار الناتج عن الاحتكاك أو إزالة الشعر. تسوّقيه الآن واستمتعي بعناية يومية متكاملة. 💖 #نور_أورجانيك #العناية_النسائية #العناية_بالمناطق_الحساسة #روتين_العناية #العناية_اليومية #بشرة_ناعمة #تفتيح_المناطق_الحساسة #منتجات_طبيعية #عناية_بالبشرة,https://noororganicq8.com/products/%D8%B1%D9%88%D8%AA%D9%8A%D9%86-%D8%A7%D9%84%D8%B9%D9%86%D8%A7%D9%8A%D8%A9-%D8%A7%D9%84%D9%86%D8%B3%D8%A7%D8%A6%D9%8A%D8%A9-%D8%A7%D9%84%D9%85%D8%AA%D9%83%D8%A7%D9%85%D9%84%D8%A9,https://video.forn3-1.fna.fbcdn.net/o1/v/t2/f2/m367/AQMu4pPU3dGOEqig_rJCORG86Cl1gpgB9lKUNqrvDy3bLFwap01rEKRotmtxP9aWbh3A-kDg4Hw73vPNgApaHrmkLtepk7iqjmRUyoWawA.mp4?_nc_cat=104&_nc_oc=AdokP80J9-NmJZ3OGeb3ADaQcz3hUcByMPCth6rntdhUALQ6AVOKi7Y_-fCt0Eh3UZA&_nc_sid=ef5aa3&_nc_ht=video.forn3-1.fna.fbcdn.net&_nc_ohc=7IfergN0MlcQ7kNvwEPvbdP&efg=eyJ2ZW5jb2RlX3RhZyI6Inhwdl9wcm9ncmVzc2l2ZS5WSV9VU0VDQVNFX1BST0RVQ1RfVFlQRS4uQzMuNzIwLnByb2dyZXNzaXZlX2gyNjQtYmFzaWMtZ2VuMl83MjBwIiwieHB2X2Fzc2V0X2lkIjoxODExMjUzODczODMyMDcyMiwiYXNzZXRfYWdlX2RheXMiOjQxLCJ2aV91c2VjYXNlX2lkIjoxMjM3NCwiZHVyYXRpb25fcyI6NDMsInVybGdlbl9zb3VyY2UiOiJ3d3cifQ%3D%3D&ccb=17-1&_nc_gid=qX5TVEy_5AOpuoSJr8WjGA&_nc_ss=7a289&_nc_map=urlgen_bucketless&_nc_zt=28&oh=00_AQIiCGeADfGy_4_KIXBhXeWi4cwtAocGaW-rcUWtfzls_g&oe=6AA70E8A,https://www.facebook.com/ads/library/?id=1426888569290595,وترطيبها كريم,2026-09-09T09:56:50+00:00
1942848879747355,OM,Lilyana Organic Beauty,2026-08-02,38,0,38,كمية تكفيك لأشهر 💛 ورائحة طبيعية تحسسك إنك فـ سبا زبدة الشيا بحجمها الكبير من ليليانا، مع خصم خاص لأول تجربة firstime10 جربيها وعيشي الفرق من أول لمسة 🌿,https://lilyana.store/ar/store/,https://video.forn3-5.fna.fbcdn.net/o1/v/t2/f2/m366/AQNdq1nDAPsZTTCDAY2ZXUhDTetMn1U1x18uX9L-q0keKOMRNHC8i9V82N_fTP8BnRsCrvlmeGZIR7hzNEPh9efwiI6e04VCOPtHu0hrIKivlA.mp4?_nc_cat=104&_nc_oc=Adpb60HHX4zxgOi3MvgnLgjoS6UjBmNnQyzbp4ShIKiSyrB4gyFuiU2KJp8UMbykimA&_nc_sid=b66105&_nc_ht=video.forn3-5.fna.fbcdn.net&_nc_ohc=QJ4okvlute4Q7kNvwHvS4Yh&efg=eyJ2ZW5jb2RlX3RhZyI6Inhwdl9wcm9ncmVzc2l2ZS5WSV9VU0VDQVNFX1BST0RVQ1RfVFlQRS4uQzMuNzIwLmRhc2hfaDI2NC1iYXNpYy1nZW4yXzcyMHAiLCJ4cHZfYXNzZXRfaWQiOjg4ODQxOTI2MDE1Mjg0MywiYXNzZXRfYWdlX2RheXMiOjQ0NCwidmlfdXNlY2FzZV9pZCI6MTA3OTksImR1cmF0aW9uX3MiOjI0LCJ1cmxnZW5fc291cmNlIjoid3d3In0%3D&ccb=17-1&vs=c0d7811f8a3d5aa3&_nc_vs=HBksFQIYRWZiX2VwaGVtZXJhbC8wMjRCQkU0OTkwNDhGMDQzRDRGNTA4MUFDODA1ODk5MV9tdF8xX3ZpZGVvX2Rhc2hpbml0Lm1wNBUAAsgBEgAVAhg6cGFzc3Rocm91Z2hfZXZlcnN0b3JlL0dDV3ZZeDZEOXFSdF9SZHJBRHBVekF2ZF9fd1NidjRHQUFBRhUCAsgBEgAoABgAGwKIB3VzZV9vaWwBMRJwcm9ncmVzc2l2ZV9yZWNpcGUBMRUAACaW8M2m54CUAxUCKAJDMywXQDgeuFHrhR8YGWRhc2hfaDI2NC1iYXNpYy1nZW4yXzcyMHARAHUAZd6oAQA&_nc_gid=Qb47ypCcsDgudXi9JYE_9Q&_nc_ss=7b289&_nc_map=urlgen_bucketless&_nc_zt=28&oh=00_AQLl5lcJQ_Ka8i_k8O4fLJzl9IRUCqL9KJQ3gXqgkZQK-Q&oe=6AA6E668,https://www.facebook.com/ads/library/?id=1942848879747355,الكريمات اللي,2026-09-09T09:28:32+00:00
1027479203592701,KW,Softskin By Secretreza,2026-08-03,37,0,37,لازم تجربو وتدعولي🥰 @secretrezaltd (https://www.instagram.com/secretrezaltd/) 🫶🏻 | جهاز ازالة الشعر من المنزل 💗 | استخدام كامل للجسم، بما في ذلك منطقة البيكيني 🌹,http://secretreza.com/,https://video.forn3-6.fna.fbcdn.net/o1/v/t2/f2/m366/AQPMyrYV8FGRfEcFcWsIqiTNFe1ViL2VyX3Zft5k5BMDPnUwRm4OfoNqApt4wmoMkA68jEGMQyLopbjdHHvXhyvdFrUTN90KYuqwhyDqxiU0UQ.mp4?_nc_cat=107&_nc_oc=Adr6Ri_wuauBY6noLB5DMRGcoWw8c-uuTk3008MRMhlbFV0_o02kdWISzH8Zl4rTVOg&_nc_sid=b66105&_nc_ht=video.forn3-6.fna.fbcdn.net&_nc_ohc=_aJp-iOlIgAQ7kNvwGWugd-&efg=eyJ2ZW5jb2RlX3RhZyI6Inhwdl9wcm9ncmVzc2l2ZS5WSV9VU0VDQVNFX1BST0RVQ1RfVFlQRS4uQzMuNzIwLmRhc2hfaDI2NC1iYXNpYy1nZW4yXzcyMHAiLCJ4cHZfYXNzZXRfaWQiOjQzMjA0NjA0MDgyMTk1NjgsImFzc2V0X2FnZV9kYXlzIjo5MSwidmlfdXNlY2FzZV9pZCI6MTA3OTksImR1cmF0aW9uX3MiOjQ3LCJ1cmxnZW5fc291cmNlIjoid3d3In0%3D&ccb=17-1&vs=d741a82e36cbdcbc&_nc_vs=HBksFQIYRWZiX2VwaGVtZXJhbC85ODQ1QkEyRTIwMjlDQTU5QTlBMUI4NEVCRUNEMzlCMF9tdF8xX3ZpZGVvX2Rhc2hpbml0Lm1wNBUAAsgBEgAVAhhAZmJfcGVybWFuZW50LzY2NDc0NDEyQzM3RkU0MTIzMzU0QTgwNzlGQ0RGQzhGX2F1ZGlvX2Rhc2hpbml0Lm1wNBUCAsgBEgAoABgAGwKIB3VzZV9vaWwBMRJwcm9ncmVzc2l2ZV9yZWNpcGUBMRUAACbgnq--8tusDxUCKAJDMywXQEeZmZmZmZoYGWRhc2hfaDI2NC1iYXNpYy1nZW4yXzcyMHARAHUAZd6oAQA&_nc_gid=nIY7ojLu2nyVMK5RaeqT3w&_nc_ss=7a289&_nc_map=urlgen_bucketless&_nc_zt=28&oh=00_AQIqo5-i8Fj9XJg5Mv7mHdbDfX08ALI6vVHXx7pbjm8Upw&oe=6AA7038D,https://www.facebook.com/ads/library/?id=1027479203592701,المنزل جهاز,2026-09-09T10:56:37+00:00
1038901762221305,QA,Softskin By Secretreza,2026-08-03,37,0,37,بدون ألم وبدون شعر 💗 مع جهاز الليزر البريطاني الأصلي Secretreza 🇬🇧 ✨ احصلي عليه الآن بأفضل سعر لهذا العام! مميزات إصدار الخط الأحمر (Redline Edition): 🧊 مزود بنظام تبريد ثلجي مريح للبشرة ⚡️ جلسة كاملة في أقل من 10 دقائق بفضل نظام النبضات السريعة 💥 قوة فعالة تصل إلى 21 جول لنتائج أسرع وأوضح ♾ عدد نبضات غير محدود 🇬🇧 صناعة بريطانية أصلية 💯 ضمان لمدة 5 سنوات 🚚 توصيل مجاني إلى باب المنزل | جهاز ازالة الشعر من المنزل 💗 | استخدام كامل للجسم، بما في ذلك منطقة البيكيني 🌹,http://secretreza.com/,https://video.forn3-6.fna.fbcdn.net/o1/v/t2/f2/m366/AQNF-mzim3G7Evs769zzlkZg4sJo3DU6v2rdaHFM9uYAp-99qJheUuFdbjC6uFmqZEC3E40ArSL1EiKqxsoAm7fAnDlt_JZDbu7jBhgE13gYrA.mp4?_nc_cat=109&_nc_oc=AdoIl1b6AkrDYJ-tpPENuzWwsq-msACjReut3Fsa_g0gRq_4zb3-8djlmnrgYGDOOy8&_nc_sid=b66105&_nc_ht=video.forn3-6.fna.fbcdn.net&_nc_ohc=GfXwXTwY3iYQ7kNvwHzP4X_&efg=eyJ2ZW5jb2RlX3RhZyI6Inhwdl9wcm9ncmVzc2l2ZS5WSV9VU0VDQVNFX1BST0RVQ1RfVFlQRS4uQzMuNzIwLmRhc2hfaDI2NC1iYXNpYy1nZW4yXzcyMHAiLCJ4cHZfYXNzZXRfaWQiOjEzNjU1MTQ0MjIzMzgxNDgsImFzc2V0X2FnZV9kYXlzIjozOSwidmlfdXNlY2FzZV9pZCI6MTA3OTksImR1cmF0aW9uX3MiOjE0LCJ1cmxnZW5fc291cmNlIjoid3d3In0%3D&ccb=17-1&vs=7fe1b04c7cf5db81&_nc_vs=HBksFQIYRWZiX2VwaGVtZXJhbC8yRDRDNTZGNzk2MDExMTY5Q0ExREU5MEI5ODk2QTNCQV9tdF8xX3ZpZGVvX2Rhc2hpbml0Lm1wNBUAAsgBEgAVAhhAZmJfcGVybWFuZW50L0FCNDIxMzBCQzA0MDQ2NjQ0QkNBMUE2QTZCMTg0REFDX2F1ZGlvX2Rhc2hpbml0Lm1wNBUCAsgBEgAoABgAGwKIB3VzZV9vaWwBMRJwcm9ncmVzc2l2ZV9yZWNpcGUBMRUAACbIiaKhs_vsBBUCKAJDMywXQC3MzMzMzM0YGWRhc2hfaDI2NC1iYXNpYy1nZW4yXzcyMHARAHUAZd6oAQA&_nc_gid=G4NJWjrGvsuKgxSD4OPSPA&_nc_ss=7b289&_nc_map=urlgen_bucketless&_nc_zt=28&oh=00_AQJaFpDuR-6rY8O_M23_xbQzYKjjkX-ngPr4swT6k_3e-g&oe=6AA6F0CF,https://www.facebook.com/ads/library/?id=1038901762221305,وبدون شعر جهاز الليزر,2026-09-09T10:47:41+00:00
1613492117175624,OM,Softskin By Secretreza,2026-08-03,37,0,37,وهيدي كانت تجربتي مع سيكريت ريزا، عنجد شفت فرق كبير من أول شهرين! 👏🏻 | جهاز ازالة الشعر من المنزل 💗,http://secretreza.com/,https://video.forn3-1.fna.fbcdn.net/o1/v/t2/f2/m366/AQNXyPcZILpQHe8juiy7R-aDhixPWTDiC4IxneasogGwcnFPrmi_c7Y3voBOt6ve7S_J_C3u-OtmHJF_iDVCQd7wq1EG-9XK5SIty9UIHqTVjA.mp4?_nc_cat=103&_nc_oc=AdrnAyxvICbYQdvUGCV5MuRzrMGdcuHYJHc-q9mBCG4Ymc0-9-gRct4P4DwZndq_aio&_nc_sid=b66105&_nc_ht=video.forn3-1.fna.fbcdn.net&_nc_ohc=ItjFnbdhctAQ7kNvwGyn2OV&efg=eyJ2ZW5jb2RlX3RhZyI6Inhwdl9wcm9ncmVzc2l2ZS5WSV9VU0VDQVNFX1BST0RVQ1RfVFlQRS4uQzMuNzIwLmRhc2hfaDI2NC1iYXNpYy1nZW4yXzcyMHAiLCJ4cHZfYXNzZXRfaWQiOjEwNDY3NjEyMzc4NTcyODUsImFzc2V0X2FnZV9kYXlzIjo1NCwidmlfdXNlY2FzZV9pZCI6MTA3OTksImR1cmF0aW9uX3MiOjIxLCJ1cmxnZW5fc291cmNlIjoid3d3In0%3D&ccb=17-1&vs=ed87256da7fd8b8a&_nc_vs=HBksFQIYRWZiX2VwaGVtZXJhbC8wQjQwRkZDNERFMTczOEU2QTRGMUYzQjNBQkQ2QUQ5NV9tdF8xX3ZpZGVvX2Rhc2hpbml0Lm1wNBUAAsgBEgAVAhhAZmJfcGVybWFuZW50LzI2NDVCQjFEMEUzQkJEQkVGOTk2QkRFQzdDMEQ3OEJGX2F1ZGlvX2Rhc2hpbml0Lm1wNBUCAsgBEgAoABgAGwKIB3VzZV9vaWwBMRJwcm9ncmVzc2l2ZV9yZWNpcGUBMRUAACaKkPr7woHcAxUCKAJDMywXQDXdsi0OVgQYGWRhc2hfaDI2NC1iYXNpYy1nZW4yXzcyMHARAHUAZd6oAQA&_nc_gid=OQDtPlUvAWGO8X7m9ghEBg&_nc_ss=7b289&_nc_map=urlgen_bucketless&_nc_zt=28&oh=00_AQLwdJQF6UYl5gwbW-E1qIVEG1vEI6LiLSRwxQRqZQtbrw&oe=6AA71C05,https://www.facebook.com/ads/library/?id=1613492117175624,أول شهرين جهاز,2026-09-09T10:41:41+00:00
2563676494092595,EG,Power Digital,2026-08-03,37,0,37,استمرار المبادرة 65 مكتبة كاملة بـ200 جنيه و 🎁 هدايا واتس سيندر احدث اصدار مفعل مدي الحياه و 95 مليون رقم للتسويق 💥 200 جنيه بس ممكن يكونوا السبب في نقلة كبيرة في حياتك… مش هزار! 65 مكتبة كاملة بـ200 جنيه فقط + استلام فوري قبل الدفع + هداااايا 🎁 واتس سيندر + 95 مليون رقم للأستلام : 👉 https://wa.me/201273943309 🚨 **تدفع 200 جنيه مرة واحدة مدى الحياة** وتاخد **65 مكتبة تعليمية كاملة + هدية واتس سيندر أحدث إصدار + 95 مليون رقم مجانًا** 💰 قيمتهم السوقية **6500 جنيه** 😳 🔥 **الاستلام قبل الدفع** علشان ثقة عملائنا أهم حاجة 👌 💳 **حضرتك بتدفع 200 ج فقط** في العرض ده هتستلم **65 مكتبة كاملة متكاملة على جوجل درايف** وده مش مجرد محتوى… **ده كنز حقيقي للتعلم + الربح + شغل جاهز** 🚀💰 --- 🎁 **هدايا العرض القوية** 🔥 واتس سيندر – أحدث إصدار **5.0.1** 🔓 مفعل مدى الحياة 📊 معاه: ✔️ 90 مليون رقم مصري ✔️ 33 مليون رقم سعودي ✔️ 8 مليون أرقام خليجية 🎁 + **5 تيرا قوالب وملفات جاهزة للشغل فورًا** --- ## 📦 قائمة الكنوز (65 مكتبة) 1️⃣ مكتبة الجرافيك والتصميم 🎨 تصميم احترافي من الصفر للاحتراف + Photoshop وCanva وقوالب جاهزة. 2️⃣ مكتبة التسويق الرقمي والإعلانات 📢 إعلانات ممولة وخطط تسويق عملية لزيادة المبيعات وجذب العملاء. 3️⃣ مكتبة البرمجة المتكاملة 👨‍💻 برمجة مواقع وتطبيقات خطوة بخطوة حتى الاحتراف. 4️⃣ مكتبة تحليل البيانات 📊 Excel وPower BI وSQL لتحليل الأرقام واتخاذ قرارات ذكية. 5️⃣ مكتبة الذكاء الاصطناعي 🤖 استخدام AI في المحتوى والتصميم والتسويق لتوفير الوقت. 6️⃣ مكتبة الأمن السيبراني 🕶 حماية الأجهزة والحسابات وأساسيات الأمن والاختراق الأخلاقي. 7️⃣ مكتبة الويندوز والأوفيس 💻 8️⃣ مكتبة المهندسين 🏗 9️⃣ مكتبة هندسة الصوت 🎧 برامج وكورسات هندسية تخدم الشغل العملي والمشاريع. 🔟 مكتبة Excel والبيزنس 11️⃣ مكتبة الأمن السيبراني 12️⃣ مكتبة الشبكات و IT 13️⃣ مكتبة التجارة الإلكترونية 14️⃣ مكتبة العمل الحر 15️⃣ مكتبة الفريلانس 16️⃣ مكتبة المشاريع الصغيرة 17️⃣ مكتبة ريادة الأعمال 18️⃣ مكتبة إدارة الأعمال 19️⃣ مكتبة الإنتاج الرقمي 20️⃣ مكتبة كورسات الربح من الإنترنت 21️⃣ مكتبة الجرافيك PSD 22️⃣ مكتبة أدوبي 23️⃣ مكتبة برامج الكمبيوتر 24️⃣ مكتبة تطبيقات الهاتف 25️⃣ مكتبة صيانة الهاتف 26️⃣ مكتبة الصيانة 27️⃣ مكتبة الويندوز 28️⃣ مكتبة الويندوز والأوفيس 29️⃣ مكتبة مايكروسوفت أوفيس 30️⃣ مكتبة الحاسب الآلي 31️⃣ مكتبة المهندسين 32️⃣ مكتبة الهندسة المدنية 33️⃣ مكتبة المهندس المعماري 34️⃣ مكتبة مهندس الكهرباء 35️⃣ مكتبة هندسة الصوت 36️⃣ مكتبة الديكور والتصميم 37️⃣ مكتبة التصوير الفوتوغرافي 38️⃣ مكتبة الأنيميشن 39️⃣ مكتبة الميك أب أرتيست 40️⃣ مكتبة الخياطة 41️⃣ مكتبة المحاسبين 42️⃣ مكتبة الموارد البشرية 43️⃣ مكتبة السكرتارية 44️⃣ مكتبة المحامين 45️⃣ مكتبة التمريض 46️⃣ مكتبة المدرسين 47️⃣ مكتبة التعليم الذاتي 48️⃣ مكتبة اللغة الإنجليزية 49️⃣ مكتبة اللغات 50️⃣ مكتبة تأسيس الأطفال 51️⃣ مكتبة الأطفال 52️⃣ مكتبة تطوير الذات 53️⃣ مكتبة تطوير الذات المتقدم 54️⃣ مكتبة مهارات السوق 55️⃣ مكتبة ملفات الرسيفر والشاشات 56️⃣ مكتبة التداول والبورصة 57️⃣ مكتبة الشعراوي 58️⃣ مكتبة صحيح البخاري 59️⃣ مكتبة الكرتون الإسلامي 60️⃣ المكتبة الشاملة 61️⃣ مكتبة هدايا الشراء (5 تيرا) 62️⃣ مكتبة تحديثات المحتوى 63️⃣ مكتبة أدوات العمل الحر 64️⃣ مكتبة قوالب جاهزة للمشاريع 65️⃣ مكتبة أسرار التسويق العملي --- ## 📥 طريقة الاستلام 📧 تبعت Gmail ☁️ بنضيفك على جوجل درايف ⬇️ تستلم كل حاجة فورًا 🔥 **الاستلام قبل الدفع** علشان تطمن 100% --- ## ⚡ مميزات العرض 💰 200 جنيه مرة واحدة ♾️ مدى الحياة 🔄 تحديثات مجانية مستمرة ☁️ بدون استهلاك مساحة عندك 🚀 جاهز تبدأ شغل فورًا --- ⏳ **العرض محدود جدًا** ومش هيتكرر بالسعر ده ❗ --- 🏢 **POWER DIGITAL** 📄 الرقم الضريبي: 655-759-662 --- **واتساب مباشر:** 👉 [https://wa.me/201273943309] | استمرار المبادرة 65 مكتبة كاملة بـ200 جنيه و 🎁 هدايا واتس سيندر احدث اصدار مفعل مدي الحياه و 95 مليون رقم للتسويق,https://api.whatsapp.com/send,https://video.forn3-6.fna.fbcdn.net/o1/v/t2/f2/m366/AQOcPXwvENhdT39LVm9w2jGuNiAe1ghCu8AbVubirQBfGSMlrXow-9abDYEHGUpX3-Ux_MATJXV6FGhcq9488Lrynm-qGBzmQfXZrmyS9ynsgA.mp4?_nc_cat=100&_nc_oc=AdqMvVBiSBaqfJsgvzv9m230gRN6s9bcTQ7zD1uzF9WYOrXK3JaIihgq82vemnikVgU&_nc_sid=b66105&_nc_ht=video.forn3-6.fna.fbcdn.net&_nc_ohc=1u4ZSsKtCZEQ7kNvwEnGQib&efg=eyJ2ZW5jb2RlX3RhZyI6Inhwdl9wcm9ncmVzc2l2ZS5WSV9VU0VDQVNFX1BST0RVQ1RfVFlQRS4uQzMuMTI4MC5kYXNoX2gyNjQtYmFzaWMtZ2VuMl83MjBwIiwieHB2X2Fzc2V0X2lkIjoyMDgyNDI3OTEyNjI2NzkxLCJhc3NldF9hZ2VfZGF5cyI6NDgsInZpX3VzZWNhc2VfaWQiOjEwNzk5LCJkdXJhdGlvbl9zIjo5OTIsInVybGdlbl9zb3VyY2UiOiJ3d3cifQ%3D%3D&ccb=17-1&vs=6025d517d334c402&_nc_vs=HBksFQIYRWZiX2VwaGVtZXJhbC9DRTQ3MzJFQTA1NTIzRTQ3RkFFNjNDQzk1MUY1RTg5Ml9tdF8xX3ZpZGVvX2Rhc2hpbml0Lm1wNBUAAsgBEgAVAhhAZmJfcGVybWFuZW50LzVCNDRERDk3RDQ1NkEzODdCMzAxNzU0NUU5MUJDMjg3X2F1ZGlvX2Rhc2hpbml0Lm1wNBUCAsgBEgAoABgAGwKIB3VzZV9vaWwBMRJwcm9ncmVzc2l2ZV9yZWNpcGUBMRUAACbOiYWAof2yBxUCKAJDMywXQI8B987ZFocYGWRhc2hfaDI2NC1iYXNpYy1nZW4yXzcyMHARAHUAZd6oAQA&_nc_gid=U4kGljBa7q5NZmcvu3Yn5Q&_nc_ss=7a289&_nc_map=urlgen_bucketless&_nc_zt=28&oh=00_AQJC0ZPjXUWFPkpS-LT04AHjK_VnQCmfBGd2Jp3Tb_D3pg&oe=6AA705E8,https://www.facebook.com/ads/library/?id=2563676494092595,الجديد جهاز,2026-09-09T10:40:02+00:00
1078563717943815,QA,Softskin By Secretreza,2026-08-03,37,0,37,صبايا هاد احلى واسهل جهاز ليزر ممكن استعملو النتائج بتجنن 😍 | جهاز ازالة الشعر من المنزل 💗 | استخدام كامل للجسم، بما في ذلك منطقة البيكيني 🌹,http://secretreza.com/,https://video.forn3-1.fna.fbcdn.net/o1/v/t2/f2/m366/AQNNX_zKmnHiQyRyd7Yg0t_ISrR_zfhiO-HZnYo2t4tgwP44zZOnO9J0ZntQiPm1avvEi9osVwUxC6wGPNt8T80e50aYOSTxq0ziI2txOgJorA.mp4?_nc_cat=111&_nc_oc=AdpZUUcucAq3BKn7EhxB0rqcppFcpJcCCs_efyDIIItUdDJWAv5Kyeeq1BHhnLpPRi0&_nc_sid=b66105&_nc_ht=video.forn3-1.fna.fbcdn.net&_nc_ohc=v2ETqiMZPwAQ7kNvwEPZg3x&efg=eyJ2ZW5jb2RlX3RhZyI6Inhwdl9wcm9ncmVzc2l2ZS5WSV9VU0VDQVNFX1BST0RVQ1RfVFlQRS4uQzMuNzIwLmRhc2hfaDI2NC1iYXNpYy1nZW4yXzcyMHAiLCJ4cHZfYXNzZXRfaWQiOjE1ODQ0MzA1NjY2NDA0NDAsImFzc2V0X2FnZV9kYXlzIjo1MCwidmlfdXNlY2FzZV9pZCI6MTA3OTksImR1cmF0aW9uX3MiOjgxLCJ1cmxnZW5fc291cmNlIjoid3d3In0%3D&ccb=17-1&vs=53b1a8d105b12073&_nc_vs=HBksFQIYRWZiX2VwaGVtZXJhbC9GMDQ4Qzg0NDc4QzU2Nzc1QzJDRTcyMTJGNDM5Qjk4NF9tdF8xX3ZpZGVvX2Rhc2hpbml0Lm1wNBUAAsgBEgAVAhhAZmJfcGVybWFuZW50LzVFNDE0MThGMjZGNzk4MTM4NDUxNUM4OEI0N0M1Q0IxX2F1ZGlvX2Rhc2hpbml0Lm1wNBUCAsgBEgAoABgAGwKIB3VzZV9vaWwBMRJwcm9ncmVzc2l2ZV9yZWNpcGUBMRUAACbwrMTR_8HQBRUCKAJDMywXQFR3bItDlYEYGWRhc2hfaDI2NC1iYXNpYy1nZW4yXzcyMHARAHUAZd6oAQA&_nc_gid=QxaUBo8zcWtDku7ExqVFGQ&_nc_ss=7b289&_nc_map=urlgen_bucketless&_nc_zt=28&oh=00_AQIWdsFczXC9mG83B21Yl6hA-_lR2jGxY8UolYzBAPNv8g&oe=6AA6FF55,https://www.facebook.com/ads/library/?id=1078563717943815,جهاز ليزر ممكن استعملو,2026-09-09T10:26:25+00:00
1020882467482867,EG,مركز دكتور محمد يوسف - لجراحة العيون و الليزر,2026-08-03,37,0,37,يا ترى إيه أسباب الانتفاخات تحت العين🤔 هل هي مجرد إرهاق... ولا ممكن يكون وراها أسباب تانية ⁉️ في الفيديو، د. محمد يوسف يوضح أشهر أسباب انتفاخات أسفل العين 👇 ------------------------------ 🌟 د/محمد يوسف 🔝 إستشاري جراحات تصحيح الأبصار بالليزر والمياه البيضاء وتجميل الجفون . عضو كلية الجراحين الملكية بأدنبره بانجلترا زميل المجلس العالمي لطب وجراحة العيون ICO عضو الجمعيه الاوروبيه لتصحيح الابصار بالليزر وزرع العدسات عضو الجمعية المصرية لتجميل الجفون و الجهاز الدمعي. . ⚠️ متوفر خدمة التقسيط عبر استخدام فيزا مشتريات لجميع البنوك و نوفر خدمات valU للتقسيط . . تابعونا علي الانستجرام 👇 instagram.com/dr.mohamed.youssef.ghareeb/ . تابعونا علي سناب شات 👇 https://www.snapchat.com/@dr.mhmdyoussef . تابعونا علي تيك توك 👇 tiktok.com/@dr.mohamed_youssef . للتواصل معنا من داخل وخارج مصر 📞 +201023330221 . 📞 +201022093330 ‏ ‏للتواصل المباشر مع الفريق الطبي عبر الواتساب يرجى الضغط على هذا الرابط 👇🏻 . https://wa.me/201023330221?text= 📍فروعنا داخل مصر : ✨ الإسكندرية : الإبراهيمية,https://api.whatsapp.com/send,https://video.forn3-6.fna.fbcdn.net/o1/v/t2/f2/m366/AQOl9c-yMatyhCQQdOvZIWeksAvWINDbmKUS67nTApqAFZwKAlhbALYmjb_diDCwtbVlriGqK0DDgDK7b9U3WH3bvn8J-YXSxVbdk0vB86pGIw.mp4?_nc_cat=110&_nc_oc=AdoEtXS6Ta3KK33rPC4LhVivb2nm9p3J-A537aBMnxF1G_EwV29k5kPi14KhX_8CXHk&_nc_sid=b66105&_nc_ht=video.forn3-6.fna.fbcdn.net&_nc_ohc=sMhH7UQNlJ4Q7kNvwHf_xat&efg=eyJ2ZW5jb2RlX3RhZyI6Inhwdl9wcm9ncmVzc2l2ZS5WSV9VU0VDQVNFX1BST0RVQ1RfVFlQRS4uQzMuNzIwLmRhc2hfaDI2NC1iYXNpYy1nZW4yXzcyMHAiLCJ4cHZfYXNzZXRfaWQiOjE2OTIzMDA0NzUzODI2NDYsImFzc2V0X2FnZV9kYXlzIjo0NSwidmlfdXNlY2FzZV9pZCI6MTIzNzMsImR1cmF0aW9uX3MiOjM1LCJ1cmxnZW5fc291cmNlIjoid3d3In0%3D&ccb=17-1&vs=14b1407f6ab6fc3d&_nc_vs=HBksFQIYRWZiX2VwaGVtZXJhbC83NDRBRTU4NjIyREFGQzQwNDNCMzZCQzA1QTE5OUE4M19tdF8xX3ZpZGVvX2Rhc2hpbml0Lm1wNBUAAsgBEgAVAhhAZmJfcGVybWFuZW50L0YzNDU5RURCOTc1RkFGQzRBMUU0RTA5RDU0QUYxOEFCX2F1ZGlvX2Rhc2hpbml0Lm1wNBUCAsgBEgAoABgAGwKIB3VzZV9vaWwBMRJwcm9ncmVzc2l2ZV9yZWNpcGUBMRUAACbs7YGL7ciBBhUCKAJDMywXQEHEOVgQYk4YGWRhc2hfaDI2NC1iYXNpYy1nZW4yXzcyMHARAHUAZarBAQA&_nc_gid=x-tRjuzGak0UokqiwhlbUw&_nc_ss=7a289&_nc_map=urlgen_bucketless&_nc_zt=28&oh=00_AQItPZ5Dn4qNKw7Na8BQvWzZGNMul0jtZovz2B3NQnr82g&oe=6AA70312,https://www.facebook.com/ads/library/?id=1020882467482867,الجهاز الدمعي متوفر,2026-09-09T10:18:36+00:00
1081003167789307,EG,مركز دكتور محمد يوسف - لجراحة العيون و الليزر,2026-08-03,37,0,37,دقة في التشخيص… ومهارة في التنفيذ ✔️ تجميل الجفون لا يهدف فقط لتحسين المظهر، بل أيضًا في تحسين وظيفة العين وجودة الرؤية ✨ ابدأ خطوتك الأولى مع الدكتور محمد يوسف 🩺 استشاري جراحات العيون، والمياه البيضاء،وتصحيح الإبصار بالليزر، وتجميل الجفون. لأن صحة وجمال عينيك… أولوية 👁️🤍 ------------------------------ 🌟 د/محمد يوسف 🔝 إستشاري جراحات تصحيح الأبصار بالليزر والمياه البيضاء وتجميل الجفون . عضو كلية الجراحين الملكية بأدنبره بانجلترا زميل المجلس العالمي لطب وجراحة العيون ICO عضو الجمعيه الاوروبيه لتصحيح الابصار بالليزر وزرع العدسات عضو الجمعية المصرية لتجميل الجفون و الجهاز الدمعي. . ⚠️ متوفر خدمة التقسيط عبر استخدام فيزا مشتريات لجميع البنوك و نوفر خدمات valU للتقسيط . . تابعونا علي الانستجرام 👇 instagram.com/dr.mohamed.youssef.ghareeb/ . تابعونا علي سناب شات 👇 https://www.snapchat.com/@dr.mhmdyoussef . تابعونا علي تيك توك 👇 tiktok.com/@dr.mohamed_youssef . للتواصل معنا من داخل وخارج مصر 📞 +201023330221 . 📞 +201022093330 ‏ ‏للتواصل المباشر مع الفريق الطبي عبر الواتساب يرجى الضغط على هذا الرابط 👇🏻 . https://wa.me/201023330221?text= 📍فروعنا داخل مصر : ✨ الإسكندرية : الإبراهيمية,https://api.whatsapp.com/send,https://video.forn3-2.fna.fbcdn.net/o1/v/t2/f2/m366/AQOHMyhR9uyepySm-gxMr3JgPZB2EZ4Mgu83drXDHGKZ4ey7pWxxRUmUGxY_8lr-EdXz8QVnA9bvD7TcetVR6Ileso7CUuatadhhUrSh1LXyWA.mp4?_nc_cat=100&_nc_oc=Adr5DDuCBV8PZVKYiii_t4GtQHIB0Yjw-ptGfW8p7JT4xl0wkZeNvnUMdyA0mXpJWro&_nc_sid=b66105&_nc_ht=video.forn3-2.fna.fbcdn.net&_nc_ohc=NVTy0Ho-rUwQ7kNvwHSDguB&efg=eyJ2ZW5jb2RlX3RhZyI6Inhwdl9wcm9ncmVzc2l2ZS5WSV9VU0VDQVNFX1BST0RVQ1RfVFlQRS4uQzMuNzIwLmRhc2hfaDI2NC1iYXNpYy1nZW4yXzcyMHAiLCJ4cHZfYXNzZXRfaWQiOjEzOTUyNDk0NjU2MTMwNzcsImFzc2V0X2FnZV9kYXlzIjoyMzYsInZpX3VzZWNhc2VfaWQiOjEyMzczLCJkdXJhdGlvbl9zIjoyNywidXJsZ2VuX3NvdXJjZSI6Ind3dyJ9&ccb=17-1&vs=90e37ce0c4b6f747&_nc_vs=HBksFQIYRWZiX2VwaGVtZXJhbC9GRTRBRjczMDc1M0FDQTcxOUZCMDYxRjBGMEU0MUFCNF9tdF8xX3ZpZGVvX2Rhc2hpbml0Lm1wNBUAAsgBEgAVAhhAZmJfcGVybWFuZW50LzcwNDA3Q0YyMkY0MzU3QTkwOTYxQkRFMkU0NDQ2ODhBX2F1ZGlvX2Rhc2hpbml0Lm1wNBUCAsgBEgAoABgAGwKIB3VzZV9vaWwBMRJwcm9ncmVzc2l2ZV9yZWNpcGUBMRUAACaq7KrMmr76BBUCKAJDMywXQDtTtkWhysEYGWRhc2hfaDI2NC1iYXNpYy1nZW4yXzcyMHARAHUAZarBAQA&_nc_gid=x-tRjuzGak0UokqiwhlbUw&_nc_ss=7a289&_nc_map=urlgen_bucketless&_nc_zt=28&oh=00_AQJXGNgKpwniuj5eb-qxX3wYyigjz78RuZIPMVkvQ9A_mA&oe=6AA6EF90,https://www.facebook.com/ads/library/?id=1081003167789307,الجهاز الدمعي متوفر,2026-09-09T10:18:36+00:00
27957061167284621,EG,مركز دكتور محمد يوسف - لجراحة العيون و الليزر,2026-08-03,37,0,37,في ناس فاكرة إن تجميل الجفون مجرد رفاهية...لكن الحقيقة أوسع بكتير✨ شوف إجابة د/ محمد يوسف في الفيديو 👇 ------------------------------ 🌟 د/محمد يوسف 🔝 إستشاري جراحات تصحيح الأبصار بالليزر والمياه البيضاء وتجميل الجفون . عضو كلية الجراحين الملكية بأدنبره بانجلترا زميل المجلس العالمي لطب وجراحة العيون ICO عضو الجمعيه الاوروبيه لتصحيح الابصار بالليزر وزرع العدسات عضو الجمعية المصرية لتجميل الجفون و الجهاز الدمعي. . ⚠️ متوفر خدمة التقسيط عبر استخدام فيزا مشتريات لجميع البنوك و نوفر خدمات valU للتقسيط . . تابعونا علي الانستجرام 👇 instagram.com/dr.mohamed.youssef.ghareeb/ . تابعونا علي سناب شات 👇 https://www.snapchat.com/@dr.mhmdyoussef . تابعونا علي تيك توك 👇 tiktok.com/@dr.mohamed_youssef . للتواصل معنا من داخل وخارج مصر 📞 +201023330221 . 📞 +201022093330 ‏ ‏للتواصل المباشر مع الفريق الطبي عبر الواتساب يرجى الضغط على هذا الرابط 👇🏻 . https://wa.me/201023330221?text= 📍فروعنا داخل مصر : ✨ الإسكندرية : الإبراهيمية,https://api.whatsapp.com/send,https://video.forn3-2.fna.fbcdn.net/o1/v/t2/f2/m366/AQNm0wciHXy5aR_79t2xRpQ7q-px-MHB1VTa-QGVqMBh7u3zcWimnqiBJbzhJwdma7RcG6NDB8BoustmWeua4BCGpnCk1EMgQb1OHwO1OXF9ug.mp4?_nc_cat=103&_nc_oc=AdoS9R6SwV2qGs8qm3sarTtHYPHBDp7Wp_u9X9Rd2GXzH4FIvYY5cC4h2ay-WWS0MbA&_nc_sid=b66105&_nc_ht=video.forn3-2.fna.fbcdn.net&_nc_ohc=EoYWnn8r5QoQ7kNvwGV3t6D&efg=eyJ2ZW5jb2RlX3RhZyI6Inhwdl9wcm9ncmVzc2l2ZS5WSV9VU0VDQVNFX1BST0RVQ1RfVFlQRS4uQzMuNzIwLmRhc2hfaDI2NC1iYXNpYy1nZW4yXzcyMHAiLCJ4cHZfYXNzZXRfaWQiOjI3OTc1MDMzNTAyMDkxNDMwLCJhc3NldF9hZ2VfZGF5cyI6NDksInZpX3VzZWNhc2VfaWQiOjEyMzczLCJkdXJhdGlvbl9zIjo4NCwidXJsZ2VuX3NvdXJjZSI6Ind3dyJ9&ccb=17-1&vs=73e6e33759ccd810&_nc_vs=HBksFQIYRWZiX2VwaGVtZXJhbC9DNzQ4MEZGQTBGRDY1NUY4MjRBODgzMDhDQjg1QUQ5NV9tdF8xX3ZpZGVvX2Rhc2hpbml0Lm1wNBUAAsgBEgAVAhhAZmJfcGVybWFuZW50L0UyNDc5M0ZGRkRDQTE3RUNCQzY3OTREODJBRUQzNjkzX2F1ZGlvX2Rhc2hpbml0Lm1wNBUCAsgBEgAoABgAGwKIB3VzZV9vaWwBMRJwcm9ncmVzc2l2ZV9yZWNpcGUBMRUAACbMosbnocmxYxUCKAJDMywXQFUIgxJul40YGWRhc2hfaDI2NC1iYXNpYy1nZW4yXzcyMHARAHUAZarBAQA&_nc_gid=x-tRjuzGak0UokqiwhlbUw&_nc_ss=7a289&_nc_map=urlgen_bucketless&_nc_zt=28&oh=00_AQKVdYiiPzhRyINIADE4m4MXjbsRBnwigDCulsm7Y1WxFw&oe=6AA708B9,https://www.facebook.com/ads/library/?id=27957061167284621,الجهاز الدمعي متوفر,2026-09-09T10:18:36+00:00
1073070565665091,MA,Vinci Cosmétique ,2026-08-03,37,0,37,✨ باك العناية الحميمية VINCI – جل + كريم ✨ روتين متكامل للعناية بالمناطق الحساسة بكل لطف وانتعاش 🌸 💧 جل منظف: ينظف بلطف ويمنح إحساساً بالانتعاش ✨ كريم تفتيح: يساعد على توحيد لون البشرة وتقليل مظهر الاسمرار تدريجياً ✔ مناسب للبشرة الحساسة ✔ يساعد على النعومة والإشراقة ✔ سهل الاستخدام ضمن روتينك اليومي 🚚 توصيل مجاني لجميع مدن المغرب 💵 الدفع عند الاستلام | 🚚 توصيل مجاني لجميع مدن المغرب | 💵 الدفع عند الاستلام,https://vincicosmetique.ma/products/pack-intime-eclat-vinci-1?view=test,https://video.forn3-6.fna.fbcdn.net/o1/v/t2/f2/m366/AQMOLCgDWaSVFcKPdBqom3Lv5h2Gj0etw4FQgDWe2KjQ9WPb9I-jhpH4w2LZqjkU6uOxghWgSy9u4Pn47tbX4UW_I4_Sk02bg3rBVXUEUvSL3Q.mp4?_nc_cat=109&_nc_oc=AdrMSV3rgKt6N3A8JjmiCGFB2mi0vVeNU3AvT3dHZGmJs5SfkGfINDYyjcjXk3xbjQ8&_nc_sid=b66105&_nc_ht=video.forn3-6.fna.fbcdn.net&_nc_ohc=12WXdCqqUmYQ7kNvwFkKpj-&efg=eyJ2ZW5jb2RlX3RhZyI6Inhwdl9wcm9ncmVzc2l2ZS5WSV9VU0VDQVNFX1BST0RVQ1RfVFlQRS4uQzMuNzIwLmRhc2hfaDI2NC1iYXNpYy1nZW4yXzcyMHAiLCJ4cHZfYXNzZXRfaWQiOjI0MDY5OTM5NzY0NTQ3NTAsImFzc2V0X2FnZV9kYXlzIjo2MywidmlfdXNlY2FzZV9pZCI6MTAxMzksImR1cmF0aW9uX3MiOjY3LCJ1cmxnZW5fc291cmNlIjoid3d3In0%3D&ccb=17-1&vs=2f989eef5522a4b7&_nc_vs=HBksFQIYRWZiX2VwaGVtZXJhbC9ENzRBMkM3MkNFOTYxRTU2NTg2OUFFRkNBNzE1RTk5Ml9tdF8xX3ZpZGVvX2Rhc2hpbml0Lm1wNBUAAsgBEgAVAhhAZmJfcGVybWFuZW50LzJBNDc3ODQwOURENjZCNENBRDUwN0IyRjEyMzk3RTlFX2F1ZGlvX2Rhc2hpbml0Lm1wNBUCAsgBEgAoABgAGwKIB3VzZV9vaWwBMRJwcm9ncmVzc2l2ZV9yZWNpcGUBMRUAACa8uYvPvsnGCBUCKAJDMywXQFDu6XjU_fQYGWRhc2hfaDI2NC1iYXNpYy1nZW4yXzcyMHARAHUAZbaeAQA&_nc_gid=a7G0d6qR5cF9sS9oHSdDIQ&_nc_ss=7b289&_nc_map=urlgen_bucketless&_nc_zt=28&oh=00_AQIqOXHEZR2K2EFre2_9TjgHZMS0remccbOMG8rku4O0ng&oe=6AA70E2F,https://www.facebook.com/ads/library/?id=1073070565665091,كريم تفتيح,2026-09-09T09:33:23+00:00
2360388781036822,SA,DotDrama19,2026-08-04,36,0,36,انقر لمشاهدة السلسلة كاملة,http://play.google.com/store/apps/details?id=com.vividshort.drama.vivid,https://video.forn3-6.fna.fbcdn.net/o1/v/t2/f2/m366/AQN2ICQvtO1UlU5ch6XtNIm5S1GVpK8LrNgCyEoUr-R4FlKv3TIsw6C3wYw85LEU1eWaAL2s4nX-Y5FbVyvzESlU2TyRRdfSP5_xPyAYd1_7bw.mp4?_nc_cat=107&_nc_oc=Adr-YmV0DuserwKBwlp4EUyjzFwgB70tFgoaAZk39ciZnSfVAc0xpr1w1qOC0Lyzk4A&_nc_sid=b66105&_nc_ht=video.forn3-6.fna.fbcdn.net&_nc_ohc=jHERbfCaxoUQ7kNvwFEQmye&efg=eyJ2ZW5jb2RlX3RhZyI6Inhwdl9wcm9ncmVzc2l2ZS5WSV9VU0VDQVNFX1BST0RVQ1RfVFlQRS4uQzMuNzIwLmRhc2hfaDI2NC1iYXNpYy1nZW4yXzcyMHAiLCJ4cHZfYXNzZXRfaWQiOjM1NTIzNjk5MDQ5NDE0MjAsImFzc2V0X2FnZV9kYXlzIjo0MSwidmlfdXNlY2FzZV9pZCI6MTAxMzksImR1cmF0aW9uX3MiOjE1MjksInVybGdlbl9zb3VyY2UiOiJ3d3cifQ%3D%3D&ccb=17-1&vs=4e1c9c63f4d381b1&_nc_vs=HBksFQIYRWZiX2VwaGVtZXJhbC9DMDRGODlFRDY2MENGN0Q1RkJGRkVCRENGOEI0N0E4RV9tdF8xX3ZpZGVvX2Rhc2hpbml0Lm1wNBUAAsgBEgAVAhhAZmJfcGVybWFuZW50LzQxNEYxNzY4QjJFQjVEM0Y2QjVEREZCMkQ5RDRGNUFCX2F1ZGlvX2Rhc2hpbml0Lm1wNBUCAsgBEgAoABgAGwKIB3VzZV9vaWwBMRJwcm9ncmVzc2l2ZV9yZWNpcGUBMRUAACbY5dukkrfPDBUCKAJDMywXQJflEGJN0vIYGWRhc2hfaDI2NC1iYXNpYy1nZW4yXzcyMHARAHUAZbaeAQA&_nc_gid=KxyI3KJoJV6Hji_9TuWdog&_nc_ss=7b289&_nc_map=urlgen_bucketless&_nc_zt=28&oh=00_AQLf_h7zstNUc4T80Lpezdo32nrf51iRv2IH8lS_Wm05xQ&oe=6AA72535,https://www.facebook.com/ads/library/?id=2360388781036822,الأول هل تبحثين كريم,2026-09-09T12:05:49+00:00
994013350293518,LY,رواق شوب - Riwaq,2026-08-03,36,0,36,"هل تعاني حديقتك من بقع جرداء باهتة؟ 🐕💔 هل احترقت زواياها بسبب بول كلبك أو حرارة الصيف؟ لا تقلق، لدينا الحل الأمثل لمنزلك. 🌱 🔥ازرع بذور ""السجادة الزمردية"" الآن - فهي تنبت في 7 أيام فقط! تتميز بنسبة إنبات تصل إلى 99.9%، وهي من مزارع ملاعب الغولف الراقية في نيوزيلندا. ☀️ مقاومة عالية للحرارة والجفاف: تتحمل أقسى الظروف، من قسوة الشتاء التي تصل إلى -30 درجة مئوية إلى موجات الحر التي تصل إلى 45 درجة مئوية. | اشترِ بثقة تامة😎",https://novadukan.storeep.com/products/%D8%A8%D8%B0%D9%88%D8%B1-%D8%A3%D8%B9%D8%B4%D8%A7%D8%A8-%D9%85%D8%AA%D8%B9%D8%AF%D8%AF%D8%A9-%D8%A7%D9%84%D8%A3%D8%B5%D9%86%D8%A7%D9%81,https://video.forn3-1.fna.fbcdn.net/o1/v/t2/f2/m366/AQM-bkuw_ViWnPh6lBeYwG3fxiyl5YmpxuRYxyHCfqrtjtTi273qlLCoxAtn5DGeZSK7zIkRdCkteqmGbbriAlpNE_fiONaoIs1VwMohZYjNDA.mp4?_nc_cat=109&_nc_oc=Adp0gyC-9s2AdCIFiEoPesu3n5LeEPu52qzWm84_F9ASs98n7xXUsyOHSm_jljempCc&_nc_sid=b66105&_nc_ht=video.forn3-1.fna.fbcdn.net&_nc_ohc=_i30BqpCLjIQ7kNvwHEGH9w&efg=eyJ2ZW5jb2RlX3RhZyI6Inhwdl9wcm9ncmVzc2l2ZS5WSV9VU0VDQVNFX1BST0RVQ1RfVFlQRS4uQzIuNzIwLmRhc2hfaDI2NC1iYXNpYy1nZW4yXzcyMHAiLCJ4cHZfYXNzZXRfaWQiOjEzODQyMjU3NDAzMjY4NjUsImFzc2V0X2FnZV9kYXlzIjozNywidmlfdXNlY2FzZV9pZCI6MTA3OTksImR1cmF0aW9uX3MiOjExNCwidXJsZ2VuX3NvdXJjZSI6Ind3dyJ9&ccb=17-1&vs=83acb9cf2ada7301&_nc_vs=HBksFQIYRWZiX2VwaGVtZXJhbC8zMzRGNTI5N0FEMkI2RTkwRjIwRTVDMDI4MjUyQUE4Ql9tdF8xX3ZpZGVvX2Rhc2hpbml0Lm1wNBUAAsgBEgAVAhhAZmJfcGVybWFuZW50LzA2NDFERDJFNzZCNjJGMjAxMkI4NkQ2Rjk1QjREMTg5X2F1ZGlvX2Rhc2hpbml0Lm1wNBUCAsgBEgAoABgAGwKIB3VzZV9vaWwBMRJwcm9ncmVzc2l2ZV9yZWNpcGUBMRUAACain9S4xbz1BBUCKAJDMiwXQFy5mZmZmZoYGWRhc2hfaDI2NC1iYXNpYy1nZW4yXzcyMHARAHUAZd6oAQA&_nc_gid=mH07kQyRu1kbyS5YOmpnJw&_nc_ss=7a289&_nc_map=urlgen_bucketless&_nc_zt=28&oh=00_AQJ6gsNF8jTyWA_2dU1oiezNeEL_xh8SO3ehr5506wYmzA&oe=6AA6EEE7,https://www.facebook.com/ads/library/?id=994013350293518,البقع الصفراء على الجلد,2026-09-09T08:38:49+00:00
1050236554267776,LY,رواق شوب - Riwaq,2026-08-03,36,0,36,"هل تعاني حديقتك من بقع جرداء باهتة؟ 🐕💔 هل احترقت زواياها بسبب بول كلبك أو حرارة الصيف؟ لا تقلق، لدينا الحل الأمثل لمنزلك. 🌱 🔥ازرع بذور ""السجادة الزمردية"" الآن - فهي تنبت في 7 أيام فقط! تتميز بنسبة إنبات تصل إلى 99.9%، وهي من مزارع ملاعب الغولف الراقية في نيوزيلندا. ☀️ مقاومة عالية للحرارة والجفاف: تتحمل أقسى الظروف، من قسوة الشتاء التي تصل إلى -30 درجة مئوية إلى موجات الحر التي تصل إلى 45 درجة مئوية. | اشترِ بثقة تامة😎",https://novadukan.storeep.com/products/%D8%A8%D8%B0%D9%88%D8%B1-%D8%A3%D8%B9%D8%B4%D8%A7%D8%A8-%D9%85%D8%AA%D8%B9%D8%AF%D8%AF%D8%A9-%D8%A7%D9%84%D8%A3%D8%B5%D9%86%D8%A7%D9%81,https://video.forn3-1.fna.fbcdn.net/o1/v/t2/f2/m366/AQP-vt-5pLNdgV3UyzT_Xcqyu0evj2HEqqHqgWUKyS2GIZ2UVQkdo_2mBRo2skhqvQjDfBbJJtIuRlus4N2Ff-_-ABGHN-FTILCOuyzOWTx8Eg.mp4?_nc_cat=107&_nc_oc=AdoZ8hJ1J7qfGAelhCh9HzjdS_ROCwNaW_FNEnWOPsJYnfO5FgfahewWB193T5dfAWQ&_nc_sid=b66105&_nc_ht=video.forn3-1.fna.fbcdn.net&_nc_ohc=OgFDC9sXeCkQ7kNvwEej2an&efg=eyJ2ZW5jb2RlX3RhZyI6Inhwdl9wcm9ncmVzc2l2ZS5WSV9VU0VDQVNFX1BST0RVQ1RfVFlQRS4uQzIuNzIwLmRhc2hfaDI2NC1iYXNpYy1nZW4yXzcyMHAiLCJ4cHZfYXNzZXRfaWQiOjE1NTAxNTA3MjAxNTI4ODYsImFzc2V0X2FnZV9kYXlzIjozNywidmlfdXNlY2FzZV9pZCI6MTA3OTksImR1cmF0aW9uX3MiOjExNSwidXJsZ2VuX3NvdXJjZSI6Ind3dyJ9&ccb=17-1&vs=f5b9f47d27c03358&_nc_vs=HBksFQIYRWZiX2VwaGVtZXJhbC80NjRGMEM1NjlCRjgyMzE1MTAxRUU3QjVCNDgxNTJBM19tdF8xX3ZpZGVvX2Rhc2hpbml0Lm1wNBUAAsgBEgAVAhhAZmJfcGVybWFuZW50LzgzNDVDRDA4RTM3NTY5QjRERUM1QTlCREM4MTQ3QzkzX2F1ZGlvX2Rhc2hpbml0Lm1wNBUCAsgBEgAoABgAGwKIB3VzZV9vaWwBMRJwcm9ncmVzc2l2ZV9yZWNpcGUBMRUAACbslK_w0vbABRUCKAJDMiwXQFzMzMzMzM0YGWRhc2hfaDI2NC1iYXNpYy1nZW4yXzcyMHARAHUAZd6oAQA&_nc_gid=6dX8t5cJsArJotx2yiCgoA&_nc_ss=7a289&_nc_map=urlgen_bucketless&_nc_zt=28&oh=00_AQIAUXuHrOaG15UgDTMYWTZ0eaJriZu79v6E4xj78Z3uJw&oe=6AA7070D,https://www.facebook.com/ads/library/?id=1050236554267776,البقع الصفراء على الجلد,2026-09-09T08:38:49+00:00
1086976120431037,LB,Softskin By Secretreza,2026-08-03,36,0,36,صبايا هاد احلى واسهل جهاز ليزر ممكن استعملو النتائج بتجنن 😍 | جهاز ازالة الشعر من المنزل 💗 | استخدام كامل للجسم، بما في ذلك منطقة البيكيني 🌹,http://secretreza.com/,https://video.forn3-1.fna.fbcdn.net/o1/v/t2/f2/m366/AQNNX_zKmnHiQyRyd7Yg0t_ISrR_zfhiO-HZnYo2t4tgwP44zZOnO9J0ZntQiPm1avvEi9osVwUxC6wGPNt8T80e50aYOSTxq0ziI2txOgJorA.mp4?_nc_cat=111&_nc_oc=AdpZUUcucAq3BKn7EhxB0rqcppFcpJcCCs_efyDIIItUdDJWAv5Kyeeq1BHhnLpPRi0&_nc_sid=b66105&_nc_ht=video.forn3-1.fna.fbcdn.net&_nc_ohc=v2ETqiMZPwAQ7kNvwEPZg3x&efg=eyJ2ZW5jb2RlX3RhZyI6Inhwdl9wcm9ncmVzc2l2ZS5WSV9VU0VDQVNFX1BST0RVQ1RfVFlQRS4uQzMuNzIwLmRhc2hfaDI2NC1iYXNpYy1nZW4yXzcyMHAiLCJ4cHZfYXNzZXRfaWQiOjE1ODQ0MzA1NjY2NDA0NDAsImFzc2V0X2FnZV9kYXlzIjo1MCwidmlfdXNlY2FzZV9pZCI6MTA3OTksImR1cmF0aW9uX3MiOjgxLCJ1cmxnZW5fc291cmNlIjoid3d3In0%3D&ccb=17-1&vs=53b1a8d105b12073&_nc_vs=HBksFQIYRWZiX2VwaGVtZXJhbC9GMDQ4Qzg0NDc4QzU2Nzc1QzJDRTcyMTJGNDM5Qjk4NF9tdF8xX3ZpZGVvX2Rhc2hpbml0Lm1wNBUAAsgBEgAVAhhAZmJfcGVybWFuZW50LzVFNDE0MThGMjZGNzk4MTM4NDUxNUM4OEI0N0M1Q0IxX2F1ZGlvX2Rhc2hpbml0Lm1wNBUCAsgBEgAoABgAGwKIB3VzZV9vaWwBMRJwcm9ncmVzc2l2ZV9yZWNpcGUBMRUAACbwrMTR_8HQBRUCKAJDMywXQFR3bItDlYEYGWRhc2hfaDI2NC1iYXNpYy1nZW4yXzcyMHARAHUAZd6oAQA&_nc_gid=EShJslbhpe6hl_ErCeMz9g&_nc_ss=7b289&_nc_map=urlgen_bucketless&_nc_zt=28&oh=00_AQLWIQ3FDCCra6s23vwZ0-W-77QXhQ3GEULBBpU4muXQaA&oe=6AA6C715,https://www.facebook.com/ads/library/?id=1086976120431037,تقرحات ما بعد إزالة الشعر,2026-09-09T06:03:36+00:00
2521799108281907,LB,Softskin By Secretreza,2026-08-03,36,0,36,وهيدي كانت تجربتي مع سيكريت ريزا، عنجد شفت فرق كبير من أول شهرين! 👏🏻 | جهاز ازالة الشعر من المنزل 💗,http://secretreza.com/,https://video.forn3-1.fna.fbcdn.net/o1/v/t2/f2/m366/AQNXyPcZILpQHe8juiy7R-aDhixPWTDiC4IxneasogGwcnFPrmi_c7Y3voBOt6ve7S_J_C3u-OtmHJF_iDVCQd7wq1EG-9XK5SIty9UIHqTVjA.mp4?_nc_cat=103&_nc_oc=AdrnAyxvICbYQdvUGCV5MuRzrMGdcuHYJHc-q9mBCG4Ymc0-9-gRct4P4DwZndq_aio&_nc_sid=b66105&_nc_ht=video.forn3-1.fna.fbcdn.net&_nc_ohc=ItjFnbdhctAQ7kNvwGyn2OV&efg=eyJ2ZW5jb2RlX3RhZyI6Inhwdl9wcm9ncmVzc2l2ZS5WSV9VU0VDQVNFX1BST0RVQ1RfVFlQRS4uQzMuNzIwLmRhc2hfaDI2NC1iYXNpYy1nZW4yXzcyMHAiLCJ4cHZfYXNzZXRfaWQiOjEwNDY3NjEyMzc4NTcyODUsImFzc2V0X2FnZV9kYXlzIjo1NCwidmlfdXNlY2FzZV9pZCI6MTA3OTksImR1cmF0aW9uX3MiOjIxLCJ1cmxnZW5fc291cmNlIjoid3d3In0%3D&ccb=17-1&vs=ed87256da7fd8b8a&_nc_vs=HBksFQIYRWZiX2VwaGVtZXJhbC8wQjQwRkZDNERFMTczOEU2QTRGMUYzQjNBQkQ2QUQ5NV9tdF8xX3ZpZGVvX2Rhc2hpbml0Lm1wNBUAAsgBEgAVAhhAZmJfcGVybWFuZW50LzI2NDVCQjFEMEUzQkJEQkVGOTk2QkRFQzdDMEQ3OEJGX2F1ZGlvX2Rhc2hpbml0Lm1wNBUCAsgBEgAoABgAGwKIB3VzZV9vaWwBMRJwcm9ncmVzc2l2ZV9yZWNpcGUBMRUAACaKkPr7woHcAxUCKAJDMywXQDXdsi0OVgQYGWRhc2hfaDI2NC1iYXNpYy1nZW4yXzcyMHARAHUAZd6oAQA&_nc_gid=EShJslbhpe6hl_ErCeMz9g&_nc_ss=7b289&_nc_map=urlgen_bucketless&_nc_zt=28&oh=00_AQIs8Lto5ZjM-zF7GgBrR6Il5V1omgF4NEiEOJ-MCC7I8g&oe=6AA6E3C5,https://www.facebook.com/ads/library/?id=2521799108281907,تقرحات ما بعد إزالة الشعر,2026-09-09T06:03:36+00:00
1577581850378285,MA,YourTech.ma,2026-08-05,35,0,35,📸 بغيتي تصور راسك بلا متعذب؟ هاد السيبور: كيهز أي هاتف بأي وضعية وزاوية فيه جهاز تحكم عن بعد للهاتف طويل 175 سم وملي تجمعو كيولي صغير وساهل تحمّلو لأي بلاصة 💰 الثمن: 135 درهم 🚚 التوصيل: الدار البيضاء 19 درهم | باقي المدن 39 درهم ⚡ الكمية محدودة، طلب دابا قبل ما يسالي! للطلب: https://www.yourtech.ma/products/k28p-selfie-stick-tripod-175-cm-avec-telecommande-sans-fil | فقط 135 درهم + مصاريف التوصيل | التوصيل في لدارالبيضاء 19 درهم، باقي المدن 39 درهم، مع الضمان,https://www.yourtech.ma/products/k28p-selfie-stick-tripod-175-cm-avec-telecommande-sans-fil,https://video.forn3-2.fna.fbcdn.net/o1/v/t2/f2/m366/AQNhh4q1k9EFQlZobkPXvnWKK38qClWWDqJ-FaXJV7PQlx0uzT3-uxfWjyOwVR1MGcBZqvDW3xuJuWSbArMSX7hEPEeBDYF0w9qfzSCBlRZC3Q.mp4?_nc_cat=107&_nc_oc=AdopCbLq6xEnHtFAWORagz5DPbP-4_E79XOImhndsT6_7Mr54X9bYLr6cHIXshhKzZo&_nc_sid=b66105&_nc_ht=video.forn3-2.fna.fbcdn.net&_nc_ohc=IMjwdP1RV7QQ7kNvwE7gITX&efg=eyJ2ZW5jb2RlX3RhZyI6Inhwdl9wcm9ncmVzc2l2ZS5WSV9VU0VDQVNFX1BST0RVQ1RfVFlQRS4uQzMuNzIwLmRhc2hfaDI2NC1iYXNpYy1nZW4yXzcyMHAiLCJ4cHZfYXNzZXRfaWQiOjE4MzgzMTUyODM3MjM1ODUsImFzc2V0X2FnZV9kYXlzIjoyNzksInZpX3VzZWNhc2VfaWQiOjEwNzk5LCJkdXJhdGlvbl9zIjozNywidXJsZ2VuX3NvdXJjZSI6Ind3dyJ9&ccb=17-1&vs=d265561aa7ffa806&_nc_vs=HBksFQIYRWZiX2VwaGVtZXJhbC9BMDQwMTU3MzdDNzkwNjVGMEM4MUM5OTJFQ0Q3NTJBM19tdF8xX3ZpZGVvX2Rhc2hpbml0Lm1wNBUAAsgBEgAVAhhAZmJfcGVybWFuZW50LzdFNEE4NEM5NEFBNTFENzQxOUQ5MTUwQUMxMTM5REE3X2F1ZGlvX2Rhc2hpbml0Lm1wNBUCAsgBEgAoABgAGwKIB3VzZV9vaWwBMRJwcm9ncmVzc2l2ZV9yZWNpcGUBMRUAACaC1cWXhPzDBhUCKAJDMywXQELVP3ztkWgYGWRhc2hfaDI2NC1iYXNpYy1nZW4yXzcyMHARAHUAZd6oAQA&_nc_gid=lHUSmLOorpKY1Jyhy62TZw&_nc_ss=7b289&_nc_map=urlgen_bucketless&_nc_zt=28&oh=00_AQLE1ZyVEivmJE2eowQXBN8ZAnLIktIC0D60NAoRJ8TBoA&oe=6AA6FDC1,https://www.facebook.com/ads/library/?id=1577581850378285,جهاز تحكم بعد، يوفر,2026-09-09T11:07:45+00:00
1359492906386238,YE,Unique Store Yemen,2026-08-05,35,0,35,الكميه محدوده جدا 🔥 احدث جهاز ليزر منزلي ( الأصلي ) و بتقنية التبريد! تخلّصي من الشعر نهائيًا بدون صالونات ومع جلسات آمنة داخل بيتك! ✨ مميزات الجهاز: • 3 وظائف في جهاز واحد: إزالة الشعر + تجديد البشرة + إزالة حب الشباب •فيه مليون ومضة تكفي استخدام لسنوات طويلة جدًا (حتى 10 أشخاص بنفس الوقت !) • 9 مستويات طاقة تناسب كل المناطق الحساسة • خاصية التبريد لتقليل الألم والحمايه من الحروق أثناء الاستخدام • نتائج تبدأ خلال 7–14 يوم فقط • مؤشر ضوئي للاستخدام الصحيح وحماية أعلى • ملحقات كاملة: نظارة + شفرة + رؤوس إضافية بأحجام مختلفة 🚚 السعر فقط 44،000 ريال قديم(315 سعودي) والتوصيل مجاني خلال فتره العرضفقط+ ضمان سنة كامله ✳️ للطلب عبر الواتساب: 780319279 ⚠️ الكمية محدودة جدًا.. احجزي الآن قبل النفاد!,https://api.whatsapp.com/send,https://video.forn3-5.fna.fbcdn.net/o1/v/t2/f2/m366/AQO5VHdc8-J29CdHH1En55wSCNDtsX3wL3LrIuXqbAEijIn9fi6DHC8ISuotmkwrYnC5qZLa1LOLFHtndDG7bFPuNHXm_Otcd5dVdCNMFsZH9A.mp4?_nc_cat=104&_nc_oc=AdpvalOD5sIXSfny9uuzNcgvzwB6wuydIAM4yzUPbnLIRmoJB4dXsvQ5JxeuGxVk5OE&_nc_sid=b66105&_nc_ht=video.forn3-5.fna.fbcdn.net&_nc_ohc=ETJMfsHEkqYQ7kNvwHANlaj&efg=eyJ2ZW5jb2RlX3RhZyI6Inhwdl9wcm9ncmVzc2l2ZS5WSV9VU0VDQVNFX1BST0RVQ1RfVFlQRS4uQzMuNzIwLmRhc2hfaDI2NC1iYXNpYy1nZW4yXzcyMHAiLCJ4cHZfYXNzZXRfaWQiOjk2Njk4NzgzNjIwOTY2NSwiYXNzZXRfYWdlX2RheXMiOjkzLCJ2aV91c2VjYXNlX2lkIjoxMjM3MywiZHVyYXRpb25fcyI6NDAsInVybGdlbl9zb3VyY2UiOiJ3d3cifQ%3D%3D&ccb=17-1&vs=54a5df84b3ecc3e0&_nc_vs=HBksFQIYRWZiX2VwaGVtZXJhbC8wOTRBMjg2RkRDOTY0OEQxOUU5NkEyMEY4RUMyODg4RV9tdF8xX3ZpZGVvX2Rhc2hpbml0Lm1wNBUAAsgBEgAVAhhAZmJfcGVybWFuZW50L0E1NDBDQkE2QjU4MUZBRjAzODVGNEY3ODc0RkY4NkE2X2F1ZGlvX2Rhc2hpbml0Lm1wNBUCAsgBEgAoABgAGwKIB3VzZV9vaWwBMRJwcm9ncmVzc2l2ZV9yZWNpcGUBMRUAACaC6NXnjN63AxUCKAJDMywXQERZmZmZmZoYGWRhc2hfaDI2NC1iYXNpYy1nZW4yXzcyMHARAHUAZarBAQA&_nc_gid=arF1JJ9oYrL65gA7H74bEA&_nc_ss=7a289&_nc_map=urlgen_bucketless&_nc_zt=28&oh=00_AQKYVJ3h4o_214S2Nj5lIrkdQSGvFsk6-1YZ2j9NNqWBhg&oe=6AA71938,https://www.facebook.com/ads/library/?id=1359492906386238,جهاز ازالة,2026-09-09T10:32:22+00:00
1350044046754381,MR,App AI,2026-08-05,35,0,35,تعلم الإنجليزية، الفرنسية، الكورية وأكثر — كلها في تطبيق واحد مع AI الخاص بك! 🌍 | تعلم أي لغة بسرعة مع AI! 🚀 | لماذا ابنك يتكلم إنجليزي أفضل منك؟ 😮,https://play.google.com/store/apps/details?id=aitutor.ailanguagelearn.ailearning&pli=1,https://video.forn3-5.fna.fbcdn.net/o1/v/t2/f2/m412/AQNXOE0rPBYLcdnksyAQluLtPfPkAeEwRI3_1eS17d0qFnqKp7ub8E2JAdhiIA-DQnsgvw0BJuMQNen-20hZgudw5dgL8t_jhVhYvvJYUA.mp4?_nc_cat=106&_nc_oc=AdqQzduqHo8TwpBShFiILpvEXgXcyTa4BEdnec1N1j5KdycPNUfMT0pDcPeDnIJuazA&_nc_sid=ef5aa3&_nc_ht=video.forn3-5.fna.fbcdn.net&_nc_ohc=kUcEdd6DmFcQ7kNvwE8cg3P&efg=eyJ2ZW5jb2RlX3RhZyI6Inhwdl9wcm9ncmVzc2l2ZS5WSV9VU0VDQVNFX1BST0RVQ1RfVFlQRS4uQzMuMzYwLnN2ZV9zZCIsInhwdl9hc3NldF9pZCI6MTM3MDU2MjA0NDQ0Nzc4NywiYXNzZXRfYWdlX2RheXMiOjM1LCJ2aV91c2VjYXNlX2lkIjoxMDEzOSwiZHVyYXRpb25fcyI6OTUsInVybGdlbl9zb3VyY2UiOiJ3d3cifQ%3D%3D&ccb=17-1&_nc_gid=WXqVye0S1rdMfoFIG8Vs0w&_nc_ss=7b289&_nc_map=urlgen_bucketless&_nc_zt=28&oh=00_AQJ5mGy7d5QkFXIiOOWMpxS3Mdr1XYJFmov-9hjKN_j7vg&oe=6AA71D98,https://www.facebook.com/ads/library/?id=1350044046754381,السيروم هو السر هو,2026-09-09T10:21:15+00:00
1768056967527458,EG,Axiology,2026-08-05,35,0,35,ودّعي البهتان… وخلّي بشرتك تتكلم عن نفسها. Say goodbye to dull skin and let your glow speak. | بخصم ٥٠ ٪ لفتره محدوده 🔥,https://axiologyeg.com/products/pure-skin-bundle-1?variant=52182619947313,https://video.forn3-6.fna.fbcdn.net/o1/v/t2/f2/m366/AQMsS0Lp5tJJmlBwNlRlNop2m4TsBSvAS_GE8pOrjHMfHFBmhrUewcTjb6rSSvWT0BjE0Q8CJ67s5NPAPJqCqjhk4PB2Dkjw_hA_jdKN5oIi-Q.mp4?_nc_cat=106&_nc_oc=AdpPYZHKJHsuBq1rv9GOcn6zOlvqfXVdf-AZ5G2o8a7CE5us8tIqlS4X_u-gYU8Xeb8&_nc_sid=b66105&_nc_ht=video.forn3-6.fna.fbcdn.net&_nc_ohc=-TRRThvdp-oQ7kNvwHMkdQ8&efg=eyJ2ZW5jb2RlX3RhZyI6Inhwdl9wcm9ncmVzc2l2ZS5WSV9VU0VDQVNFX1BST0RVQ1RfVFlQRS4uQzIuNzIwLmRhc2hfaDI2NC1iYXNpYy1nZW4yXzcyMHAiLCJ4cHZfYXNzZXRfaWQiOjI0MzI0MzU4NjcyNzU0NzYsImFzc2V0X2FnZV9kYXlzIjoxMzAsInZpX3VzZWNhc2VfaWQiOjEwNzk5LCJkdXJhdGlvbl9zIjoxMDksInVybGdlbl9zb3VyY2UiOiJ3d3cifQ%3D%3D&ccb=17-1&vs=d5dfc3e26ca2ab59&_nc_vs=HBksFQIYRWZiX2VwaGVtZXJhbC83MDQ1NjZEODI5NDVFQkMwODg4OEVFQ0Q5RTUxREFBRl9tdF8xX3ZpZGVvX2Rhc2hpbml0Lm1wNBUAAsgBEgAVAhhAZmJfcGVybWFuZW50LzlFNDFBQjk0REIzMkE4NEEzOUZFQzc0MjhBMUQ0MDkxX2F1ZGlvX2Rhc2hpbml0Lm1wNBUCAsgBEgAoABgAGwKIB3VzZV9vaWwBMRJwcm9ncmVzc2l2ZV9yZWNpcGUBMRUAACaow_a8s5LSCBUCKAJDMiwXQFtFHrhR64UYGWRhc2hfaDI2NC1iYXNpYy1nZW4yXzcyMHARAHUAZd6oAQA&_nc_gid=2egYFDM6ps_2u768MnpKMg&_nc_ss=7a289&_nc_map=urlgen_bucketless&_nc_zt=28&oh=00_AQJ49hvxd_K1YDytq6D9bhxf6RtiADESThHwhNfI-D1xwQ&oe=6AA7102E,https://www.facebook.com/ads/library/?id=1768056967527458,صابونة لبان الدكر كريم,2026-09-09T09:57:37+00:00
1538518001389419,BH,Glowin,2026-08-04,35,0,35,أخيرًا توفر ثنائي الفانيلا والتفتيح من Medicube ✨ فوائد مزيل العرق: 🌟 تفتيح المنطقة: يفتت التصبغات ويفتح لون الإبط بفضل حمض الكوجيك. 🌟 حماية من العرق: يمنع الريحة المزعجة ويعطيج انتعاش يدوم طول اليوم. 🌟 ترطيب ونعومة: يحتوي على الهيالورونيك أسيد عشان يمنع الجفاف والتهيج. 🌟 ريحة تجنن: ريحته فانيلا لطيفة وة نظافة! سعر مزيل العرق ٩،٩٠٠ مع الضريبة سعر رش الشعر و الجسم ١١ دينار مع الضريبة متوفرين الحين بالفرع وأونلاين!,https://glowinbh.com/collections/new-arrivals-%D9%88%D8%B5%D9%84-%D8%AD%D8%AF%D9%8A%D8%AB%D8%A7%D9%8B-1,https://video.forn3-6.fna.fbcdn.net/o1/v/t2/f2/m367/AQOO17Os27QOK1c4Rv2MYOzqmqjjTEl526VcpAWjennxTlNLpiuqXQvSDV9pE6OiVL3Ra1LFGb0e7htY8yOk-4qGKMnMiqBF_HISohpf5Q.mp4?_nc_cat=106&_nc_oc=AdrLnsbHjQXG3m7B6J-2EUS_BxCIJX4jxeziGoxCbchyZatQl5LjM8gbbNcSOzSSBog&_nc_sid=ef5aa3&_nc_ht=video.forn3-6.fna.fbcdn.net&_nc_ohc=4zl5qgExYikQ7kNvwEfeXhI&efg=eyJ2ZW5jb2RlX3RhZyI6Inhwdl9wcm9ncmVzc2l2ZS5WSV9VU0VDQVNFX1BST0RVQ1RfVFlQRS4uQzMuNzIwLnByb2dyZXNzaXZlX2gyNjQtYmFzaWMtZ2VuMl83MjBwIiwieHB2X2Fzc2V0X2lkIjo5Mzk5Nzg4NTU3ODk0MzQsImFzc2V0X2FnZV9kYXlzIjozNSwidmlfdXNlY2FzZV9pZCI6MTIzNzQsImR1cmF0aW9uX3MiOjMsInVybGdlbl9zb3VyY2UiOiJ3d3cifQ%3D%3D&ccb=17-1&_nc_gid=Rnv1zzkw8m6G3ju1PBIFVA&_nc_ss=7a289&_nc_map=urlgen_bucketless&_nc_zt=28&oh=00_AQKO612FAUqNsPtWu-sWVvxAEWjjQSsglLmQsiANGa1XGg&oe=6AA6E970,https://www.facebook.com/ads/library/?id=1538518001389419,لوشن يحتوي على حمض الهيالورونيك,2026-09-09T06:31:51+00:00
28073519458938398,KW,Plorjoflitra Plurdfluspliltshu,2026-08-06,34,0,34,في مواقع البناء الصعبة، تحتاج إلى معدات متينة！ جهازنا مصمم بمعايير صناعية عالية، مقاوم للغبار والرطوبة والصدمات. يعمل بثبات طوال اليوم دون عطلات، ويقلل من تكاليف الصيانة بشكل كبير. | جهاز تحكم صناعي متين مقاوم للعوامل الجوية، لآلات البناء والمناجم. | لا مزيد من الأخطاء التشغيلية في موقع العمل！ جهاز التحكم عن بعد الخاص بنا يتميز باستجابة سريعة وإشارة مستقرة في جميع الظروف الجوية. يتناسب مع الرافعات، حفارات التربة، ومعدات التعدين، ويضمن #تحكم_آمن #معدات_ثقيلة #مواقع_البناء #حفارات #رافعاتسلامة العمال واستمرارية العمل دون توقف.,https://api.whatsapp.com/send,https://video.forn3-2.fna.fbcdn.net/o1/v/t2/f2/m366/AQNC9_Uz3wWWKz0e64SfWBGtSNUi248GPiSZMDKjXY1SNluVd_tooM6BOSgUspVKYr-JGrE966gkk60pDGI97MR0Quvwvc4JNn3kQMD-1lSk3g.mp4?_nc_cat=104&_nc_oc=Adoq4BNY6os7B5AmMsM18CV8saxIKVPLKtoBFmXkvQTIQsyBwAfNEWMjuudXmgAOB-8&_nc_sid=b66105&_nc_ht=video.forn3-2.fna.fbcdn.net&_nc_ohc=s0WD7yM8dZcQ7kNvwFXVlDB&efg=eyJ2ZW5jb2RlX3RhZyI6Inhwdl9wcm9ncmVzc2l2ZS5WSV9VU0VDQVNFX1BST0RVQ1RfVFlQRS4uQzMuNzIwLmRhc2hfaDI2NC1iYXNpYy1nZW4yXzcyMHAiLCJ4cHZfYXNzZXRfaWQiOjEwMDYxMDAwMDIyMzUyMzIsImFzc2V0X2FnZV9kYXlzIjo0MCwidmlfdXNlY2FzZV9pZCI6MTA3OTksImR1cmF0aW9uX3MiOjE0LCJ1cmxnZW5fc291cmNlIjoid3d3In0%3D&ccb=17-1&vs=95a9e46d621ef544&_nc_vs=HBksFQIYRWZiX2VwaGVtZXJhbC80MTQ0RkQ3MzVFNDU5RkZGQzJFNDUzNjk5Njg2MjRCRV9tdF8xX3ZpZGVvX2Rhc2hpbml0Lm1wNBUAAsgBEgAVAhhAZmJfcGVybWFuZW50LzUxNEE0MTA4ODVFQ0ZCQjdCQkZGN0IyMEQyQTBFRDhDX2F1ZGlvX2Rhc2hpbml0Lm1wNBUCAsgBEgAoABgAGwKIB3VzZV9vaWwBMRJwcm9ncmVzc2l2ZV9yZWNpcGUBMRUAACbAje-T3cLJAxUCKAJDMywXQCwzMzMzMzMYGWRhc2hfaDI2NC1iYXNpYy1nZW4yXzcyMHARAHUAZd6oAQA&_nc_gid=qKwEYoWEH9ntVJ3wHjsdJQ&_nc_ss=7b289&_nc_map=urlgen_bucketless&_nc_zt=28&oh=00_AQLIWUXS1sVp5W8Q96vHrSqb9HBxXla4vxn2rIoKZioW0g&oe=6AA70AA4,https://www.facebook.com/ads/library/?id=28073519458938398,جهاز تحكم,2026-09-09T11:07:13+00:00
1522836255722495,OM,Kapy.OM,2026-08-06,34,0,34,لأن شعرك يستحق عناية خاصة ✨ مصففات الشعر من بلو وان تمنحك أداءً مميزًا وجودة عالية بسعر رائع 💙 نتائج ممتازة، استخدام سهل، وخيارات متعددة تناسب كل احتياجاتك كل ما تحتاجينه لإطلالة شعر مرتبة وجميلة في جهاز واحد 🤍 اختاري بلو وان وانتي واثقة اليوم 😉💁🏻‍♀️ https://kapy.om/categories/1332811/%D8%A8%D9%84%D9%88-%D9%88%D9%86,https://kapy.om/categories/1332811/%D8%A8%D9%84%D9%88-%D9%88%D9%86,https://video.forn3-6.fna.fbcdn.net/o1/v/t2/f2/m366/AQNHFw-Mbcs7B4-dCwNtmk52r_Y6dxgq_d7E5WDnC2_wXYjhbcRAM8Z4CZHDaE6P9dB8B4C9o7NIL-IINMCLA85Oe810zD-21dRso5bV2f-oBA.mp4?_nc_cat=100&_nc_oc=AdoOuyPsaM96fLv7rYAbbJ6xD2WP_fw3Rrd6FxbjX7k8UVa13bLdViZpeI_E_fZpvgI&_nc_sid=b66105&_nc_ht=video.forn3-6.fna.fbcdn.net&_nc_ohc=wLFCvmv5PXIQ7kNvwEkgwL_&efg=eyJ2ZW5jb2RlX3RhZyI6Inhwdl9wcm9ncmVzc2l2ZS5WSV9VU0VDQVNFX1BST0RVQ1RfVFlQRS4uQzMuNzIwLmRhc2hfaDI2NC1iYXNpYy1nZW4yXzcyMHAiLCJ4cHZfYXNzZXRfaWQiOjI4OTU4NzIzNTQwOTc5NTksImFzc2V0X2FnZV9kYXlzIjo4MCwidmlfdXNlY2FzZV9pZCI6MTA3OTksImR1cmF0aW9uX3MiOjI1LCJ1cmxnZW5fc291cmNlIjoid3d3In0%3D&ccb=17-1&vs=38ea7c86d259b649&_nc_vs=HBksFQIYRWZiX2VwaGVtZXJhbC85MzQ5QUE5ODFEOTJGODkzM0Q0RDJBQjUzNjdCM0JCRl9tdF8xX3ZpZGVvX2Rhc2hpbml0Lm1wNBUAAsgBEgAVAhhAZmJfcGVybWFuZW50LzQ4NENDNjI3MjE3M0Y1NEE4QTgxREZGNUE4NEU0NkFGX2F1ZGlvX2Rhc2hpbml0Lm1wNBUCAsgBEgAoABgAGwKIB3VzZV9vaWwBMRJwcm9ncmVzc2l2ZV9yZWNpcGUBMRUAACbO7Niv-vGkChUCKAJDMywXQDlmZmZmZmYYGWRhc2hfaDI2NC1iYXNpYy1nZW4yXzcyMHARAHUAZd6oAQA&_nc_gid=KFlf2BnCFari1lWhBU7pug&_nc_ss=7a289&_nc_map=urlgen_bucketless&_nc_zt=28&oh=00_AQIofa4hBBzYQgbIzwgORkNHusCPP4r4SMPeLY7w7t0QEQ&oe=6AA719EC,https://www.facebook.com/ads/library/?id=1522836255722495,أكبر جهاز,2026-09-09T11:03:13+00:00
1207719908208970,YE,Unique Store Yemen,2026-08-06,34,0,34,الكميه محدوده جدا 🔥 احدث جهاز ليزر منزلي ( الأصلي ) و بتقنية التبريد! تخلّصي من الشعر نهائيًا بدون صالونات ومع جلسات آمنة داخل بيتك! ✨ مميزات الجهاز: • 3 وظائف في جهاز واحد: إزالة الشعر + تجديد البشرة + إزالة حب الشباب •فيه مليون ومضة تكفي استخدام لسنوات طويلة جدًا (حتى 10 أشخاص بنفس الوقت !) • 9 مستويات طاقة تناسب كل المناطق الحساسة • خاصية التبريد لتقليل الألم والحمايه من الحروق أثناء الاستخدام • نتائج تبدأ خلال 7–14 يوم فقط • مؤشر ضوئي للاستخدام الصحيح وحماية أعلى • ملحقات كاملة: نظارة + شفرة + رؤوس إضافية بأحجام مختلفة 🚚 السعر فقط 44،000 ريال قديم(315 سعودي) والتوصيل مجاني خلال فتره العرضفقط+ ضمان سنة كامله ✳️ للطلب عبر الواتساب: 780319279 ⚠️ الكمية محدودة جدًا.. احجزي الآن قبل النفاد!,https://api.whatsapp.com/send,https://video.forn3-5.fna.fbcdn.net/o1/v/t2/f2/m366/AQO5VHdc8-J29CdHH1En55wSCNDtsX3wL3LrIuXqbAEijIn9fi6DHC8ISuotmkwrYnC5qZLa1LOLFHtndDG7bFPuNHXm_Otcd5dVdCNMFsZH9A.mp4?_nc_cat=104&_nc_oc=AdpvalOD5sIXSfny9uuzNcgvzwB6wuydIAM4yzUPbnLIRmoJB4dXsvQ5JxeuGxVk5OE&_nc_sid=b66105&_nc_ht=video.forn3-5.fna.fbcdn.net&_nc_ohc=ETJMfsHEkqYQ7kNvwHANlaj&efg=eyJ2ZW5jb2RlX3RhZyI6Inhwdl9wcm9ncmVzc2l2ZS5WSV9VU0VDQVNFX1BST0RVQ1RfVFlQRS4uQzMuNzIwLmRhc2hfaDI2NC1iYXNpYy1nZW4yXzcyMHAiLCJ4cHZfYXNzZXRfaWQiOjk2Njk4NzgzNjIwOTY2NSwiYXNzZXRfYWdlX2RheXMiOjkzLCJ2aV91c2VjYXNlX2lkIjoxMjM3MywiZHVyYXRpb25fcyI6NDAsInVybGdlbl9zb3VyY2UiOiJ3d3cifQ%3D%3D&ccb=17-1&vs=54a5df84b3ecc3e0&_nc_vs=HBksFQIYRWZiX2VwaGVtZXJhbC8wOTRBMjg2RkRDOTY0OEQxOUU5NkEyMEY4RUMyODg4RV9tdF8xX3ZpZGVvX2Rhc2hpbml0Lm1wNBUAAsgBEgAVAhhAZmJfcGVybWFuZW50L0E1NDBDQkE2QjU4MUZBRjAzODVGNEY3ODc0RkY4NkE2X2F1ZGlvX2Rhc2hpbml0Lm1wNBUCAsgBEgAoABgAGwKIB3VzZV9vaWwBMRJwcm9ncmVzc2l2ZV9yZWNpcGUBMRUAACaC6NXnjN63AxUCKAJDMywXQERZmZmZmZoYGWRhc2hfaDI2NC1iYXNpYy1nZW4yXzcyMHARAHUAZarBAQA&_nc_gid=arF1JJ9oYrL65gA7H74bEA&_nc_ss=7a289&_nc_map=urlgen_bucketless&_nc_zt=28&oh=00_AQKYVJ3h4o_214S2Nj5lIrkdQSGvFsk6-1YZ2j9NNqWBhg&oe=6AA71938,https://www.facebook.com/ads/library/?id=1207719908208970,جهاز ازالة,2026-09-09T10:32:22+00:00
1590387396144452,YE,Unique Store Yemen,2026-08-06,34,0,34,الكميه محدوده جدا 🔥 احدث جهاز ليزر منزلي ( الأصلي ) و بتقنية التبريد! تخلّصي من الشعر نهائيًا بدون صالونات ومع جلسات آمنة داخل بيتك! ✨ مميزات الجهاز: • 3 وظائف في جهاز واحد: إزالة الشعر + تجديد البشرة + إزالة حب الشباب •فيه مليون ومضة تكفي استخدام لسنوات طويلة جدًا (حتى 10 أشخاص بنفس الوقت !) • 9 مستويات طاقة تناسب كل المناطق الحساسة • خاصية التبريد لتقليل الألم والحمايه من الحروق أثناء الاستخدام • نتائج تبدأ خلال 7–14 يوم فقط • مؤشر ضوئي للاستخدام الصحيح وحماية أعلى • ملحقات كاملة: نظارة + شفرة + رؤوس إضافية بأحجام مختلفة 🚚 السعر فقط 44،000 ريال قديم(315 سعودي) والتوصيل مجاني خلال فتره العرض فقط+ ضمان سنة كامله ✳️ للطلب عبر الواتساب: 780319279 ⚠️ الكمية محدودة جدًا.. احجزي الآن قبل النفاد!,https://api.whatsapp.com/send,https://video.forn3-1.fna.fbcdn.net/o1/v/t2/f2/m367/AQO94HuDOVwjx0CECamVv20qyxFBpuEHlgKcf3Oi2_PNoozXy-qzhsMc7eZsdTRlOhIf13JZ5BQrgmKpBaAtuAhs8KtnXyHJyl_WdsnKUw.mp4?_nc_cat=100&_nc_oc=AdqWLpsWxiKAAFZsFnV7yIy7lUfgKhl17ly_zXAGikTPt9hRR_n93cn26_RqaV1l__g&_nc_sid=ef5aa3&_nc_ht=video.forn3-1.fna.fbcdn.net&_nc_ohc=N-MIssGk3LYQ7kNvwHag9wi&efg=eyJ2ZW5jb2RlX3RhZyI6Inhwdl9wcm9ncmVzc2l2ZS5WSV9VU0VDQVNFX1BST0RVQ1RfVFlQRS4uQzMuNzIwLnByb2dyZXNzaXZlX2gyNjQtYmFzaWMtZ2VuMl83MjBwIiwieHB2X2Fzc2V0X2lkIjoxNTMyMjA2MzA0NjA3MzEyLCJhc3NldF9hZ2VfZGF5cyI6MzQsInZpX3VzZWNhc2VfaWQiOjEyMzc0LCJkdXJhdGlvbl9zIjo0MCwidXJsZ2VuX3NvdXJjZSI6Ind3dyJ9&ccb=17-1&_nc_gid=mL_M3JngpOvYz6jUYixckA&_nc_ss=7a289&_nc_map=urlgen_bucketless&_nc_zt=28&oh=00_AQIeDFwzGStahcFhVc26o8rihvecFBRl8XGEx6oEdvf0YA&oe=6AA70752,https://www.facebook.com/ads/library/?id=1590387396144452,جهاز ازالة,2026-09-09T10:32:22+00:00
1336457275323195,EG,مركز دكتور محمد يوسف - لجراحة العيون و الليزر,2026-08-06,34,0,34,يا ترى إيه أسباب الانتفاخات تحت العين🤔 هل هي مجرد إرهاق... ولا ممكن يكون وراها أسباب تانية ⁉️ في الفيديو، د. محمد يوسف يوضح أشهر أسباب انتفاخات أسفل العين 👇 ------------------------------ 🌟 د/محمد يوسف 🔝 إستشاري جراحات تصحيح الأبصار بالليزر والمياه البيضاء وتجميل الجفون . عضو كلية الجراحين الملكية بأدنبره بانجلترا زميل المجلس العالمي لطب وجراحة العيون ICO عضو الجمعيه الاوروبيه لتصحيح الابصار بالليزر وزرع العدسات عضو الجمعية المصرية لتجميل الجفون و الجهاز الدمعي. . ⚠️ متوفر خدمة التقسيط عبر استخدام فيزا مشتريات لجميع البنوك و نوفر خدمات valU للتقسيط . . تابعونا علي الانستجرام 👇 instagram.com/dr.mohamed.youssef.ghareeb/ . تابعونا علي سناب شات 👇 https://www.snapchat.com/@dr.mhmdyoussef . تابعونا علي تيك توك 👇 tiktok.com/@dr.mohamed_youssef . للتواصل معنا من داخل وخارج مصر 📞 +201023330221 . 📞 +201022093330 ‏ ‏للتواصل المباشر مع الفريق الطبي عبر الواتساب يرجى الضغط على هذا الرابط 👇🏻 . https://wa.me/201023330221?text= 📍فروعنا داخل مصر : ✨ الإسكندرية : الإبراهيمية,https://api.whatsapp.com/send,https://video.forn3-6.fna.fbcdn.net/o1/v/t2/f2/m366/AQOl9c-yMatyhCQQdOvZIWeksAvWINDbmKUS67nTApqAFZwKAlhbALYmjb_diDCwtbVlriGqK0DDgDK7b9U3WH3bvn8J-YXSxVbdk0vB86pGIw.mp4?_nc_cat=110&_nc_oc=AdoEtXS6Ta3KK33rPC4LhVivb2nm9p3J-A537aBMnxF1G_EwV29k5kPi14KhX_8CXHk&_nc_sid=b66105&_nc_ht=video.forn3-6.fna.fbcdn.net&_nc_ohc=sMhH7UQNlJ4Q7kNvwHf_xat&efg=eyJ2ZW5jb2RlX3RhZyI6Inhwdl9wcm9ncmVzc2l2ZS5WSV9VU0VDQVNFX1BST0RVQ1RfVFlQRS4uQzMuNzIwLmRhc2hfaDI2NC1iYXNpYy1nZW4yXzcyMHAiLCJ4cHZfYXNzZXRfaWQiOjE2OTIzMDA0NzUzODI2NDYsImFzc2V0X2FnZV9kYXlzIjo0NSwidmlfdXNlY2FzZV9pZCI6MTIzNzMsImR1cmF0aW9uX3MiOjM1LCJ1cmxnZW5fc291cmNlIjoid3d3In0%3D&ccb=17-1&vs=14b1407f6ab6fc3d&_nc_vs=HBksFQIYRWZiX2VwaGVtZXJhbC83NDRBRTU4NjIyREFGQzQwNDNCMzZCQzA1QTE5OUE4M19tdF8xX3ZpZGVvX2Rhc2hpbml0Lm1wNBUAAsgBEgAVAhhAZmJfcGVybWFuZW50L0YzNDU5RURCOTc1RkFGQzRBMUU0RTA5RDU0QUYxOEFCX2F1ZGlvX2Rhc2hpbml0Lm1wNBUCAsgBEgAoABgAGwKIB3VzZV9vaWwBMRJwcm9ncmVzc2l2ZV9yZWNpcGUBMRUAACbs7YGL7ciBBhUCKAJDMywXQEHEOVgQYk4YGWRhc2hfaDI2NC1iYXNpYy1nZW4yXzcyMHARAHUAZarBAQA&_nc_gid=x-tRjuzGak0UokqiwhlbUw&_nc_ss=7a289&_nc_map=urlgen_bucketless&_nc_zt=28&oh=00_AQItPZ5Dn4qNKw7Na8BQvWzZGNMul0jtZovz2B3NQnr82g&oe=6AA70312,https://www.facebook.com/ads/library/?id=1336457275323195,الجهاز الدمعي متوفر,2026-09-09T10:18:36+00:00
1749037369455190,LY,المعتمد للتجارة والتسويق الالكتروني,2026-08-05,34,0,34,✨ استعيدي نضارة بشرتك مع كريم A313 الفرنسي الأصلي. يحتوي على الريتينيل بالميتات (Retinyl Palmitate) الذي يساعد على تحسين مظهر التجاعيد والخطوط الدقيقة، توحيد لون البشرة، وتقليل آثار الحبوب مع الاستخدام المنتظم. اجعلي بشرتك أكثر إشراقًا ونعومة كل يوم. | توصيل مجاني | كريم A313 الفرنسي بالريتينول - Pharma Développement 🌟✨ سر الشباب الفرنسي في أنبوب واحد! بشرة مشرقة وشابة من الاستخدام الأول 💙 هل تبحثين عن كريم فعّال حقاً يحارب علامات الشيخوخة ويجدد بشرتك؟ كريم A313 الفرنسي الأصلي بتركيبة الريتينيل بالميتات المتطورة هو الحل الذي تبحثين عنه، منتج فرنسي احترافي من Pharma Développement يحول بشرتك تماماً. ✨ المميزات الرئيسية: 💙 تركيبة الريتينيل بالميتات الفرنسية (Retinyl Palmitate) شكل متطور من فيتامين A يتغلغل في طبقات الجلد العميقة لتحفيز تجديد الخلايا وإنتاج الكولاجين الطبيعي، مما يمنح بشرتك مرونة وشباباً ملحوظاً. 🌟 محاربة التجاعد والخطوط الدقيقة يعمل الكريم على تقليل عمق التجاعد والخطوط الدقيقة بشكل ملحوظ، ويمنع ظهور علامات الشيخوخة المبكرة مع الاستخدام المنتظم. ☀️ علاج أضرار الشمس والبقع الداكنة يساعد على تفتيح البقع الناتجة عن التعرض للشمس وتوحيد لون البشرة، ليمنحك مظهراً أكثر إشراقاً وتوازناً. 🔵 علاج ندوب حب الشباب تركيبة الريتينول تعمل على تجديد الخلايا وتقليل ظهور ندوب حب الشباب تدريجياً، لبشرة أكثر نعومة وتناسقاً. 💧 ترطيب عميق ونضارة مستدامة يمنح البشرة ترطيباً عميقاً يدوم طوال اليوم، ويجعلها تبدو ممتلئة وحيوية ومشرقة بشكل طبيعي. 🧴 قوام ناعم سريع الامتصاص تركيبة خفيفة ومتوازنة تُمتص بسرعة دون دهون أو ثقل، مناسبة للاستخدام الليلي والنهاري. 📊 قبل وبعد الاستخدام: المشكلةالنتيجةتجاعد وخطوط دقيقةبشرة ممتلئة ومشدودةأضرار الشمسبشرة مشرقة ومتوهجةندوب حب الشباببشرة ناعمة ومتساويةجفاف وترهلترطيب عميق ونضارةلون غير موحدتوحيد وإشراق اللون 💡 طريقة الاستخدام: للمبتدئين: ابدئي بالاستخدام مرة واحدة كل يومين ليلاً حتى تتكيف البشرة مع الريتينول، ثم زيدي التكرار تدريجياً. للاستخدام المنتظم: ضعي كمية صغيرة على البشرة النظيفة والجافة ليلاً، مع استخدام واقي الشمس نهاراً لأن الريتينول يجعل البشرة أكثر حساسية للشمس. ⚠️ نصائح مهمة: استخدمي واقي الشمس يومياً أثناء فترة الاستخدام ابدئي بكميات صغيرة وزيديها تدريجياً تجنبي منطقة العيون الحساسة مناسب لجميع أنواع البشرة 🎯 مناسب لـ: البشرة التي تعاني من التجاعد 👵 البشرة المتضررة من الشمس ☀️ ندوب حب الشباب والبقع الداكنة 🔵 البشرة الجافة وغير المتساوية 🌿 جميع أنواع البشرة من سن 25 فأكثر,https://www.almotamad.ly/products/PharmaDveloppeme,https://video.forn3-5.fna.fbcdn.net/o1/v/t2/f2/m366/AQMDLWlqXQ4VBVCzoD39jGySE7Y5Pm4O6PlppcLt9yfXAxngR3VGtu3rXRBqSQJYeg7i9mnjM3lgmQiaK-Xi88vHkf4DnpESLGkxZtv0ZxpeSQ.mp4?_nc_cat=103&_nc_oc=AdpOrV_0ApTZkgbXfinJanrMLCBYltCxivvMJYAGUmRyWjsbaOtCjKuGttA9grzleDE&_nc_sid=b66105&_nc_ht=video.forn3-5.fna.fbcdn.net&_nc_ohc=z6Nz6_FcEtcQ7kNvwEOvF-p&efg=eyJ2ZW5jb2RlX3RhZyI6Inhwdl9wcm9ncmVzc2l2ZS5WSV9VU0VDQVNFX1BST0RVQ1RfVFlQRS4uQzIuNTc2LmRhc2hfaDI2NC1iYXNpYy1nZW4yXzcyMHAiLCJ4cHZfYXNzZXRfaWQiOjQ0MzYzNzM2NTMzMDQwMTEsImFzc2V0X2FnZV9kYXlzIjozNCwidmlfdXNlY2FzZV9pZCI6MTA3OTksImR1cmF0aW9uX3MiOjE0LCJ1cmxnZW5fc291cmNlIjoid3d3In0%3D&ccb=17-1&vs=e697f165b0874d83&_nc_vs=HBksFQIYRWZiX2VwaGVtZXJhbC8yMzQ0MTQ1OTZCQTNFRTA5OURDQzc2QkE2RDYwMUI4Ql9tdF8xX3ZpZGVvX2Rhc2hpbml0Lm1wNBUAAsgBEgAVAhhAZmJfcGVybWFuZW50LzYyNEI4ODg5N0MxMjBCOTYwNTBGMkVFMEM1MkM0NjkwX2F1ZGlvX2Rhc2hpbml0Lm1wNBUCAsgBEgAoABgAGwKIB3VzZV9vaWwBMRJwcm9ncmVzc2l2ZV9yZWNpcGUBMRUAACaWy5G797bhDxUCKAJDMiwXQC0Q5WBBiTcYGWRhc2hfaDI2NC1iYXNpYy1nZW4yXzcyMHARAHUAZd6oAQA&_nc_gid=mH07kQyRu1kbyS5YOmpnJw&_nc_ss=7a289&_nc_map=urlgen_bucketless&_nc_zt=28&oh=00_AQL2Q7QFWjTw2ihyjrXIlXMALy3qocj0ap7QD4RBFfNhiA&oe=6AA70195,https://www.facebook.com/ads/library/?id=1749037369455190,البقع الصفراء على الجلد,2026-09-09T08:38:49+00:00
1711760890113640,EG,دنيا حامد - Donia Hamed,2026-08-05,34,0,34,لسه بتستخدمي كذا منتج… ولسه مش شايفة الفرق؟ 🤔 المشكلة مش في عدد المنتجات… المشكلة إن بشرتك محتاجة روتين متكامل يشتغل بتناغم في كل خطوة. ✨ 🌿 مجموعة العرقسوس للبشرة من ديفوريا صُممت لتمنحك روتينًا يوميًا متكاملًا في 3 خطوات: 🧼 صابونة العرقسوس: لتنظيف البشرة بلطف وإزالة الشوائب وتهيئة البشرة للعناية. 💧 سيروم العرقسوس: بتركيبة غنية تساعد على دعم إشراقة البشرة وترطيبها. 🧴 كريم العرقسوس 3×1: يمنح البشرة ترطيبًا يوميًا ويساعد على تحسين مظهر توحيد اللون. ✨ مع الاستخدام المنتظم: ✔ بشرة أكثر نعومة وترطيبًا. ✔ إشراقة طبيعية ومظهر أكثر حيوية. ✔ تحسن تدريجي في مظهر البقع وآثار الحبوب. ☀️ ولأفضل النتائج، احرصي على الاستمرار في الروتين واستخدام واقٍ من الشمس خلال النهار. 🔥 اطلبي مجموعتك الآن، وابدئي أول خطوة نحو بشرة أكثر إشراقًا وثقة. https://devoria-cosmetics.myeasyorders.com/products/licorice-bunndle | 🔥 وفري 250 جنيه واحصلي على روتين متكامل لبشرة أكثر نضارة.,https://devoria-cosmetics.myeasyorders.com/products/licorice-bunndle,https://video.forn3-1.fna.fbcdn.net/o1/v/t2/f2/m366/AQNYeJvOlD4rrFh7sVtwWtr7-dS5PLTcjKAD236cS18sbFZdkuO7_IzVD58e397n-ljfB1IbSBYU4IXCCsHfz40w5sH1G_r7Y14p3dv1p0udGA.mp4?_nc_cat=108&_nc_oc=AdplS8Cure0oI8qwqCShDF-HMKdUmIVkx_09WK4AgP4UJ574Q3OHHkPj-OTJDIRm5A0&_nc_sid=b66105&_nc_ht=video.forn3-1.fna.fbcdn.net&_nc_ohc=oqAjgPk5djAQ7kNvwGxlHXp&efg=eyJ2ZW5jb2RlX3RhZyI6Inhwdl9wcm9ncmVzc2l2ZS5WSV9VU0VDQVNFX1BST0RVQ1RfVFlQRS4uQzMuNzIwLmRhc2hfaDI2NC1iYXNpYy1nZW4yXzcyMHAiLCJ4cHZfYXNzZXRfaWQiOjE2OTk5NTk3NjEyMzUwNTYsImFzc2V0X2FnZV9kYXlzIjozNCwidmlfdXNlY2FzZV9pZCI6MTA3OTksImR1cmF0aW9uX3MiOjkwLCJ1cmxnZW5fc291cmNlIjoid3d3In0%3D&ccb=17-1&vs=b5fa0eac34424fa7&_nc_vs=HBksFQIYRWZiX2VwaGVtZXJhbC81OTQ0QTBFQ0JGRTg5M0EwNDhEMDQ5Njk5QTIyRkVBQV9tdF8xX3ZpZGVvX2Rhc2hpbml0Lm1wNBUAAsgBEgAVAhhAZmJfcGVybWFuZW50L0E1NEE0NThEMTk1MTY5NjQyMUQxQTQxMjU0QjFGOEE0X2F1ZGlvX2Rhc2hpbml0Lm1wNBUCAsgBEgAoABgAGwKIB3VzZV9vaWwBMRJwcm9ncmVzc2l2ZV9yZWNpcGUBMRUAACbgsZub14aFBhUCKAJDMywXQFaVT987ZFoYGWRhc2hfaDI2NC1iYXNpYy1nZW4yXzcyMHARAHUAZd6oAQA&_nc_gid=tQduCzYr8t7gJRVYeOHhGA&_nc_ss=7b289&_nc_map=urlgen_bucketless&_nc_zt=28&oh=00_AQL8gsQzTciPkpRvhIdbuMMFsN9lXqXP38LICMtAMjsaoA&oe=6AA6B71C,https://www.facebook.com/ads/library/?id=1711760890113640,الحبوب الناتجة عن العرق,2026-09-09T04:21:42+00:00
27798872306418385,EG,دنيا حامد - Donia Hamed,2026-08-05,34,0,34,كل ما تبصي في المراية… بتحسي إن بشرتك فقدت إشراقتها؟ 😔 آثار الحبوب، البقع الداكنة، وعدم توحّد اللون من أكثر المشاكل اللي بتخلي البشرة تبدو أقل نضارة. 💚 عشان كده، مجموعة العرقسوس من ديفوريا بتقدملك روتينًا متكاملًا للعناية اليومية في 3 خطوات بسيطة: 🧼 تنظيف لطيف يهيئ البشرة. 💧 سيروم غني بخلاصة العرقسوس يدعم الترطيب والإشراقة. 🧴 كريم 3×1 للعناية اليومية يساعد على تحسين مظهر البشرة ومنحها ملمسًا أكثر نعومة. ✨ لماذا تختارين المجموعة؟ ✔ تساعد على تقليل مظهر التصبغات وآثار الحبوب. ✔ تدعم توحيد لون البشرة تدريجيًا. ✔ تمنح ترطيبًا يدوم دون إحساس دهني. ✔ مناسبة للاستخدام اليومي ضمن روتين العناية بالبشرة. 📌 النتائج تختلف من شخص لآخر، لكن الانتظام على الروتين هو سر الحصول على أفضل نتيجة. 📩 اطلبيها الآن وابدئي روتينك اليومي مع ديفوريا. https://devoria-cosmetics.myeasyorders.com/products/licorice-bunndle | 🔥 وفري 250 جنيه واحصلي على روتين متكامل لبشرة أكثر نضارة.,https://devoria-cosmetics.myeasyorders.com/products/licorice-bunndle,https://video.forn3-2.fna.fbcdn.net/o1/v/t2/f2/m366/AQMx3ggxdN-tIGrvznoU4LPfTHja1I-L8eC_vRPWq6p8nvr9jPckmrPeEHG-hFQB6Cn1quIfrfm6nqqfgKGKaFDGF03S96YUxlQ77pvvjTvvKA.mp4?_nc_cat=108&_nc_oc=AdpJD6_lZDyPc6kiHQwKtmcJS4gYJb48axAXBqtp4LbMe3Q0_60JGs0OVLtgZMd72QA&_nc_sid=b66105&_nc_ht=video.forn3-2.fna.fbcdn.net&_nc_ohc=hrQ9hqUAy_AQ7kNvwFQK_Hx&efg=eyJ2ZW5jb2RlX3RhZyI6Inhwdl9wcm9ncmVzc2l2ZS5WSV9VU0VDQVNFX1BST0RVQ1RfVFlQRS4uQzMuNzIwLmRhc2hfaDI2NC1iYXNpYy1nZW4yXzcyMHAiLCJ4cHZfYXNzZXRfaWQiOjI1NjE5ODY1NzA4ODE0MTUsImFzc2V0X2FnZV9kYXlzIjozNCwidmlfdXNlY2FzZV9pZCI6MTA3OTksImR1cmF0aW9uX3MiOjExNywidXJsZ2VuX3NvdXJjZSI6Ind3dyJ9&ccb=17-1&vs=4d5015d1a392f50d&_nc_vs=HBksFQIYRWZiX2VwaGVtZXJhbC85MzQ3MDNBQzkwN0RGOEJBRkNEQzRBQjU5OTdCM0NCNV9tdF8xX3ZpZGVvX2Rhc2hpbml0Lm1wNBUAAsgBEgAVAhhAZmJfcGVybWFuZW50L0JCNDU2MUJFRjI1MzMwOEIwQTM1NzA0NURBQkM0NUFGX2F1ZGlvX2Rhc2hpbml0Lm1wNBUCAsgBEgAoABgAGwKIB3VzZV9vaWwBMRJwcm9ncmVzc2l2ZV9yZWNpcGUBMRUAACaOptC3n4eNCRUCKAJDMywXQF1CHKwIMScYGWRhc2hfaDI2NC1iYXNpYy1nZW4yXzcyMHARAHUAZd6oAQA&_nc_gid=4NFwGkU36bDKwNb1MxvFuQ&_nc_ss=7b289&_nc_map=urlgen_bucketless&_nc_zt=28&oh=00_AQJ2lTzVBhjEaxd42kELpbPLlVx5EC33Wot3ZPykcu1OOQ&oe=6AA696EC,https://www.facebook.com/ads/library/?id=27798872306418385,الحبوب الناتجة عن العرق,2026-09-09T04:21:42+00:00
1577391307131965,EG,دنيا حامد - Donia Hamed,2026-08-05,34,0,34,لسه بتستخدمي كذا منتج… ولسه مش شايفة الفرق؟ 🤔 المشكلة مش في عدد المنتجات… المشكلة إن بشرتك محتاجة روتين متكامل يشتغل بتناغم في كل خطوة. ✨ 🌿 مجموعة العرقسوس للبشرة من ديفوريا صُممت لتمنحك روتينًا يوميًا متكاملًا في 3 خطوات: 🧼 صابونة العرقسوس: لتنظيف البشرة بلطف وإزالة الشوائب وتهيئة البشرة للعناية. 💧 سيروم العرقسوس: بتركيبة غنية تساعد على دعم إشراقة البشرة وترطيبها. 🧴 كريم العرقسوس 3×1: يمنح البشرة ترطيبًا يوميًا ويساعد على تحسين مظهر توحيد اللون. ✨ مع الاستخدام المنتظم: ✔ بشرة أكثر نعومة وترطيبًا. ✔ إشراقة طبيعية ومظهر أكثر حيوية. ✔ تحسن تدريجي في مظهر البقع وآثار الحبوب. ☀️ ولأفضل النتائج، احرصي على الاستمرار في الروتين واستخدام واقٍ من الشمس خلال النهار. 🔥 اطلبي مجموعتك الآن، وابدئي أول خطوة نحو بشرة أكثر إشراقًا وثقة. https://devoria-cosmetics.myeasyorders.com/products/licorice-bunndle | 🔥 وفري 250 جنيه واحصلي على روتين متكامل لبشرة أكثر نضارة.,https://devoria-cosmetics.myeasyorders.com/products/licorice-bunndle,https://video.forn3-2.fna.fbcdn.net/o1/v/t2/f2/m366/AQMx3ggxdN-tIGrvznoU4LPfTHja1I-L8eC_vRPWq6p8nvr9jPckmrPeEHG-hFQB6Cn1quIfrfm6nqqfgKGKaFDGF03S96YUxlQ77pvvjTvvKA.mp4?_nc_cat=108&_nc_oc=AdpJD6_lZDyPc6kiHQwKtmcJS4gYJb48axAXBqtp4LbMe3Q0_60JGs0OVLtgZMd72QA&_nc_sid=b66105&_nc_ht=video.forn3-2.fna.fbcdn.net&_nc_ohc=hrQ9hqUAy_AQ7kNvwFQK_Hx&efg=eyJ2ZW5jb2RlX3RhZyI6Inhwdl9wcm9ncmVzc2l2ZS5WSV9VU0VDQVNFX1BST0RVQ1RfVFlQRS4uQzMuNzIwLmRhc2hfaDI2NC1iYXNpYy1nZW4yXzcyMHAiLCJ4cHZfYXNzZXRfaWQiOjI1NjE5ODY1NzA4ODE0MTUsImFzc2V0X2FnZV9kYXlzIjozNCwidmlfdXNlY2FzZV9pZCI6MTA3OTksImR1cmF0aW9uX3MiOjExNywidXJsZ2VuX3NvdXJjZSI6Ind3dyJ9&ccb=17-1&vs=4d5015d1a392f50d&_nc_vs=HBksFQIYRWZiX2VwaGVtZXJhbC85MzQ3MDNBQzkwN0RGOEJBRkNEQzRBQjU5OTdCM0NCNV9tdF8xX3ZpZGVvX2Rhc2hpbml0Lm1wNBUAAsgBEgAVAhhAZmJfcGVybWFuZW50L0JCNDU2MUJFRjI1MzMwOEIwQTM1NzA0NURBQkM0NUFGX2F1ZGlvX2Rhc2hpbml0Lm1wNBUCAsgBEgAoABgAGwKIB3VzZV9vaWwBMRJwcm9ncmVzc2l2ZV9yZWNpcGUBMRUAACaOptC3n4eNCRUCKAJDMywXQF1CHKwIMScYGWRhc2hfaDI2NC1iYXNpYy1nZW4yXzcyMHARAHUAZd6oAQA&_nc_gid=4NFwGkU36bDKwNb1MxvFuQ&_nc_ss=7b289&_nc_map=urlgen_bucketless&_nc_zt=28&oh=00_AQJ2lTzVBhjEaxd42kELpbPLlVx5EC33Wot3ZPykcu1OOQ&oe=6AA696EC,https://www.facebook.com/ads/library/?id=1577391307131965,الحبوب الناتجة عن العرق,2026-09-09T04:21:42+00:00
1756060922247521,EG,Natural Pyramids Pharma,2026-08-06,33,0,33,بتعاني من حبوب على بشرتك واثارها المزعجة تعالي معايا وانا اقولك على طريقة للتخلص منها في خطوتين بس #غسول #حبوب_البشرة #كريم_تفتيح #united_pyramids_pharma | حل لكل مشاكلك في المجموعة دي,https://naturalpyramidspharma.com/product/skin-care-bundle-new-offer/,https://video.forn3-1.fna.fbcdn.net/o1/v/t2/f2/m366/AQOygyINBhZZRYExImTY8WmlWT1ZluhprUrXfzrOh00Zjh1pIKIkGCxxOXn-BI404n6LITdkd4tgjLMN-qUySg6wdZBkIaPCqlhQJ_5dcKPakw.mp4?_nc_cat=109&_nc_oc=Adp2OvxraYrSaq1BrB_e-4YyC5JxKI4HIXRlmhUDV5cG4gSdaNavgRMuj39LUBbO7sE&_nc_sid=b66105&_nc_ht=video.forn3-1.fna.fbcdn.net&_nc_ohc=Uk7fuYAQCiwQ7kNvwHX6FOV&efg=eyJ2ZW5jb2RlX3RhZyI6Inhwdl9wcm9ncmVzc2l2ZS5WSV9VU0VDQVNFX1BST0RVQ1RfVFlQRS4uQzMuNzIwLmRhc2hfaDI2NC1iYXNpYy1nZW4yXzcyMHAiLCJ4cHZfYXNzZXRfaWQiOjg3MjE4MTk2MjE4NjM1MSwiYXNzZXRfYWdlX2RheXMiOjIyNiwidmlfdXNlY2FzZV9pZCI6MTIzNzMsImR1cmF0aW9uX3MiOjc5LCJ1cmxnZW5fc291cmNlIjoid3d3In0%3D&ccb=17-1&vs=c59647301e20684&_nc_vs=HBksFQIYRWZiX2VwaGVtZXJhbC9EOTQ0NzI4NUY5NEE1RUY4RkMwQjVDOTY4NjY1NEZBN19tdF8xX3ZpZGVvX2Rhc2hpbml0Lm1wNBUAAsgBEgAVAhhAZmJfcGVybWFuZW50LzgxNDQ4M0Q4RkFBNEVFNjgxQkQxMTZCQjExRUFGOEFBX2F1ZGlvX2Rhc2hpbml0Lm1wNBUCAsgBEgAoABgAGwKIB3VzZV9vaWwBMRJwcm9ncmVzc2l2ZV9yZWNpcGUBMRUAACbe-ciA1s-MAxUCKAJDMywXQFPKPXCj1woYGWRhc2hfaDI2NC1iYXNpYy1nZW4yXzcyMHARAHUAZarBAQA&_nc_gid=tQduCzYr8t7gJRVYeOHhGA&_nc_ss=7b289&_nc_map=urlgen_bucketless&_nc_zt=28&oh=00_AQItk-17A2iSgnpfAPtVC6sX5wh33NXZLHOsl4dzH9oKUw&oe=6AA6C72F,https://www.facebook.com/ads/library/?id=1756060922247521,الحبوب الناتجة عن العرق,2026-09-09T04:21:42+00:00
1475959514290583,YE,Unique Store Yemen,2026-08-08,32,0,32,الكميه محدوده جدا 🔥 احدث جهاز ليزر منزلي ( الأصلي ) و بتقنية التبريد! تخلّصي من الشعر نهائيًا بدون صالونات ومع جلسات آمنة داخل بيتك! ✨ مميزات الجهاز: • 3 وظائف في جهاز واحد: إزالة الشعر + تجديد البشرة + إزالة حب الشباب •فيه مليون ومضة تكفي استخدام لسنوات طويلة جدًا (حتى 10 أشخاص بنفس الوقت !) • 9 مستويات طاقة تناسب كل المناطق الحساسة • خاصية التبريد لتقليل الألم والحمايه من الحروق أثناء الاستخدام • نتائج تبدأ خلال 7–14 يوم فقط • مؤشر ضوئي للاستخدام الصحيح وحماية أعلى • ملحقات كاملة: نظارة + شفرة + رؤوس إضافية بأحجام مختلفة 🚚 السعر فقط 44،000 ريال قديم(315 سعودي) والتوصيل مجاني خلال فتره العرض فقط+ ضمان سنة كامله ✳️ للطلب عبر الواتساب: 780319279 ⚠️ الكمية محدودة جدًا.. احجزي الآن قبل النفاد!,https://api.whatsapp.com/send,https://video.forn3-1.fna.fbcdn.net/o1/v/t2/f2/m367/AQO94HuDOVwjx0CECamVv20qyxFBpuEHlgKcf3Oi2_PNoozXy-qzhsMc7eZsdTRlOhIf13JZ5BQrgmKpBaAtuAhs8KtnXyHJyl_WdsnKUw.mp4?_nc_cat=100&_nc_oc=AdqWLpsWxiKAAFZsFnV7yIy7lUfgKhl17ly_zXAGikTPt9hRR_n93cn26_RqaV1l__g&_nc_sid=ef5aa3&_nc_ht=video.forn3-1.fna.fbcdn.net&_nc_ohc=N-MIssGk3LYQ7kNvwHag9wi&efg=eyJ2ZW5jb2RlX3RhZyI6Inhwdl9wcm9ncmVzc2l2ZS5WSV9VU0VDQVNFX1BST0RVQ1RfVFlQRS4uQzMuNzIwLnByb2dyZXNzaXZlX2gyNjQtYmFzaWMtZ2VuMl83MjBwIiwieHB2X2Fzc2V0X2lkIjoxNTMyMjA2MzA0NjA3MzEyLCJhc3NldF9hZ2VfZGF5cyI6MzQsInZpX3VzZWNhc2VfaWQiOjEyMzc0LCJkdXJhdGlvbl9zIjo0MCwidXJsZ2VuX3NvdXJjZSI6Ind3dyJ9&ccb=17-1&_nc_gid=wz4R1pDGKnqQ0k9t55Cqew&_nc_ss=7a289&_nc_map=urlgen_bucketless&_nc_zt=28&oh=00_AQJQIOeXI3i6M86HeByBD2SjjI4HdDYIRcY8LzVG4CeJsA&oe=6AA70752,https://www.facebook.com/ads/library/?id=1475959514290583,جهاز ازالة,2026-09-09T10:32:22+00:00
37859713573642558,SY,Ete home,2026-08-09,31,0,31,🎵 ارفع مستوى الصوت… وخلي الأجواء تبدأ! 🎵 إذا كنت تبحث عن صوت قوي + إضاءة LED مبهرة + بطارية مدمجة + ميكروفون لاسلكي، فهذه السماعة مصممة لتكون نجمة الحفلة! 🌈🔊 ⭐ GY-8847 Portable Party Speaker بتصميم عصري وجذاب، تجمع بين الأداء القوي والشكل الملفت لتكون خيارًا مثاليًا للحفلات والمناسبات والاستخدام المنزلي. 🔊 GY-8847 Portable Party Speaker – سماعة حفلات محمولة 8 إنش، تمنحك صوتًا قويًا وأجواءً مميزة مع إضاءة RGB متعددة الألوان. ✨ أبرز المميزات: ✅ صوت قوي وواضح ومناسب للحفلات والمناسبات ✅ إضاءة LED RGB متعددة الألوان تضيف أجواء حماسية 🌈 ✅ بطارية مدمجة للاستخدام بسهولة ✅ ميكروفون لاسلكي للغناء والكلام والفعاليات 🎤 ✅ ريموت كنترول للتحكم بسهولة ✅ منافذ وخصائص تشغيل متعددة ✅ تصميم أنيق وجذاب وسهل الحمل ✅ مناسبة للمنزل، الرحلات، الحفلات، المناسبات والفعاليات 💥 GY-8847 Portable Party Speaker ليست مجرد سماعة، بل أجواء كاملة في جهاز واحد! 🎤 شغّل أغانيك، استخدم الميكروفون، واستمتع بإضاءة RGB التي تضيف لمسة احتفالية تخطف الأنظار. 📦 محتويات العبوة: 🔊 السماعة 🎤 ميكروفون لاسلكي 🎛️ ريموت كنترول 🔌 كابل توصيل/شحن 🏆 GY-8847 Portable Party Speaker 🔥 GY-8847 Portable Party Speaker ⭐ GY-8847 Portable Party Speaker 🚀 منتج ملفت، مواصفات قوية، وتصميم يبيع نفسه! 💯 اختيار ممتاز لكل من يريد الصوت والحضور والأجواء في منتج واحد,https://api.whatsapp.com/send,https://video.forn3-5.fna.fbcdn.net/o1/v/t2/f2/m367/AQOsdyxBsyndPMH-Wcz1wb6v7Jqme0lJbZRHD31kmSqFOr6_xrXwKFK1fVlwDJklycGt0X8bBhWo1VDgDQnnJ1UggD4zUP8J1q49A7Q5Vg.mp4?_nc_cat=111&_nc_oc=AdrQqY9wD6MqwFrQ1-Jm4zW93mX4s4KOrRvc9MrMJIx7W710iH6jZhbNpZ_gC7gQ0-c&_nc_sid=ef5aa3&_nc_ht=video.forn3-5.fna.fbcdn.net&_nc_ohc=sSbJPPmSr-kQ7kNvwHaXH3r&efg=eyJ2ZW5jb2RlX3RhZyI6Inhwdl9wcm9ncmVzc2l2ZS5WSV9VU0VDQVNFX1BST0RVQ1RfVFlQRS4uQzMuNzIwLnByb2dyZXNzaXZlX2gyNjQtYmFzaWMtZ2VuMl83MjBwIiwieHB2X2Fzc2V0X2lkIjoxMDI2MTM0NTc2OTI3OTgxLCJhc3NldF9hZ2VfZGF5cyI6MzEsInZpX3VzZWNhc2VfaWQiOjEyMzc0LCJkdXJhdGlvbl9zIjo1NywidXJsZ2VuX3NvdXJjZSI6Ind3dyJ9&ccb=17-1&_nc_gid=IG16B-C-0noPtWswUHWXSw&_nc_ss=7b289&_nc_map=urlgen_bucketless&_nc_zt=28&oh=00_AQKOMcpveaw3gU1JEyXLPMue7UcGXbSlarZN546MAtlK5A&oe=6AA704CB,https://www.facebook.com/ads/library/?id=37859713573642558,جهاز واحد بتصميم عصري,2026-09-09T11:10:27+00:00
896294716539078,MA,ALL TECH,2026-08-09,31,0,31,🔥 **TECNO POVA Slim 5G – النحافة اللي كتجمع بين الأناقة والقوة!** باغي هاتف **أنيق، خفيف وسريع**؟ 😍 **POVA Slim 5G** جاي بتصميم Slim مميز مع أداء قوي وتجربة **5G** سلسة. 📱 تصميم نحيف وأنيق ⚡ أداء سريع وسلس 📶 **5G** لسرعة اتصال عالية 💾 **8GB RAM + 256GB** مساحة كبيرة لتطبيقاتك وصورك وفيديوهاتك 🎮 مناسب للألعاب والترفيه والاستخدام اليومي 🚚 **التوصيل مجاني لجميع مدن المغرب 🇲🇦** 💳 **الدفع عند الاستلام** 🛡️ **ضمان رسمي** 📲 **TECNO POVA Slim 5G — أناقة في يدك وقوة في كل استعمال.** 🔥 | 📱 **TECNO POVA Slim 5G – 8GB + 256GB | أناقة وأداء 🔥** | ### **Description** 🔥 **TECNO POVA Slim 5G – 8GB + 256GB** 📱 تصميم نحيف وأنيق | 📶 5G | 💾 ذاكرة كبيرة 🚚 **التوصيل مجاني لجميع مدن المغرب** | 💳 **الدفع عند الاستلام**,https://www.alltech.ma/products/tecno-pova-slim-5g-8go-256go,https://video.forn3-2.fna.fbcdn.net/o1/v/t2/f2/m366/AQOMHZA1v1MiSxcR5kfb5GtFFVNGSIF-PmNnWf7nc3f-xtjQOBMbVHHT7AMyjTqRgvzgG4aj4DRA2JYZ2Ws4nHg3SIbCAPyjYjp8f34D1adMzg.mp4?_nc_cat=106&_nc_oc=AdpY47vsRHvzgnVtEXIgDGmaGCrqk67YVfK3NeZdW4dr0ukzBeYkPxlMYK2z6RBV2dI&_nc_sid=b66105&_nc_ht=video.forn3-2.fna.fbcdn.net&_nc_ohc=8XNOO2aYOHEQ7kNvwGqu0DM&efg=eyJ2ZW5jb2RlX3RhZyI6Inhwdl9wcm9ncmVzc2l2ZS5WSV9VU0VDQVNFX1BST0RVQ1RfVFlQRS4uQzMuNzE2LmRhc2hfaDI2NC1iYXNpYy1nZW4yXzcyMHAiLCJ4cHZfYXNzZXRfaWQiOjQzNTc1MzU2MTc5MDkwODksImFzc2V0X2FnZV9kYXlzIjo0MywidmlfdXNlY2FzZV9pZCI6MTA3OTksImR1cmF0aW9uX3MiOjY2LCJ1cmxnZW5fc291cmNlIjoid3d3In0%3D&ccb=17-1&vs=d9309e4fd7d70561&_nc_vs=HBksFQIYRWZiX2VwaGVtZXJhbC80MzQ5OTJDQTlBNUY4QTdGQzkyNUNEQTQ5ODI1MjI4MF9tdF8xX3ZpZGVvX2Rhc2hpbml0Lm1wNBUAAsgBEgAVAhhAZmJfcGVybWFuZW50Lzg2NDAwNzlFNjgzODI3NjRBODhFNkZEMkY1N0MyQzgyX2F1ZGlvX2Rhc2hpbml0Lm1wNBUCAsgBEgAoABgAGwKIB3VzZV9vaWwBMRJwcm9ncmVzc2l2ZV9yZWNpcGUBMRUAACbChdCp-sm9DxUCKAJDMywXQFC7tkWhysEYGWRhc2hfaDI2NC1iYXNpYy1nZW4yXzcyMHARAHUAZd6oAQA&_nc_gid=fbiVrluoP9cIQfk7-Dk2xg&_nc_ss=7b289&_nc_map=urlgen_bucketless&_nc_zt=28&oh=00_AQLAt8FJSZN5qsdM_9rminpIdlff5KI6k1O12y5nJlcQ7w&oe=6AA71C96,https://www.facebook.com/ads/library/?id=896294716539078,كبيرة بوصة بدقة كاميرا,2026-09-09T10:14:25+00:00
1081209284349359,EG,صيدلية الدكتور باهر السعيد,2026-08-08,31,0,31,كريم تفتيح سحري بالجلوتاثيون و الكولاجين و الترانكسيميك و الريتنول و الهيالورونيك و الالفااربيوتين لتفتيح البشره و الكلف و النمش و الهالات السوداء و المناطق الحساسه بمعامل حمايه من الشمس #الهالات #التفتيح #الجلوتاثيون #الكولاجين #جمال #تجميل #العنايه_بالبشره #باهر_السعيد #bemaro #بيمارو l | كريم تفتيح سحري بالجلوتاثيون و الترانكسيميك لتفتيح البشره و الكلف و النمش و المناطق الحساسة والهالات السوداؤ,https://api.whatsapp.com/send,https://video.forn3-6.fna.fbcdn.net/o1/v/t2/f2/m366/AQPgq1AVLmPv4jsl2W3rB9_S2LMXu_rWrAXhDGLVIt_BKploQwnD3_WEsAAlBBhXqaybi3VTWhPwtVNpQIOsl8EHkOoVHv4sgqFYeKVyANmkwA.mp4?_nc_cat=111&_nc_oc=AdoAJI1H1M7ODBOttj9xAYtT7X4fcenJYEl6Qpv34kYEIE7IVXT2UnRYKj7hu7HiKgs&_nc_sid=b66105&_nc_ht=video.forn3-6.fna.fbcdn.net&_nc_ohc=fkA7ivyAazQQ7kNvwE8wUgF&efg=eyJ2ZW5jb2RlX3RhZyI6Inhwdl9wcm9ncmVzc2l2ZS5WSV9VU0VDQVNFX1BST0RVQ1RfVFlQRS4uQzMuNzIwLmRhc2hfaDI2NC1iYXNpYy1nZW4yXzcyMHAiLCJ4cHZfYXNzZXRfaWQiOjEyOTkyMDI0NDgzNTU0ODMsImFzc2V0X2FnZV9kYXlzIjozNTAsInZpX3VzZWNhc2VfaWQiOjEyMzczLCJkdXJhdGlvbl9zIjo3MSwidXJsZ2VuX3NvdXJjZSI6Ind3dyJ9&ccb=17-1&vs=93eaca1ad811f606&_nc_vs=HBksFQIYRWZiX2VwaGVtZXJhbC8yNDQyRjA0NTY5MDkyNzMzREZDRTNCODY0Q0I0MjVBNV9tdF8xX3ZpZGVvX2Rhc2hpbml0Lm1wNBUAAsgBEgAVAhhAZmJfcGVybWFuZW50L0MwNDREM0JCNUZDQzlBREZFMDkyREUxMDUxQzkxNjg3X2F1ZGlvX2Rhc2hpbml0Lm1wNBUCAsgBEgAoABgAGwKIB3VzZV9vaWwBMRJwcm9ncmVzc2l2ZV9yZWNpcGUBMRUAACa2wufGxOfOBBUCKAJDMywXQFHRN0vGp_AYGWRhc2hfaDI2NC1iYXNpYy1nZW4yXzcyMHARAHUAZarBAQA&_nc_gid=wQNwrfz4SJV0n9wnpIxdVA&_nc_ss=7a289&_nc_map=urlgen_bucketless&_nc_zt=28&oh=00_AQLK6Ky5lC8BeaEJLuuDj0ShBth4rTlQCwoUnrTJYdCDOg&oe=6AA6C78D,https://www.facebook.com/ads/library/?id=1081209284349359,النمش,2026-09-09T04:32:31+00:00
1086133120618498,QA,Madina Dental Center,2026-08-10,30,0,30,هل تعتقدين أن رحلة التقويم انتهت تماماً بمجرد فكه؟ هناك خطأ واحد بسيط يقع فيه الكثيرون قد يعيد أسنانكِ إلى نقطة الصفر ويهدر كل شهور الالتزام السابقة. ​بعد إزالة التقويم مباشرة، تمتلك الأسنان ميلاً طبيعياً للعودة إلى مكانها القديم فيما يُعرف طبياً بالارتداد، حيث تحتاج الأربطة الدقيقة المحيطة بكل سن إلى وقت كافٍ للتكيف والثبات في موضعها الجديد، وجهاز التثبيت هو الوحيد الذي يضمن لها هذا الاستقرار. إهمال ارتداء المثبت ولو لأسابيع قليلة يمنح تلك الأربطة الفرصة لتشد الأسنان للخلف، مما يتسبب في انتكاسة قد تتطلب إعادة العلاج بالكامل من جديد، فالحفاظ على ابتسامتكِ المثالية مدى الحياة يبدأ من التزام يومي بسيط بجهاز التثبيت لحمايتها. ​تفضلوا بزيارتنا واحجزوا موعدكم الآن في فرع اللقطة، حيث يمكنكم التواصل معنا وحجز موعدكم مباشرة عبر رسائل الصفحة، أو بالاتصال على الأرقام الأرضية للفرع 44879577 أو 44877530، كما نسعد باستقبال استفساراتكم عبر موبايل وواتساب الحجوزات على الرقم 50323901,https://api.whatsapp.com/send,https://video.forn3-2.fna.fbcdn.net/o1/v/t2/f2/m367/AQNj1YlLlS220MDHM14MO7pxKssXn-qeS3HwJPqD9pYu5tiTXlJ0f5phFiWnhzP3ocwX4D90TnVq7PQl0RHZuZMlbs858B-a8XO7yFClpA.mp4?_nc_cat=103&_nc_oc=AdqKpOQgnGYGgOaybzlpwyYp9Fij66NQb88Sbx5Wv9GNv8C6JNDdpWI7_MRha-lRY34&_nc_sid=ef5aa3&_nc_ht=video.forn3-2.fna.fbcdn.net&_nc_ohc=qUPN1HMApqkQ7kNvwFq_0bn&efg=eyJ2ZW5jb2RlX3RhZyI6Inhwdl9wcm9ncmVzc2l2ZS5WSV9VU0VDQVNFX1BST0RVQ1RfVFlQRS4uQzMuNzIwLnByb2dyZXNzaXZlX2gyNjQtYmFzaWMtZ2VuMl83MjBwIiwieHB2X2Fzc2V0X2lkIjoxODYwODU2NTU3NzAyOTAzMiwiYXNzZXRfYWdlX2RheXMiOjMzLCJ2aV91c2VjYXNlX2lkIjoxMjM3NCwiZHVyYXRpb25fcyI6NTAsInVybGdlbl9zb3VyY2UiOiJ3d3cifQ%3D%3D&ccb=17-1&_nc_gid=5lc844AF_EZdDFv67GcYhQ&_nc_ss=7a289&_nc_map=urlgen_bucketless&_nc_zt=28&oh=00_AQI1KQhygGQkkkQK7GOHj7QOML-5WOBRwTXm8UBtdEUR-A&oe=6AA718A3,https://www.facebook.com/ads/library/?id=1086133120618498,الجديد جهاز ازالة,2026-09-09T10:37:03+00:00
1520075152756535,SA,The1clinics,2026-08-11,29,0,29,✨ ليزر مو مجرد جهاز… هو اختيار صح! ✨ إزالة شعر بتقنيات عالمية تناسب كل أنواع البشرة والشعر. 🔹 Candela Gentle Pro Plus — الدقة الذهبية في إزالة الشعر مع أعلى معايير الأمان. ✔ مناسب لكل ألوان البشرة ✔ نتائج طويلة الأمد ✔ جلسات مريحة وفعّالة لأن بشرتك تستحق أفضل تقنية… والقرار بيدك ✨ احجزي جلستك الآن.,https://api.whatsapp.com/send,https://video.forn3-1.fna.fbcdn.net/o1/v/t2/f2/m366/AQMwYOpKuGnf6xw3FDspSLtRO5DzVl0RpUyZPeWh1h5Uk8QuvXfrmqFl3ybvkys5b0GX67E7nUckDFo3nrm3EmrME4BzHrAdXizkObt1ZLMHWQ.mp4?_nc_cat=107&_nc_oc=Adq7nfKVfTo7zmP1onYiKlwZbj1IKxngxVwSgTwaovKzmJZNsAYTuLG9dzMBpH_VlfE&_nc_sid=b66105&_nc_ht=video.forn3-1.fna.fbcdn.net&_nc_ohc=HmxC3S8L6UYQ7kNvwExfo12&efg=eyJ2ZW5jb2RlX3RhZyI6Inhwdl9wcm9ncmVzc2l2ZS5WSV9VU0VDQVNFX1BST0RVQ1RfVFlQRS4uQzIuNzIwLmRhc2hfaDI2NC1iYXNpYy1nZW4yXzcyMHAiLCJ4cHZfYXNzZXRfaWQiOjI4MTQ3MTcwNDcxNTc1NjIxLCJhc3NldF9hZ2VfZGF5cyI6MzUsInZpX3VzZWNhc2VfaWQiOjEwNzk5LCJkdXJhdGlvbl9zIjoyMCwidXJsZ2VuX3NvdXJjZSI6Ind3dyJ9&ccb=17-1&vs=667ded87562e51d0&_nc_vs=HBksFQIYRWZiX2VwaGVtZXJhbC8wOTQ5MTZDNDgzNDhDODE5RDRCQ0YwMjRERTgxODhCMV9tdF8xX3ZpZGVvX2Rhc2hpbml0Lm1wNBUAAsgBEgAVAhhAZmJfcGVybWFuZW50LzE0NDJEM0Q3RUQwREJDQ0QwNzQ1NkUwNzFENjRDNDg0X2F1ZGlvX2Rhc2hpbml0Lm1wNBUCAsgBEgAoABgAGwKIB3VzZV9vaWwBMRJwcm9ncmVzc2l2ZV9yZWNpcGUBMRUAACaKgaCW-uz_YxUCKAJDMiwXQDRMzMzMzM0YGWRhc2hfaDI2NC1iYXNpYy1nZW4yXzcyMHARAHUAZd6oAQA&_nc_gid=1qfy9Gjd9d3vs8H_mT38CQ&_nc_ss=7a289&_nc_map=urlgen_bucketless&_nc_zt=28&oh=00_AQKK5ehhorqHcGQyJNI7mVRl6W4XU5XoQGkO-uhMu8qmxg&oe=6AA6F2E9,https://www.facebook.com/ads/library/?id=1520075152756535,جهاز ازالة الشعر,2026-09-09T10:30:54+00:00
3287899731396214,YE,لند ستور ,2026-08-10,29,0,29,"*مشد الساونا الرجالي توفر من جديد* 🏋️‍♀️🏋️‍♀️🏋️‍♀️🏋️‍♀️🏋️‍♀️🏋️‍♀️🏋️‍♀️🏋️‍♀️🏋️‍♀️*💥🔥🔥🔥وصل مشد للخصر العريض ومشد للجسم وصل* *💥🔥🔥🔥وصل مشد للخصر العريض ومشد للجسم وصل* *الجديد وصللل ولاول مره في اليمن* *♥♥افضل واروع منتج يبحث عليه الجميع🤓🤓🤓* 🇾🇪🇾🇪🇾🇪🇾🇪🇾🇪 *حزام التخسيس التعرق وكما تسمۑ ببدله الساونا اللتي تحتوي علۑ ماده البلستر الشديده للحراه من اجل فقدان مقاسات كل يوجد مقاس m مقاسS مقاساتهL. ,, مقاس XL مقاسXXL يوجد مقاس3xL يوجد مقاس4xL مقاسات واسعه لاداعي للقلق 🤩🤩🤩🤩🤩😋😋😋 *تصميم خاص وقد تم تجهيز سترة مشد سستة لدينا مع إغلاق سستة 2 الأشرطة الكتف واسعة و 2 أحزمة الخصر قابل للتعديل لضمان هل يمكن أن تناسب ذلك في معظم الموسعة وتعطيك منحنى طبيعي مثير.* 😚😚😚 *جمع ودفع ما يصل الثدي تصميم أمامي خاص من نوع U مضاد للتدلى يساعد الثديين على رفع ، يجعل صدرك أكثر انتصاب وجذابة ، السيطرة على نحو فعال ثابت الإبط والظهر الدهون مترهل جعل جسمك لا كتل أو المطبات أو الانتفاخ. يمكن ارتداؤه مع أي حمالة صدر عادية أو رياضية ، مما يمنحك شخصية الساعة الرملية الجميلة*. 😎😎😎😎 *كفاءة الخصر CINCHER لدينا الجسم المشكل يساعد بعد الولادة الانتعاش كل عملية ، والحد من تورم ، وتشديد الجلد، والسيطرة على البطن والظهر ، وتخفيف الألم بعد الولادة، وسهولة الانتقال من الرحم وتقليص ذلك وصولا إلى الحجم الطبيعي، اجعل جسم الأمومة يعود إلى شكله الأصلي.* 💃🏻💃🏻💃🏻 *خفيفة الوزن ومريحة وسريعة الجفاف - مصنوعة من ثلاث طبقات من النسيج المركب النيوبرين مع سمك 2.1 مللي متر ، يجعل هذا cincher فقدان الوزن أخف وزنا وأكثر راحة من ذي قبل ، أسهل للاختباء تحت الملابس اليومية ، ولكن السماح للتحرك مع جسمك أثناء أداء أي نشاط الصالة الرياضية ، وامتصاص العرق والسماح لك دائما الجافة على الخارج.* *شكل وتحديد الخصر الخاص بك - لدينا مشد مع طبقة مزدوجة تصميم ضغط عالية ، الطبقة الداخلية مع سستة يسمح لك لضبط ضغط تحتاج والعمل كما حزام الثنية لتسطيح المعدة على الفور، وطبقة خارجية مع الفيلكرو مزدوجة إخفاء الانتفاخات على البطن لخلق بطن سلس ، تعزيز التمرين وتشكيل الخصر الخاص بك لتكون أكثر حجما.* *زيادة حرق الدهون سترة النيوبرين تعمل كبدلة ساونا. مادة النيوبرين تساعد على رفع درجة حرارة الجسم والحفاظ على حرارة الجسم ، تماما مثل ساونا حول البطن ، مما يجعلك عرق 3 مرات أكثر من أي وقت مضى وزيادة حرق السعرات الحرارية لتمارين أكثر فعالية. كما أنه يساعد على حرق الدهون في البطن والخصر والظهر ، مما يساعدك على فقدان بوصات قليلة في فترة قصيرة من الزمن ، أسهل وأسرع لتحقيق تأثير التخسيس* *دعم الظهر والتحكم في الموقف هذا المدرب الجسم الذي بنيت في 4 عظام الصلب دوامة كما يعمل مثل الموثق ضغط حول الخصر لتقديم ضغط البطن ودعم قطني لتحسين الموقف وتخفيف آلام الخصر وحماية العمود الفقري.* *مناسبة لأي برنامج لتخفيف الوزن* *- يمكن للنساء سترة ساونا العرق تغطية كاملة حتى بطنك السفلي أفضل zumba yoga الصالة الرياضية ، اللياقة البدنية ، الجري ، الدراجات ، الملاكمة ، بناء العضلات ، حرق الدهون وفقدان الوزن الرياضة ، والحد من البطن وإعادة شكل أنشطة الشكل.* قائمة التعبئة *10 × قميص التخسيس للنساء والرجال* *😀🩷🩷 تحتوي علۑ لون الرمادي *وذلك لانه ارتدائآ داخلي* *السعر الشمالي 3500ريال فقط* اتصال أو عبر الواتس 0735 817 280",https://api.whatsapp.com/send,https://video.forn3-5.fna.fbcdn.net/o1/v/t2/f2/m366/AQPdNAGAhgq-pPaElsZxaMGps1EP-uRU0WYhPES9ytupnTU8dazfZwBmfG3JxjJiv9Gt7BqbE3Nf7d8R83WpWr4As8IzRrpjDf1dGUTBHvOy8w.mp4?_nc_cat=109&_nc_oc=AdrlHPpGHXBJpHV1M5jjY0WyGCJSU3sh6FHDHGpylfUn4Z8oNOXG7_UfiwVbo1YAMl8&_nc_sid=b66105&_nc_ht=video.forn3-5.fna.fbcdn.net&_nc_ohc=QjGUvb1fLXQQ7kNvwGzUexK&efg=eyJ2ZW5jb2RlX3RhZyI6Inhwdl9wcm9ncmVzc2l2ZS5WSV9VU0VDQVNFX1BST0RVQ1RfVFlQRS4uQzMuNzIwLmRhc2hfaDI2NC1iYXNpYy1nZW4yXzcyMHAiLCJ4cHZfYXNzZXRfaWQiOjEzNTg3NTU4ODU4MjE4MTEsImFzc2V0X2FnZV9kYXlzIjozMSwidmlfdXNlY2FzZV9pZCI6MTIzNzMsImR1cmF0aW9uX3MiOjIwLCJ1cmxnZW5fc291cmNlIjoid3d3In0%3D&ccb=17-1&vs=5a6f1ca114f1b20c&_nc_vs=HBksFQIYRWZiX2VwaGVtZXJhbC80MzQ5ODQ4OUQ5QUU0QTRFMzBEQzA1MTlBNTcyRDZCQ19tdF8xX3ZpZGVvX2Rhc2hpbml0Lm1wNBUAAsgBEgAVAhhAZmJfcGVybWFuZW50L0YwNDZCMUZGNDJDNTEwNzIzN0ZDNDFCRDM5NzFFNkE3X2F1ZGlvX2Rhc2hpbml0Lm1wNBUCAsgBEgAoABgAGwKIB3VzZV9vaWwBMRJwcm9ncmVzc2l2ZV9yZWNpcGUBMRUAACbmvcmegPLpBBUCKAJDMywXQDREGJN0vGoYGWRhc2hfaDI2NC1iYXNpYy1nZW4yXzcyMHARAHUAZarBAQA&_nc_gid=ztgKbHYwwGcq2V0kks0JnQ&_nc_ss=7b289&_nc_map=urlgen_bucketless&_nc_zt=28&oh=00_AQIYUhGp4_eWDn3IrhFRSjtbZchzzwWgcM_HXMECmBCNdg&oe=6AA704CF,https://www.facebook.com/ads/library/?id=3287899731396214,جفاف الجلد بعد فقدان الوزن,2026-09-09T08:57:58+00:00
1041679525340767,TN,AGEELOS.com,2026-08-12,28,0,28,**راقب صحتك في ثواني ❤️** تحب تطمّن على نسبة الأكسجين في دمك ونبض قلبك بكل سهولة؟ مع **جهاز قياس الأكسجين بالدم**، تحطّو على صبعك، تضغط على الزر… والنتيجة تظهرلك في ثواني 👌 ✅ قياس نسبة الأكسجين SpO₂ ✅ قياس دقات القلب ✅ شاشة واضحة وسهلة القراءة ✅ استعمال بسيط بكبسة وحدة ✅ خفيف وتنجم تهزّو معاك وين ما تمشي ✅ يطفى وحدو بعد الاستعمال **جهاز صغير… وراحة بال كبيرة ليك ولعائلتك ❤️** اطلبو توّة وخليه ديما قريب منك! | راقب الأكسجين ونبض القلب في ثواني! ❤️,https://ageelos.com/product/jhz-qys-lksjyn-bldm,https://video.forn3-5.fna.fbcdn.net/o1/v/t2/f2/m366/AQPWQ-8AXD1JpSu22SttAQa2GY95b0ts1qTu7ZEwFTHjLaR2MzNDoar0DftF3LO8-OTdQmN9JssF8BuWSkVEIM30aqPoIuPONcY2IptjGPthSQ.mp4?_nc_cat=102&_nc_oc=Adqip0_JpEPnr7VHcED4TjYptMJhzZWHdkPJ8Crfv9ykqCswKc-wsGDEpFVd_Z6zUNs&_nc_sid=b66105&_nc_ht=video.forn3-5.fna.fbcdn.net&_nc_ohc=0LKMs45mZUAQ7kNvwHEOwNx&efg=eyJ2ZW5jb2RlX3RhZyI6Inhwdl9wcm9ncmVzc2l2ZS5WSV9VU0VDQVNFX1BST0RVQ1RfVFlQRS4uQzMuNTQwLmRhc2hfaDI2NC1iYXNpYy1nZW4yXzcyMHAiLCJ4cHZfYXNzZXRfaWQiOjEwNzg0NDkzMzQ4Mzk5MjAsImFzc2V0X2FnZV9kYXlzIjoyNywidmlfdXNlY2FzZV9pZCI6MTA3OTksImR1cmF0aW9uX3MiOjE3LCJ1cmxnZW5fc291cmNlIjoid3d3In0%3D&ccb=17-1&vs=eff1a08840900ef5&_nc_vs=HBksFQIYRWZiX2VwaGVtZXJhbC9FNTQyRDVCMENBRDlCQ0YwNjg2MzM2OThEREQ2OThCM19tdF8xX3ZpZGVvX2Rhc2hpbml0Lm1wNBUAAsgBEgAVAhhAZmJfcGVybWFuZW50LzFENEJDNzQ3QkJFOEExMjAwMDlGNkI3MUJFNkJFREJGX2F1ZGlvX2Rhc2hpbml0Lm1wNBUCAsgBEgAoABgAGwKIB3VzZV9vaWwBMRJwcm9ncmVzc2l2ZV9yZWNpcGUBMRUAACbgqZfYgbbqAxUCKAJDMywXQDEIcrAgxJwYGWRhc2hfaDI2NC1iYXNpYy1nZW4yXzcyMHARAHUAZd6oAQA&_nc_gid=L_Ueg4MIXOk-Zk2tjrkBBg&_nc_ss=7b289&_nc_map=urlgen_bucketless&_nc_zt=28&oh=00_AQJ7ynIj93HmZ1LbGaGevlHjEmo0qzhEDoTzz0aBIwPk_Q&oe=6AA72122,https://www.facebook.com/ads/library/?id=1041679525340767,بيتك جهاز,2026-09-09T10:58:58+00:00
2187058675557425,TN,AGEELOS.com,2026-08-12,28,0,28,"الويفي يوصل ضعيف للبيت؟ 😩 تتفرّج في فيديو ويبدأ يقطّع؟ ولا تحب تستعمل الإنترنت في بيت آخر والإشارة ما توصلش؟ 💥 جهاز تقوية إشارة الإنترنت يعاونك باش توسّع تغطية الويفي وتستغل الإنترنت في بلايص أكثر في الدار. ✅ يقوّي تغطية الويفي ✅ ساهل في الاستعمال ✅ حل عملي للمناطق اللي فيها الإشارة ضعيفة ✅ مناسب للدار والمكتب 📶 ودّع المناطق اللي فيها ""No Signal""! 👉 اطلبو توّا وخلي الويفي يوصل لأبعد بلاصة في دارك. | 📶 الويفي ضعيف؟ الحل أسهل ممّا تتصوّر!",https://ageelos.com/product/jhz-mqwy-shr-lntrnt,https://video.forn3-6.fna.fbcdn.net/o1/v/t2/f2/m366/AQM-VTrIiD4CL1VF8h-ZKee2VUjAQT4jtsMakjFP9wfgm9oxXR9fl6CKPZDoYQv6fCmUr1x3_-538zswX5YOVRW-p4LzczIhFvexi0eisfBjag.mp4?_nc_cat=106&_nc_oc=Adqoq_unkUexjYcamwt1Qprsech45ZC4ph5a9R_nqwL--9qOV8fI7GaM98mg-kz-h4U&_nc_sid=b66105&_nc_ht=video.forn3-6.fna.fbcdn.net&_nc_ohc=wZV3f9Am39kQ7kNvwFKeNAT&efg=eyJ2ZW5jb2RlX3RhZyI6Inhwdl9wcm9ncmVzc2l2ZS5WSV9VU0VDQVNFX1BST0RVQ1RfVFlQRS4uQzMuNTc2LmRhc2hfaDI2NC1iYXNpYy1nZW4yXzcyMHAiLCJ4cHZfYXNzZXRfaWQiOjE1MjY0NDA5MTIwMjc5NDIsImFzc2V0X2FnZV9kYXlzIjoyNywidmlfdXNlY2FzZV9pZCI6MTA3OTksImR1cmF0aW9uX3MiOjMyLCJ1cmxnZW5fc291cmNlIjoid3d3In0%3D&ccb=17-1&vs=e132a3c8c904cdc5&_nc_vs=HBksFQIYRWZiX2VwaGVtZXJhbC85QjQ2NTE2Mzk2RjhGNzNCNThDRkQ0MjBEQjA1NTRBRF9tdF8xX3ZpZGVvX2Rhc2hpbml0Lm1wNBUAAsgBEgAVAhhAZmJfcGVybWFuZW50LzIyNENFOEEzQ0NBMzc2NTI1REI4QzVDMUI2QjY3RjlCX2F1ZGlvX2Rhc2hpbml0Lm1wNBUCAsgBEgAoABgAGwKIB3VzZV9vaWwBMRJwcm9ncmVzc2l2ZV9yZWNpcGUBMRUAACbMhKiFx5K2BRUCKAJDMywXQEA3bItDlYEYGWRhc2hfaDI2NC1iYXNpYy1nZW4yXzcyMHARAHUAZd6oAQA&_nc_gid=L_Ueg4MIXOk-Zk2tjrkBBg&_nc_ss=7b289&_nc_map=urlgen_bucketless&_nc_zt=28&oh=00_AQLoM5aBQw-LRE8_ggfggaWuCR7rZI-ic9dYGeTfjk73bg&oe=6AA71132,https://www.facebook.com/ads/library/?id=2187058675557425,بيتك جهاز,2026-09-09T10:58:58+00:00
1059568549805594,SY,فارما كير - PharmaCare 2,2026-08-12,28,0,28,✨ **ALBETCHU Scar Removal Cream** امنح بشرتك عناية متخصصة مع **ALBETCHU**، كريم موضعي للعناية بالندبات وآثار الجروح بتركيبة غنية بالمكونات المرطبة والداعمة لتجدد البشرة. 🌿 يساعد على تحسين مظهر الندبات الحديثة والقديمة. 💧 يرطب البشرة ويعزز نعومتها ومرونتها. ✨ يساهم في تحسين مظهر آثار العمليات الجراحية والحروق بعد التئامها. ⚡ سريع الامتصاص وغير دهني، ومناسب للوجه والجسم. 💛 مناسب لجميع أنواع البشرة. 📦 **الحجم:** 50 مل | توصيل مجاني,https://zir2.youcan.store/pages/zyt-108aashb-1-1-1-2-1-1-1-1-1,https://video.forn3-2.fna.fbcdn.net/o1/v/t2/f2/m366/AQNXQUjqNmfw3JNV6yCT-9TrDpY05fDn-BBSuWjEHCHCliQmlhwXECtCQKenigVZ_BIqMQoVyiQyJwpggKQgu_EIKVcBmgBkknMgd6_6T-bsdA.mp4?_nc_cat=106&_nc_oc=AdoDRAzKT4ceH-pAbTbpxzdjJPPfAisyJXu623dTG57HGQ_Re9tfgIsGRSk4GhPJiK0&_nc_sid=b66105&_nc_ht=video.forn3-2.fna.fbcdn.net&_nc_ohc=EyCT_1pOr2MQ7kNvwHyZb95&efg=eyJ2ZW5jb2RlX3RhZyI6Inhwdl9wcm9ncmVzc2l2ZS5WSV9VU0VDQVNFX1BST0RVQ1RfVFlQRS4uQzMuNzIwLmRhc2hfaDI2NC1iYXNpYy1nZW4yXzcyMHAiLCJ4cHZfYXNzZXRfaWQiOjk4MjI1MjIwMTUzNDI1MCwiYXNzZXRfYWdlX2RheXMiOjI3LCJ2aV91c2VjYXNlX2lkIjoxMDc5OSwiZHVyYXRpb25fcyI6MzgsInVybGdlbl9zb3VyY2UiOiJ3d3cifQ%3D%3D&ccb=17-1&vs=d5870691a243942f&_nc_vs=HBksFQIYRWZiX2VwaGVtZXJhbC83RDRCMUY3OEQ4QzkzOTc1MDM4MjcwM0YyNzE5RUJBNV9tdF8xX3ZpZGVvX2Rhc2hpbml0Lm1wNBUAAsgBEgAVAhhAZmJfcGVybWFuZW50LzhENDNCNjk3RUU0MERDODM0RUQ5QUVGMzg2MjNBNjgwX2F1ZGlvX2Rhc2hpbml0Lm1wNBUCAsgBEgAoABgAGwKIB3VzZV9vaWwBMRJwcm9ncmVzc2l2ZV9yZWNpcGUBMRUAACbUjOuYzda-AxUCKAJDMywXQENiDEm6XjUYGWRhc2hfaDI2NC1iYXNpYy1nZW4yXzcyMHARAHUAZd6oAQA&_nc_gid=ZgqcQspoytFstw3szMNrbw&_nc_ss=7a289&_nc_map=urlgen_bucketless&_nc_zt=28&oh=00_AQLV90rkFEMRBbhSqRKbtGmRP7j8M1OitmNzGp6Cf5w34w&oe=6AA71686,https://www.facebook.com/ads/library/?id=1059568549805594,للعناية سيروم,2026-09-09T09:56:38+00:00
1001949572899908,OM,Macrofit Coaching,2026-08-12,28,0,28,“اتمنى لو اخذت هذا الاختبار من قبل!” 🤯 | ⚡️ اختبار مجاني يكشف سرعة الايض و كيفية زيادته ⚡️ | اضغط على Learn more لتأخذ الاختبار المجاني الان!,https://macrofitcoaching.co/caloriescalculator,https://video.forn3-6.fna.fbcdn.net/o1/v/t2/f2/m366/AQOmESt3-XzNdHIq4uhuoC5CPJxle5d90NYUkT1EhfLeAhbMVMd-0Ogv40kcrtNsUvlwU7fKThzhEOQZggDyG3yOrq5pVqXkhhDK4G0r6jFWag.mp4?_nc_cat=109&_nc_oc=AdoV1fGZZVZ6H61Gj8wChHnQCRl8yXQ2ze_YZiJ53LsqSLRURATazkuAcKxsYXrSVE4&_nc_sid=b66105&_nc_ht=video.forn3-6.fna.fbcdn.net&_nc_ohc=w_4p4YRiq-MQ7kNvwHwJpAF&efg=eyJ2ZW5jb2RlX3RhZyI6Inhwdl9wcm9ncmVzc2l2ZS5WSV9VU0VDQVNFX1BST0RVQ1RfVFlQRS4uQzMuNzIwLmRhc2hfaDI2NC1iYXNpYy1nZW4yXzcyMHAiLCJ4cHZfYXNzZXRfaWQiOjE1OTI1NDk4NTI1NDkyMjgsImFzc2V0X2FnZV9kYXlzIjozOSwidmlfdXNlY2FzZV9pZCI6MTA3OTksImR1cmF0aW9uX3MiOjY4LCJ1cmxnZW5fc291cmNlIjoid3d3In0%3D&ccb=17-1&vs=4aee8f86bbeec5a9&_nc_vs=HBksFQIYRWZiX2VwaGVtZXJhbC80MjQ4MEFDM0Y1NDJGOTlGOEYwRUVBQTJFMjNEMTdCQV9tdF8xX3ZpZGVvX2Rhc2hpbml0Lm1wNBUAAsgBEgAVAhhAZmJfcGVybWFuZW50Lzk2NEE5RjU3MzM0MkZDQUM0OUMzQzg4M0M4RkQxNDlFX2F1ZGlvX2Rhc2hpbml0Lm1wNBUCAsgBEgAoABgAGwKIB3VzZV9vaWwBMRJwcm9ncmVzc2l2ZV9yZWNpcGUBMRUAACbYwfyDzZrUBRUCKAJDMywXQFEiPXCj1woYGWRhc2hfaDI2NC1iYXNpYy1nZW4yXzcyMHARAHUAZd6oAQA&_nc_gid=h1RshW5T6ijsoxU6B71sxg&_nc_ss=7b289&_nc_map=urlgen_bucketless&_nc_zt=28&oh=00_AQIZKc_M27QddARoNRE-xx0GuRHIH8facZ1SORFPRO0odg&oe=6AA6E38F,https://www.facebook.com/ads/library/?id=1001949572899908,ساعة بس لو,2026-09-09T09:07:46+00:00
2614604192290758,OM,Macrofit Coaching,2026-08-12,28,0,28,“اتمنى لو اخذت هذا الاختبار من قبل!” 🤯 | ⚡️ اختبار مجاني يكشف سرعة الايض و كيفية زيادته ⚡️ | اضغط على Learn more لتأخذ الاختبار المجاني الان!,https://macrofitcoaching.co/caloriescalculator,https://video.forn3-1.fna.fbcdn.net/o1/v/t2/f2/m366/AQPE4DNyZc8WELdMjImg-kFknxrppk0m9SNeTCTIN_eOG4f6FTCA4fU5mTbinKW7t5nowKidm89Dok1aX9aYMlTJLDxLA-IaOol805lSVRJCCA.mp4?_nc_cat=106&_nc_oc=AdrW4mbfsorJQvkNRqeA9E66TUkTJRJXUNCsXn24f18UX6dgu5D-e7NBLpu9NsPkjg8&_nc_sid=b66105&_nc_ht=video.forn3-1.fna.fbcdn.net&_nc_ohc=Q53hGXZOc5kQ7kNvwHptib5&efg=eyJ2ZW5jb2RlX3RhZyI6Inhwdl9wcm9ncmVzc2l2ZS5WSV9VU0VDQVNFX1BST0RVQ1RfVFlQRS4uQzMuNzIwLmRhc2hfaDI2NC1iYXNpYy1nZW4yXzcyMHAiLCJ4cHZfYXNzZXRfaWQiOjM1MTI0Nzk0Nzg5MTM3MDAsImFzc2V0X2FnZV9kYXlzIjozMywidmlfdXNlY2FzZV9pZCI6MTA3OTksImR1cmF0aW9uX3MiOjU3LCJ1cmxnZW5fc291cmNlIjoid3d3In0%3D&ccb=17-1&vs=fd523adc0502328f&_nc_vs=HBksFQIYRWZiX2VwaGVtZXJhbC8zRDQwMUJDQ0I5M0I0RjMyMEVBQzcxNTA1MzI5REQ4RF9tdF8xX3ZpZGVvX2Rhc2hpbml0Lm1wNBUAAsgBEgAVAhhAZmJfcGVybWFuZW50Lzg2NDZFRTAwMDFGM0I5RDREMDdBOThEQ0YxOTQ3Nzk1X2F1ZGlvX2Rhc2hpbml0Lm1wNBUCAsgBEgAoABgAGwKIB3VzZV9vaWwBMRJwcm9ncmVzc2l2ZV9yZWNpcGUBMRUAACbI6vi5m6W9DBUCKAJDMywXQEyHS8an754YGWRhc2hfaDI2NC1iYXNpYy1nZW4yXzcyMHARAHUAZd6oAQA&_nc_gid=CceyMiVC_7yQsEwiJ3v_0Q&_nc_ss=7b289&_nc_map=urlgen_bucketless&_nc_zt=28&oh=00_AQJO-ija9lkWYqN7YPpTGTYZvtIwJgfxCNAm82W8Jt64kQ&oe=6AA6FF8E,https://www.facebook.com/ads/library/?id=2614604192290758,ساعة بس لو,2026-09-09T09:07:46+00:00
1425985322922403,OM,Treends.apps,2026-08-13,27,0,27,منظف ​​بخاري عالي الحرارة 2500 واط وصف يُمكن للبخار بدرجة حرارة تصل إلى 130 درجة مئوية إزالة البقع بسرعة وسهولة، حتى بدون استخدام المنظفات الكيميائية. جهاز تنظيف بالبخار عالي الضغط بقوة 2500 واط لتنظيف فعال، مزود بفوهة قابلة للتمديد، وفرشاة فولاذية، وفرشاة عادية، وفرشاة كبيرة متعددة الاستخدامات لتنظيف عميق. جهاز التنظيف بالبخار مزود بخزان ماء كبير بسعة 1 لتر، يكفي لملئه مرة واحدة للاستخدام المتواصل لمدة ساعة. يُمكن استخدام جهاز التنظيف بالبخار على نطاق واسع في المطبخ والحمام وغرفة المعيشة، لتنظيف شفاطات المطبخ، والمواقد، والثلاجات، ومقاعد السيارات، وغيرها. | التوصیل مجانی و الدفع عند الاستلام,https://landing.myshams.shop/5a2c6d90?lang=ar&tn=1768212282803,https://video.forn3-2.fna.fbcdn.net/o1/v/t2/f2/m366/AQOI8U22Z2Cq-HTcmL-irGwE8kPzxItMZUuUnprwtL5Q3rT0zs8ICX7T8jrJKgFKsdLZjae6Eq09wMZgpUzC2FgszMCIWQ2tciMKTAZOzLiIxw.mp4?_nc_cat=100&_nc_oc=AdpNnDdmg1IxdRgZ5BAphPJtm1waV7jIzCOlpRjizvKhXKJ68Uho-C3udljVvlDUZNY&_nc_sid=b66105&_nc_ht=video.forn3-2.fna.fbcdn.net&_nc_ohc=0U3MMfA5_XQQ7kNvwFCJZaV&efg=eyJ2ZW5jb2RlX3RhZyI6Inhwdl9wcm9ncmVzc2l2ZS5WSV9VU0VDQVNFX1BST0RVQ1RfVFlQRS4uQzMuNzIwLmRhc2hfaDI2NC1iYXNpYy1nZW4yXzcyMHAiLCJ4cHZfYXNzZXRfaWQiOjEyNDkyNjUzMDM3NzY5OTgsImFzc2V0X2FnZV9kYXlzIjoyNDAsInZpX3VzZWNhc2VfaWQiOjEwNzk5LCJkdXJhdGlvbl9zIjoyNiwidXJsZ2VuX3NvdXJjZSI6Ind3dyJ9&ccb=17-1&vs=14cfdecbcd36d2cf&_nc_vs=HBksFQIYRWZiX2VwaGVtZXJhbC8wMDQ5M0E1Qzg2MkUwMkYyMjEyMjhFRUEzNDg5OUQ4M19tdF8xX3ZpZGVvX2Rhc2hpbml0Lm1wNBUAAsgBEgAVAhhAZmJfcGVybWFuZW50LzhCNEE5OTlBMDZEQUU0RDJFOTJFREU4NjcwQzM3RTg1X2F1ZGlvX2Rhc2hpbml0Lm1wNBUCAsgBEgAoABgAGwKIB3VzZV9vaWwBMRJwcm9ncmVzc2l2ZV9yZWNpcGUBMRUAACbMu8vq54y4BBUCKAJDMywXQDoAAAAAAAAYGWRhc2hfaDI2NC1iYXNpYy1nZW4yXzcyMHARAHUAZd6oAQA&_nc_gid=VxaWhYWzCzfrBWVeTypVJg&_nc_ss=7a289&_nc_map=urlgen_bucketless&_nc_zt=28&oh=00_AQKg4L_2On-TaL07rURrPmrRYk7M1eNAA0uM91YVoSfzNg&oe=6AA71080,https://www.facebook.com/ads/library/?id=1425985322922403,أكبر جهاز,2026-09-09T11:03:13+00:00
2966532700349352,OM,Macrofit Coaching,2026-08-13,27,0,27,“اتمنى لو اخذت هذا الاختبار من قبل!” 🤯 | ⚡️ اختبار مجاني يكشف سرعة الايض و كيفية زيادته ⚡️ | اضغط على Learn more لتأخذ الاختبار المجاني الان!,https://macrofitcoaching.co/caloriescalculator,https://video.forn3-2.fna.fbcdn.net/o1/v/t2/f2/m366/AQPyUthEowiLEpKRfjDDMoP7D9zNlr9BDJXxpFPNU4_0CdmCd93hjwQu-Q4_JOu07ctB3AqGMMYMxEG23vPV3N0t8nfBqfRIie24pnp1DRwkkw.mp4?_nc_cat=111&_nc_oc=AdoCaRzK3B1zoHwkPFPc-nVK-xjUNEJnG0AuEk8NP5uAKRDc8WOCi6BD0xXmxcPodwM&_nc_sid=b66105&_nc_ht=video.forn3-2.fna.fbcdn.net&_nc_ohc=4rLVDgf2kS0Q7kNvwFfTkTR&efg=eyJ2ZW5jb2RlX3RhZyI6Inhwdl9wcm9ncmVzc2l2ZS5WSV9VU0VDQVNFX1BST0RVQ1RfVFlQRS4uQzMuNzIwLmRhc2hfaDI2NC1iYXNpYy1nZW4yXzcyMHAiLCJ4cHZfYXNzZXRfaWQiOjE4MTc3OTkyMTI5MzY3MjksImFzc2V0X2FnZV9kYXlzIjoyNiwidmlfdXNlY2FzZV9pZCI6MTA3OTksImR1cmF0aW9uX3MiOjYwLCJ1cmxnZW5fc291cmNlIjoid3d3In0%3D&ccb=17-1&vs=56f436121fdca8b4&_nc_vs=HBksFQIYRWZiX2VwaGVtZXJhbC82QjRDNjMzNTg4NDVERTBGMDdENzY5MUZBMEQ2QTRBNl9tdF8xX3ZpZGVvX2Rhc2hpbml0Lm1wNBUAAsgBEgAVAhhAZmJfcGVybWFuZW50L0Q4NDcyNTdEMUU2MzhBOTNDMUM1MEFGRjhDOTUwMUIwX2F1ZGlvX2Rhc2hpbml0Lm1wNBUCAsgBEgAoABgAGwKIB3VzZV9vaWwBMRJwcm9ncmVzc2l2ZV9yZWNpcGUBMRUAACayuOHF69G6BhUCKAJDMywXQE5L52yLQ5YYGWRhc2hfaDI2NC1iYXNpYy1nZW4yXzcyMHARAHUAZd6oAQA&_nc_gid=VxaWhYWzCzfrBWVeTypVJg&_nc_ss=7a289&_nc_map=urlgen_bucketless&_nc_zt=28&oh=00_AQK5KtqeLcyuSK8b05P5Q59lCHYNYHd5HzH7XLRNicQS_w&oe=6AA6FB81,https://www.facebook.com/ads/library/?id=2966532700349352,أكبر جهاز,2026-09-09T11:03:13+00:00
1921383345225467,SY,Thi9a Shop - متجر ثقة,2026-08-12,27,0,27,💡❄️ مصباح سقف متعدد الوظائف بأربعة مراوح قابلة للطي، إضاءة LED ثلاثية الألوان مع جهاز تحكم عن بعد، يوفر إضاءة ساطعة وتهوية باردة في نفس الوقت لجميع غرف المنزل! 🏠🛋️ هل تشعر بالحر الشديد في الصيف وتحتاج إلى مروحة قوية، وفي نفس الوقت تبحث عن مصباح إضاءة أنيق لا يحتل مساحة كبيرة؟ هذا المصباح المدمج بالمراوح القابلة للطي هو الحل الأمثل لمنزلك، يوفر وظيفتين في جهاز واحد بتصميم عصري جذاب 🥰 🌀 أربعة مراوح قابلة للطي مبتكرة: عند عدم الحاجة للتهوية، تطوى المراوح وتختبئ تمامًا لتبدو وكأنها مصباح سقف عادي، لا تفسد ديكور الغرفة، وتمنع الأطفال من اللمس للحفاظ على أمانهم. عند التشغيل، تفتح الأجنحة تلقائيًا لتوزيع الهواء على كامل مساحة الغرفة بفعالية فائقة. 💡 إضاءة LED عالية السطوع ثلاثية الألوان: يمكنك التبديل بين الإضاءة الدافئة، الباردة والطبيعية، ساطعة وغير مؤذية للعين، تتناسب مع الجلوس العائلي، الأكل والقراءة ليلًا. 📡 تحكم عن بعد متكامل: يمكنك ضبط سرعة المراوح، درجة السطوع ونوع الإضاءة من بعيد دون الحاجة للصعود إلى السقف، تشغيل وإيقاف بسهولة تامة. 🔇 محرك هادئ منخفض الضوضاء: لا يصدر أصوات مزعجة أثناء النوم أو القراءة، مناسب لغرف النوم وغرف الأطفال تمامًا. ⚡ موفر للطاقة عالي الكفاءة: يقلل من استهلاك الكهرباء مقارنة بالمروحات والمصابيح المنفصلة، يتحمل الاستخدام اليومي الطويل بمتانة عالية. 🎨 تصميم بسيط عصري يتناسب مع جميع أنواع الديكور المنزلي، يلائم غرف الجلوس، غرف النوم، المطابخ وغرف الأطفال. 🔥 عرض حصري لفترة محدودة فقط ⏳🎁 المخزون محدود للغاية، لا تفوت فرصة الحصول على جهاز يجمع الإضاءة والتهوية في قطعة واحدة! يدعم التسليم السريع وسياسة الإرجاع المريحة، اطلب الآن لتحصل على جو مريح | وأخيرا في سوريا 🔥❄️ | أطلب وادفع عند الاستلام 🎁,https://nervabio.mydropify.shop/lp/lp-gcc-laqwfnia,https://video.forn3-6.fna.fbcdn.net/o1/v/t2/f2/m366/AQOrZXMpZ5karZXzcnRXZNpXNrIcPJQzA3_9r3NXkSWp7chrlIc8wNuou-JvpjOSHcsV9eD76uE-Qc28Xs8u8rTxYISdrKJ3bf54YGZBxTkikA.mp4?_nc_cat=104&_nc_oc=AdoXVY14nEbgk95zuN_QsbKby-tWBu0BLqx05FdFPN4qAQ5MVHdLFYqm_MSKOkXW_HM&_nc_sid=b66105&_nc_ht=video.forn3-6.fna.fbcdn.net&_nc_ohc=T1UYf4fyEWwQ7kNvwHlDD8m&efg=eyJ2ZW5jb2RlX3RhZyI6Inhwdl9wcm9ncmVzc2l2ZS5WSV9VU0VDQVNFX1BST0RVQ1RfVFlQRS4uQzMuNzIwLmRhc2hfaDI2NC1iYXNpYy1nZW4yXzcyMHAiLCJ4cHZfYXNzZXRfaWQiOjE3OTU0NzIzOTE2MTExOTYsImFzc2V0X2FnZV9kYXlzIjo1MiwidmlfdXNlY2FzZV9pZCI6MTA3OTksImR1cmF0aW9uX3MiOjMwLCJ1cmxnZW5fc291cmNlIjoid3d3In0%3D&ccb=17-1&vs=700841f294e378dc&_nc_vs=HBksFQIYRWZiX2VwaGVtZXJhbC9GQjRFN0JBMUE1NDhFNTc3MTg3RkI2NTdBMkFCOUVBMF9tdF8xX3ZpZGVvX2Rhc2hpbml0Lm1wNBUAAsgBEgAVAhhAZmJfcGVybWFuZW50LzMyNDNERERFNUEwNTZFQ0QzQTk4NkZBRkYwQTQ0QjhDX2F1ZGlvX2Rhc2hpbml0Lm1wNBUCAsgBEgAoABgAGwKIB3VzZV9vaWwBMRJwcm9ncmVzc2l2ZV9yZWNpcGUBMRUAACb4jNnhn76wBhUCKAJDMywXQD6AAAAAAAAYGWRhc2hfaDI2NC1iYXNpYy1nZW4yXzcyMHARAHUAZd6oAQA&_nc_gid=zKqHC4PBkhdvMwvPNrK3pA&_nc_ss=7b289&_nc_map=urlgen_bucketless&_nc_zt=28&oh=00_AQI42JCF2cLfFIYQ2Wlssl-i2CHR9SacbS8RgX78JixFmQ&oe=6AA6ECF4,https://www.facebook.com/ads/library/?id=1921383345225467,جهاز تحكم بالتلفزيون عن بعد بالهاتف,2026-09-09T06:37:34+00:00
1276006994501025,SY,Thi9a Shop - متجر ثقة,2026-08-12,27,0,27,💡❄️ مصباح سقف متعدد الوظائف بأربعة مراوح قابلة للطي، إضاءة LED ثلاثية الألوان مع جهاز تحكم عن بعد، يوفر إضاءة ساطعة وتهوية باردة في نفس الوقت لجميع غرف المنزل! 🏠🛋️ هل تشعر بالحر الشديد في الصيف وتحتاج إلى مروحة قوية، وفي نفس الوقت تبحث عن مصباح إضاءة أنيق لا يحتل مساحة كبيرة؟ هذا المصباح المدمج بالمراوح القابلة للطي هو الحل الأمثل لمنزلك، يوفر وظيفتين في جهاز واحد بتصميم عصري جذاب 🥰 🌀 أربعة مراوح قابلة للطي مبتكرة: عند عدم الحاجة للتهوية، تطوى المراوح وتختبئ تمامًا لتبدو وكأنها مصباح سقف عادي، لا تفسد ديكور الغرفة، وتمنع الأطفال من اللمس للحفاظ على أمانهم. عند التشغيل، تفتح الأجنحة تلقائيًا لتوزيع الهواء على كامل مساحة الغرفة بفعالية فائقة. 💡 إضاءة LED عالية السطوع ثلاثية الألوان: يمكنك التبديل بين الإضاءة الدافئة، الباردة والطبيعية، ساطعة وغير مؤذية للعين، تتناسب مع الجلوس العائلي، الأكل والقراءة ليلًا. 📡 تحكم عن بعد متكامل: يمكنك ضبط سرعة المراوح، درجة السطوع ونوع الإضاءة من بعيد دون الحاجة للصعود إلى السقف، تشغيل وإيقاف بسهولة تامة. 🔇 محرك هادئ منخفض الضوضاء: لا يصدر أصوات مزعجة أثناء النوم أو القراءة، مناسب لغرف النوم وغرف الأطفال تمامًا. ⚡ موفر للطاقة عالي الكفاءة: يقلل من استهلاك الكهرباء مقارنة بالمروحات والمصابيح المنفصلة، يتحمل الاستخدام اليومي الطويل بمتانة عالية. 🎨 تصميم بسيط عصري يتناسب مع جميع أنواع الديكور المنزلي، يلائم غرف الجلوس، غرف النوم، المطابخ وغرف الأطفال. 🔥 عرض حصري لفترة محدودة فقط ⏳🎁 المخزون محدود للغاية، لا تفوت فرصة الحصول على جهاز يجمع الإضاءة والتهوية في قطعة واحدة! يدعم التسليم السريع وسياسة الإرجاع المريحة، اطلب الآن لتحصل على جو مريح | وأخيرا في سوريا 🔥❄️ | أطلب وادفع عند الاستلام 🎁,https://nervabio.mydropify.shop/lp/lp-gcc-laqwfnia,https://video.forn3-6.fna.fbcdn.net/o1/v/t2/f2/m412/AQMBEnfkxqt7MTDRzSPilSpK6Wt0Ly-UoPpLeRwxFN2ZqHQ_KXQjwJGmejiWVdF7ZYmwTfp9rK_zHk4ZGZY5elxegPsTy0xMNXBvHC-txQ.mp4?_nc_cat=103&_nc_oc=Adr8c8CaJhccESKMW-gVkukZXUw5oySip2Z__XJCidiDlfOfgLgQXh0yJ18AueAMGtU&_nc_sid=ef5aa3&_nc_ht=video.forn3-6.fna.fbcdn.net&_nc_ohc=RYLM5fm2QO8Q7kNvwFwJAfX&efg=eyJ2ZW5jb2RlX3RhZyI6Inhwdl9wcm9ncmVzc2l2ZS5WSV9VU0VDQVNFX1BST0RVQ1RfVFlQRS4uQzMuMzU2LnN2ZV9zZCIsInhwdl9hc3NldF9pZCI6MTY4MjEzODU0MzA4MjIzNSwiYXNzZXRfYWdlX2RheXMiOjUyLCJ2aV91c2VjYXNlX2lkIjoxMDc5OSwiZHVyYXRpb25fcyI6MTQsInVybGdlbl9zb3VyY2UiOiJ3d3cifQ%3D%3D&ccb=17-1&_nc_gid=zKqHC4PBkhdvMwvPNrK3pA&_nc_ss=7b289&_nc_map=urlgen_bucketless&_nc_zt=28&oh=00_AQJcnwXq0CotU_V6Kr6e4Ud2v74maEeBW92wug8IfJN6Ug&oe=6AA6D503,https://www.facebook.com/ads/library/?id=1276006994501025,جهاز تحكم بالتلفزيون عن بعد بالهاتف,2026-09-09T06:37:34+00:00
1033272992813781,SY,Thi9a Shop - متجر ثقة,2026-08-12,27,0,27,💡❄️ مصباح سقف متعدد الوظائف بأربعة مراوح قابلة للطي، إضاءة LED ثلاثية الألوان مع جهاز تحكم عن بعد، يوفر إضاءة ساطعة وتهوية باردة في نفس الوقت لجميع غرف المنزل! 🏠🛋️ هل تشعر بالحر الشديد في الصيف وتحتاج إلى مروحة قوية، وفي نفس الوقت تبحث عن مصباح إضاءة أنيق لا يحتل مساحة كبيرة؟ هذا المصباح المدمج بالمراوح القابلة للطي هو الحل الأمثل لمنزلك، يوفر وظيفتين في جهاز واحد بتصميم عصري جذاب 🥰 🌀 أربعة مراوح قابلة للطي مبتكرة: عند عدم الحاجة للتهوية، تطوى المراوح وتختبئ تمامًا لتبدو وكأنها مصباح سقف عادي، لا تفسد ديكور الغرفة، وتمنع الأطفال من اللمس للحفاظ على أمانهم. عند التشغيل، تفتح الأجنحة تلقائيًا لتوزيع الهواء على كامل مساحة الغرفة بفعالية فائقة. 💡 إضاءة LED عالية السطوع ثلاثية الألوان: يمكنك التبديل بين الإضاءة الدافئة، الباردة والطبيعية، ساطعة وغير مؤذية للعين، تتناسب مع الجلوس العائلي، الأكل والقراءة ليلًا. 📡 تحكم عن بعد متكامل: يمكنك ضبط سرعة المراوح، درجة السطوع ونوع الإضاءة من بعيد دون الحاجة للصعود إلى السقف، تشغيل وإيقاف بسهولة تامة. 🔇 محرك هادئ منخفض الضوضاء: لا يصدر أصوات مزعجة أثناء النوم أو القراءة، مناسب لغرف النوم وغرف الأطفال تمامًا. ⚡ موفر للطاقة عالي الكفاءة: يقلل من استهلاك الكهرباء مقارنة بالمروحات والمصابيح المنفصلة، يتحمل الاستخدام اليومي الطويل بمتانة عالية. 🎨 تصميم بسيط عصري يتناسب مع جميع أنواع الديكور المنزلي، يلائم غرف الجلوس، غرف النوم، المطابخ وغرف الأطفال. 🔥 عرض حصري لفترة محدودة فقط ⏳🎁 المخزون محدود للغاية، لا تفوت فرصة الحصول على جهاز يجمع الإضاءة والتهوية في قطعة واحدة! يدعم التسليم السريع وسياسة الإرجاع المريحة، اطلب الآن لتحصل على جو مريح | وأخيرا في سوريا 🔥❄️ | أطلب وادفع عند الاستلام 🎁,https://nervabio.mydropify.shop/lp/lp-gcc-laqwfnia,https://video.forn3-1.fna.fbcdn.net/o1/v/t2/f2/m366/AQMFsUjaPl6cwtz04G2hed2gzHp6XjviR9DRGoq6IhlA-V4iBBcUBTExQ7jPmu8wq7BeIE2XjKni12-FxnhnTtPynTTJ9yycEQjmECHSdoxWcg.mp4?_nc_cat=105&_nc_oc=AdrM_1Y0zspRunMpjK4ZKx1Murz8g4Oy46yTf-DAVbd6pdGK2rJiACttSGteORN_nM8&_nc_sid=b66105&_nc_ht=video.forn3-1.fna.fbcdn.net&_nc_ohc=t9XoSIgvvWcQ7kNvwEk0hFs&efg=eyJ2ZW5jb2RlX3RhZyI6Inhwdl9wcm9ncmVzc2l2ZS5WSV9VU0VDQVNFX1BST0RVQ1RfVFlQRS4uQzMuNzIwLmRhc2hfaDI2NC1iYXNpYy1nZW4yXzcyMHAiLCJ4cHZfYXNzZXRfaWQiOjE1MjI5Mjc4NTU5NzQyNTksImFzc2V0X2FnZV9kYXlzIjo1MiwidmlfdXNlY2FzZV9pZCI6MTA3OTksImR1cmF0aW9uX3MiOjEzLCJ1cmxnZW5fc291cmNlIjoid3d3In0%3D&ccb=17-1&vs=f777f55ad8607921&_nc_vs=HBksFQIYRWZiX2VwaGVtZXJhbC85QTQyMjMyNDBDRUU2MUY0MUIxNzJBRDM2QzlBOEE4M19tdF8xX3ZpZGVvX2Rhc2hpbml0Lm1wNBUAAsgBEgAVAhhAZmJfcGVybWFuZW50LzI3NDY1QjA4MUVBN0NFNTA3QkEzRjQyMTg4QUJDRjk2X2F1ZGlvX2Rhc2hpbml0Lm1wNBUCAsgBEgAoABgAGwKIB3VzZV9vaWwBMRJwcm9ncmVzc2l2ZV9yZWNpcGUBMRUAACbm3f3diMa0BRUCKAJDMywXQCszMzMzMzMYGWRhc2hfaDI2NC1iYXNpYy1nZW4yXzcyMHARAHUAZd6oAQA&_nc_gid=zKqHC4PBkhdvMwvPNrK3pA&_nc_ss=7b289&_nc_map=urlgen_bucketless&_nc_zt=28&oh=00_AQK49ONcYMCCvmKd1dXmWO2Zajs2YzduTaj0BPpDMdUCPA&oe=6AA6CD37,https://www.facebook.com/ads/library/?id=1033272992813781,جهاز تحكم بالتلفزيون عن بعد بالهاتف,2026-09-09T06:37:34+00:00
1377024991052797,SY,Thi9a Shop - متجر ثقة,2026-08-12,27,0,27,💡❄️ مصباح سقف متعدد الوظائف بأربعة مراوح قابلة للطي، إضاءة LED ثلاثية الألوان مع جهاز تحكم عن بعد، يوفر إضاءة ساطعة وتهوية باردة في نفس الوقت لجميع غرف المنزل! 🏠🛋️ هل تشعر بالحر الشديد في الصيف وتحتاج إلى مروحة قوية، وفي نفس الوقت تبحث عن مصباح إضاءة أنيق لا يحتل مساحة كبيرة؟ هذا المصباح المدمج بالمراوح القابلة للطي هو الحل الأمثل لمنزلك، يوفر وظيفتين في جهاز واحد بتصميم عصري جذاب 🥰 🌀 أربعة مراوح قابلة للطي مبتكرة: عند عدم الحاجة للتهوية، تطوى المراوح وتختبئ تمامًا لتبدو وكأنها مصباح سقف عادي، لا تفسد ديكور الغرفة، وتمنع الأطفال من اللمس للحفاظ على أمانهم. عند التشغيل، تفتح الأجنحة تلقائيًا لتوزيع الهواء على كامل مساحة الغرفة بفعالية فائقة. 💡 إضاءة LED عالية السطوع ثلاثية الألوان: يمكنك التبديل بين الإضاءة الدافئة، الباردة والطبيعية، ساطعة وغير مؤذية للعين، تتناسب مع الجلوس العائلي، الأكل والقراءة ليلًا. 📡 تحكم عن بعد متكامل: يمكنك ضبط سرعة المراوح، درجة السطوع ونوع الإضاءة من بعيد دون الحاجة للصعود إلى السقف، تشغيل وإيقاف بسهولة تامة. 🔇 محرك هادئ منخفض الضوضاء: لا يصدر أصوات مزعجة أثناء النوم أو القراءة، مناسب لغرف النوم وغرف الأطفال تمامًا. ⚡ موفر للطاقة عالي الكفاءة: يقلل من استهلاك الكهرباء مقارنة بالمروحات والمصابيح المنفصلة، يتحمل الاستخدام اليومي الطويل بمتانة عالية. 🎨 تصميم بسيط عصري يتناسب مع جميع أنواع الديكور المنزلي، يلائم غرف الجلوس، غرف النوم، المطابخ وغرف الأطفال. 🔥 عرض حصري لفترة محدودة فقط ⏳🎁 المخزون محدود للغاية، لا تفوت فرصة الحصول على جهاز يجمع الإضاءة والتهوية في قطعة واحدة! يدعم التسليم السريع وسياسة الإرجاع المريحة، اطلب الآن لتحصل على جو مريح | وأخيرا في سوريا 🔥❄️ | أطلب وادفع عند الاستلام 🎁,https://nervabio.mydropify.shop/lp/lp-gcc-laqwfnia,https://video.forn3-1.fna.fbcdn.net/o1/v/t2/f2/m412/AQOhFn7Tb6y0iXjELzJUF5vALZYEatZPFQUJgPVzFLRvVzZK1aspTrQZ12_EON5wLkomXZJF53SmAJRrZnSu9anysp4a87Kh4YJsbxnsyA.mp4?_nc_cat=108&_nc_oc=AdptCOeNQ4PWr80FX2XzN4eD1NwfEjK5spbKQs57SXA9sVXXA0LmaNaWzQIjM-OumL0&_nc_sid=ef5aa3&_nc_ht=video.forn3-1.fna.fbcdn.net&_nc_ohc=sy7_UsrnHzQQ7kNvwH9pD1r&efg=eyJ2ZW5jb2RlX3RhZyI6Inhwdl9wcm9ncmVzc2l2ZS5WSV9VU0VDQVNFX1BST0RVQ1RfVFlQRS4uQzMuMzU2LnN2ZV9zZCIsInhwdl9hc3NldF9pZCI6MTA1NTY5NDIxMDI2NjI2MCwiYXNzZXRfYWdlX2RheXMiOjUyLCJ2aV91c2VjYXNlX2lkIjoxMDc5OSwiZHVyYXRpb25fcyI6MTQsInVybGdlbl9zb3VyY2UiOiJ3d3cifQ%3D%3D&ccb=17-1&_nc_gid=ZXZ31KrHWXwIvdXki_uofA&_nc_ss=7b289&_nc_map=urlgen_bucketless&_nc_zt=28&oh=00_AQL2kdX-vtA-RdFsI2e2Y5FAqnMwkyrq4VXXYYqFywCU3w&oe=6AA6DB42,https://www.facebook.com/ads/library/?id=1377024991052797,جهاز تحكم بالتلفزيون عن بعد بالهاتف,2026-09-09T06:37:34+00:00
1359241422470908,SY,Thi9a Shop - متجر ثقة,2026-08-12,27,0,27,💡❄️ مصباح سقف متعدد الوظائف بأربعة مراوح قابلة للطي، إضاءة LED ثلاثية الألوان مع جهاز تحكم عن بعد، يوفر إضاءة ساطعة وتهوية باردة في نفس الوقت لجميع غرف المنزل! 🏠🛋️ هل تشعر بالحر الشديد في الصيف وتحتاج إلى مروحة قوية، وفي نفس الوقت تبحث عن مصباح إضاءة أنيق لا يحتل مساحة كبيرة؟ هذا المصباح المدمج بالمراوح القابلة للطي هو الحل الأمثل لمنزلك، يوفر وظيفتين في جهاز واحد بتصميم عصري جذاب 🥰 🌀 أربعة مراوح قابلة للطي مبتكرة: عند عدم الحاجة للتهوية، تطوى المراوح وتختبئ تمامًا لتبدو وكأنها مصباح سقف عادي، لا تفسد ديكور الغرفة، وتمنع الأطفال من اللمس للحفاظ على أمانهم. عند التشغيل، تفتح الأجنحة تلقائيًا لتوزيع الهواء على كامل مساحة الغرفة بفعالية فائقة. 💡 إضاءة LED عالية السطوع ثلاثية الألوان: يمكنك التبديل بين الإضاءة الدافئة، الباردة والطبيعية، ساطعة وغير مؤذية للعين، تتناسب مع الجلوس العائلي، الأكل والقراءة ليلًا. 📡 تحكم عن بعد متكامل: يمكنك ضبط سرعة المراوح، درجة السطوع ونوع الإضاءة من بعيد دون الحاجة للصعود إلى السقف، تشغيل وإيقاف بسهولة تامة. 🔇 محرك هادئ منخفض الضوضاء: لا يصدر أصوات مزعجة أثناء النوم أو القراءة، مناسب لغرف النوم وغرف الأطفال تمامًا. ⚡ موفر للطاقة عالي الكفاءة: يقلل من استهلاك الكهرباء مقارنة بالمروحات والمصابيح المنفصلة، يتحمل الاستخدام اليومي الطويل بمتانة عالية. 🎨 تصميم بسيط عصري يتناسب مع جميع أنواع الديكور المنزلي، يلائم غرف الجلوس، غرف النوم، المطابخ وغرف الأطفال. 🔥 عرض حصري لفترة محدودة فقط ⏳🎁 المخزون محدود للغاية، لا تفوت فرصة الحصول على جهاز يجمع الإضاءة والتهوية في قطعة واحدة! يدعم التسليم السريع وسياسة الإرجاع المريحة، اطلب الآن لتحصل على جو مريح | وأخيرا في سوريا 🔥❄️ | أطلب وادفع عند الاستلام 🎁,https://nervabio.mydropify.shop/lp/lp-gcc-laqwfnia,https://video.forn3-5.fna.fbcdn.net/o1/v/t2/f2/m366/AQNY1ir1OuAQJH1QzqC6acvDtRw_BQK6-vtSa3khFrh__JwuL22d_85rXKIUT-JdRogbsLPD-L8D2j2Tx8z18CF_wykzbRmJSyaKDnHVP98jsQ.mp4?_nc_cat=102&_nc_oc=AdrswLVpu6wGfDKBdf8b4oc2x5tE_WLhWj6k_XL_E0TLCvGrK8_8eSKQUjCuj-SztbM&_nc_sid=b66105&_nc_ht=video.forn3-5.fna.fbcdn.net&_nc_ohc=CkJH3a2Jsh4Q7kNvwF50MWH&efg=eyJ2ZW5jb2RlX3RhZyI6Inhwdl9wcm9ncmVzc2l2ZS5WSV9VU0VDQVNFX1BST0RVQ1RfVFlQRS4uQzMuNzIwLmRhc2hfaDI2NC1iYXNpYy1nZW4yXzcyMHAiLCJ4cHZfYXNzZXRfaWQiOjE0OTIzMDEwNjk1ODE2NDAsImFzc2V0X2FnZV9kYXlzIjo1MiwidmlfdXNlY2FzZV9pZCI6MTA3OTksImR1cmF0aW9uX3MiOjM2LCJ1cmxnZW5fc291cmNlIjoid3d3In0%3D&ccb=17-1&vs=9f83573a9fb2ab90&_nc_vs=HBksFQIYRWZiX2VwaGVtZXJhbC9GMTQ2RDVBODZDM0UwNjM3RkIxOTA0QTE2MjAzMTVBRV9tdF8xX3ZpZGVvX2Rhc2hpbml0Lm1wNBUAAsgBEgAVAhhAZmJfcGVybWFuZW50L0Q2NEFBMzRDQ0IyRkUwMDA2QjNGNkYyNzI1MjIwREI3X2F1ZGlvX2Rhc2hpbml0Lm1wNBUCAsgBEgAoABgAGwKIB3VzZV9vaWwBMRJwcm9ncmVzc2l2ZV9yZWNpcGUBMRUAACaQ9bOyrc-mBRUCKAJDMywXQEIRBiTdLxsYGWRhc2hfaDI2NC1iYXNpYy1nZW4yXzcyMHARAHUAZd6oAQA&_nc_gid=ZXZ31KrHWXwIvdXki_uofA&_nc_ss=7b289&_nc_map=urlgen_bucketless&_nc_zt=28&oh=00_AQIh1XZD1BftffmnMcQEAzlllImJi9zjdDbVn0zEBfXrDw&oe=6AA6C832,https://www.facebook.com/ads/library/?id=1359241422470908,جهاز تحكم بالتلفزيون عن بعد بالهاتف,2026-09-09T06:37:34+00:00
1683231040478468,OM,Macrofit Coaching,2026-08-14,26,0,26,“اتمنى لو اخذت هذا الاختبار من قبل!” 🤯 | ⚡️ اختبار مجاني يكشف سرعة الايض و كيفية زيادته ⚡️ | اضغط على Learn more لتأخذ الاختبار المجاني الان!,https://macrofitcoaching.co/caloriescalculator,https://video.forn3-6.fna.fbcdn.net/o1/v/t2/f2/m366/AQNyUktY7Ooappbz-srOaMT4FCWQx7YRJ10Z5bEL8gh1mkHwkycItKd-Ll9vMmwpxpTYTukmJxtl45FrA46nMbe_mDzYYm6lm0ZFGXjE1oWx1A.mp4?_nc_cat=110&_nc_oc=AdrJZ7tZ5ZJuGZBGsWhkZR41SyS2Pr9qNnY-0eISp1PEd2Kx53Dyjo-WPZJ7vBGB6Gs&_nc_sid=b66105&_nc_ht=video.forn3-6.fna.fbcdn.net&_nc_ohc=KbrO9Yypcm4Q7kNvwGpDkzq&efg=eyJ2ZW5jb2RlX3RhZyI6Inhwdl9wcm9ncmVzc2l2ZS5WSV9VU0VDQVNFX1BST0RVQ1RfVFlQRS4uQzMuNzIwLmRhc2hfaDI2NC1iYXNpYy1nZW4yXzcyMHAiLCJ4cHZfYXNzZXRfaWQiOjQzNDY1MjYyNjU1NTkzMzEsImFzc2V0X2FnZV9kYXlzIjoyNiwidmlfdXNlY2FzZV9pZCI6MTA3OTksImR1cmF0aW9uX3MiOjYzLCJ1cmxnZW5fc291cmNlIjoid3d3In0%3D&ccb=17-1&vs=f8191b350e38102a&_nc_vs=HBksFQIYRWZiX2VwaGVtZXJhbC9EQjQ0Nzk0OTVERDJGQjIxMzU0M0YxNEUxMDVCRTc5Ml9tdF8xX3ZpZGVvX2Rhc2hpbml0Lm1wNBUAAsgBEgAVAhhAZmJfcGVybWFuZW50L0NBNEQxMDA0MjlCRENBQjdENDM5NjE1NjlCMzgxOUI3X2F1ZGlvX2Rhc2hpbml0Lm1wNBUCAsgBEgAoABgAGwKIB3VzZV9vaWwBMRJwcm9ncmVzc2l2ZV9yZWNpcGUBMRUAACbGpIahkMm4DxUCKAJDMywXQE_Qo9cKPXEYGWRhc2hfaDI2NC1iYXNpYy1nZW4yXzcyMHARAHUAZd6oAQA&_nc_gid=VxaWhYWzCzfrBWVeTypVJg&_nc_ss=7a289&_nc_map=urlgen_bucketless&_nc_zt=28&oh=00_AQJu4XC3reINXW4hMkQRX0qCw4pPJ6HwvMwb0_LKrNdPpw&oe=6AA6F3BE,https://www.facebook.com/ads/library/?id=1683231040478468,أكبر جهاز,2026-09-09T11:03:13+00:00
1065779902512423,OM,Macrofit Coaching,2026-08-14,26,0,26,“اتمنى لو اخذت هذا الاختبار من قبل!” 🤯 | ⚡️ اختبار مجاني يكشف سرعة الايض و كيفية زيادته ⚡️ | اضغط على Learn more لتأخذ الاختبار المجاني الان!,https://macrofitcoaching.co/caloriescalculator,https://video.forn3-1.fna.fbcdn.net/o1/v/t2/f2/m366/AQOzxDdk3eDowDQR6fUsHSRqEWGcEYwJlXH91Ni1UtReLxLzByeEVej16gwCsBdfduaPTsv7hY_MGuNm9CSn5vMRLSqIg3GNp1ZVqUM-JJF8Og.mp4?_nc_cat=111&_nc_oc=AdoEA0tAOcSgiTvbwTi2LDc7TelgF1U0WWKbE0Vn9bOgSKjIy3eD444gxNhBiGy9Tzk&_nc_sid=b66105&_nc_ht=video.forn3-1.fna.fbcdn.net&_nc_ohc=CbV7CrNrWJQQ7kNvwGciC36&efg=eyJ2ZW5jb2RlX3RhZyI6Inhwdl9wcm9ncmVzc2l2ZS5WSV9VU0VDQVNFX1BST0RVQ1RfVFlQRS4uQzMuNzIwLmRhc2hfaDI2NC1iYXNpYy1nZW4yXzcyMHAiLCJ4cHZfYXNzZXRfaWQiOjE0ODA2MTUyMDcyMDQ0NDgsImFzc2V0X2FnZV9kYXlzIjoyNSwidmlfdXNlY2FzZV9pZCI6MTA3OTksImR1cmF0aW9uX3MiOjY0LCJ1cmxnZW5fc291cmNlIjoid3d3In0%3D&ccb=17-1&vs=2e63661dd0a0eca2&_nc_vs=HBksFQIYRWZiX2VwaGVtZXJhbC8yRTRDMkEwNDJDQzY1MUQ1RDBFMTg5MEQyQTE2MDRCMl9tdF8xX3ZpZGVvX2Rhc2hpbml0Lm1wNBUAAsgBEgAVAhhAZmJfcGVybWFuZW50L0NCNDg3NEREM0ZBQzdDOEE0NjIzNTYwRjVGNzk1N0JFX2F1ZGlvX2Rhc2hpbml0Lm1wNBUCAsgBEgAoABgAGwKIB3VzZV9vaWwBMRJwcm9ncmVzc2l2ZV9yZWNpcGUBMRUAACbA2cv3kqehBRUCKAJDMywXQFAdsi0OVgQYGWRhc2hfaDI2NC1iYXNpYy1nZW4yXzcyMHARAHUAZd6oAQA&_nc_gid=VxaWhYWzCzfrBWVeTypVJg&_nc_ss=7a289&_nc_map=urlgen_bucketless&_nc_zt=28&oh=00_AQI0c1mbxrFrLeLDtBE6tNqBAR-sK99fy508qSihCgGFxA&oe=6AA70D31,https://www.facebook.com/ads/library/?id=1065779902512423,أكبر جهاز,2026-09-09T11:03:13+00:00
1377631871216387,OM,Macrofit Coaching,2026-08-14,26,0,26,“اتمنى لو اخذت هذا الاختبار من قبل!” 🤯 | ⚡️ اختبار مجاني يكشف سرعة الايض و كيفية زيادته ⚡️ | اضغط على Learn more لتأخذ الاختبار المجاني الان!,https://macrofitcoaching.co/caloriescalculator,https://video.forn3-2.fna.fbcdn.net/o1/v/t2/f2/m366/AQPXP0wUIMkmuC1eRtfKKnyBV-tpkCR9jpRaqCOKzLTmCSFAviM4AETt7vt4ns1kfmHL7UTPo_jQQBSeisYGYcLa8IyqaHsGS68QwzrRp6hn9w.mp4?_nc_cat=108&_nc_oc=AdqWUzXqUrOtIc6XZc25XwuCFLOTwPAtuVTSoiD0fERRXd5_6zhhLcNLak-CABsnmR4&_nc_sid=b66105&_nc_ht=video.forn3-2.fna.fbcdn.net&_nc_ohc=IrOomBBFubIQ7kNvwFThkSe&efg=eyJ2ZW5jb2RlX3RhZyI6Inhwdl9wcm9ncmVzc2l2ZS5WSV9VU0VDQVNFX1BST0RVQ1RfVFlQRS4uQzMuNzIwLmRhc2hfaDI2NC1iYXNpYy1nZW4yXzcyMHAiLCJ4cHZfYXNzZXRfaWQiOjE0MjgyMDY0NDI2OTAwNzgsImFzc2V0X2FnZV9kYXlzIjoyNSwidmlfdXNlY2FzZV9pZCI6MTA3OTksImR1cmF0aW9uX3MiOjY1LCJ1cmxnZW5fc291cmNlIjoid3d3In0%3D&ccb=17-1&vs=18c769f23124acb4&_nc_vs=HBksFQIYRWZiX2VwaGVtZXJhbC8xNTQ5NjRCQjdCMDk4N0U4REM0RDZGQUEyQ0NDMTc5Nl9tdF8xX3ZpZGVvX2Rhc2hpbml0Lm1wNBUAAsgBEgAVAhhAZmJfcGVybWFuZW50Lzk3NDE0QzhDODgyRkYxOUY1ODgzN0M1MzU1RTVDQTk3X2F1ZGlvX2Rhc2hpbml0Lm1wNBUCAsgBEgAoABgAGwKIB3VzZV9vaWwBMRJwcm9ncmVzc2l2ZV9yZWNpcGUBMRUAACa82PWax7yJBRUCKAJDMywXQFBqj1wo9cMYGWRhc2hfaDI2NC1iYXNpYy1nZW4yXzcyMHARAHUAZd6oAQA&_nc_gid=CceyMiVC_7yQsEwiJ3v_0Q&_nc_ss=7b289&_nc_map=urlgen_bucketless&_nc_zt=28&oh=00_AQKx32RTwEp6c1itSTwHg78QJX4xpt5f-Jbs6cAzfan9nA&oe=6AA70D74,https://www.facebook.com/ads/library/?id=1377631871216387,ساعة بس لو,2026-09-09T09:07:46+00:00
1333447352111728,OM,Macrofit Coaching,2026-08-14,26,0,26,“اتمنى لو اخذت هذا الاختبار من قبل!” 🤯 | ⚡️ اختبار مجاني يكشف سرعة الايض و كيفية زيادته ⚡️ | اضغط على Learn more لتأخذ الاختبار المجاني الان!,https://macrofitcoaching.co/caloriescalculator,https://video.forn3-5.fna.fbcdn.net/o1/v/t2/f2/m366/AQMtvGXeqWPzE8zIf3NUN0Dox0L_2xln4IO3LP9QAmNafGgo3DxDxhb-H6Blb1evsTK9s0Wt09H-MJfJmrAT5OqXnoY89IFR7k4PaDtJxlkXOQ.mp4?_nc_cat=108&_nc_oc=AdrlF1pqAZDxA0lF8iG3yxs7GsCEYY3GdEGuR4-6KR6DR6JwzewiWtxs0Ok5qamXkrs&_nc_sid=b66105&_nc_ht=video.forn3-5.fna.fbcdn.net&_nc_ohc=PStBfFCRn5EQ7kNvwE0BYA8&efg=eyJ2ZW5jb2RlX3RhZyI6Inhwdl9wcm9ncmVzc2l2ZS5WSV9VU0VDQVNFX1BST0RVQ1RfVFlQRS4uQzMuNzIwLmRhc2hfaDI2NC1iYXNpYy1nZW4yXzcyMHAiLCJ4cHZfYXNzZXRfaWQiOjE5NzgzMjY5ODk1MzI3OTAsImFzc2V0X2FnZV9kYXlzIjoyNiwidmlfdXNlY2FzZV9pZCI6MTA3OTksImR1cmF0aW9uX3MiOjY2LCJ1cmxnZW5fc291cmNlIjoid3d3In0%3D&ccb=17-1&vs=3c87b08cb4341278&_nc_vs=HBksFQIYRWZiX2VwaGVtZXJhbC8xODQxNjIxRjFFREEzQjBGRjI2RTFBRjU5RDMwNDk5RF9tdF8xX3ZpZGVvX2Rhc2hpbml0Lm1wNBUAAsgBEgAVAhhAZmJfcGVybWFuZW50L0M0NDYyMkFDNzlGNTlDQkVBQkEyM0M5NEFDQTg0OUI0X2F1ZGlvX2Rhc2hpbml0Lm1wNBUCAsgBEgAoABgAGwKIB3VzZV9vaWwBMRJwcm9ncmVzc2l2ZV9yZWNpcGUBMRUAACbsua_X5NGDBxUCKAJDMywXQFC5mZmZmZoYGWRhc2hfaDI2NC1iYXNpYy1nZW4yXzcyMHARAHUAZd6oAQA&_nc_gid=T7CDjSxSURtEaH0gdtS9BA&_nc_ss=7b289&_nc_map=urlgen_bucketless&_nc_zt=28&oh=00_AQJ8LFQVZSsT-jvcqOU1u6qCFidqJEh29_4iBMS1VFq7Qw&oe=6AA6EF48,https://www.facebook.com/ads/library/?id=1333447352111728,ساعة بس لو,2026-09-09T09:07:46+00:00
3452876134891163,JO,محمد انشاصي,2026-08-14,26,0,26,"🛑 العرض المبكر على وشك الانتهاء لو لسا مهتم ببناء فريق موظفي الذكاء الاصطناعي الخاص بك عبر Claude هذا الوقت المناسب للبدء من خلال دورة مختبر Claude جدول الدورة رح يكون: ١- اليوم الاول رح تحترف استخدام Claude وتكسر حاجز الاستخدام العادي لأدوات الذكاء الاصطناعي ببناءك لأول عقل رقمي. ٢- اليوم الثاني: بناء فريق كامل من الموظفين ٣- اليوم الثالث: اتمتة مهام الفريق لتسريع عملية تطوير البزنس ما بتحتاج أي خبرة تقنية ولا سطر كود واحد. اضغط على زر ""اشترك الان"" لتحجز مقعدك رابط التسجيل : https://enshassi.com/claude-lab-main | قم ببناء فريق موظفي عبر Claude | 🛑 العرض على وشك الانتهاء",https://enshassi.com/claude-lab-main,https://video.forn3-2.fna.fbcdn.net/o1/v/t2/f2/m366/AQO10zNx7sRcWfbz0MFBkHDgA4uxkt_egg_4_-oB_lFELurY-M8mllUwnUYgsaIJdQAAARBgDvk7nLyazgH_E2NRKsX3C9L5xWQLmK8EufftYg.mp4?_nc_cat=100&_nc_oc=AdpbIjRnJIn8Osn9G5HwyoD9beLLlpcw8J6SgXSgbpAdHl-oxGt2p7YLUbSdBfDx6Eg&_nc_sid=b66105&_nc_ht=video.forn3-2.fna.fbcdn.net&_nc_ohc=QCqMoyN45W4Q7kNvwEupNGa&efg=eyJ2ZW5jb2RlX3RhZyI6Inhwdl9wcm9ncmVzc2l2ZS5WSV9VU0VDQVNFX1BST0RVQ1RfVFlQRS4uQzMuNzIwLmRhc2hfaDI2NC1iYXNpYy1nZW4yXzcyMHAiLCJ4cHZfYXNzZXRfaWQiOjQ0NzMxNTczNDYzNDU3NjUsImFzc2V0X2FnZV9kYXlzIjoyNiwidmlfdXNlY2FzZV9pZCI6MTA3OTksImR1cmF0aW9uX3MiOjI4LCJ1cmxnZW5fc291cmNlIjoid3d3In0%3D&ccb=17-1&vs=fabeb2d5995fe5e&_nc_vs=HBksFQIYRWZiX2VwaGVtZXJhbC83MTQzMDI4RkZENTUxMUI4QjNFOUY3MzExMTM0MUU4N19tdF8xX3ZpZGVvX2Rhc2hpbml0Lm1wNBUAAsgBEgAVAhhAZmJfcGVybWFuZW50L0M1NDE0RkYwRTE5MkZERUQ5MjhGOUUwODMxOURFQzkyX2F1ZGlvX2Rhc2hpbml0Lm1wNBUCAsgBEgAoABgAGwKIB3VzZV9vaWwBMRJwcm9ncmVzc2l2ZV9yZWNpcGUBMRUAACbKjLqqg5TyDxUCKAJDMywXQDyIcrAgxJwYGWRhc2hfaDI2NC1iYXNpYy1nZW4yXzcyMHARAHUAZd6oAQA&_nc_gid=irtyDX8J64Xxey-QH28dgg&_nc_ss=7b289&_nc_map=urlgen_bucketless&_nc_zt=28&oh=00_AQJ5Jnz-5REw17P_iKBm7iEnaMEcPwpCm9shh6NDOWK2DA&oe=6AA6ECA8,https://www.facebook.com/ads/library/?id=3452876134891163,لمدة ساعة بس لو,2026-09-09T09:06:13+00:00
27140304945644472,JO,محمد انشاصي,2026-08-14,26,0,26,"🛑 العرض المبكر على وشك الانتهاء لو لسا مهتم ببناء فريق موظفي الذكاء الاصطناعي الخاص بك عبر Claude هذا الوقت المناسب للبدء من خلال دورة مختبر Claude جدول الدورة رح يكون: ١- اليوم الاول رح تحترف استخدام Claude وتكسر حاجز الاستخدام العادي لأدوات الذكاء الاصطناعي ببناءك لأول عقل رقمي. ٢- اليوم الثاني: بناء فريق كامل من الموظفين ٣- اليوم الثالث: اتمتة مهام الفريق لتسريع عملية تطوير البزنس ما بتحتاج أي خبرة تقنية ولا سطر كود واحد. اضغط على زر ""اشترك الان"" لتحجز مقعدك رابط التسجيل : https://enshassi.com/claude-lab-main | قم ببناء فريق موظفي عبر Claude | 🛑 العرض على وشك الانتهاء",https://enshassi.com/claude-lab-main,https://video.forn3-2.fna.fbcdn.net/o1/v/t2/f2/m366/AQO10zNx7sRcWfbz0MFBkHDgA4uxkt_egg_4_-oB_lFELurY-M8mllUwnUYgsaIJdQAAARBgDvk7nLyazgH_E2NRKsX3C9L5xWQLmK8EufftYg.mp4?_nc_cat=100&_nc_oc=AdpbIjRnJIn8Osn9G5HwyoD9beLLlpcw8J6SgXSgbpAdHl-oxGt2p7YLUbSdBfDx6Eg&_nc_sid=b66105&_nc_ht=video.forn3-2.fna.fbcdn.net&_nc_ohc=QCqMoyN45W4Q7kNvwEupNGa&efg=eyJ2ZW5jb2RlX3RhZyI6Inhwdl9wcm9ncmVzc2l2ZS5WSV9VU0VDQVNFX1BST0RVQ1RfVFlQRS4uQzMuNzIwLmRhc2hfaDI2NC1iYXNpYy1nZW4yXzcyMHAiLCJ4cHZfYXNzZXRfaWQiOjQ0NzMxNTczNDYzNDU3NjUsImFzc2V0X2FnZV9kYXlzIjoyNiwidmlfdXNlY2FzZV9pZCI6MTA3OTksImR1cmF0aW9uX3MiOjI4LCJ1cmxnZW5fc291cmNlIjoid3d3In0%3D&ccb=17-1&vs=fabeb2d5995fe5e&_nc_vs=HBksFQIYRWZiX2VwaGVtZXJhbC83MTQzMDI4RkZENTUxMUI4QjNFOUY3MzExMTM0MUU4N19tdF8xX3ZpZGVvX2Rhc2hpbml0Lm1wNBUAAsgBEgAVAhhAZmJfcGVybWFuZW50L0M1NDE0RkYwRTE5MkZERUQ5MjhGOUUwODMxOURFQzkyX2F1ZGlvX2Rhc2hpbml0Lm1wNBUCAsgBEgAoABgAGwKIB3VzZV9vaWwBMRJwcm9ncmVzc2l2ZV9yZWNpcGUBMRUAACbKjLqqg5TyDxUCKAJDMywXQDyIcrAgxJwYGWRhc2hfaDI2NC1iYXNpYy1nZW4yXzcyMHARAHUAZd6oAQA&_nc_gid=irtyDX8J64Xxey-QH28dgg&_nc_ss=7b289&_nc_map=urlgen_bucketless&_nc_zt=28&oh=00_AQJ5Jnz-5REw17P_iKBm7iEnaMEcPwpCm9shh6NDOWK2DA&oe=6AA6ECA8,https://www.facebook.com/ads/library/?id=27140304945644472,لمدة ساعة بس لو,2026-09-09T09:06:13+00:00
1940869253246585,MA,NewShopy,2026-08-15,25,0,25,🚗✨ خلي سيارتك مختلفة ومميزة مع لوحة LED Matrix الذكية! 💡 لوحة LED متعددة الألوان RGB 📱 تحكم بسهولة عبر الهاتف 🎮 ريموت كنترول مرفق ✍️ اكتب اسمك أو أي رسالة تريدها 🖼️ إمكانية عرض الصور والرموز 🎵 تأثيرات وحركات ضوئية متنوعة ⏰ عرض الساعة والتاريخ 🛠️ إمكانية تصميم رسائل وتأثيرات خاصة بك 🔥 مناسبة للسيارات، لإضافة لمسة مميزة لسيارتك. 📩 راسلنا الآن لمعرفة السعر وطلب المنتج! 🚚 التوصيل متوفر. | 🔥 لوحة LED ذكية للسيارة — اكتب أي شيء تريده! | لوحة LED ذكية ومتعددة الألوان، تتيح لك عرض النصوص والصور والتأثيرات الضوئية والتحكم فيها بسهولة عبر الهاتف أو جهاز التحكم عن بعد. ✨ RGB متعدد الألوان 📱 تحكم عبر الهاتف 🎮 ريموت كنترول ✍️ كتابة النصوص والرسائل 🖼️ عرض الصور والرموز 🎵 تأثيرات وحركات مختلفة ⏰ الساعة والتاريخ 🚗 تصميم مميز للسيارات,https://api.whatsapp.com/send,https://video.forn3-2.fna.fbcdn.net/o1/v/t2/f2/m366/AQOdmPCMj3ZID5Rwp6aCQIgtClIYRq3w-XYa2v5o2BIUyAnVvGGBwd4zh0JSV-g2tm79ukf0n2yluaRDTiS6ljwiwmmclgEs63IyRKMx7RgAFg.mp4?_nc_cat=106&_nc_oc=AdpNehLjn73_f_gofuMP1xTYwjw4AqyVIvqIui0jG-JNnx5t9VQfdyaxoddiSiAX3Qg&_nc_sid=b66105&_nc_ht=video.forn3-2.fna.fbcdn.net&_nc_ohc=_sHPrRjvyp4Q7kNvwEaERSi&efg=eyJ2ZW5jb2RlX3RhZyI6Inhwdl9wcm9ncmVzc2l2ZS5WSV9VU0VDQVNFX1BST0RVQ1RfVFlQRS4uQzMuNzIwLmRhc2hfaDI2NC1iYXNpYy1nZW4yXzcyMHAiLCJ4cHZfYXNzZXRfaWQiOjIwNjY1MzkzNjM5NDg3MDEsImFzc2V0X2FnZV9kYXlzIjoyNCwidmlfdXNlY2FzZV9pZCI6MTA3OTksImR1cmF0aW9uX3MiOjI0LCJ1cmxnZW5fc291cmNlIjoid3d3In0%3D&ccb=17-1&vs=41f9b8ae390329da&_nc_vs=HBksFQIYRWZiX2VwaGVtZXJhbC8xNDQwOEM0QkRCNDU1MDFEMjZFQjEzNzBCQ0Q1MDA5NF9tdF8xX3ZpZGVvX2Rhc2hpbml0Lm1wNBUAAsgBEgAVAhhAZmJfcGVybWFuZW50LzRDNDIzRjk5QjIzMUIwQjMxNkUxMjYyRjA4MjNFREFGX2F1ZGlvX2Rhc2hpbml0Lm1wNBUCAsgBEgAoABgAGwKIB3VzZV9vaWwBMRJwcm9ncmVzc2l2ZV9yZWNpcGUBMRUAACa64p6LtuCrBxUCKAJDMywXQDhMzMzMzM0YGWRhc2hfaDI2NC1iYXNpYy1nZW4yXzcyMHARAHUAZd6oAQA&_nc_gid=g2EZ6B5NxzjNmHGEjs2dug&_nc_ss=7b289&_nc_map=urlgen_bucketless&_nc_zt=28&oh=00_AQLuhjbT2iKJ8gDhNy1z82m74hxRI0aa2eP5ojYLtbFr7Q&oe=6AA6F90E,https://www.facebook.com/ads/library/?id=1940869253246585,جهاز تحكم بعد، يوفر,2026-09-09T11:07:45+00:00
2350748888788991,KW,Brightbern52,2026-08-15,25,0,25,"🌙 حول منزلك إلى واحة باردة مهما كانت حرارة الخارج! ✨ مكيف JS الجداري العملاق: تبريد إعصاري يقهر الـ 50 درجة، تقنية توفير الطاقة، وهدوء تام يمنحك الراحة التي تستحقها! 🌬️❄️🔋🛡️🚨 ⚠️ تنبيه عاجل: بضاعة ""أصلية"" جاهزة في مستودعاتنا المحلية! شحن سريع بخصوصية تامة! 🚚 استلم ""انتعاشك"" خلال 48-72 ساعة! بسبب الارتفاع العالمي في تكاليف الشحن، هذه آخر دفعة بخصم 50%.. العرض ساري حتى نفاد الكمية! ⚠️ هل تعاني من حرارة الصيف الحارقة وأصوات المكيفات المزعجة؟ مكيف JS المطور مصمم خصيصاً ليمنحك تبريداً ثلجياً في ثوانٍ معدودة. بفضل ضاغط ""إنفرتر"" المتطور، يوفر لك برودة مثالية مع استهلاك أقل للكهرباء، مما يجعله الخيار الأذكى لمنزلك وميزانيتك. ❄️ تبريد فائق وسريع: قوة دفع هواء هائلة تغطي الغرفة بالكامل وتخفض الحرارة فوراً، حتى في أيام الصيف الأكثر حرارة. 🔋 توفير ذكي للكهرباء: تقنية متطورة تقلل من استهلاك الطاقة بنسبة تصل إلى 40%، مما يحافظ على برودة منزلك وفاتورة منخفضة. 🛡️ تصميم مقاوم للغبار والرمال: مزود بمرشحات عالية الجودة تنقي الهواء من الغبار والروائح، وتطيل عمر الجهاز في بيئة الخليج. 💤 هدوء المكتبة: يعمل بصوت خافت جداً لا يكاد يُسمع، لضمان نوم هادئ وعميق لك ولعائلتك. 🔥 استمتع بالبرودة المطلقة بنصف السعر اليوم: ✅ شحن سريع (48-72 ساعة) ⚡ إلى باب منزلك مباشرة. ✅ الدفع عند الاستلام (COD) 🤝: افحص قوة التبريد والجودة بنفسك قبل الدفع! ✅ عرض الـ 50%: احصل على أقوى مكيف جداري بنصف السعر الآن! 👇 لطلب المكيف الجداري بخصم 50%، اضغط هنا: #تجهيزات_المنزل #مكيفات #راحة #توفير_الطاقة #تكنولوجيا #نمط_حياة #انتعاش #منزل_ذكي #HomeAppliances #AirConditioner #EnergySaving #SmartHome #SummerEssentials #CoolingSystem | ✅ الدفع عند الاستلام (COD) 🤝: افحص قوة التبريد والجودة بنفسك قبل الدفع!",https://smartmarket-zone.com/detail/fcFDQGva0E7akNxofWMQ?utm_content={{campaign.id}}&from=facebook&adset_id={{adset.id}}&ad_id={{ad.id}}&opt_id=635676,https://video.forn3-6.fna.fbcdn.net/o1/v/t2/f2/m366/AQNpvVfYxWCj8EEsDHgC0qkRuV1B9R6qOyTBDhaZa-AIr9FNLbStITSX7ScG1iGPRTV0RqVaokAQ6nfD765Smxi7uiT98mh5kxwJph50sc3vcg.mp4?_nc_cat=109&_nc_oc=Adod2sEGYFDNfJX7zQru3C2NOYRa9mloqVZCA8wo320HC8n1NsnImS-9qDHaOZJX6ys&_nc_sid=b66105&_nc_ht=video.forn3-6.fna.fbcdn.net&_nc_ohc=cyiGo9D4Sz4Q7kNvwHUcic-&efg=eyJ2ZW5jb2RlX3RhZyI6Inhwdl9wcm9ncmVzc2l2ZS5WSV9VU0VDQVNFX1BST0RVQ1RfVFlQRS4uQzMuNzIwLmRhc2hfaDI2NC1iYXNpYy1nZW4yXzcyMHAiLCJ4cHZfYXNzZXRfaWQiOjI4MDc2NTY4NDExOTc4MTgyLCJhc3NldF9hZ2VfZGF5cyI6MjUsInZpX3VzZWNhc2VfaWQiOjEwMTM5LCJkdXJhdGlvbl9zIjoyNCwidXJsZ2VuX3NvdXJjZSI6Ind3dyJ9&ccb=17-1&vs=31549df646eae3b2&_nc_vs=HBksFQIYRWZiX2VwaGVtZXJhbC81RjRCNDlFOTc4NUQwNzg4MjY2RTgxRjhCRTk3ODM5OF9tdF8xX3ZpZGVvX2Rhc2hpbml0Lm1wNBUAAsgBEgAVAhhAZmJfcGVybWFuZW50LzUzNEU1MUE1QzRGQkQzMEQyODNFNDUzNUI4RDM1Q0JDX2F1ZGlvX2Rhc2hpbml0Lm1wNBUCAsgBEgAoABgAGwKIB3VzZV9vaWwBMRJwcm9ncmVzc2l2ZV9yZWNpcGUBMRUAACaM56nrr9_fYxUCKAJDMywXQDgZmZmZmZoYGWRhc2hfaDI2NC1iYXNpYy1nZW4yXzcyMHARAHUAZbaeAQA&_nc_gid=qKwEYoWEH9ntVJ3wHjsdJQ&_nc_ss=7b289&_nc_map=urlgen_bucketless&_nc_zt=28&oh=00_AQLiJ5-a6aZI2jdaHWncS5sH9S6FYpS0EKvlrJQvEoImOg&oe=6AA71E3F,https://www.facebook.com/ads/library/?id=2350748888788991,جهاز تحكم,2026-09-09T11:07:13+00:00
28226255643730529,KW,Tashkeeel Online Store Kuwait,2026-08-15,25,0,25,"✨️يوفر جهاز التدليك LYXUN بتقنية محاكاة اليد البشرية تدليكًا مريحًا بالعجن، يساعد على إرخاء العضلات المتعبة وتخفيف التوتر اليومي، مما يجعله مثاليًا للاسترخاء في المنزل أو بعد العمل. 💆‍♀️ ✨️ LYXUN Simulated Human Hand Massager provides soothing kneading massage to help relax tired muscles, ease everyday tension, improve comfort, and support relaxation at home, after work, or during rest periods. 💆‍♀️ 🔴 Product: Simulated Human Hand LYXUN Massager 🔴 Code: TSK1538 🔴 Price: 7.500 KWD 🌐 Visit: www.tashkeeel.com #handmassager #bodymassager #relaxingmassage #selfcare #kuwaitonlineshopping [ Simulated human hand massager , relax muscles , selfcare , body massage , body care tools , massager , kuwait online shopping ]",https://www.tashkeeel.com/collections/electronics-gadgets,https://video.forn3-2.fna.fbcdn.net/o1/v/t2/f2/m367/AQOLelyzaMxRkXliCr50gQ_GhB5Ws5RmVMcEks5aONoXPkvgW7wnawkQtkst1v3ZfqOVFMWaiXwcuHLNQyOoQP27ok4P6SnVAnRUPO_Stw.mp4?_nc_cat=104&_nc_oc=AdpPaQqQwf_Io_PGdKmkAzyoXvTfdUGHDgFYXP7Q2A-xd2ctrY5WJo5zYx4TtggH-y4&_nc_sid=ef5aa3&_nc_ht=video.forn3-2.fna.fbcdn.net&_nc_ohc=7JB414kVS4QQ7kNvwGiUK4U&efg=eyJ2ZW5jb2RlX3RhZyI6Inhwdl9wcm9ncmVzc2l2ZS5WSV9VU0VDQVNFX1BST0RVQ1RfVFlQRS4uQzMuNzIwLnByb2dyZXNzaXZlX2gyNjQtYmFzaWMtZ2VuMl83MjBwIiwieHB2X2Fzc2V0X2lkIjoxNTg0MzU1Nzc2MzgwMDU4LCJhc3NldF9hZ2VfZGF5cyI6MjksInZpX3VzZWNhc2VfaWQiOjEyMzc0LCJkdXJhdGlvbl9zIjoxMCwidXJsZ2VuX3NvdXJjZSI6Ind3dyJ9&ccb=17-1&_nc_gid=1k2exHH22QYhnhGtVs_7lA&_nc_ss=7a289&_nc_map=urlgen_bucketless&_nc_zt=28&oh=00_AQJ74wqYFYbuHo6gHTvqPKQaCQcBDVgyINI7bVPlGS_wKg&oe=6AA6FFFA,https://www.facebook.com/ads/library/?id=28226255643730529,المنزل جهاز,2026-09-09T10:56:37+00:00
1575521430706891,MA,Taabiai,2026-08-15,25,0,25,🦶 Foot Cream – عناية وترطيب للقدمين 🌿 كريم مخصص للعناية اليومية بالقدمين، يساعد على ترطيب البشرة والحفاظ على إحساس لطيف بالراحة. ✨ المميزات: ✔️ يساعد على ترطيب البشرة ✔️ مناسب للعناية اليومية ✔️ سهل الاستخدام ✔️ مناسب لروتين العناية بالقدمين 💙 Foot Cream – عناية يومية بسيطة للقدمين | Chat with us | 🦶 Foot Cream – عناية وترطيب للقدمين 🌿 💙 Foot Cream – عناية يومية بسيطة للقدمين,https://api.whatsapp.com/send,https://video.forn3-5.fna.fbcdn.net/o1/v/t2/f2/m366/AQOJyOnrSSEA0VrP3SdH625-sHj2PE-Kuy3-fz5F5HAa_zxM8iSJXWoCimIwuNuJZuTLGrevrOXvvOI13DCbGNkT5b_bgHjNwdlM_4wMHSQ2DA.mp4?_nc_cat=106&_nc_oc=AdqijGSiImPsCDpIY6sqYMfJVvR-RjHgKBWquqvEM7abh4g5JsGln0LJiH_hcDxeopw&_nc_sid=b66105&_nc_ht=video.forn3-5.fna.fbcdn.net&_nc_ohc=SfLS7jY7IWkQ7kNvwFw6YPL&efg=eyJ2ZW5jb2RlX3RhZyI6Inhwdl9wcm9ncmVzc2l2ZS5WSV9VU0VDQVNFX1BST0RVQ1RfVFlQRS4uQzMuNzIwLmRhc2hfaDI2NC1iYXNpYy1nZW4yXzcyMHAiLCJ4cHZfYXNzZXRfaWQiOjE1OTQzMjc3NTU3MzgzODgsImFzc2V0X2FnZV9kYXlzIjoyNCwidmlfdXNlY2FzZV9pZCI6MTAxMzksImR1cmF0aW9uX3MiOjM3LCJ1cmxnZW5fc291cmNlIjoid3d3In0%3D&ccb=17-1&vs=2558fa44118a666c&_nc_vs=HBksFQIYRWZiX2VwaGVtZXJhbC8zNDQ4QzdEM0I5OTY1MjExNDU1NkI0QjNEODA4Q0Q5N19tdF8xX3ZpZGVvX2Rhc2hpbml0Lm1wNBUAAsgBEgAVAhhAZmJfcGVybWFuZW50L0EyNEZFMTIyMzE4NTFGQTUxQUUwMUJBRjVCRkNCRjk5X2F1ZGlvX2Rhc2hpbml0Lm1wNBUCAsgBEgAoABgAGwKIB3VzZV9vaWwBMRJwcm9ncmVzc2l2ZV9yZWNpcGUBMRUAACaotMq4i4LVBRUCKAJDMywXQEK7peNT988YGWRhc2hfaDI2NC1iYXNpYy1nZW4yXzcyMHARAHUAZbaeAQA&_nc_gid=BG5I4faR11qKtYdCMuDziA&_nc_ss=7b289&_nc_map=urlgen_bucketless&_nc_zt=28&oh=00_AQL6BLIhEZaHsvet-3II0RZYkjVI-qr1ETIsai7z9xkmtw&oe=6AA6F38E,https://www.facebook.com/ads/library/?id=1575521430706891,كريم للعناية اليومية يساعد,2026-09-09T09:43:45+00:00
1027047990204060,EG,Green Cure,2026-08-14,25,0,25,🟢 كلورفيل الترند الاول فى العالم 💚 توصية 300 طبيب ومشهور و 6 مليون عميل ✔ لا للامراض سوبر مناعة ✔ انسي سكر ضغط قولون كولسترول ✔ لا للسموم منظف الجسم ✔ سوبر الطاقة والحيوية ✔ ريحة نفس وجسم منعنع استفيد بالخصم الحالى 20% توصيل مجانى ⏰ العرض محدود، ماتضيعش الفرصة | ستفيد بالخصم الحالى 20% توصيل مجانى | شحن مجاني,https://green-cure.myeasyorders.com/products/colorphyle,https://video.forn3-2.fna.fbcdn.net/o1/v/t2/f2/m366/AQP4drq6GXCN2HiAa8j7mNGJPuC9TRWJ8VhPfUhLMuny0Gk3FwqBSQWDITmYcTeKGeSQtl8Dt2MG8YiCOuX5OMwdylsgXOOaa5BkhnenRntMLw.mp4?_nc_cat=105&_nc_oc=Adr7MiHixzFRq2kVQBttB4int5fpXYlq6hi4fa_KyvPdTxuCCl1dFWLVwy53upKjjMU&_nc_sid=b66105&_nc_ht=video.forn3-2.fna.fbcdn.net&_nc_ohc=ZhGof9E0RBsQ7kNvwHpEzoW&efg=eyJ2ZW5jb2RlX3RhZyI6Inhwdl9wcm9ncmVzc2l2ZS5WSV9VU0VDQVNFX1BST0RVQ1RfVFlQRS4uQzMuNTc2LmRhc2hfaDI2NC1iYXNpYy1nZW4yXzcyMHAiLCJ4cHZfYXNzZXRfaWQiOjIyMDM5NzA0NDcxODc5MzAsImFzc2V0X2FnZV9kYXlzIjo1OSwidmlfdXNlY2FzZV9pZCI6MTA3OTksImR1cmF0aW9uX3MiOjg5LCJ1cmxnZW5fc291cmNlIjoid3d3In0%3D&ccb=17-1&vs=6094efaeba33a02a&_nc_vs=HBksFQIYRWZiX2VwaGVtZXJhbC85RjQ0OEFDOUEzQTgwRDNFNjRFRENDNDY3NTlEQ0ZBQV9tdF8xX3ZpZGVvX2Rhc2hpbml0Lm1wNBUAAsgBEgAVAhhAZmJfcGVybWFuZW50LzBDNDM4NEI0OEQzMzdDQ0VGRjE3OUNCMTNEOTY2N0JDX2F1ZGlvX2Rhc2hpbml0Lm1wNBUCAsgBEgAoABgAGwKIB3VzZV9vaWwBMRJwcm9ncmVzc2l2ZV9yZWNpcGUBMRUAACa0_8y5-5_qBxUCKAJDMywXQFZGZmZmZmYYGWRhc2hfaDI2NC1iYXNpYy1nZW4yXzcyMHARAHUAZd6oAQA&_nc_gid=4NFwGkU36bDKwNb1MxvFuQ&_nc_ss=7b289&_nc_map=urlgen_bucketless&_nc_zt=28&oh=00_AQIiHnPa563T0dpaZ8edQ_wiCbcpmNekufvHu3YEWjA2hg&oe=6AA69C4F,https://www.facebook.com/ads/library/?id=1027047990204060,الحبوب الناتجة عن العرق,2026-09-09T04:21:42+00:00
2196295757770432,LB,Deal.com.lb,2026-08-16,24,0,24,🌿 حوّلوا أي مساحة فاضية لزاوية خضرا وأنيقة! على الحيط، درابزين البرندا، درابزين الدرج أو سور الجنينة… رول الأوراق الخضرا الصناعية بيعطيكم ديكور مرتب وتغطية أجمل بدون سقاية ولا عناية بالنباتات 😍 ✅ مناسب للداخل والخارج ✅ أوراق صناعية مثبّتة على شبكة مرنة ✅ قياس الرول: 100×300 سم ✅ مناسب للبرندا، الحيطان، الأسوار والدرابزين 🛒 Deal ID #71525 💰 السعر: $9 بدل $14 📲 للطلب عبر واتساب: 71749998 🚚 توصيل لكل لبنان 🔥 بدكن أسعار قوية وعروض يومية؟ 🔥 اعمل Follow لقناة Deal على واتساب: https://whatsapp.com/channel/0029VaAWbpN4IBhDKBohac2g,https://api.whatsapp.com/send,https://video.forn3-1.fna.fbcdn.net/o1/v/t2/f2/m366/AQOhHk6gQuyIiydFwzKLLy_tmE0yAOLtUx5HQJP-kzIVKTh_fLNVIyLZ5OdGLVxHGeIYWDDs_qORqIRmvgBiiHVD-hsSPpkSgjzRzXoo9DKq8w.mp4?_nc_cat=106&_nc_oc=AdqJQ_WkThGJLzXBVD57Gy5A_FmjJRyEUK8tBWTLtMxtkzRDYkC0e2X5_b5RchsZAiE&_nc_sid=b66105&_nc_ht=video.forn3-1.fna.fbcdn.net&_nc_ohc=ihLWh4mEtVoQ7kNvwHNocxR&efg=eyJ2ZW5jb2RlX3RhZyI6Inhwdl9wcm9ncmVzc2l2ZS5WSV9VU0VDQVNFX1BST0RVQ1RfVFlQRS4uQzMuNzIwLmRhc2hfaDI2NC1iYXNpYy1nZW4yXzcyMHAiLCJ4cHZfYXNzZXRfaWQiOjE0Nzg5MjU4MTQxMDAzNTksImFzc2V0X2FnZV9kYXlzIjozNiwidmlfdXNlY2FzZV9pZCI6MTIzNzMsImR1cmF0aW9uX3MiOjU3LCJ1cmxnZW5fc291cmNlIjoid3d3In0%3D&ccb=17-1&vs=e4d24ca9624795b1&_nc_vs=HBksFQIYRWZiX2VwaGVtZXJhbC8zQzQ2NzlFRTEzQUQ1MzkzM0VENzI2MzM0MUYyOTJBNl9tdF8xX3ZpZGVvX2Rhc2hpbml0Lm1wNBUAAsgBEgAVAhhAZmJfcGVybWFuZW50LzFGNEQ4NzQ2MTIzRTY4MDkxRDM3RDYwQ0YzNTNENTgxX2F1ZGlvX2Rhc2hpbml0Lm1wNBUCAsgBEgAoABgAGwKIB3VzZV9vaWwBMRJwcm9ncmVzc2l2ZV9yZWNpcGUBMRUAACaOxuP858SgBRUCKAJDMywXQEzzMzMzMzMYGWRhc2hfaDI2NC1iYXNpYy1nZW4yXzcyMHARAHUAZarBAQA&_nc_gid=yjsW889VdN_P2J51A7mdkw&_nc_ss=7a289&_nc_map=urlgen_bucketless&_nc_zt=28&oh=00_AQJJd4KuV04ZOBbrUP7H_SPJ6En_3eeU2Msnqgg4MwRVfw&oe=6AA7116A,https://www.facebook.com/ads/library/?id=2196295757770432,مروحة قوية، وفي نفس,2026-09-09T11:08:14+00:00
2068828224027629,KW,Anti Spy,2026-08-16,24,0,24,تحكّم في تلفازك واعكس شاشة هاتفك — كل ذلك من هاتفك.,http://play.google.com/store/apps/details?id=com.tv.cast.and.mirroring.all.tv.cast.remotetv,https://video.forn3-1.fna.fbcdn.net/o1/v/t2/f2/m366/AQNWHCK0uJ7ik2Me-Y21DNxDnU6XwdPCRiowCkBsY4D1ivQ6AVA36NrXHKPVHut9GYKVdFGa7aq92XzikwMdTQHO5ce7k_8KGBiBCsREOqn7dw.mp4?_nc_cat=104&_nc_oc=AdpqljC_Z9JNmc42chL-PqfzK-9hf0F7GesHz7DjdYo7z_IA9vneS08eWYXyhFCi7Nc&_nc_sid=b66105&_nc_ht=video.forn3-1.fna.fbcdn.net&_nc_ohc=RbuPBvQKc80Q7kNvwG94WSw&efg=eyJ2ZW5jb2RlX3RhZyI6Inhwdl9wcm9ncmVzc2l2ZS5WSV9VU0VDQVNFX1BST0RVQ1RfVFlQRS4uQzMuNzIwLmRhc2hfaDI2NC1iYXNpYy1nZW4yXzcyMHAiLCJ4cHZfYXNzZXRfaWQiOjE1NDc5NTIwMjY5MjMwMzIsImFzc2V0X2FnZV9kYXlzIjo2NywidmlfdXNlY2FzZV9pZCI6MTAxMzksImR1cmF0aW9uX3MiOjE4LCJ1cmxnZW5fc291cmNlIjoid3d3In0%3D&ccb=17-1&vs=c71086005f23750&_nc_vs=HBksFQIYRWZiX2VwaGVtZXJhbC85MDRCNjU0NjAyN0VCRUJCQTE1NENEQ0M2Qjk3NTM4OV9tdF8xX3ZpZGVvX2Rhc2hpbml0Lm1wNBUAAsgBEgAVAhhAZmJfcGVybWFuZW50LzJENDQ3QkY1QzNFMTdGQkZCRTY1Q0UyQ0E5N0IwN0JDX2F1ZGlvX2Rhc2hpbml0Lm1wNBUCAsgBEgAoABgAGwKIB3VzZV9vaWwBMRJwcm9ncmVzc2l2ZV9yZWNpcGUBMRUAACawwI2r1fa_BRUCKAJDMywXQDIo9cKPXCkYGWRhc2hfaDI2NC1iYXNpYy1nZW4yXzcyMHARAHUAZbaeAQA&_nc_gid=GDXuhxSObAYqJ1hxQjipXA&_nc_ss=7b289&_nc_map=urlgen_bucketless&_nc_zt=28&oh=00_AQKt8N0R-5zBpuwum8gGybkp2Xp3Pg_-yUvpfgimfjdyeg&oe=6AA71AD0,https://www.facebook.com/ads/library/?id=2068828224027629,جهاز تحكم,2026-09-09T11:07:13+00:00
1045506848231143,BH,بيوتي بلس,2026-08-16,24,0,24,🇧🇭 تبين بشرة بدون عيوب و بلون موحد و صافية؟ جبنالك الباودر اللي يخفي المسام، الحبوب، والتصبغات. بمسحة وحدة يخفي لج كل اللي ما تبينه. وكمان ما يكتل ولا يضايقك طول اليوم! تواصلي معنا الآن وطلبيه في أسرع وقت!,https://api.whatsapp.com/send,https://video.forn3-5.fna.fbcdn.net/o1/v/t2/f2/m367/AQNvyH0cxv6DrPeQF-hY2wIPswnLrM4G2HexDFIIbi803U6bOJ0Ps2ghISEp-siAD-ojzSHnmOjogNJHpbOi9SUisiPpNxt6bbAXFXcnQA.mp4?_nc_cat=108&_nc_oc=AdoVSJqeOalIoWPouwmqFcpiq8Nuj7WH-9MYSg9U5fAdtdRmKN4hUvxaSr8de6Tquhk&_nc_sid=ef5aa3&_nc_ht=video.forn3-5.fna.fbcdn.net&_nc_ohc=w8xdghirddAQ7kNvwGQif8M&efg=eyJ2ZW5jb2RlX3RhZyI6Inhwdl9wcm9ncmVzc2l2ZS5WSV9VU0VDQVNFX1BST0RVQ1RfVFlQRS4uQzMuNzIwLnByb2dyZXNzaXZlX2gyNjQtYmFzaWMtZ2VuMl83MjBwIiwieHB2X2Fzc2V0X2lkIjoxNzkxNDM1MDUxMDQ0MzE1OSwiYXNzZXRfYWdlX2RheXMiOjIzLCJ2aV91c2VjYXNlX2lkIjoxMjM3NCwiZHVyYXRpb25fcyI6MjAsInVybGdlbl9zb3VyY2UiOiJ3d3cifQ%3D%3D&ccb=17-1&_nc_gid=Hx8m0EIShqCKLdN1bCqOMA&_nc_ss=7a289&_nc_map=urlgen_bucketless&_nc_zt=28&oh=00_AQJlTaHM4OfI7JUR4L9WhonNEwfwXOChbqXtL2cZdkB9Ww&oe=6AA71CB6,https://www.facebook.com/ads/library/?id=1045506848231143,الصيف كريم,2026-09-09T10:11:56+00:00
970006512165116,MA,Evapharmmaa95,2026-08-16,24,0,24,🦶 Foot Cream – عناية يومية بالقدمين 🌿 كريم مخصص للعناية اليومية بالقدمين، يساعد على ترطيب البشرة ومنحها ملمسًا ناعمًا. ✨ المميزات: ✔️ ترطيب البشرة ✔️ عناية يومية بالقدمين ✔️ سهل الاستخدام ✔️ مناسب لروتين العناية الشخصية | Foot Cream – عناية يومية وترطيب للقدمين 🌿 | ترطيب وعناية يومية لبشرة القدمين بلمسة بسيطة وسهلة.,https://api.whatsapp.com/send,https://video.forn3-5.fna.fbcdn.net/o1/v/t2/f2/m366/AQOA3Dvoj-xB8Q6VebgEQeqDiz7h-hGX8yNrhOzDPyGjJ8U36N1FwGIZn5d7QpgIiJFSW1wtbaZ_G_xBE3eM1dBuXx-daZ80HlRCh4ehkya3nQ.mp4?_nc_cat=103&_nc_oc=AdqdIZ0cm89cPwhgQcUUTAxHRwDsmeWniAZ_CKWpkbL-6TTxhlmrB_U8_hQwQ20xu2I&_nc_sid=b66105&_nc_ht=video.forn3-5.fna.fbcdn.net&_nc_ohc=yGJZqrIr9J8Q7kNvwEIXv4X&efg=eyJ2ZW5jb2RlX3RhZyI6Inhwdl9wcm9ncmVzc2l2ZS5WSV9VU0VDQVNFX1BST0RVQ1RfVFlQRS4uQzMuNzIwLmRhc2hfaDI2NC1iYXNpYy1nZW4yXzcyMHAiLCJ4cHZfYXNzZXRfaWQiOjIwNDg2ODQ4ODYwMTc2ODAsImFzc2V0X2FnZV9kYXlzIjoyMywidmlfdXNlY2FzZV9pZCI6MTA3OTksImR1cmF0aW9uX3MiOjQwLCJ1cmxnZW5fc291cmNlIjoid3d3In0%3D&ccb=17-1&vs=6e8dadcf73b9654e&_nc_vs=HBksFQIYRWZiX2VwaGVtZXJhbC80MDRFRjRFRjlDMzM5NEEzRUNGNTIwQkE5N0FBNzJCNF9tdF8xX3ZpZGVvX2Rhc2hpbml0Lm1wNBUAAsgBEgAVAhhAZmJfcGVybWFuZW50LzM5NDlCNEQ0RDI1OTE1MTRFNEU3Qjg4MkZDODI1NDk4X2F1ZGlvX2Rhc2hpbml0Lm1wNBUCAsgBEgAoABgAGwKIB3VzZV9vaWwBMRJwcm9ncmVzc2l2ZV9yZWNpcGUBMRUAACagmpruk9GjBxUCKAJDMywXQEQAAAAAAAAYGWRhc2hfaDI2NC1iYXNpYy1nZW4yXzcyMHARAHUAZd6oAQA&_nc_gid=BG5I4faR11qKtYdCMuDziA&_nc_ss=7b289&_nc_map=urlgen_bucketless&_nc_zt=28&oh=00_AQKdR7V7AvZtTCXLw93y-uOcihxA2jIxSgazfwHfYUNzjg&oe=6AA6FAC5,https://www.facebook.com/ads/library/?id=970006512165116,كريم للعناية اليومية يساعد,2026-09-09T09:43:45+00:00
910809945431917,AE,Tawffer Shop,2026-08-16,24,0,24,اطلب الآن جهاز i17 برو ماكس مع ساعة وسماعة ذكية هدية مجانا بسعر 249 درهم فقط : التوصيل مجانا ولن تدفع حتى تصلك الشحنة لباب المنزل مجانا العرض متوفر لمدة 3 ايام فقط - اطلب الآن قبل انتهاء المدة | معقول جهاز I7 وساعة وسماعة بـ 249 درهم بس ؟ نعم والتوصيل مجانا للباب | عرض 3 أيام فقط اطلبه الآن,https://api.whatsapp.com/send,https://video.forn3-5.fna.fbcdn.net/o1/v/t2/f2/m366/AQOD8_3I2QGDWtrS0D97pX3cgZZPsfCKoxMm8Xd5Zc5ib0IhmHaaLL148PrfNh6ncTX6T6hh0TTQapvsYfD7qSPcLO2vEPET6scXXTlfE1WdNQ.mp4?_nc_cat=101&_nc_oc=AdqyGMoL7S3hlIJn85WAqleE37WiR70Q97V6HIqeI3YeDj-RJ1OMUhC1yHrX8ZoAOgw&_nc_sid=b66105&_nc_ht=video.forn3-5.fna.fbcdn.net&_nc_ohc=wMz4ByAH6CoQ7kNvwGuLrZ8&efg=eyJ2ZW5jb2RlX3RhZyI6Inhwdl9wcm9ncmVzc2l2ZS5WSV9VU0VDQVNFX1BST0RVQ1RfVFlQRS4uQzMuNzIwLmRhc2hfaDI2NC1iYXNpYy1nZW4yXzcyMHAiLCJ4cHZfYXNzZXRfaWQiOjE3Mjc2NzI4NzE3ODAyNTMsImFzc2V0X2FnZV9kYXlzIjoyMywidmlfdXNlY2FzZV9pZCI6MTAxMzksImR1cmF0aW9uX3MiOjM1LCJ3YXRjaF90aW1lX3MiOjgwNjQsInVybGdlbl9zb3VyY2UiOiJ3d3cifQ%3D%3D&ccb=17-1&vs=d7183c4ec991db9&_nc_vs=HBksFQIYRWZiX2VwaGVtZXJhbC8zMDRGNUNBMTFBMjU2QTY2RTEwMzIwODREMEJCRDQ5M19tdF8xX3ZpZGVvX2Rhc2hpbml0Lm1wNBUAAsgBEgAVAhhAZmJfcGVybWFuZW50LzM3NDAwNTY3NDAyRTA1MTFCNkMzRDI1NUYyRTFGMUJDX2F1ZGlvX2Rhc2hpbml0Lm1wNBUCAsgBEgAoABgAGwKIB3VzZV9vaWwBMRJwcm9ncmVzc2l2ZV9yZWNpcGUBMRUAACa6_vv85dORBhUCKAJDMywXQEGEeuFHrhQYGWRhc2hfaDI2NC1iYXNpYy1nZW4yXzcyMHARAHUAZbaeAQA&_nc_gid=Ol_5t_Zdfh4B7VMMBrAuOg&_nc_ss=7a289&_nc_map=urlgen_bucketless&_nc_zt=28&oh=00_AQKi36NAqS-ZyM-KbATPUYVfRqaVbNm0PDuAUw6oOsMXFA&oe=6AA6DEFB,https://www.facebook.com/ads/library/?id=910809945431917,لمدة ساعة العرض,2026-09-09T09:15:50+00:00
1462184299275108,JO,CHK Luxury Gifts,2026-08-16,24,0,24,"الفخامة بتكملها التفاصيل ✨ مع CHK Luxury Gifts اكتشفوا تشكيلة فاخرة من الساعات، الإكسسوارات والسناسل المطليّة بالذهب، بجودة عالية وكفالة خطية ودولية باسم المشتري. 🤍 📍 Golden Gate – P1, Amman 📞 0791546086 🌐 www.chkluxurygift.com",https://api.whatsapp.com/send,https://video.forn3-1.fna.fbcdn.net/o1/v/t2/f2/m367/AQPY1Mj7hZKTAo9uH03cMrAziMnPclmeKT0YJDdJq7Xn6ossG4UZrYWUchfyknVyMtPsj11CjMBypSDpv4lW62aVTK2OEHHh6EKGoNQelg.mp4?_nc_cat=108&_nc_oc=AdpapQOkzLX3w9freu4dk9LxYY9C52GybsQyjj7-UHfnU7tHYvbcrilGf_iSPtrN4Uw&_nc_sid=ef5aa3&_nc_ht=video.forn3-1.fna.fbcdn.net&_nc_ohc=jpINnJeiD0UQ7kNvwHCEuUb&efg=eyJ2ZW5jb2RlX3RhZyI6Inhwdl9wcm9ncmVzc2l2ZS5WSV9VU0VDQVNFX1BST0RVQ1RfVFlQRS4uQzMuNzIwLnByb2dyZXNzaXZlX2gyNjQtYmFzaWMtZ2VuMl83MjBwIiwieHB2X2Fzc2V0X2lkIjoxNzkwODA0NzkyNDQ1OTc4NywiYXNzZXRfYWdlX2RheXMiOjMwLCJ2aV91c2VjYXNlX2lkIjoxMjM3NCwiZHVyYXRpb25fcyI6MTk5LCJ1cmxnZW5fc291cmNlIjoid3d3In0%3D&ccb=17-1&_nc_gid=rFfh28FJ3whzSx0RD5dZkQ&_nc_ss=7b289&_nc_map=urlgen_bucketless&_nc_zt=28&oh=00_AQJ6_OA9nQJ5UViMNyW2dj-4I_l5Ro1WYtUXJCxVrrMgTw&oe=6AA707FE,https://www.facebook.com/ads/library/?id=1462184299275108,لمدة ساعة بس لو,2026-09-09T09:06:14+00:00
4570804489817501,JO,Sheiny learning,2026-08-16,24,0,24,بس اهم اشي تلتزمي بالطريقة - لو عندك حساب ب شي ان لازم تمسحيه وتعملي حساب جديد الكود بس للحسابات الجديدة - فوتي ع الإعدادات وغيري الدولة من الأردن للإمارات عشان يتفعل الكود *ضروري* - كود الخصم 63QU386 اهم اشي تحطيه بخانة بحث الملابس اللي بتكون اول ما تفتحي التطبيق عند البحث > بتظهر شاشة الكوبونات - ⁠رجعي الدولة للاردن يعني الكود اموره تمام وتفعل لمدة ٢٤ ساعة بس عادي لو ما طلعتي ب ٢٤ ساعة ارجعي عيدي الخطوات وحطي الكود بنفس المكان,https://api.whatsapp.com/send,https://video.forn3-6.fna.fbcdn.net/o1/v/t2/f2/m367/AQPvELcthBwzQhWOWuc0hao6RIy-Sdn7FIxvftrchr_Jfnj9pUKphvfUaFt2cjgDY-Lm43AxYnwt94lwdssnVtL6KYpfBh3wDRn-v4pLig.mp4?_nc_cat=104&_nc_oc=AdoOK2nosF0pHd2c4Z6tnQwSOknLz6mIE9NhyfUOlOp1WPfSRQJFIoCo4DqAzXQS654&_nc_sid=ef5aa3&_nc_ht=video.forn3-6.fna.fbcdn.net&_nc_ohc=gKibHgiBtScQ7kNvwG33YVd&efg=eyJ2ZW5jb2RlX3RhZyI6Inhwdl9wcm9ncmVzc2l2ZS5WSV9VU0VDQVNFX1BST0RVQ1RfVFlQRS4uQzMuNzIwLnByb2dyZXNzaXZlX2gyNjQtYmFzaWMtZ2VuMl83MjBwIiwieHB2X2Fzc2V0X2lkIjozNzQ1ODM2MDA5MDQ3OTM3OCwiYXNzZXRfYWdlX2RheXMiOjM0LCJ2aV91c2VjYXNlX2lkIjoxMjM3NCwiZHVyYXRpb25fcyI6NDIsInVybGdlbl9zb3VyY2UiOiJ3d3cifQ%3D%3D&ccb=17-1&_nc_gid=irtyDX8J64Xxey-QH28dgg&_nc_ss=7b289&_nc_map=urlgen_bucketless&_nc_zt=28&oh=00_AQLX0THzEDEreBOchvpCAJQJ6J_VzAU1uM8NOwqxp7Y9sg&oe=6AA6EF02,https://www.facebook.com/ads/library/?id=4570804489817501,لمدة ساعة بس لو,2026-09-09T09:06:13+00:00
1046604148081943,IQ,الخبير العشبي,2026-08-17,23,0,23,الاسبيغول غني بالألياف الطبيعية التي تساعد على سد الشهية، زيادة الشبع ودعم خسارة الوزن ضمن نظام غذائي متوازن. خيار مناسب لرحلة الرشاقة وحرق الدهون. للطلب راسلونا الآن.,https://api.whatsapp.com/send,https://video.forn3-2.fna.fbcdn.net/o1/v/t2/f2/m366/AQMaFLGpbrjy8m8sJzQ7qDuAB4USC3QKAU9Lv0VwVy6FEZwucu1Vkz4xawz0Y-E9FQVpBmunkC687HfrlKoCcfM5o7Q2xZJedWr62qMIOzcRcg.mp4?_nc_cat=100&_nc_oc=AdpqnaOKWnLZIuZ1bEMQZJYXJEOwGBLLzQHjn-OST0eMhZwZmr5n5raeQoYjNa6aBcg&_nc_sid=b66105&_nc_ht=video.forn3-2.fna.fbcdn.net&_nc_ohc=krBPxa40jzoQ7kNvwFU_wpU&efg=eyJ2ZW5jb2RlX3RhZyI6Inhwdl9wcm9ncmVzc2l2ZS5WSV9VU0VDQVNFX1BST0RVQ1RfVFlQRS4uQzMuNzIwLmRhc2hfaDI2NC1iYXNpYy1nZW4yXzcyMHAiLCJ4cHZfYXNzZXRfaWQiOjI1MjE3NDk1MTUwMTI4MzYsImFzc2V0X2FnZV9kYXlzIjoyNywidmlfdXNlY2FzZV9pZCI6MTIzNzMsImR1cmF0aW9uX3MiOjMzLCJ1cmxnZW5fc291cmNlIjoid3d3In0%3D&ccb=17-1&vs=3016bde5e504223b&_nc_vs=HBksFQIYRWZiX2VwaGVtZXJhbC8zRjRCODNFNzlBNTRGMkI0MjgwNjA0ODI1RTlGOTY4Ql9tdF8xX3ZpZGVvX2Rhc2hpbml0Lm1wNBUAAsgBEgAVAhhAZmJfcGVybWFuZW50LzQ2NDI5NTAzMTE5Q0EyNTNGRDkwOTNCOThBOEI3NEIyX2F1ZGlvX2Rhc2hpbml0Lm1wNBUCAsgBEgAoABgAGwKIB3VzZV9vaWwBMRJwcm9ncmVzc2l2ZV9yZWNpcGUBMRUAACbIq_CAkuH6CBUCKAJDMywXQEDmZmZmZmYYGWRhc2hfaDI2NC1iYXNpYy1nZW4yXzcyMHARAHUAZarBAQA&_nc_gid=2jENVeEjwZW83592mISZLg&_nc_ss=7b289&_nc_map=urlgen_bucketless&_nc_zt=28&oh=00_AQItPtfuF0qNknQOK-ANWwJhGtLt_Nf0I2294ooQ9gVOUQ&oe=6AA70670,https://www.facebook.com/ads/library/?id=1046604148081943,الجهاز الهضمي,2026-09-09T11:31:33+00:00
1601893271657331,EG,Tia Clinic,2026-08-16,23,0,23,شعرك وبري .... وكله قالك مفيش حل ؟🤔 بشرتك سمراء وحساسه ومش لاقيه جهاز يناسبها ؟🤔 تعبتى من الألم والحروق كل جلسه ليزر ؟🤔 تيا كلينك جابتلك الحل مع أحدث أجهزه الليزر PrimeLase، هتقدري تتخلصي من الشعر الزائد وتستمتعي ببشرة أنعم وأكثر راحة. ✨ مميزات جهاز PrimeLase: ✔️ فعال في إزالة الشعر السميك والوبري. ✔️ مناسب لجميع أنواع البشرة، حتى البشرة السمراء والحساسة. ✔️ نظام تبريد متطور لراحة أكبر أثناء الجلسة. ✔️ جلسات أسرع بفضل تغطية مساحات واسعة في وقت أقل. ✔️ يساعد على علاح جلد الوزة. ✔️ يساهم في تقليل الحبوب والالتهابات الناتجة عن إزالة الشعر التقليدية تيا كلينك بتدور على راحتك يلا مستنية اي أحجزى جلستك دلوقتى 🥰 ---------------------------------- إحجزي دلوقتي 📩 📲للتواصل: 010660729369 واتس اب : 01066729327 العنوان : 58 شارع الحجاز امام مستشفي هليوبليس #laserhairremoval #beauty #tia_clinic,https://api.whatsapp.com/send,https://video.forn3-2.fna.fbcdn.net/o1/v/t2/f2/m366/AQMZZX-zMobIGuMLaUZkr6KESXUmOCB-YyYO4faNB-_jQLj62VTKHv2HszEUQqFXagwfeciUX0RiXqIk9k_ocnkBmE6AFIi6htXENEdkdF8_pQ.mp4?_nc_cat=104&_nc_oc=AdrRbkA0-LFsLel_rIQOUl34nRXH7s4kr2w10rDBVKHZZxfsZFgUDqHHsGPc4IXp7lQ&_nc_sid=b66105&_nc_ht=video.forn3-2.fna.fbcdn.net&_nc_ohc=WdRRPso8EUgQ7kNvwHUuvxJ&efg=eyJ2ZW5jb2RlX3RhZyI6Inhwdl9wcm9ncmVzc2l2ZS5WSV9VU0VDQVNFX1BST0RVQ1RfVFlQRS4uQzMuNzIwLmRhc2hfaDI2NC1iYXNpYy1nZW4yXzcyMHAiLCJ4cHZfYXNzZXRfaWQiOjEzMzUwMTY1NjgwMDY5NDgsImFzc2V0X2FnZV9kYXlzIjo3NywidmlfdXNlY2FzZV9pZCI6MTIzNzMsImR1cmF0aW9uX3MiOjE2LCJ1cmxnZW5fc291cmNlIjoid3d3In0%3D&ccb=17-1&vs=25524b8c1672c658&_nc_vs=HBksFQIYRWZiX2VwaGVtZXJhbC9ENjQ0MTMyMjIwRkJFRkU2MEYzMThDRDNCNTYzQkZCRl9tdF8xX3ZpZGVvX2Rhc2hpbml0Lm1wNBUAAsgBEgAVAhhAZmJfcGVybWFuZW50LzZFNDVCMkZGN0IxQjdBM0U1M0I1RkMxMkMzOEI1MThCX2F1ZGlvX2Rhc2hpbml0Lm1wNBUCAsgBEgAoABgAGwKIB3VzZV9vaWwBMRJwcm9ncmVzc2l2ZV9yZWNpcGUBMRUAACbIpPHEmIzfBBUCKAJDMywXQDDEGJN0vGoYGWRhc2hfaDI2NC1iYXNpYy1nZW4yXzcyMHARAHUAZarBAQA&_nc_gid=4NFwGkU36bDKwNb1MxvFuQ&_nc_ss=7b289&_nc_map=urlgen_bucketless&_nc_zt=28&oh=00_AQKvjojKUuqgS3hQYEHHuQMHFssGJycu6jEBANgobnlvew&oe=6AA6A6AC,https://www.facebook.com/ads/library/?id=1601893271657331,الحبوب الناتجة عن العرق,2026-09-09T04:21:42+00:00
1705954423794595,QA,alburaqshop.co,2026-08-18,22,0,22,"إذا فكّرتِ يومًا بإبر النضارة… اقرأي هذا أول. نفس الـ PDRN اللي يستخدمونه في العيادات، بس في سيروم تحطينه بالبيت — بدون إبر ولا مواعيد ولا فترة نقاهة. بتركيز 10,000 ppm، مدعوم بخمس ببتيدات ونياسيناميد. بشرة مشدودة، لون أصفى، وإشراقة تبان. ما شفتِ فرق بعد ٢٨ يوم؟ نسترجع طلبك كاملًا. الدفع عند الاستلاملو ما تحبين تنتظرين شهور عشان تشوفين فرق، هذا السيروم معمول لك. بفضل Salmon DNA (PDRN)، البشرة تسترجع شدّها وإشراقتها بشكل يُلاحظ بسرعة. إحساس خفيف، ونتيجة تبان. 🔥 عرض إطلاق لـ 24 ساعة فقط، اضغط على الزرّ أدناه. | إبر النضارة… صارت بالبيت | الدفع عند الاستلام · ضمان ٢٨ يوم · شحن مجاني",https://basirah.it.com/products/medicube-pdrn-blanc?country=QA,https://video.forn3-5.fna.fbcdn.net/o1/v/t2/f2/m366/AQMoj_M1pCrBHGcPc68AlcmHNLC0SU_7dWH_oaBdTSlfRneKlwB0JYE9tYFJLU9BG3XSJWkAbU_U5AQeyJvTXPp7niNK8mDPIfBybXFtCM9JPg.mp4?_nc_cat=100&_nc_oc=Adp3AZcieNF9WWgpMtvNQKQvHPb_Vu_U9JUWju_Tennv2pNz3jIOHoL8f_STCfZiThk&_nc_sid=b66105&_nc_ht=video.forn3-5.fna.fbcdn.net&_nc_ohc=i8vMuxdFyBYQ7kNvwFvR-PZ&efg=eyJ2ZW5jb2RlX3RhZyI6Inhwdl9wcm9ncmVzc2l2ZS5WSV9VU0VDQVNFX1BST0RVQ1RfVFlQRS4uQzMuNzIwLmRhc2hfaDI2NC1iYXNpYy1nZW4yXzcyMHAiLCJ4cHZfYXNzZXRfaWQiOjE1MzMyNzQ3NjE2MTIxNzMsImFzc2V0X2FnZV9kYXlzIjoyNSwidmlfdXNlY2FzZV9pZCI6MTA3OTksImR1cmF0aW9uX3MiOjQyLCJ1cmxnZW5fc291cmNlIjoid3d3In0%3D&ccb=17-1&vs=d08cfe893c0d6ebe&_nc_vs=HBksFQIYRWZiX2VwaGVtZXJhbC80RjRGMUZFODA4MEY3NUUwRjY2RDQ2QjUwM0VEMTBCQl9tdF8xX3ZpZGVvX2Rhc2hpbml0Lm1wNBUAAsgBEgAVAhhAZmJfcGVybWFuZW50L0RBNDhGNkJGODI5NzU4OTI5ODA4ODA3MjgyQjdENEE0X2F1ZGlvX2Rhc2hpbml0Lm1wNBUCAsgBEgAoABgAGwKIB3VzZV9vaWwBMRJwcm9ncmVzc2l2ZV9yZWNpcGUBMRUAACaarpKYq6C5BRUCKAJDMywXQEUd0vGp--cYGWRhc2hfaDI2NC1iYXNpYy1nZW4yXzcyMHARAHUAZd6oAQA&_nc_gid=ddy5q6UhsW1GPvtjU9d39Q&_nc_ss=7a289&_nc_map=urlgen_bucketless&_nc_zt=28&oh=00_AQJ1biGMd7twjvHO7-Pa9A-e3Zm_Vn-_OW3njgmpYdgVdA&oe=6AA72214,https://www.facebook.com/ads/library/?id=1705954423794595,سيروم ببتيدات,2026-09-09T11:40:42+00:00
2167097517183384,JO,Amperez,2026-08-18,22,0,22,⌚️ الفخامة والأناقة الحقيقية.. موديل 2026 بـ 10 دنانير وبس! 🔥 لكل مين بدور على التميز والمواصفات العالية بسعر مستحيل يتكرر! وصلنا حديثاً في Amperez أقوى ساعة ذكية دائرية (ألترا)، بتصميم فخم يجمع بين الأناقة والعملية وبأعلى جودة ممكن تشوفها! 😎✨ 🔥 ليش هاد الموديل هو اختيارك الأفضل؟ تصميم دائم الأناقة: متوفرة بموديلين دائرين وبألوان بتجنن: الأسود الملكي الفخم، ولون الروز غولد (Rose Gold) الرائع مع كستك مميز جداً. 🔄 شاشة ليد (LED) متطورة: حجم مثالي 1.52 إنش، التاتش فيها سريع جداً وسلس في الاستخدام. 📱 تخصيص كامل: بتدعم خلفيات متحركة جديدة، وبتقدر بكل سهولة تحط صورتك الشخصية كخلفية للساعة! 🖼️ مكالمات وإشعارات: بتقدر تستقبل وتجري المكالمات مباشرة من الساعة وتتابع كل الإشعارات والرسائل (واتساب، فيسبوك، تويتر وغيرها) بكل سهولة وبتدعم جميع اللغات. 📞💬 صحتك بتهمنا: قياسات فعلية وحقيقية لـ (دقات القلب، مقاس الأكسجين في الدم، نسبة الدم، تخطيط القلب ومراقبة النوم). 🩺❤️ مساعدك الرياضي واليومي: متوفر فيها تمارين رياضية، آلة حاسبة، ميزة البحث عن الهاتف (Find My Phone)، والتحكم بالكاميرا عن بعد. 🏃‍♂️📸 شحن مغناطيسي متطور: بتدعم الشحن اللاسلكي المغناطيسي (Magnetic) زي الساعة الأصلية تماماً وببطارية بتطول معك. ⚡🔋 سهولة الاقتران: بتشتغل على جميع الأجهزة (آيفون وأندرويد)، بس اعمل سكان للـ QR كود المرفق وبترتبط معك فوراً. 📲 🛍️ العرض الأقوى والسعر اللي ما بتفوت! السعر الفخم: 10 دنانير فقط! 💸 📞 اطلبها الآن قبل نفاد الكمية: 📱 تواصل معنا مباشرة على الرقم: 0797895980 Amperez - حيث تلتقي الفخامة بأقل الأسعار! 🌟,https://api.whatsapp.com/send,https://video.forn3-5.fna.fbcdn.net/o1/v/t2/f2/m366/AQNT3GWOkAabmQ5HmJMuiEkBoCQiDTjlpmMp3Egdf_Yptf0j1lyyKX4RHy9__agIsvF_hh2M-UKJFRcRONv5dAeWESzS6eM7to12wkRYBz__8w.mp4?_nc_cat=107&_nc_oc=AdpfuxtEckBZ4-q7ZKug0S-wXw0Jt5jU5hO-mBdSMs3d-pS1gTRPSuR4tVakCdb737s&_nc_sid=b66105&_nc_ht=video.forn3-5.fna.fbcdn.net&_nc_ohc=l5l8eUP3O2gQ7kNvwHzCbiZ&efg=eyJ2ZW5jb2RlX3RhZyI6Inhwdl9wcm9ncmVzc2l2ZS5WSV9VU0VDQVNFX1BST0RVQ1RfVFlQRS4uQzMuNzIwLmRhc2hfaDI2NC1iYXNpYy1nZW4yXzcyMHAiLCJ4cHZfYXNzZXRfaWQiOjE5NzMzNDEwMjk5ODE4NzEsImFzc2V0X2FnZV9kYXlzIjo3NSwidmlfdXNlY2FzZV9pZCI6MTIzNzMsImR1cmF0aW9uX3MiOjExOCwidXJsZ2VuX3NvdXJjZSI6Ind3dyJ9&ccb=17-1&vs=d74d39c9bc892495&_nc_vs=HBksFQIYRWZiX2VwaGVtZXJhbC80RjRFMUY2NjUwREYyNTYzMDczREUyMTJCRjA5Qjg5MF9tdF8xX3ZpZGVvX2Rhc2hpbml0Lm1wNBUAAsgBEgAVAhhAZmJfcGVybWFuZW50LzA2NDFCREE2QTYzNzUzODEwMTUwRDA1NTYyOTUzMDhDX2F1ZGlvX2Rhc2hpbml0Lm1wNBUCAsgBEgAoABgAGwKIB3VzZV9vaWwBMRJwcm9ncmVzc2l2ZV9yZWNpcGUBMRUAACbe-uaxyK-BBxUCKAJDMywXQF2btkWhysEYGWRhc2hfaDI2NC1iYXNpYy1nZW4yXzcyMHARAHUAZarBAQA&_nc_gid=E5jnNmXn47myusKAuygxAA&_nc_ss=7a289&_nc_map=urlgen_bucketless&_nc_zt=28&oh=00_AQJm49S7f6QVWqn3ANAOS9EXzMGyX48A5LZSPqoLO4-5aw&oe=6AA70DA5,https://www.facebook.com/ads/library/?id=2167097517183384,الألوان جهاز تحكم بعد،,2026-09-09T11:12:31+00:00
1511121107433019,KW,Plorjoflitra Plurdfluspliltshu,2026-08-18,22,0,22,- هل تعب من الالتزام بمقصورة القيادة المحدودة؟ 🚜 مع أجهزة التحكم اللاسلكية من شركتنا، يمكنك التحكم في الرافعة، الرافعة الجسرية، رافعة الهيدروليكية وآلات التعدين من أي موقع عمل. حرية حركة كاملة، رؤية أوضح، وأمان أعلى للعاملين. تواصل معنا الآن لمعرفة السعر! 📩 | جهاز تحكم عن بعد لآلات الرفع الثقيلة — تحكم كامل من أي مكان | يقلل مخاطر الحوادث، يسرع عمليات الرفع، ويوفر تكاليف العمالة.#أمان_صناعي #كفاءة_إنتاجية #موقع_بناء #تحكم_لاسلكي_احترافي #رفع_آمن #معدات_بناء_الشرق_الأوسط,https://api.whatsapp.com/send,https://video.forn3-2.fna.fbcdn.net/o1/v/t2/f2/m366/AQP86heUMii4M7Ao1KErqgR7hcXZLDYd9mO2mjBX2z2dqrJpvdU6HWlntI_Je_juEwhvPt7fdVIrnAbz8GJrVokqF339oi1_FL0s2orWAooT9A.mp4?_nc_cat=107&_nc_oc=Adp4Vs_Oopq1puzi5XN0lhpEk9rpy1HlhWJGZ4THmu6FVUDHa-op9457_PLxMMMolH4&_nc_sid=b66105&_nc_ht=video.forn3-2.fna.fbcdn.net&_nc_ohc=wzwOkCXuqfQQ7kNvwHeZp5Q&efg=eyJ2ZW5jb2RlX3RhZyI6Inhwdl9wcm9ncmVzc2l2ZS5WSV9VU0VDQVNFX1BST0RVQ1RfVFlQRS4uQzMuNzIwLmRhc2hfaDI2NC1iYXNpYy1nZW4yXzcyMHAiLCJ4cHZfYXNzZXRfaWQiOjIyNTgwMzI0OTgyODczODcsImFzc2V0X2FnZV9kYXlzIjoyMSwidmlfdXNlY2FzZV9pZCI6MTAxMzksImR1cmF0aW9uX3MiOjE1LCJ1cmxnZW5fc291cmNlIjoid3d3In0%3D&ccb=17-1&vs=178efbeabf81b318&_nc_vs=HBksFQIYRWZiX2VwaGVtZXJhbC8yNDRFQTJDNEYzNDRGM0JGNkU0OTE0QTBBMEYxQzc5Ml9tdF8xX3ZpZGVvX2Rhc2hpbml0Lm1wNBUAAsgBEgAVAhhAZmJfcGVybWFuZW50LzdFNDUxQzA0MjFDMUM1QTkyQTIwMEFGN0YzQUMwOTk0X2F1ZGlvX2Rhc2hpbml0Lm1wNBUCAsgBEgAoABgAGwKIB3VzZV9vaWwBMRJwcm9ncmVzc2l2ZV9yZWNpcGUBMRUAACa2jJ2P5eqCCBUCKAJDMywXQC4AAAAAAAAYGWRhc2hfaDI2NC1iYXNpYy1nZW4yXzcyMHARAHUAZbaeAQA&_nc_gid=qKwEYoWEH9ntVJ3wHjsdJQ&_nc_ss=7b289&_nc_map=urlgen_bucketless&_nc_zt=28&oh=00_AQLyAapL0_HtqI2BApiea6Ypcnmogl8ZM_ZmeaHjEO1gvw&oe=6AA72041,https://www.facebook.com/ads/library/?id=1511121107433019,جهاز تحكم,2026-09-09T11:07:13+00:00
1105541492138651,IQ,Mirroring cast,2026-08-18,22,0,22,حوّل هاتفك فوراً إلى جهاز عرض صغير في 3 ثوانٍ. | سهل الاستخدام,http://play.google.com/store/apps/details?id=com.mirroring.app.casttv,https://video.forn3-6.fna.fbcdn.net/o1/v/t2/f2/m366/AQPqa5RHA1k0yPD7sAB3-7jmoD1uhEeSH3cF0zriO_hdQ9HywskXo6-0eLuBIXfCPrDQMIrC1Henohqyd_JwF5CPYisTDYrSCLmq8S6BjYpL5g.mp4?_nc_cat=107&_nc_oc=Adq-U0GIvWET5JSXtm_apZvRN8FDPpFfxJcoDoG2IQyA9CbOpfz0s0HHZohj9NuXkiw&_nc_sid=b66105&_nc_ht=video.forn3-6.fna.fbcdn.net&_nc_ohc=BIM8tJIu6vgQ7kNvwFPS6cb&efg=eyJ2ZW5jb2RlX3RhZyI6Inhwdl9wcm9ncmVzc2l2ZS5WSV9VU0VDQVNFX1BST0RVQ1RfVFlQRS4uQzMuNzIwLmRhc2hfaDI2NC1iYXNpYy1nZW4yXzcyMHAiLCJ4cHZfYXNzZXRfaWQiOjI5MDQ2NjQ1OTY1NDY0MzAsImFzc2V0X2FnZV9kYXlzIjo0MywidmlfdXNlY2FzZV9pZCI6MTAxMzksImR1cmF0aW9uX3MiOjI0LCJ1cmxnZW5fc291cmNlIjoid3d3In0%3D&ccb=17-1&vs=c1a83b8b02012213&_nc_vs=HBksFQIYRWZiX2VwaGVtZXJhbC82NDQ0NDI2MUY0QkM3N0E3Q0Y5QTJBRURCNzA2QjA4NV9tdF8xX3ZpZGVvX2Rhc2hpbml0Lm1wNBUAAsgBEgAVAhhAZmJfcGVybWFuZW50L0I3NDNGMTVGQjRFMzRFMzc1RkZEODM3OEQ5OTg1REIwX2F1ZGlvX2Rhc2hpbml0Lm1wNBUCAsgBEgAoABgAGwKIB3VzZV9vaWwBMRJwcm9ncmVzc2l2ZV9yZWNpcGUBMRUAACb8jcDX3fGoChUCKAJDMywXQDiuFHrhR64YGWRhc2hfaDI2NC1iYXNpYy1nZW4yXzcyMHARAHUAZbaeAQA&_nc_gid=nzpcVaplMbKpQU5lsOoN7A&_nc_ss=7b289&_nc_map=urlgen_bucketless&_nc_zt=28&oh=00_AQKVUnlBvIf78FJwKcH9nokL1iftcRLuWBKbRhGVpdc27w&oe=6AA70459,https://www.facebook.com/ads/library/?id=1105541492138651,منزلك جهاز,2026-09-09T10:59:48+00:00
1286647706757121,EG,Arab African International Bank,2026-08-18,22,0,22,اعرف ازاى تفعل خدمة ال Business Online Banking Platform الجديد للشركات. للمزيد اضغط على اللينك: https://www.aaib.com/pdfs/internet-banking-guidance.pdf *تطبق الشروط والاحكام #البنك_العربى_الافريقى_الدولى #خلص_شغلك_من_اى_مكان,https://www.aaib.com/pdfs/internet-banking-guidance.pdf,https://video.forn3-2.fna.fbcdn.net/o1/v/t2/f2/m366/AQNuahjHYuOXUxHuUs24xYXNxAP5bI0weB8tOWM9WNfYnEfFNR7tB7sEBmBm6W64duLKuxpL4OEgJdONpWBAvcj3Lf11IrTdwC-BJNc3TnyrWA.mp4?_nc_cat=107&_nc_oc=AdoicvJKIaGOIq49ZufztbcHdLjvnc7NX0zyfl9mwuh-WgojpgAQsTUo7wcA6i0DNDI&_nc_sid=b66105&_nc_ht=video.forn3-2.fna.fbcdn.net&_nc_ohc=HnYmKhBRFp4Q7kNvwFGvkH0&efg=eyJ2ZW5jb2RlX3RhZyI6Inhwdl9wcm9ncmVzc2l2ZS5WSV9VU0VDQVNFX1BST0RVQ1RfVFlQRS4uQzMuMTI4MC5kYXNoX2gyNjQtYmFzaWMtZ2VuMl83MjBwIiwieHB2X2Fzc2V0X2lkIjo5MTI1ODkzNTQ0MDU2ODgsImFzc2V0X2FnZV9kYXlzIjo1OTAsInZpX3VzZWNhc2VfaWQiOjEyMzczLCJkdXJhdGlvbl9zIjo5NywidXJsZ2VuX3NvdXJjZSI6Ind3dyJ9&ccb=17-1&vs=98fe2777a1c6f7a1&_nc_vs=HBksFQIYRWZiX2VwaGVtZXJhbC9FRjQ4RTM2RjAxQjVENURCOURCNjU5MDRCQzlGOTBCNF9tdF8xX3ZpZGVvX2Rhc2hpbml0Lm1wNBUAAsgBEgAVAhg1ZmJfcGVybWFuZW50LzE0MDEzMDUwMTQxNzM5NDJfODUzODgzODY4MzcxMzQ1OTI4Ny5tcDQVAgLIARIAKAAYABsCiAd1c2Vfb2lsATEScHJvZ3Jlc3NpdmVfcmVjaXBlATEVAAAm8LzcxNj_ngMVAigCQzMsF0BYUeuFHrhSGBlkYXNoX2gyNjQtYmFzaWMtZ2VuMl83MjBwEQB1AGWqwQEA&_nc_gid=U4kGljBa7q5NZmcvu3Yn5Q&_nc_ss=7a289&_nc_map=urlgen_bucketless&_nc_zt=28&oh=00_AQIMS6tdGFJQ9mNYsAxnZ0F0TuO-XXmjcNNLPB6MUFCNqA&oe=6AA6EF5D,https://www.facebook.com/ads/library/?id=1286647706757121,الجديد جهاز,2026-09-09T10:40:02+00:00
1318616693448827,LB,Softskin By Secretreza,2026-08-18,22,0,22,⁨ ⁨ ⁨ ودّعي الحلاقة والواكس وخلي العناية أسهل من بيتك ✨ مع جهاز Secretreza استمتعي بتجربة إزالة شعر مريحة وسهلة من منزلك 💗 | جهاز ازالة الشعر من المنزل 💗 | استخدام كامل للجسم، بما في ذلك منطقة البيكيني 🌹,https://www.secretreza.com/,https://video.forn3-1.fna.fbcdn.net/o1/v/t2/f2/m366/AQMrB-Q9sKJx1Rh8BUI09YKIUpXnvVD4OfGxuSEl8V1pF_zh_Jb_JFzYhhx_8-YoXN-hljjsnniwdbjj5ML-T1glXqPx13CjUguxa5qQ-VZMRw.mp4?_nc_cat=102&_nc_oc=AdrnHcNk4i3XibW-Y4YwvwrhniTSLeiBhctnYCx_lqnhbljXYFGn1tkmbLOV5Hgp-lY&_nc_sid=b66105&_nc_ht=video.forn3-1.fna.fbcdn.net&_nc_ohc=MZehn1AgJHoQ7kNvwEKfv9O&efg=eyJ2ZW5jb2RlX3RhZyI6Inhwdl9wcm9ncmVzc2l2ZS5WSV9VU0VDQVNFX1BST0RVQ1RfVFlQRS4uQzMuNzIwLmRhc2hfaDI2NC1iYXNpYy1nZW4yXzcyMHAiLCJ4cHZfYXNzZXRfaWQiOjEwNjI2MTc3NDk1ODUzNjcsImFzc2V0X2FnZV9kYXlzIjoyMSwidmlfdXNlY2FzZV9pZCI6MTAxMzksImR1cmF0aW9uX3MiOjgzLCJ1cmxnZW5fc291cmNlIjoid3d3In0%3D&ccb=17-1&vs=9022c44a577f36cb&_nc_vs=HBksFQIYRWZiX2VwaGVtZXJhbC80QjQ2MzJCNTk5MjUxNUE4Q0VEODU2MUJDRTUxQ0Q4QV9tdF8xX3ZpZGVvX2Rhc2hpbml0Lm1wNBUAAsgBEgAVAhhAZmJfcGVybWFuZW50LzE3NEQ3NzNCQjA1NzI2RDZEQUUzN0Y1Njg3MEExOTk3X2F1ZGlvX2Rhc2hpbml0Lm1wNBUCAsgBEgAoABgAGwKIB3VzZV9vaWwBMRJwcm9ncmVzc2l2ZV9yZWNpcGUBMRUAACau9_eXv5zjAxUCKAJDMywXQFT7tkWhysEYGWRhc2hfaDI2NC1iYXNpYy1nZW4yXzcyMHARAHUAZbaeAQA&_nc_gid=gnM_oy7-Lmz36cIMDwCO5A&_nc_ss=7a289&_nc_map=urlgen_bucketless&_nc_zt=28&oh=00_AQJOoVxE8MSLA7mQ5ejC-Ns8Us1qlxDFTtlwY0qwcDOdPw&oe=6AA6F8DE,https://www.facebook.com/ads/library/?id=1318616693448827,شعر وجع جهاز,2026-09-09T10:36:14+00:00
939648835091931,BH,Glatee,2026-08-18,22,0,22,🔥 عرض الصيف وصل! Diamond Magic 30 الآن بـ119 ريال بدل 146 ريال! تشكيلة آيس كريم فاخرة بـ7 نكهات مميزة في بوكس واحد 🤩🍦 مثالي للضيافة، الهدايا ولحظاتك الحلوة. 🛒 اطلبه الآن قبل انتهاء العرض! | 🔥 دايموند ماجيك 30 بـ119 ريال فقط | عرض خاص لفترة محدودة.. اطلب الآن 🔥,https://glatee.com/diamond-magic-30/p1486542146,https://video.forn3-1.fna.fbcdn.net/o1/v/t2/f2/m366/AQNYbwc91oF3wZaISugIewo_JGKqZBfyL91GFXOlhulleWfumqDVpBARf8zlqTf0FxFEbKlE1Osu3abijGiJbM3_0u5Y6k1SLxYek2pTUUT5Kw.mp4?_nc_cat=106&_nc_oc=Adoe4oUIbvmZ5BZW5XzgG4cvrHkrkdlic3dlSOLnM5invAcozlzT6G6HaX-QcuA_03Q&_nc_sid=b66105&_nc_ht=video.forn3-1.fna.fbcdn.net&_nc_ohc=uq7SbQ2ygfEQ7kNvwHwseEk&efg=eyJ2ZW5jb2RlX3RhZyI6Inhwdl9wcm9ncmVzc2l2ZS5WSV9VU0VDQVNFX1BST0RVQ1RfVFlQRS4uQzMuNzIwLmRhc2hfaDI2NC1iYXNpYy1nZW4yXzcyMHAiLCJ4cHZfYXNzZXRfaWQiOjIyNzUwNDE4MDk5MjY4OTEsImFzc2V0X2FnZV9kYXlzIjozMCwidmlfdXNlY2FzZV9pZCI6MTAxMzksImR1cmF0aW9uX3MiOjMyLCJ1cmxnZW5fc291cmNlIjoid3d3In0%3D&ccb=17-1&vs=537d38a6346bb17f&_nc_vs=HBksFQIYRWZiX2VwaGVtZXJhbC9FRTRFREJBRjc0RkNCQTZFRjQ5NjczRDgzOTBCQTVBRF9tdF8xX3ZpZGVvX2Rhc2hpbml0Lm1wNBUAAsgBEgAVAhhAZmJfcGVybWFuZW50L0MzNEY5NjQyN0YxRjYzMEQ1NEU1Njg1MTFCODlBRjg2X2F1ZGlvX2Rhc2hpbml0Lm1wNBUCAsgBEgAoABgAGwKIB3VzZV9vaWwBMRJwcm9ncmVzc2l2ZV9yZWNpcGUBMRUAACbWq_Cu7siKCBUCKAJDMywXQEBZmZmZmZoYGWRhc2hfaDI2NC1iYXNpYy1nZW4yXzcyMHARAHUAZbaeAQA&_nc_gid=Hx8m0EIShqCKLdN1bCqOMA&_nc_ss=7a289&_nc_map=urlgen_bucketless&_nc_zt=28&oh=00_AQJ5WzBzlhO0xGsml8iDWqQG_VTZsi40dC1tRmZfUqrjUg&oe=6AA7044E,https://www.facebook.com/ads/library/?id=939648835091931,الصيف كريم,2026-09-09T10:11:56+00:00
1412226230768002,KW,Brian Oneill Neil Burnside,2026-08-18,22,0,22,🥵 هل ما زلتِ تعانين من رائحة الكريمات الكريهة وبهتان منطقة الإبط؟ 🥥 كريم إزالة الشعر بجوز الهند المنعش - إزالة شعر لطيفة × تفتيح لون البشرة × مناسب للبشرة الحساسة! ✅ تركيبة مغذية - تمنع التصبغات، وتترك منطقة الإبط أكثر إشراقًا مع الاستخدام المنتظم ✅ لطيف وغير مهيج - آمن للمناطق الحساسة ✅ رائحة جوز هند خفيفة - وداعًا لروائح المواد الكيميائية النفاذة ✅ ملمس ناعم كالحرير - يعالج البشرة أثناء إزالة الشعر 👇 اضغطي على الرابط للطلب الآن! 🛒https://salamluxeel.com/sp/04srpR/hair-removal-cream,https://salamluxeel.com/detail/04srpR/hair-removal-cream?_uid=abea361ec1e4417fbe54ae45c3d477a0&_adchannel=facebook,https://video.forn3-1.fna.fbcdn.net/o1/v/t2/f2/m366/AQP2jFMK1h5PI3bn5ezfTxulsIZiiiZBAeXpeKCEbXumtx1mdG1HVx1JhWYeFE48MEhVhKQD2UQU3hxSqrWks4yWyyK0UbHR83lKABn91H0vxA.mp4?_nc_cat=107&_nc_oc=AdqxuBmrN3ClQbyj5mqwsnky25v2C_uiRJfalJgsGUGSY3ZvLWwl2N2IzgOacymUQlY&_nc_sid=b66105&_nc_ht=video.forn3-1.fna.fbcdn.net&_nc_ohc=RnFbfGALvNMQ7kNvwG1qfVZ&efg=eyJ2ZW5jb2RlX3RhZyI6Inhwdl9wcm9ncmVzc2l2ZS5WSV9VU0VDQVNFX1BST0RVQ1RfVFlQRS4uQzMuNzIwLmRhc2hfaDI2NC1iYXNpYy1nZW4yXzcyMHAiLCJ4cHZfYXNzZXRfaWQiOjIyMDcxMzE2NDAxNDM0NjYsImFzc2V0X2FnZV9kYXlzIjoyMiwidmlfdXNlY2FzZV9pZCI6MTAxMzksImR1cmF0aW9uX3MiOjQxLCJ1cmxnZW5fc291cmNlIjoid3d3In0%3D&ccb=17-1&vs=743e482e1ce6c1f1&_nc_vs=HBksFQIYRWZiX2VwaGVtZXJhbC9ENTRGQkEyNTA4RjFCOTYwMDI1Q0E1NkZBQzdGRjJCQV9tdF8xX3ZpZGVvX2Rhc2hpbml0Lm1wNBUAAsgBEgAVAhhAZmJfcGVybWFuZW50LzUzNDI3ODNDRkQxN0UyNUUzMDAzNTU2NTk4RDE5QzgxX2F1ZGlvX2Rhc2hpbml0Lm1wNBUCAsgBEgAoABgAGwKIB3VzZV9vaWwBMRJwcm9ncmVzc2l2ZV9yZWNpcGUBMRUAACbU-ZCW_NfrBxUCKAJDMywXQESiDEm6XjUYGWRhc2hfaDI2NC1iYXNpYy1nZW4yXzcyMHARAHUAZbaeAQA&_nc_gid=8DiWrtAskkh8lunZOPOAVg&_nc_ss=7b289&_nc_map=urlgen_bucketless&_nc_zt=28&oh=00_AQKf3-NopjgdKJOM_nuzM0PgRxV38zAu_lVlyjt2Qd3IBg&oe=6AA6FC1D,https://www.facebook.com/ads/library/?id=1412226230768002,البشرة كريم تفتيح,2026-09-09T09:32:49+00:00
28115738284772238,OM,المصلي Almosaly,2026-08-18,22,0,22,📌هل سألت مرة عن عمل النبي ﷺ في ساعة ما من يومك؟ في كل ساعة من يومك كان ﷺ له سنة وعمل، وهدى ووصية، وقال تعالى: (وما آتكم الرسول فخذوه) في المصلي🕋.. جدول كامل لأعمال النبي ﷺ في يومك.. فقط افتح المصلي في أي وقت من يومك، وستجد سنة النبي ﷺ وعمله في ذلك الوقت 📌 حمله المصلي الآن #المصلي .. رفيقك في كل عبادة | جدول لأعمال النبي ﷺ كل ساعة - المصلي، حمله الآن,http://itunes.apple.com/app/id438091943,https://video.forn3-6.fna.fbcdn.net/o1/v/t2/f2/m366/AQOHqj_kYYu5ooa6g3F4w0ePFTGTWWkXD641W3stBNV62RzAu_XM-1BHZt4jy9Q5QSxdT2CaInt7yT25CC8UrSrj-q2Cstf6YJkv9QM2xh8Hdg.mp4?_nc_cat=101&_nc_oc=Ado31Z8E6UN18c290Br2Lj9l6rPx7PY7QJPUPFMDP25N7dK13Ad7vO-zY25qEllWD10&_nc_sid=b66105&_nc_ht=video.forn3-6.fna.fbcdn.net&_nc_ohc=S8leclxi5DcQ7kNvwELnLkV&efg=eyJ2ZW5jb2RlX3RhZyI6Inhwdl9wcm9ncmVzc2l2ZS5WSV9VU0VDQVNFX1BST0RVQ1RfVFlQRS4uQzMuNzIwLmRhc2hfaDI2NC1iYXNpYy1nZW4yXzcyMHAiLCJ4cHZfYXNzZXRfaWQiOjE4NDUxMzgzOTAyNTgyODEsImFzc2V0X2FnZV9kYXlzIjoyMSwidmlfdXNlY2FzZV9pZCI6MTA3OTksImR1cmF0aW9uX3MiOjk5LCJ1cmxnZW5fc291cmNlIjoid3d3In0%3D&ccb=17-1&vs=1d5f3abf72f144d3&_nc_vs=HBksFQIYRWZiX2VwaGVtZXJhbC9GMjRFNkUwQjY5MzY3MzU0NUYyOUNCOEE3NDI4MDk5OV9tdF8xX3ZpZGVvX2Rhc2hpbml0Lm1wNBUAAsgBEgAVAhhAZmJfcGVybWFuZW50L0Q2NDA5RjMwQ0Q0REVCMDUzMjVDMjc0Q0YzNTJBNUI5X2F1ZGlvX2Rhc2hpbml0Lm1wNBUCAsgBEgAoABgAGwKIB3VzZV9vaWwBMRJwcm9ncmVzc2l2ZV9yZWNpcGUBMRUAACbSyYClmInHBhUCKAJDMywXQFjbtkWhysEYGWRhc2hfaDI2NC1iYXNpYy1nZW4yXzcyMHARAHUAZd6oAQA&_nc_gid=h1RshW5T6ijsoxU6B71sxg&_nc_ss=7b289&_nc_map=urlgen_bucketless&_nc_zt=28&oh=00_AQL-nwwXbqwEdJV54PTQuZbkgqP2w3hiJiXE0tyfmAZQRA&oe=6AA6E10F,https://www.facebook.com/ads/library/?id=28115738284772238,ساعة بس لو,2026-09-09T09:07:46+00:00
1754596112245249,JO,نشمي سوق - Nashmi Sooq,2026-08-18,22,0,22,من الطحين لرغيف خبز جاهز بس بضغطة زر🍞 ما في داعي تعجن بإيدك، وتستنى العجينة تخمّر، وبعدين تضل تراقب الخبز بالفرن! 😍🔥مع ماكينة MMX الأوتوماتيكية حط المكونات، اختار البرنامج... وهي بتعجن، بتخمّر وبتخبز عنك بالكامل! متوفر الآن في الأردن لأول مرة😍🔥 والأحلى؟ مش بس للخبز! 🤩 مع 15 برنامج مختلف بتقدر تستخدمها لتحضير الخبز، العجين، الكيك والحلويات، المربى، الزبادي وغيرها... جهاز واحد واستخدامات كثيرة بالمطبخ. 🍞 3 أحجام للرغيف: 1 كجم | 1.25 كجم | 1.5 كجم ⚙️ شفرتان للعجن لخلط وعجن المكونات بكفاءة 🔥 3 درجات لتحمير القشرة: فاتح | متوسط | داكن ⏰ مؤقت تأخير حتى 15 ساعة — حضّر المكونات واضبط الوقت اللي بناسبك ♨️ احتفاظ بالحرارة لمدة 60 دقيقة 📱 شاشة LCD رقمية وتحكم سهل ⚡ قوة 850 واط ⏰ مكفولة لمدة عام من تاريخ الشراء والميزة اللي بتفرق فعلًا؟ حضّر المكونات من الليل واضبط المؤقت... واصحى على خبز طازج جاهز الصبح 🍞☀️ بدل العجن والتخمير ومراقبة الفرن، خلي الماكينة تعمل الشغل عنك واستمتع بالنتيجة. ❤️ 🔥 اطلب ماكينة صنع الخبز MMX الآن من متجرنا الإلكتروني، عبّي بياناتك ورح يتواصل معك فريق خدمة العملاء لتأكيد الطلب، والدفع عند الاستلام. https://www.nashmisooq.com/Breadmaker | الكمية محدودة | خصم 25% اليوم فقط,https://www.nashmisooq.com/Breadmaker,https://video.forn3-1.fna.fbcdn.net/o1/v/t2/f2/m366/AQOb9FFEL7SE8aDxYyzjHEgBCejZ_Qz-hXLSWVCeE07xqnlyjwU_SKxsNohDv7GoBsx_f6Trlr7YYIyus7zLGysfsrpBUjNKm7o9HNBzcUdwmA.mp4?_nc_cat=103&_nc_oc=AdoANrHY6aVq8D87OXFLTIojnZzC6ZTraEPkGEMGgIZysfhFKF40YT7y2pB1r4rufSo&_nc_sid=b66105&_nc_ht=video.forn3-1.fna.fbcdn.net&_nc_ohc=aEt36j5WVRkQ7kNvwHuAUDN&efg=eyJ2ZW5jb2RlX3RhZyI6Inhwdl9wcm9ncmVzc2l2ZS5WSV9VU0VDQVNFX1BST0RVQ1RfVFlQRS4uQzMuNzIwLmRhc2hfaDI2NC1iYXNpYy1nZW4yXzcyMHAiLCJ4cHZfYXNzZXRfaWQiOjQwNTU0NjY3MjE0MTMwODcsImFzc2V0X2FnZV9kYXlzIjoyMSwidmlfdXNlY2FzZV9pZCI6MTA3OTksImR1cmF0aW9uX3MiOjgxLCJ1cmxnZW5fc291cmNlIjoid3d3In0%3D&ccb=17-1&vs=4943412728476367&_nc_vs=HBksFQIYRWZiX2VwaGVtZXJhbC8wNDQ0Q0I5RTk0NzI3NkMwMTdDMUIyQzkwOTc0MTVBQV9tdF8xX3ZpZGVvX2Rhc2hpbml0Lm1wNBUAAsgBEgAVAhhAZmJfcGVybWFuZW50LzgxNDg2M0JFRThFQzlCNkMxNkRCRTA1MjZENzhDN0FFX2F1ZGlvX2Rhc2hpbml0Lm1wNBUCAsgBEgAoABgAGwKIB3VzZV9vaWwBMRJwcm9ncmVzc2l2ZV9yZWNpcGUBMRUAACa-n6DVnZu0DhUCKAJDMywXQFRZmZmZmZoYGWRhc2hfaDI2NC1iYXNpYy1nZW4yXzcyMHARAHUAZd6oAQA&_nc_gid=irtyDX8J64Xxey-QH28dgg&_nc_ss=7b289&_nc_map=urlgen_bucketless&_nc_zt=28&oh=00_AQLLV3t-iUfcbJbw4N5Nul88IlvEeB0MV__vFbbNq1Zf8g&oe=6AA70AFD,https://www.facebook.com/ads/library/?id=1754596112245249,لمدة ساعة بس لو,2026-09-09T09:06:13+00:00
1085309177303394,KW,Newinhere Club,2026-08-19,21,0,21,تعبت من تجمع الطيور على الشرفة أو حول المنزل؟ 😩 جهاز عملي يساعد على إبعاد الطيور عن الأماكن التي لا ترغب بوجودها فيها بطريقة سهلة وبدون الحاجة للمطاردة المستمرة. 🏠 مناسب للشرفات والنوافذ 🌿 للاستخدام في المنزل أو الحديقة 🔊 يعمل بالموجات فوق الصوتية 🔋 تصميم عملي وسهل الاستخدام ✨ طريقة مريحة للحفاظ على المكان نظيفًا خلّي مساحتك خالية من إزعاج الطيور بسهولة! 🐦🚫 | جهاز طرد الطيور بالموجات فوق الصوتية 🐦🚫,https://v.newinhere.com/product/184ham7zbxo?i=kpupcfbzzy,https://video.forn3-1.fna.fbcdn.net/o1/v/t2/f2/m366/AQNKM0wrKISbnFOICdvRuabo9l5ZZevhIUh_cjOKO1UuFMIMPNlTz3QTnyebFsKt4zXXF8draUzoYAv1_hmTt6efOcqBYdBWj_04dqRCvlNXOA.mp4?_nc_cat=111&_nc_oc=AdqCIcruvl1aCrTzPtZV_V8z2mYtH9zvh5Cr6V4pj5fhD60-03xp7l4GXquJD3WZZ4g&_nc_sid=b66105&_nc_ht=video.forn3-1.fna.fbcdn.net&_nc_ohc=EAs9vb16BUsQ7kNvwFFCxF8&efg=eyJ2ZW5jb2RlX3RhZyI6Inhwdl9wcm9ncmVzc2l2ZS5WSV9VU0VDQVNFX1BST0RVQ1RfVFlQRS4uQzMuNTEyLmRhc2hfaDI2NC1iYXNpYy1nZW4yXzcyMHAiLCJ4cHZfYXNzZXRfaWQiOjEwODAyODA4NzExMTY2NTksImFzc2V0X2FnZV9kYXlzIjoyMSwidmlfdXNlY2FzZV9pZCI6MTA3OTksImR1cmF0aW9uX3MiOjU3LCJ1cmxnZW5fc291cmNlIjoid3d3In0%3D&ccb=17-1&vs=850c9177c7e2e11b&_nc_vs=HBksFQIYRWZiX2VwaGVtZXJhbC82RjQwQjYzOTBDRUJDRkVCNTM4QzRFNTJGMURCM0U5OV9tdF8xX3ZpZGVvX2Rhc2hpbml0Lm1wNBUAAsgBEgAVAhhAZmJfcGVybWFuZW50Lzg5NDBCMTg3QTBDMTZGM0NCOEQwRTE2NDE3NzZCQUEzX2F1ZGlvX2Rhc2hpbml0Lm1wNBUCAsgBEgAoABgAGwKIB3VzZV9vaWwBMRJwcm9ncmVzc2l2ZV9yZWNpcGUBMRUAACbm_aTZz6DrAxUCKAJDMywXQEz3bItDlYEYGWRhc2hfaDI2NC1iYXNpYy1nZW4yXzcyMHARAHUAZd6oAQA&_nc_gid=nIY7ojLu2nyVMK5RaeqT3w&_nc_ss=7a289&_nc_map=urlgen_bucketless&_nc_zt=28&oh=00_AQKSuf6M90aBis_L9F2L8l643jMrX6vTG6VN-tJMrcCLAA&oe=6AA6FD5D,https://www.facebook.com/ads/library/?id=1085309177303394,المنزل جهاز,2026-09-09T10:56:37+00:00
1778171593429076,LB,Souqlib,2026-08-19,21,0,21,✨ ودّعي الحلاقة والجروح والاحمرار نهائياً! تعبتي من الطرق المؤلمة والنتائج المؤقّتة؟ مع جهاز إزالة الشعر للمناطق الحسّاسة رح تحصلي على نعومة مثالية بدون وجع 💖 ✅ آمن على البشرة الحسّاسة ✅ ما بيسبّب جروح أو احمرار ✅ سهل الاستخدام حتى لو أول مرّة ✅ بيخفّف نمو الشعر مع الوقت ✅ بشرتِك بتصير أنعم ومرتّبة من أول استخدام ✨ 💗 خلي ثقتِك بنفسِك أعلى كل يوم وخلي نعومة بشرتِك تحكي عنك! ⏳ الكمية محدودة والطلب عالي بلبنان لا تضّيعي الفرصة… احجزي جهازِك اليوم قبل ما يخلص! 👇 https://souqlib.com/products/hijaz-remove-hair | 👉ما بقي إلا أقل من 30 قطعة! | الجهاز الأكثر طلبًا عند زبائننا!🔥,https://souqlib.com/products/hijaz-remove-hair,https://video.forn3-2.fna.fbcdn.net/o1/v/t2/f2/m366/AQP6hazJsNJaJEEg20sgB5CLDiURPTpwzHyP5Q-iCXZ2TZuBKCLPRlRZJX-sTrYD2g_Z0Qq6VGgb046_MhCs3N7bSu194bZ3VfzNeIsOtN9grw.mp4?_nc_cat=108&_nc_oc=AdoJ4avNfSLCg2QxF4o-QZZCaWW09ixcrnGm4oA7giPi_zAziyCnradBcqR8vq5jgUI&_nc_sid=b66105&_nc_ht=video.forn3-2.fna.fbcdn.net&_nc_ohc=XkLIYkv_DwAQ7kNvwGSAmOU&efg=eyJ2ZW5jb2RlX3RhZyI6Inhwdl9wcm9ncmVzc2l2ZS5WSV9VU0VDQVNFX1BST0RVQ1RfVFlQRS4uQzMuNzIwLmRhc2hfaDI2NC1iYXNpYy1nZW4yXzcyMHAiLCJ4cHZfYXNzZXRfaWQiOjExODQwODQ0OTgxMTI1NTUsImFzc2V0X2FnZV9kYXlzIjo5MywidmlfdXNlY2FzZV9pZCI6MTA3OTksImR1cmF0aW9uX3MiOjM4LCJ1cmxnZW5fc291cmNlIjoid3d3In0%3D&ccb=17-1&vs=e74b747d3cd50ed9&_nc_vs=HBksFQIYRWZiX2VwaGVtZXJhbC9FNzQ4NDY5OTY2MUVENTY3MkYyMzZFN0ZFMkU5Mjk4M19tdF8xX3ZpZGVvX2Rhc2hpbml0Lm1wNBUAAsgBEgAVAhhAZmJfcGVybWFuZW50L0NFNDcwNTE0QTY4Rjg3QUY4NkQ3RUNBODQwM0JFNzkwX2F1ZGlvX2Rhc2hpbml0Lm1wNBUCAsgBEgAoABgAGwKIB3VzZV9vaWwBMRJwcm9ncmVzc2l2ZV9yZWNpcGUBMRUAACbWgKf-5LqaBBUCKAJDMywXQEMiDEm6XjUYGWRhc2hfaDI2NC1iYXNpYy1nZW4yXzcyMHARAHUAZd6oAQA&_nc_gid=tToGkDDO9ez-VbyZlLW-DQ&_nc_ss=7a289&_nc_map=urlgen_bucketless&_nc_zt=28&oh=00_AQLCGx4Ue6quZBqnNAI8SQRdSLHWuvDlH4rayNdFu_oJmw&oe=6AA72518,https://www.facebook.com/ads/library/?id=1778171593429076,شعر وجع جهاز,2026-09-09T10:36:14+00:00
1374504860892198,SA,Talabiah طلبية,2026-08-19,21,0,21,تخيّلي… إزالة تامة للشعر الزائد بكامل جسمك في جلسة ما تتعدّى سبع دقايق بس! ومع أربع جلسات فقط، بتبدين تلاحظين الفرق في نعومة بشرتك وفعالية إزالة الشعر. تعرّفي على جهاز ديس لإزالة الشعر، بتقنية IPL وتقنية تبريد الياقوت… لراحة أكثر أثناء الاستخدام، وإزالة شعر فعّالة وبدون ألم من البيت. ديس… نعومة أكثر، وراحة في كل ومضة. أطلبية الآن بخصم خاص 20% اذا استخدمتى كوبون الخصم : DESS20 من خلال الرابط: https://bit.ly/4glhRh0,https://talabiah.com.sa/product/deess-laser-hair-removal-device-gp592/,https://video.forn3-1.fna.fbcdn.net/o1/v/t2/f2/m367/AQOy3s4-7qQqWCyu_LHwX_gmJKi0Dxs2AWHtfPVk5xfZy9EicoknkZJjk4CGjdUo5BD_QLWsRNhyR9pdTPq9V1FWEeWZorUjWDpZU9L8MA.mp4?_nc_cat=100&_nc_oc=AdqSbbfV1fhA5ZmoiO-WiLHMDsViTwitPbbF0HJK4ciDsBe3spPcsClefoSn6uvjHtU&_nc_sid=ef5aa3&_nc_ht=video.forn3-1.fna.fbcdn.net&_nc_ohc=jXjfH2wEoNIQ7kNvwG3mCcz&efg=eyJ2ZW5jb2RlX3RhZyI6Inhwdl9wcm9ncmVzc2l2ZS5WSV9VU0VDQVNFX1BST0RVQ1RfVFlQRS4uQzIuNzIwLnByb2dyZXNzaXZlX2gyNjQtYmFzaWMtZ2VuMl83MjBwIiwieHB2X2Fzc2V0X2lkIjoxODU1MzA3MDUwOTA3Njg2MywiYXNzZXRfYWdlX2RheXMiOjIwLCJ2aV91c2VjYXNlX2lkIjoxMjM3NCwiZHVyYXRpb25fcyI6MTUsInVybGdlbl9zb3VyY2UiOiJ3d3cifQ%3D%3D&ccb=17-1&_nc_gid=497Axl5R6q41agJxwSdzQw&_nc_ss=7a289&_nc_map=urlgen_bucketless&_nc_zt=28&oh=00_AQKVOFwtPIQW2tNPlkznWOZl_dlMRuon7maR3cxqb2elxw&oe=6AA6F63E,https://www.facebook.com/ads/library/?id=1374504860892198,جهاز ازالة الشعر,2026-09-09T10:30:54+00:00
1777407483389996,EG,الدكتور باهر السعيد,2026-08-19,21,0,21,اقوي روتين لتفتيح المناطق الحساسه و الداكنه بتونر الجليكوليك و كريم الجلوتاثيون #تفتيح #تفتيح_المناطق_الحساسة #تونر #تجميل #جمال,https://api.whatsapp.com/send,https://video.forn3-1.fna.fbcdn.net/o1/v/t2/f2/m367/AQPTwFVkwJoewTfBndYc_2abRFMYaJIcsPBh-35koNVnBNz8xWPPfdrRZOuzoXnOYGWteoE7bgTw58IVrCdxylu15jLiM2UEhqtLhDr8OA.mp4?_nc_cat=100&_nc_oc=AdpCcEeTP9JOsjh09jt2JpMUfGCk-d2aSRRmup3dWF5LZUfLGguwZPZAltj-Pwv6Lt0&_nc_sid=ef5aa3&_nc_ht=video.forn3-1.fna.fbcdn.net&_nc_ohc=x3OfMz1001UQ7kNvwFLYLXo&efg=eyJ2ZW5jb2RlX3RhZyI6Inhwdl9wcm9ncmVzc2l2ZS5WSV9VU0VDQVNFX1BST0RVQ1RfVFlQRS4uQzMuNzE2LnByb2dyZXNzaXZlX2gyNjQtYmFzaWMtZ2VuMl83MjBwIiwieHB2X2Fzc2V0X2lkIjoyNTc2MDg3MTQyODM5NTgwLCJhc3NldF9hZ2VfZGF5cyI6MjAsInZpX3VzZWNhc2VfaWQiOjEyMzc0LCJkdXJhdGlvbl9zIjo4OCwidXJsZ2VuX3NvdXJjZSI6Ind3dyJ9&ccb=17-1&_nc_gid=SgFXy-SF0Nl28Cwt0vc7zA&_nc_ss=7b289&_nc_map=urlgen_bucketless&_nc_zt=28&oh=00_AQJJaGnWLCpWLAT1I_WH-TvBvjJGMlVM8IVXTR2bHZS6Zw&oe=6AA6F932,https://www.facebook.com/ads/library/?id=1777407483389996,بيمارو كريم تفتيح,2026-09-09T10:07:50+00:00
37682908284685769,OM,Horus University,2026-08-19,21,0,21,🦿 قبل ما تختار… اسأل العميد لو كلية العلاج الطبيعي ضمن اختياراتك، فالفيديو ده هيجاوبك عن أهم الأسئلة اللي محتاج تعرفها قبل ما تحدد مستقبلك. الأستاذ الدكتور زينب أحمد حسين عميد كلية العلاج الطبيعي بجامعة حورس – مصر توضح خلال اللقاء طبيعة الدراسة بالكلية، والتدريب العملي والإكلينيكي، والإمكانات المتاحة داخل المعامل والعيادات، والمهارات التي يكتسبها الطالب، وسنة الامتياز، ومجالات العمل بعد التخرج، وكيف تسهم الكلية في إعداد أخصائي علاج طبيعي مؤهل علميًا وعمليًا وقادر على تقديم رعاية تأهيلية متميزة. 🧑‍⚕️💪 شاهد الفيديو… وخد قرارك على أساس معرفة حقيقية. 📢 باب التقديم المباشر مفتوح للعام الجامعي 2026–2027. 🔗 رابط التقديم المباشر: https://horus.edu.eg/ar/apply-now-ar/ #اسأل_العميد #كلية_العلاج_الطبيعي #جامعة_حورس #HorusUniversityEgypt #Horus_University_Egypt #HUE 🏛️,https://horus.edu.eg/ar/apply-now-ar/,https://video.forn3-1.fna.fbcdn.net/o1/v/t2/f2/m366/AQMdQL57ZpUjzWpKqtrexRcybZMBhNNuenNCA9ZMeGjNchtusx6YoE_cQ63cog3CshFwUNrZa-mcMuHyuMxaJtWyaG90q5cPFOYxbpY3dGeqmQ.mp4?_nc_cat=103&_nc_oc=AdqSwkAhuePk9Ukjafsf31QBUcRhPzLFruzxfmRfYr_lelnYFQ_CbloyOfWE35k04Q0&_nc_sid=b66105&_nc_ht=video.forn3-1.fna.fbcdn.net&_nc_ohc=t4P5hK5WwSoQ7kNvwEczDu4&efg=eyJ2ZW5jb2RlX3RhZyI6Inhwdl9wcm9ncmVzc2l2ZS5WSV9VU0VDQVNFX1BST0RVQ1RfVFlQRS4uQzMuNzIwLmRhc2hfaDI2NC1iYXNpYy1nZW4yXzcyMHAiLCJ4cHZfYXNzZXRfaWQiOjE3MTE0MjM0OTY1ODExOTIsImFzc2V0X2FnZV9kYXlzIjoyMSwidmlfdXNlY2FzZV9pZCI6MTIzNzMsImR1cmF0aW9uX3MiOjM4MCwidXJsZ2VuX3NvdXJjZSI6Ind3dyJ9&ccb=17-1&vs=9aae2848615e580f&_nc_vs=HBksFQIYRWZiX2VwaGVtZXJhbC9BQTQxRDBBOTc2Nzk5QkE0OTgyQUQ3OUREMjhCMzc5Rl9tdF8xX3ZpZGVvX2Rhc2hpbml0Lm1wNBUAAsgBEgAVAhhAZmJfcGVybWFuZW50L0Q4NENBQUFEM0U5ODAwODNBNDE5NjUzQTc2MkQ0RkE5X2F1ZGlvX2Rhc2hpbml0Lm1wNBUCAsgBEgAoABgAGwKIB3VzZV9vaWwBMRJwcm9ncmVzc2l2ZV9yZWNpcGUBMRUAACaQwZfZ-qGKBhUCKAJDMywXQHfPbItDlYEYGWRhc2hfaDI2NC1iYXNpYy1nZW4yXzcyMHARAHUAZarBAQA&_nc_gid=h1RshW5T6ijsoxU6B71sxg&_nc_ss=7b289&_nc_map=urlgen_bucketless&_nc_zt=28&oh=00_AQJi1W4T_M-0kZbhqwsMW4a79xWYtOOSNQt0kzyp8lrS_Q&oe=6AA6EC01,https://www.facebook.com/ads/library/?id=37682908284685769,ساعة بس لو,2026-09-09T09:07:46+00:00
37913805431601331,OM,شركة نوابغ الهندسة - Engineering Geniuses,2026-08-19,21,0,21,سجل الان بمسار الذكاء الإصطناعي أونلاين وبشكل عملي🧠🚀 ✅كل درس = نظام يعمل فعليًا. ✅فيديوهات مسجلة ✅مادة تدريبية متكاملة وكودات لكل مشروع بايثون و رؤية حاسوبية، وكلاء ذكاء اصطناعي، تعلم عميق، وتشغيل على أنظمة حقيقية( أنظمة فرز ، روبوتات ، كاميرات ومسرعات ذكاء إصطناعي) . 🎟️ التسجيل متاح الآن — بعدد محدود. إذا كنت تريد الانتقال من الفهم إلى البناء، فهذا هو المكان الصحيح.,https://api.whatsapp.com/send,https://video.forn3-1.fna.fbcdn.net/o1/v/t2/f2/m366/AQNcK5nhMEJ2GADwZ0Nfed6C5HiBj-UdfUVdJG6y8R1mOwiFZKhklfoEoUw0MLpSxHiMQl9vMSWcGU0Hsaq1aKsEE_pTjWu6iLpMjGbk3rKjng.mp4?_nc_cat=105&_nc_oc=AdpvBPGoLYalwzV_VhZchJKKmF9_wZ-l0VgQWsnf6NxsHaMfVtfE7v2NOwL3SYkZv_I&_nc_sid=b66105&_nc_ht=video.forn3-1.fna.fbcdn.net&_nc_ohc=OCWY3-TaaagQ7kNvwGxqhCg&efg=eyJ2ZW5jb2RlX3RhZyI6Inhwdl9wcm9ncmVzc2l2ZS5WSV9VU0VDQVNFX1BST0RVQ1RfVFlQRS4uQzMuNzIwLmRhc2hfaDI2NC1iYXNpYy1nZW4yXzcyMHAiLCJ4cHZfYXNzZXRfaWQiOjE4MDY5ODE5NTM3OTI0NTIsImFzc2V0X2FnZV9kYXlzIjoyMCwidmlfdXNlY2FzZV9pZCI6MTIzNzMsImR1cmF0aW9uX3MiOjY2LCJ1cmxnZW5fc291cmNlIjoid3d3In0%3D&ccb=17-1&vs=6067c55ef6bcc2a1&_nc_vs=HBksFQIYRWZiX2VwaGVtZXJhbC9DMTQzOERCNjc3RTQ2MDBBMUNCRkUwMkY4RDZCNkY4Ml9tdF8xX3ZpZGVvX2Rhc2hpbml0Lm1wNBUAAsgBEgAVAhhAZmJfcGVybWFuZW50LzcxNDgzQkFDNkNCRDFFQ0Y4MUI2ODRCNjFFM0E1QUJGX2F1ZGlvX2Rhc2hpbml0Lm1wNBUCAsgBEgAoABgAGwKIB3VzZV9vaWwBMRJwcm9ncmVzc2l2ZV9yZWNpcGUBMRUAACaIp8XXmNy1BhUCKAJDMywXQFCu6XjU_fQYGWRhc2hfaDI2NC1iYXNpYy1nZW4yXzcyMHARAHUAZarBAQA&_nc_gid=CceyMiVC_7yQsEwiJ3v_0Q&_nc_ss=7b289&_nc_map=urlgen_bucketless&_nc_zt=28&oh=00_AQIbTouKifSm1RY-3qcUg9RD6Q91LMSMwyFjQi9TQakAsA&oe=6AA6D86B,https://www.facebook.com/ads/library/?id=37913805431601331,ساعة بس لو,2026-09-09T09:07:46+00:00
1063933726179494,LB,Secretreza,2026-08-18,21,0,21,⁨ ⁨ ⁨ ودّعي الحلاقة والواكس وخلي العناية أسهل من بيتك ✨ مع جهاز Secretreza استمتعي بتجربة إزالة شعر مريحة وسهلة من منزلك 💗 | جهاز ازالة الشعر من المنزل 💗 | استخدام كامل للجسم، بما في ذلك منطقة البيكيني 🌹,https://www.secretreza.com/,https://video.forn3-6.fna.fbcdn.net/o1/v/t2/f2/m366/AQN3Ty0PUlR2oFdsHIhKhmzk_2KTctRMlgXeTIxFh1OSYp6iRuO-toI9lmi8pDS5uRDQEnbLW5IBwQ-J5Tyx5P9fTGWf6LijWq7v6jr9O8hd3Q.mp4?_nc_cat=111&_nc_oc=AdodfuB2FfG_IxhdQ8aNGnQ-OAwYrHpKrBPo7eLPneL4f8FSOkl4TtozzLjFPxY62o8&_nc_sid=b66105&_nc_ht=video.forn3-6.fna.fbcdn.net&_nc_ohc=fy7eNnyVn_YQ7kNvwEmKYuY&efg=eyJ2ZW5jb2RlX3RhZyI6Inhwdl9wcm9ncmVzc2l2ZS5WSV9VU0VDQVNFX1BST0RVQ1RfVFlQRS4uQzMuNzIwLmRhc2hfaDI2NC1iYXNpYy1nZW4yXzcyMHAiLCJ4cHZfYXNzZXRfaWQiOjEwMjY4MzIwOTY3ODEyNTEsImFzc2V0X2FnZV9kYXlzIjoyMSwidmlfdXNlY2FzZV9pZCI6MTAxMzksImR1cmF0aW9uX3MiOjk0LCJ1cmxnZW5fc291cmNlIjoid3d3In0%3D&ccb=17-1&vs=cd371d6a256e3308&_nc_vs=HBksFQIYRWZiX2VwaGVtZXJhbC9COTQ5MUJBNDc2RkQxMTVCMEZCQUI5RTJCNUY4OENBQ19tdF8xX3ZpZGVvX2Rhc2hpbml0Lm1wNBUAAsgBEgAVAhhAZmJfcGVybWFuZW50L0JDNDc2OEY4NkU2RUM0RkVGN0UwNjJGREE0QTJEQ0IyX2F1ZGlvX2Rhc2hpbml0Lm1wNBUCAsgBEgAoABgAGwKIB3VzZV9vaWwBMRJwcm9ncmVzc2l2ZV9yZWNpcGUBMRUAACaGj_ulv_nSAxUCKAJDMywXQFekOVgQYk4YGWRhc2hfaDI2NC1iYXNpYy1nZW4yXzcyMHARAHUAZbaeAQA&_nc_gid=EShJslbhpe6hl_ErCeMz9g&_nc_ss=7b289&_nc_map=urlgen_bucketless&_nc_zt=28&oh=00_AQLwfQyQSMPtfFt_H3A3FRMDIr5VoMi8UL8UniuCV40wRA&oe=6AA6DC05,https://www.facebook.com/ads/library/?id=1063933726179494,تقرحات ما بعد إزالة الشعر,2026-09-09T06:03:36+00:00
2213662016083947,LB,Softskin By Secretreza,2026-08-18,21,0,21,⁨ ⁨ احلى استثمار لهاد الصيف 🫧💕 ‪@softbysecretreza‬ #اكسبلور #explore #fyp #viral #laser⁩⁩ | جهاز ازالة الشعر من المنزل 💗 | استخدام كامل للجسم، بما في ذلك منطقة البيكيني 🌹,https://www.secretreza.com/,https://video.forn3-2.fna.fbcdn.net/o1/v/t2/f2/m366/AQNHNwCeTjhvUMZMtGW3tVYf03GmNwog2T7z7_PNcrhldNYGCSnAsHZzjSnpUgzGjQ56bRAlxpZCNprb8kxy6Y3tPvnUrsj_i8XJHEsZ4q4ydA.mp4?_nc_cat=104&_nc_oc=AdrB_jd8HfdbsevZ9Jx9Touf1VARwdmsgZJTvybEO2AZ8eUDEKkQIPZOhARZQ_1f3_s&_nc_sid=b66105&_nc_ht=video.forn3-2.fna.fbcdn.net&_nc_ohc=WzOqjLxqYNwQ7kNvwHIgwGX&efg=eyJ2ZW5jb2RlX3RhZyI6Inhwdl9wcm9ncmVzc2l2ZS5WSV9VU0VDQVNFX1BST0RVQ1RfVFlQRS4uQzMuNzIwLmRhc2hfaDI2NC1iYXNpYy1nZW4yXzcyMHAiLCJ4cHZfYXNzZXRfaWQiOjI3NjkyMTE4MDIzNzY0NTYyLCJhc3NldF9hZ2VfZGF5cyI6MjEsInZpX3VzZWNhc2VfaWQiOjEwMTM5LCJkdXJhdGlvbl9zIjo1OCwidXJsZ2VuX3NvdXJjZSI6Ind3dyJ9&ccb=17-1&vs=ff6b9245da5690d9&_nc_vs=HBksFQIYRWZiX2VwaGVtZXJhbC9EMzQzQUJGQkE2OEY4QUY1MDA5NDY2RDYwNjAwNzdBM19tdF8xX3ZpZGVvX2Rhc2hpbml0Lm1wNBUAAsgBEgAVAhhAZmJfcGVybWFuZW50L0VFNEVENjQyRjFDRDA3QzhEQTA3NDQ3MUIwMTk4QTgyX2F1ZGlvX2Rhc2hpbml0Lm1wNBUCAsgBEgAoABgAGwKIB3VzZV9vaWwBMRJwcm9ncmVzc2l2ZV9yZWNpcGUBMRUAACak6ZOetfWwYhUCKAJDMywXQE0EOVgQYk4YGWRhc2hfaDI2NC1iYXNpYy1nZW4yXzcyMHARAHUAZbaeAQA&_nc_gid=Ejo4no-ZwMlTGP0C3Ffblg&_nc_ss=7b289&_nc_map=urlgen_bucketless&_nc_zt=28&oh=00_AQKpRYGRVdr1DGrPFLC_w2AtekcwNwal_AxiXCK-loKvjg&oe=6AA6E2E4,https://www.facebook.com/ads/library/?id=2213662016083947,تقرحات ما بعد إزالة الشعر,2026-09-09T06:03:36+00:00
2257177635116843,LB,Softskin By Secretreza,2026-08-18,21,0,21,⁨ ⁨ ⁨ ودّعي الحلاقة والواكس وخلي العناية أسهل من بيتك ✨ مع جهاز Secretreza استمتعي بتجربة إزالة شعر مريحة وسهلة من منزلك 💗 | جهاز ازالة الشعر من المنزل 💗 | استخدام كامل للجسم، بما في ذلك منطقة البيكيني 🌹,https://www.secretreza.com/,https://video.forn3-6.fna.fbcdn.net/o1/v/t2/f2/m366/AQN3Ty0PUlR2oFdsHIhKhmzk_2KTctRMlgXeTIxFh1OSYp6iRuO-toI9lmi8pDS5uRDQEnbLW5IBwQ-J5Tyx5P9fTGWf6LijWq7v6jr9O8hd3Q.mp4?_nc_cat=111&_nc_oc=AdodfuB2FfG_IxhdQ8aNGnQ-OAwYrHpKrBPo7eLPneL4f8FSOkl4TtozzLjFPxY62o8&_nc_sid=b66105&_nc_ht=video.forn3-6.fna.fbcdn.net&_nc_ohc=fy7eNnyVn_YQ7kNvwEmKYuY&efg=eyJ2ZW5jb2RlX3RhZyI6Inhwdl9wcm9ncmVzc2l2ZS5WSV9VU0VDQVNFX1BST0RVQ1RfVFlQRS4uQzMuNzIwLmRhc2hfaDI2NC1iYXNpYy1nZW4yXzcyMHAiLCJ4cHZfYXNzZXRfaWQiOjEwMjY4MzIwOTY3ODEyNTEsImFzc2V0X2FnZV9kYXlzIjoyMSwidmlfdXNlY2FzZV9pZCI6MTAxMzksImR1cmF0aW9uX3MiOjk0LCJ1cmxnZW5fc291cmNlIjoid3d3In0%3D&ccb=17-1&vs=cd371d6a256e3308&_nc_vs=HBksFQIYRWZiX2VwaGVtZXJhbC9COTQ5MUJBNDc2RkQxMTVCMEZCQUI5RTJCNUY4OENBQ19tdF8xX3ZpZGVvX2Rhc2hpbml0Lm1wNBUAAsgBEgAVAhhAZmJfcGVybWFuZW50L0JDNDc2OEY4NkU2RUM0RkVGN0UwNjJGREE0QTJEQ0IyX2F1ZGlvX2Rhc2hpbml0Lm1wNBUCAsgBEgAoABgAGwKIB3VzZV9vaWwBMRJwcm9ncmVzc2l2ZV9yZWNpcGUBMRUAACaGj_ulv_nSAxUCKAJDMywXQFekOVgQYk4YGWRhc2hfaDI2NC1iYXNpYy1nZW4yXzcyMHARAHUAZbaeAQA&_nc_gid=Ejo4no-ZwMlTGP0C3Ffblg&_nc_ss=7b289&_nc_map=urlgen_bucketless&_nc_zt=28&oh=00_AQLYGpPcL-JHjJL6JJezQF-CW4RvKmgQTV_D5Q49aALDcA&oe=6AA6DC05,https://www.facebook.com/ads/library/?id=2257177635116843,تقرحات ما بعد إزالة الشعر,2026-09-09T06:03:36+00:00
1617120950021976,MA,Top Solar Maroc,2026-08-20,20,0,20,☀️ يعمل بالطاقة الشمسية — بدون الحاجة للكهرباء أثناء التشغيل 💡 إضاءة قوية وعالية الشدة — لإضاءة المساحات الخارجية بفعالية 💧 مقاوم للماء IP67 — مناسب للاستعمال في مختلف الظروف الجوية 🔋 بطارية ذات استقلالية عالية — تصل إلى 16 ساعة* 🎛️ جهاز تحكم عن بعد — تحكم سهل ومريح 🌧️ مصمم للاستعمال الخارجي — مقاوم للمطر والثلج والحرارة | قوة 2000 واط,https://mashoppingmall.youcan.store/pages/projecteur2000w,https://video.forn3-2.fna.fbcdn.net/o1/v/t2/f2/m366/AQMXfJsoqH7P2UKAgAfnPZh83zAi5CWo_EeTWimXiDoWo_uWggNorC3gmjj2FQZNuYmi_UZ-Biqi6Y6cU7-R16hddoQwDBxpTYKlpmyaXjk67w.mp4?_nc_cat=106&_nc_oc=AdrCZRPv6WwPC4LtCXhDYSyBwvtA-Ufm-ng3A2nQKWRs1BRWMC6p5dD99Eag9JBscak&_nc_sid=b66105&_nc_ht=video.forn3-2.fna.fbcdn.net&_nc_ohc=Pa-Zgz7cT8sQ7kNvwE6vp-g&efg=eyJ2ZW5jb2RlX3RhZyI6Inhwdl9wcm9ncmVzc2l2ZS5WSV9VU0VDQVNFX1BST0RVQ1RfVFlQRS4uQzMuNzIwLmRhc2hfaDI2NC1iYXNpYy1nZW4yXzcyMHAiLCJ4cHZfYXNzZXRfaWQiOjIwMDMwNTE1NTAzNjA3NTMsImFzc2V0X2FnZV9kYXlzIjoyMCwidmlfdXNlY2FzZV9pZCI6MTA3OTksImR1cmF0aW9uX3MiOjQ3LCJ1cmxnZW5fc291cmNlIjoid3d3In0%3D&ccb=17-1&vs=e143c294fea2a86a&_nc_vs=HBksFQIYRWZiX2VwaGVtZXJhbC9CQTRFNTMyMUMxMzQ1RkM4NzM5OENBMzI2RDU3NDRCN19tdF8xX3ZpZGVvX2Rhc2hpbml0Lm1wNBUAAsgBEgAVAhhAZmJfcGVybWFuZW50L0RFNDg4QTZERkVDM0E5RkY1NjRGM0EyMzhCMDBDM0I3X2F1ZGlvX2Rhc2hpbml0Lm1wNBUCAsgBEgAoABgAGwKIB3VzZV9vaWwBMRJwcm9ncmVzc2l2ZV9yZWNpcGUBMRUAACbikoKC-fCOBxUCKAJDMywXQEeqn752yLQYGWRhc2hfaDI2NC1iYXNpYy1nZW4yXzcyMHARAHUAZd6oAQA&_nc_gid=9q5GuBADRyAhIdyExtJZig&_nc_ss=7b289&_nc_map=urlgen_bucketless&_nc_zt=28&oh=00_AQKBUQCVZMXe9bLHcndD9y9zmeeSOrqt40WfHRbzyEkRKA&oe=6AA7179E,https://www.facebook.com/ads/library/?id=1617120950021976,جهاز تحكم بعد، يوفر,2026-09-09T11:07:45+00:00
1577050390534396,KW,Plorjoflitra Plurdfluspliltshu,2026-08-20,20,0,20,في مواقع البناء الصعبة، تحتاج إلى معدات متينة！ جهازنا مصمم بمعايير صناعية عالية، مقاوم للغبار والرطوبة والصدمات. يعمل بثبات طوال اليوم دون عطلات، ويقلل من تكاليف الصيانة بشكل كبير. | جهاز تحكم صناعي متين مقاوم للعوامل الجوية، لآلات البناء والمناجم. | لا مزيد من الأخطاء التشغيلية في موقع العمل！ جهاز التحكم عن بعد الخاص بنا يتميز باستجابة سريعة وإشارة مستقرة في جميع الظروف الجوية. يتناسب مع الرافعات، حفارات التربة، ومعدات التعدين، ويضمن #تحكم_آمن #معدات_ثقيلة #مواقع_البناء #حفارات #رافعاتسلامة العمال واستمرارية العمل دون توقف.,https://api.whatsapp.com/send,https://video.forn3-5.fna.fbcdn.net/o1/v/t2/f2/m366/AQPhOQx96tbtBOp3w_Sq2eis2MJKywlGTwWiF2bF5TNtXOAVUajGu-15kJoES3tjgyv5D-4zFFbfwik7ysYRFBVxZ-8JHjn1IPR_9ru4sah2_w.mp4?_nc_cat=108&_nc_oc=AdphAcxiZMW8lOErdjvVx_UJXnPrHQkbGb2tljteDgimB45nJEMAUUSsje2LeTFQA04&_nc_sid=b66105&_nc_ht=video.forn3-5.fna.fbcdn.net&_nc_ohc=mR6q5BTCZkcQ7kNvwEquAvE&efg=eyJ2ZW5jb2RlX3RhZyI6Inhwdl9wcm9ncmVzc2l2ZS5WSV9VU0VDQVNFX1BST0RVQ1RfVFlQRS4uQzMuNzIwLmRhc2hfaDI2NC1iYXNpYy1nZW4yXzcyMHAiLCJ4cHZfYXNzZXRfaWQiOjE0MDc2ODg0NTc5MTY1ODQsImFzc2V0X2FnZV9kYXlzIjoyMCwidmlfdXNlY2FzZV9pZCI6MTAxMzksImR1cmF0aW9uX3MiOjE0LCJ1cmxnZW5fc291cmNlIjoid3d3In0%3D&ccb=17-1&vs=a868c88801e6d792&_nc_vs=HBksFQIYRWZiX2VwaGVtZXJhbC8zMDQ2Q0I1MTg4Q0Q4MTBBMzM0REMxQ0ZGQUYyMEI5MV9tdF8xX3ZpZGVvX2Rhc2hpbml0Lm1wNBUAAsgBEgAVAhhAZmJfcGVybWFuZW50L0JENDNENDA3MTdGMDQ2QzMwOTU5MDlEQzYyREYxNzhGX2F1ZGlvX2Rhc2hpbml0Lm1wNBUCAsgBEgAoABgAGwKIB3VzZV9vaWwBMRJwcm9ncmVzc2l2ZV9yZWNpcGUBMRUAACbQwuinoJKABRUCKAJDMywXQCzMzMzMzM0YGWRhc2hfaDI2NC1iYXNpYy1nZW4yXzcyMHARAHUAZbaeAQA&_nc_gid=qKwEYoWEH9ntVJ3wHjsdJQ&_nc_ss=7b289&_nc_map=urlgen_bucketless&_nc_zt=28&oh=00_AQKg63dOSQWry4QQZ2ZlV1sNh2pYyTD1aNu9AUbcQE2OEg&oe=6AA72614,https://www.facebook.com/ads/library/?id=1577050390534396,جهاز تحكم,2026-09-09T11:07:13+00:00
893453403521937,SA,Newinherestart,2026-08-20,20,0,20,لحظات الاختناق تحتاج تصرف سريع 😟 جهاز شفط الطوارئ المحمول مصمم للمساعدة في حالات انسداد مجرى التنفس بشكل طارئ. 🫁 يعتمد على ضغط شفط للمساعدة في إزالة العوائق 👶 مناسب للأطفال والكبار مع تصميم سهل الاستخدام 🧳 خفيف ومحمول للبيت أو السفر ⚡ جاهز للاستخدام في الحالات الطارئة وجوده في البيت يمنحك شعور أكبر بالأمان والاطمئنان 💖 | جهاز إسعاف الاختناق المحمول… أمان إضافي للعائلة 🚑✨,https://v.newinhere.com/product/12zaqqmxc6l?i=tdn0qhruh6,https://video.forn3-6.fna.fbcdn.net/o1/v/t2/f2/m366/AQPmtsL5sdvwkYqgPCxvZLGmvE6tmPjHag_KVfrXyGLCwakTCmJRqT_tc7sGSXzut-chZM-Fg-4QL0GPMEj_u_xYWPrPeG1Z_Tw_k3OGAntbWA.mp4?_nc_cat=108&_nc_oc=AdrNjXr6Nh4v14VUIraGrH_m-7yl1WApRRsB8k5bdIFZGrBFuCDkWosrmJ_KeDNQ_fc&_nc_sid=b66105&_nc_ht=video.forn3-6.fna.fbcdn.net&_nc_ohc=PC40HLWAMuAQ7kNvwFYcOLi&efg=eyJ2ZW5jb2RlX3RhZyI6Inhwdl9wcm9ncmVzc2l2ZS5WSV9VU0VDQVNFX1BST0RVQ1RfVFlQRS4uQzMuNTEyLmRhc2hfaDI2NC1iYXNpYy1nZW4yXzcyMHAiLCJ4cHZfYXNzZXRfaWQiOjI4Njc3ODgxODM1ODUxMjIsImFzc2V0X2FnZV9kYXlzIjoyMCwidmlfdXNlY2FzZV9pZCI6MTA3OTksImR1cmF0aW9uX3MiOjE5LCJ1cmxnZW5fc291cmNlIjoid3d3In0%3D&ccb=17-1&vs=47a7739b900f9adb&_nc_vs=HBksFQIYRWZiX2VwaGVtZXJhbC8xQjRFNzAwNjhDRjFGMzY1MTUwQUM3Mjg3QjI2MTdBRl9tdF8xX3ZpZGVvX2Rhc2hpbml0Lm1wNBUAAsgBEgAVAhhAZmJfcGVybWFuZW50LzhDNDM3Qjg1RkEyNzM4QUVFRUFGODIwNjgzMzNFNUJDX2F1ZGlvX2Rhc2hpbml0Lm1wNBUCAsgBEgAoABgAGwKIB3VzZV9vaWwBMRJwcm9ncmVzc2l2ZV9yZWNpcGUBMRUAACbEhcr_no-YChUCKAJDMywXQDMQ5WBBiTcYGWRhc2hfaDI2NC1iYXNpYy1nZW4yXzcyMHARAHUAZd6oAQA&_nc_gid=Zg3--HDW3-zB84laLyc2QA&_nc_ss=7b289&_nc_map=urlgen_bucketless&_nc_zt=28&oh=00_AQLTD2yHWJDC4RA3g1XrKSU0F3S_J1UODyj9PQWRHAJP0Q&oe=6AA716F0,https://www.facebook.com/ads/library/?id=893453403521937,أكبر جهاز ازالة,2026-09-09T11:02:32+00:00
1600155245166362,YE,Unique Store Yemen,2026-08-20,20,0,20,الكميه محدوده جدا 🔥 احدث جهاز ليزر منزلي ( الأصلي ) و بتقنية التبريد! تخلّصي من الشعر نهائيًا بدون صالونات ومع جلسات آمنة داخل بيتك! ✨ مميزات الجهاز: • 3 وظائف في جهاز واحد: إزالة الشعر + تجديد البشرة + إزالة حب الشباب •فيه مليون ومضة تكفي استخدام لسنوات طويلة جدًا (حتى 10 أشخاص بنفس الوقت !) • 9 مستويات طاقة تناسب كل المناطق الحساسة • خاصية التبريد لتقليل الألم والحمايه من الحروق أثناء الاستخدام • نتائج تبدأ خلال 7–14 يوم فقط • مؤشر ضوئي للاستخدام الصحيح وحماية أعلى • ملحقات كاملة: نظارة + شفرة + رؤوس إضافية بأحجام مختلفة 🚚 السعر فقط 44،000 ريال قديم(315 سعودي) والتوصيل مجاني خلال فتره العرض فقط+ ضمان سنة كامله ✳️ للطلب عبر الواتساب: 780319279 ⚠️ الكمية محدودة جدًا.. احجزي الآن قبل النفاد!,https://api.whatsapp.com/send,https://video.forn3-1.fna.fbcdn.net/o1/v/t2/f2/m367/AQO94HuDOVwjx0CECamVv20qyxFBpuEHlgKcf3Oi2_PNoozXy-qzhsMc7eZsdTRlOhIf13JZ5BQrgmKpBaAtuAhs8KtnXyHJyl_WdsnKUw.mp4?_nc_cat=100&_nc_oc=AdqWLpsWxiKAAFZsFnV7yIy7lUfgKhl17ly_zXAGikTPt9hRR_n93cn26_RqaV1l__g&_nc_sid=ef5aa3&_nc_ht=video.forn3-1.fna.fbcdn.net&_nc_ohc=N-MIssGk3LYQ7kNvwHag9wi&efg=eyJ2ZW5jb2RlX3RhZyI6Inhwdl9wcm9ncmVzc2l2ZS5WSV9VU0VDQVNFX1BST0RVQ1RfVFlQRS4uQzMuNzIwLnByb2dyZXNzaXZlX2gyNjQtYmFzaWMtZ2VuMl83MjBwIiwieHB2X2Fzc2V0X2lkIjoxNTMyMjA2MzA0NjA3MzEyLCJhc3NldF9hZ2VfZGF5cyI6MzQsInZpX3VzZWNhc2VfaWQiOjEyMzc0LCJkdXJhdGlvbl9zIjo0MCwidXJsZ2VuX3NvdXJjZSI6Ind3dyJ9&ccb=17-1&_nc_gid=wz4R1pDGKnqQ0k9t55Cqew&_nc_ss=7a289&_nc_map=urlgen_bucketless&_nc_zt=28&oh=00_AQJQIOeXI3i6M86HeByBD2SjjI4HdDYIRcY8LzVG4CeJsA&oe=6AA70752,https://www.facebook.com/ads/library/?id=1600155245166362,جهاز ازالة,2026-09-09T10:32:22+00:00
1589961015942469,SA,Talabiah طلبية,2026-08-20,20,0,20,تخيّلي… إزالة تامة للشعر الزائد بكامل جسمك في جلسة ما تتعدّى سبع دقايق بس! ومع أربع جلسات فقط، بتبدين تلاحظين الفرق في نعومة بشرتك وفعالية إزالة الشعر. تعرّفي على جهاز ديس لإزالة الشعر، بتقنية IPL وتقنية تبريد الياقوت… لراحة أكثر أثناء الاستخدام، وإزالة شعر فعّالة وبدون ألم من البيت. ديس… نعومة أكثر، وراحة في كل ومضة. أطلبية الآن بخصم خاص 20% اذا استخدمتى كوبون الخصم : DESS20 من خلال الرابط: https://bit.ly/4glhRh0 | عرض خاص لفترة محدودة .. خصم %20 بإستخدام كوبون خصم DESS20,https://talabiah.com.sa/product/deess-laser-hair-removal-device-gp592/,https://video.forn3-6.fna.fbcdn.net/o1/v/t2/f2/m366/AQN58hW5xXyrV_uNlIboSJrfX-zL3KABq6OuS53MemYv3QyXrfpDUdg-gKJKdSBtBkdztjWBDGnK62k-zN434xK3M9CWlSHHZkZsolgJmEN_AQ.mp4?_nc_cat=103&_nc_oc=Adqzmt2gsuo_5Dzu3uqb3zNk-whQb5aG2LaZS5ngPW3bfRRQvJtwqkI_zhzJc1NT58M&_nc_sid=b66105&_nc_ht=video.forn3-6.fna.fbcdn.net&_nc_ohc=i1Jm9QrnaJQQ7kNvwH-c0a6&efg=eyJ2ZW5jb2RlX3RhZyI6Inhwdl9wcm9ncmVzc2l2ZS5WSV9VU0VDQVNFX1BST0RVQ1RfVFlQRS4uQzIuNzIwLmRhc2hfaDI2NC1iYXNpYy1nZW4yXzcyMHAiLCJ4cHZfYXNzZXRfaWQiOjEwMDcxODk4ODU2MTQyMTYsImFzc2V0X2FnZV9kYXlzIjoyMCwidmlfdXNlY2FzZV9pZCI6MTAxMzksImR1cmF0aW9uX3MiOjE1LCJ1cmxnZW5fc291cmNlIjoid3d3In0%3D&ccb=17-1&vs=a68da7582d440a9c&_nc_vs=HBksFQIYRWZiX2VwaGVtZXJhbC9GMDQzMEQ2RjQyMTQwOUY1MTRFOTgyOTUxQ0I0NjhBRV9tdF8xX3ZpZGVvX2Rhc2hpbml0Lm1wNBUAAsgBEgAVAhhAZmJfcGVybWFuZW50LzJCNEVFMzM2MzM4NTUyMUE1MkYyQzNGOUI1QUNDMkEzX2F1ZGlvX2Rhc2hpbml0Lm1wNBUCAsgBEgAoABgAGwKIB3VzZV9vaWwBMRJwcm9ncmVzc2l2ZV9yZWNpcGUBMRUAACaQ4tO1lYLKAxUCKAJDMiwXQC8hysCDEm8YGWRhc2hfaDI2NC1iYXNpYy1nZW4yXzcyMHARAHUAZbaeAQA&_nc_gid=AiRv9VNtspw7LoAD_yPd6A&_nc_ss=7a289&_nc_map=urlgen_bucketless&_nc_zt=28&oh=00_AQIgjxFwQZF8mOXr87qYxj9GT4WlUKmm3gJg_CZAr9IG5w&oe=6AA71BC9,https://www.facebook.com/ads/library/?id=1589961015942469,جهاز ازالة الشعر,2026-09-09T10:30:54+00:00
2324729401679144,AE,Symmetry Recovery Clinic DUBAI,2026-08-20,20,0,20,عالج السبب الجذري لألمك بـ 399 درهم ⏳ وقف معاناة! إذا كان الألم المزمن في ظهرك، كتفك، ركبتك أو كوعك قاعد يسحب طاقتك من شهور، لازم تواجه الحقيقة: المسكنات ومساج السبا العادي ما يفيدون. هم بس يخفون العرض لكم ساعة لأنهم ما يعالجون السبب الجذري للألم — واللي هو الخلل الميكانيكي الحيوي في جسمك. في Symmetry_pain_recovery@ إحنا نكتشف السبب الدقيق ونعالجه. علاجنا المتقدم يرجع المفاصل والعضلات لوضعها الصحيح، وهذا يعني إنك راح تحس براحة جسدية عميقة من أول جلسة. 📌 احجز سعرك الحصري بـ 399 درهم بدل 1200 درهم لزيارتك الأولى: • استشارة أولية وتشخيص طبي • جلسة علاجية عميقة لمدة 60 دقيقة • مساج طبي للظهر لتثبيت النتائج احجز جلستك الأولى بـ 399 درهم عبر الواتساب. ⚕️ منشأة مرخصة من هيئة الصحة بدبي (DHA) 📍 جميرا 3 🚗 مواقف B1 خاصة ومجانية متوفرة | احصل على خصم %66,https://api.whatsapp.com/send,https://video.forn3-2.fna.fbcdn.net/o1/v/t2/f2/m366/AQPRVWftjmeGv9-2KBH9WchNhuzovBIXPpqjOqElcg0MHWtLttwySuZh4TNxKsQ2evWMVCxc5oZE0w2K-VwLtjpXQpDJpwq21Uw-Pxx5YzAD7w.mp4?_nc_cat=100&_nc_oc=Adot3nUDgc8R_gGP_ZUk9PA8fHkfahHNMai9zjpws_79RPO2PwqPIq8ixLHIW123yjQ&_nc_sid=b66105&_nc_ht=video.forn3-2.fna.fbcdn.net&_nc_ohc=gA4C9Y2y-t4Q7kNvwFW4lK7&efg=eyJ2ZW5jb2RlX3RhZyI6Inhwdl9wcm9ncmVzc2l2ZS5WSV9VU0VDQVNFX1BST0RVQ1RfVFlQRS4uQzMuNzIwLmRhc2hfaDI2NC1iYXNpYy1nZW4yXzcyMHAiLCJ4cHZfYXNzZXRfaWQiOjIyOTYxNDM2MDQxMjYwMjQsImFzc2V0X2FnZV9kYXlzIjoyOSwidmlfdXNlY2FzZV9pZCI6MTA3OTksImR1cmF0aW9uX3MiOjE5LCJ3YXRjaF90aW1lX3MiOjQ5NzQwOCwidXJsZ2VuX3NvdXJjZSI6Ind3dyJ9&ccb=17-1&vs=dfaf3940163847fc&_nc_vs=HBksFQIYRWZiX2VwaGVtZXJhbC9GQTRERDY1NTczODQyNDE3RUIzNERFMEE5M0NCMkY4RV9tdF8xX3ZpZGVvX2Rhc2hpbml0Lm1wNBUAAsgBEgAVAhhAZmJfcGVybWFuZW50LzhBNDhCQkNBNDNDNzcwNEQxQjQ0MkY2RTkxNkFBQzgzX2F1ZGlvX2Rhc2hpbml0Lm1wNBUCAsgBEgAoABgAGwKIB3VzZV9vaWwBMRJwcm9ncmVzc2l2ZV9yZWNpcGUBMRUAACaQxYT-kpWUCBUCKAJDMywXQDMiDEm6XjUYGWRhc2hfaDI2NC1iYXNpYy1nZW4yXzcyMHARAHUAZd6oAQA&_nc_gid=Ol_5t_Zdfh4B7VMMBrAuOg&_nc_ss=7a289&_nc_map=urlgen_bucketless&_nc_zt=28&oh=00_AQIO7Cj3ENac1kxzZqeSw5fimwAJeYQU512c5jF63hedyw&oe=6AA6DD20,https://www.facebook.com/ads/library/?id=2324729401679144,لمدة ساعة العرض,2026-09-09T09:15:50+00:00
904431692320898,TN,Bioqi shop,2026-08-20,20,0,20,✨ بشرة صافية زجاجية تبدأ من العناية الصحيحة 🌿 من أول استعمال بش تحس بالفرق 💫 ومع الوقت، بشرتك تولّي صافية، ناعمة، وفيها نضارة 💖 🎁 والعرض الحالي من BioQi: Pack rituel de jeunesse بـ 166 د كهو في عوض 266 د 🌿 لفترة محدودة ⏳ ✨ اليوم عندك فرصة بش تتحصل على البشرة الي تحلم بيها. . 🔘 عدي كوموند توا قبل مايوفا التخفيض | تحصل على بشرتك احلامك ✨,https://bioqi.shop/products/rituel-jeunesse-eclat,https://video.forn3-5.fna.fbcdn.net/o1/v/t2/f2/m366/AQONiM_UPvbIELowkbZMrdmPYYvihnPRi9GgINwuDqG1lBdvjEdLl7SwaHAGpg6Cmn9uVoubV9LyOsKrPk7g3u57EilE0fIAzufra0XioT7gAw.mp4?_nc_cat=106&_nc_oc=Adr1rNsu0VUoYsb9GyXPKIqB9UFeiGmeIqcspSOvg0Z6O1kCRkHMyXZsqm9ZnFUBh44&_nc_sid=b66105&_nc_ht=video.forn3-5.fna.fbcdn.net&_nc_ohc=BkTjTJkwSPQQ7kNvwGOn22j&efg=eyJ2ZW5jb2RlX3RhZyI6Inhwdl9wcm9ncmVzc2l2ZS5WSV9VU0VDQVNFX1BST0RVQ1RfVFlQRS4uQzMuNzIwLmRhc2hfaDI2NC1iYXNpYy1nZW4yXzcyMHAiLCJ4cHZfYXNzZXRfaWQiOjE5NzM5MDIwOTk5ODg0NzQsImFzc2V0X2FnZV9kYXlzIjoyMCwidmlfdXNlY2FzZV9pZCI6MTA3OTksImR1cmF0aW9uX3MiOjkzLCJ1cmxnZW5fc291cmNlIjoid3d3In0%3D&ccb=17-1&vs=f6cad39f704d4c18&_nc_vs=HBksFQIYRWZiX2VwaGVtZXJhbC9CMzREMDE3QTZCMjNFMURFM0Q1MUE2MTY0MUJEQ0NBOF9tdF8xX3ZpZGVvX2Rhc2hpbml0Lm1wNBUAAsgBEgAVAhhAZmJfcGVybWFuZW50L0M5NDA1OUE1QTZBMTBDQjEwQUY5OTA2QzFDNEU4MUE5X2F1ZGlvX2Rhc2hpbml0Lm1wNBUCAsgBEgAoABgAGwKIB3VzZV9vaWwBMRJwcm9ncmVzc2l2ZV9yZWNpcGUBMRUAACb0_-3XnNCBBxUCKAJDMywXQFdiHKwIMScYGWRhc2hfaDI2NC1iYXNpYy1nZW4yXzcyMHARAHUAZd6oAQA&_nc_gid=y4-heURqHVPg01zSR8NIsw&_nc_ss=7a289&_nc_map=urlgen_bucketless&_nc_zt=28&oh=00_AQJvWJdpddPp64i8yvSymREmcfDXtWv9AenZptAjrClq4A&oe=6AA6E4F2,https://www.facebook.com/ads/library/?id=904431692320898,لمدة ساعة العرض اللي,2026-09-09T09:14:02+00:00
1412151614158449,TN,Bioqi shop,2026-08-20,20,0,20,✨ بشرة صافية زجاجية تبدأ من العناية الصحيحة 🌿 من أول استعمال بش تحس بالفرق 💫 ومع الوقت، بشرتك تولّي صافية، ناعمة، وفيها نضارة 💖 🎁 والعرض الحالي من BioQi: Pack rituel de jeunesse بـ 166 د كهو في عوض 266 د 🌿 لفترة محدودة ⏳ ✨ اليوم عندك فرصة بش تتحصل على البشرة الي تحلم بيها. . 🔘 عدي كوموند توا قبل مايوفا التخفيض | تحصل على بشرتك احلامك ✨,https://bioqi.shop/products/rituel-jeunesse-eclat,https://video.forn3-6.fna.fbcdn.net/o1/v/t2/f2/m366/AQM3BJCfgl_0kdBediSi5zP0HZ8Zqklx3hfZI_u9UKbuU1m-rdSGvrFQdfEa49nY-Pcd6_vF_hs6UbzAuEGtGdeYMEWDh7NHZ_i-sWXB7FxgHQ.mp4?_nc_cat=107&_nc_oc=Adr-bIzL47CcHIUV4qG60CtpYp8huVAwT5e5HURGDM9X-M8X4wEw4O3hu_nsgOGKrVQ&_nc_sid=b66105&_nc_ht=video.forn3-6.fna.fbcdn.net&_nc_ohc=XuYATKwEc7kQ7kNvwH_AX6l&efg=eyJ2ZW5jb2RlX3RhZyI6Inhwdl9wcm9ncmVzc2l2ZS5WSV9VU0VDQVNFX1BST0RVQ1RfVFlQRS4uQzMuNzIwLmRhc2hfaDI2NC1iYXNpYy1nZW4yXzcyMHAiLCJ4cHZfYXNzZXRfaWQiOjEzNzcxODQ3NDQ2MjUxNDMsImFzc2V0X2FnZV9kYXlzIjoyMCwidmlfdXNlY2FzZV9pZCI6MTA3OTksImR1cmF0aW9uX3MiOjk0LCJ1cmxnZW5fc291cmNlIjoid3d3In0%3D&ccb=17-1&vs=446923240a2bfa4c&_nc_vs=HBksFQIYRWZiX2VwaGVtZXJhbC9FOTQ1NThCNTlCMTUyNDMyOUVFMjFERTY4NkRBMzA5OV9tdF8xX3ZpZGVvX2Rhc2hpbml0Lm1wNBUAAsgBEgAVAhhAZmJfcGVybWFuZW50LzJDNDREQzBEQjg5MEZGODM5RTRDNTEwMjNEQjU3NEE3X2F1ZGlvX2Rhc2hpbml0Lm1wNBUCAsgBEgAoABgAGwKIB3VzZV9vaWwBMRJwcm9ncmVzc2l2ZV9yZWNpcGUBMRUAACbuz_L32aLyBBUCKAJDMywXQFeXbItDlYEYGWRhc2hfaDI2NC1iYXNpYy1nZW4yXzcyMHARAHUAZd6oAQA&_nc_gid=y4-heURqHVPg01zSR8NIsw&_nc_ss=7a289&_nc_map=urlgen_bucketless&_nc_zt=28&oh=00_AQLD7E0EZd7Rhz-PtXOjcNl4UFRsSFJzmx-P1gj_U4G_Zw&oe=6AA6E96D,https://www.facebook.com/ads/library/?id=1412151614158449,لمدة ساعة العرض اللي,2026-09-09T09:14:02+00:00
2582748498811841,JO,CHK Luxury Gifts,2026-08-20,20,0,20,"الفخامة بتكملها التفاصيل ✨ مع CHK Luxury Gifts اكتشفوا تشكيلة فاخرة من الساعات، الإكسسوارات والسناسل المطليّة بالذهب، بجودة عالية وكفالة خطية ودولية باسم المشتري. 🤍 📍 Golden Gate – P1, Amman 📞 0791546086 🌐 www.chkluxurygift.com",https://api.whatsapp.com/send,https://video.forn3-1.fna.fbcdn.net/o1/v/t2/f2/m367/AQPY1Mj7hZKTAo9uH03cMrAziMnPclmeKT0YJDdJq7Xn6ossG4UZrYWUchfyknVyMtPsj11CjMBypSDpv4lW62aVTK2OEHHh6EKGoNQelg.mp4?_nc_cat=108&_nc_oc=AdpapQOkzLX3w9freu4dk9LxYY9C52GybsQyjj7-UHfnU7tHYvbcrilGf_iSPtrN4Uw&_nc_sid=ef5aa3&_nc_ht=video.forn3-1.fna.fbcdn.net&_nc_ohc=jpINnJeiD0UQ7kNvwHCEuUb&efg=eyJ2ZW5jb2RlX3RhZyI6Inhwdl9wcm9ncmVzc2l2ZS5WSV9VU0VDQVNFX1BST0RVQ1RfVFlQRS4uQzMuNzIwLnByb2dyZXNzaXZlX2gyNjQtYmFzaWMtZ2VuMl83MjBwIiwieHB2X2Fzc2V0X2lkIjoxNzkwODA0NzkyNDQ1OTc4NywiYXNzZXRfYWdlX2RheXMiOjMwLCJ2aV91c2VjYXNlX2lkIjoxMjM3NCwiZHVyYXRpb25fcyI6MTk5LCJ1cmxnZW5fc291cmNlIjoid3d3In0%3D&ccb=17-1&_nc_gid=rFfh28FJ3whzSx0RD5dZkQ&_nc_ss=7b289&_nc_map=urlgen_bucketless&_nc_zt=28&oh=00_AQJ6_OA9nQJ5UViMNyW2dj-4I_l5Ro1WYtUXJCxVrrMgTw&oe=6AA707FE,https://www.facebook.com/ads/library/?id=2582748498811841,لمدة ساعة بس لو,2026-09-09T09:06:14+00:00
1392423752855335,EG,مركز دكتور محمد يوسف - لجراحة العيون و الليزر,2026-08-19,20,0,20,جفاف العين… مشكلة مزعجة لكثير من الناس 👁️ هل ليها علاج فعلًا 🤔 د/ محمد يوسف بيرد على واحد من أكتر الأسئلة اللي بتتكرر كتير 👇 ------------------------------ 🌟 د/محمد يوسف 🔝 إستشاري جراحات تصحيح الأبصار بالليزر والمياه البيضاء وتجميل الجفون . عضو كلية الجراحين الملكية بأدنبره بانجلترا زميل المجلس العالمي لطب وجراحة العيون ICO عضو الجمعيه الاوروبيه لتصحيح الابصار بالليزر وزرع العدسات عضو الجمعية المصرية لتجميل الجفون و الجهاز الدمعي. . ⚠️ متوفر خدمة التقسيط عبر استخدام فيزا مشتريات لجميع البنوك و نوفر خدمات valU للتقسيط . . تابعونا علي الانستجرام 👇 instagram.com/dr.mohamed.youssef.ghareeb/ . تابعونا علي سناب شات 👇 https://www.snapchat.com/@dr.mhmdyoussef . تابعونا علي تيك توك 👇 tiktok.com/@dr.mohamed_youssef . للتواصل معنا من داخل وخارج مصر 📞 +201023330221 . 📞 +201022093330 ‏ ‏للتواصل المباشر مع الفريق الطبي عبر الواتساب يرجى الضغط على هذا الرابط 👇🏻 . https://wa.me/201023330221?text= 📍فروعنا داخل مصر : ✨ الإسكندرية : الإبراهيمية,https://api.whatsapp.com/send,https://video.forn3-5.fna.fbcdn.net/o1/v/t2/f2/m366/AQOVJYx1HNWCUjV4_PJmaFtbirpnuqLpQ7VBbd5AOucvD0UT93xhDNS6TtZuRhEyYt2PokfZd_PYqcqKOqNW4TUsph-On2rJeJCOhP9EHa3oow.mp4?_nc_cat=111&_nc_oc=AdpZnI7uGQL8k-q-k6WaIRVs5xhIx4p97HYAP0iSov-U-grJGoB_AHfTGQcDaYdhXJs&_nc_sid=b66105&_nc_ht=video.forn3-5.fna.fbcdn.net&_nc_ohc=158_VxBXsYkQ7kNvwF86bKu&efg=eyJ2ZW5jb2RlX3RhZyI6Inhwdl9wcm9ncmVzc2l2ZS5WSV9VU0VDQVNFX1BST0RVQ1RfVFlQRS4uQzMuNzIwLmRhc2hfaDI2NC1iYXNpYy1nZW4yXzcyMHAiLCJ4cHZfYXNzZXRfaWQiOjE2OTcyMzA1MzgzNzA1ODMsImFzc2V0X2FnZV9kYXlzIjoxMjksInZpX3VzZWNhc2VfaWQiOjEyMzczLCJkdXJhdGlvbl9zIjo1MywidXJsZ2VuX3NvdXJjZSI6Ind3dyJ9&ccb=17-1&vs=7a1db7c2b2ee47a3&_nc_vs=HBksFQIYRWZiX2VwaGVtZXJhbC84NDQxNTBBMUI1NUQ5QjExQ0ZEODRGN0QxNUFGNEI5Rl9tdF8xX3ZpZGVvX2Rhc2hpbml0Lm1wNBUAAsgBEgAVAhhAZmJfcGVybWFuZW50L0QzNEEzQzVGNkZGNzA1QzU4QjE4MDIzQTY3NkI1QUE0X2F1ZGlvX2Rhc2hpbml0Lm1wNBUCAsgBEgAoABgAGwKIB3VzZV9vaWwBMRJwcm9ncmVzc2l2ZV9yZWNpcGUBMRUAACauuLv16OeDBhUCKAJDMywXQErd0vGp--cYGWRhc2hfaDI2NC1iYXNpYy1nZW4yXzcyMHARAHUAZarBAQA&_nc_gid=fIt7DI6OE_tqRugnkirO9g&_nc_ss=7a289&_nc_map=urlgen_bucketless&_nc_zt=28&oh=00_AQKA76byvZX-pce3ddMyTOwhpI00yCwICE0h4zxfbhK6yg&oe=6AA6D4F5,https://www.facebook.com/ads/library/?id=1392423752855335,جفاف الجفون,2026-09-09T05:24:45+00:00
1096290769748453,EG,Eiios Son Skin care,2026-08-19,20,0,20,"بتركيبة متطورة تحتوي على أكثر من ١٣ مادة فعالة، صُمم كريم التفتيح من ايوس صن خصيصاً ليساعدكِ على توحيد لون البشره الطبيعية: تقليل التصبغات: الناتجة عن التعرض المستمر لأشعة الشمس. تقليل التصبغات : الناتجه عن آثار الحبوب ليمنحكِ بشرة أكثر صفاءً. توحيد لون البشرة: وتخفيف مظهر البقع الداكنة والنمش بشكل ملحوظ. كيف يعمل الكريم على توحيد لون بشرتك؟ تركيبته تعتمد على ٣ خطوات متكاملة توحيد وتفتيح لون البشرة: ✅توحيد وتفتيح لون البشرة: يساعد في تفتيح البشرة وتقليل ظهور البقع الداكنة بفضل مجموعة قوية تشمل: (Tranexamic acid, Nonapeptide, Vit C, Alpha arbutin, Glabridin) ✅✅الترطيب يقلل من جفاف البشرة ويحافظ على مرونتها بفضل: (Vit E, Argan oil, Glycyrrhetinic acid) ✅✅✅ تجديد الطبقه السطحيه المتصبغه يساعد على إزالة الخلايا المتصبغه بلطف وتجديد سطح البشرة بشكل آمن تماماً، لاحتوائه على أحماض الفواكه : (Salicylic acid, Malic acid, Lactic acid) 🛒 اطلبيه الآن واستفيدي بالعروض! 📩 ابعتيلنا رسالة للاستفسار أو زوري موقعنا للطلب المباشر. | احصلي على بشرة خاليه من البقع وموحدة اللون بتركيبة متطورة بـ ١٣ مادة فعالة | كريم العناية المتكاملة لبشرتك للتخلص من البقع والتصغات",https://www.eiiosson.com/ar/product/eiios-son-whitening-cream-50-ml-for-face/,https://video.forn3-1.fna.fbcdn.net/o1/v/t2/f2/m367/AQPyKwqAKj1OP-iW_51sJpupLrMV7dPscCesnKCOn_ozyraVi74zkoUBe4Z0DJ5qxZeGXwpIdmHOodd2-1DvkiIq0arAIZqisdgAu2AnoA.mp4?_nc_cat=109&_nc_oc=Adqkjf3hupgyE9mjAxqgvwXzg_Lbx3RkdSnQONsPBfpSCJ8NxUS7niVEjZ5Ag9HHxwI&_nc_sid=ef5aa3&_nc_ht=video.forn3-1.fna.fbcdn.net&_nc_ohc=LB2vD3V7Ub0Q7kNvwH4JDom&efg=eyJ2ZW5jb2RlX3RhZyI6Inhwdl9wcm9ncmVzc2l2ZS5WSV9VU0VDQVNFX1BST0RVQ1RfVFlQRS4uQzMuNzIwLnByb2dyZXNzaXZlX2gyNjQtYmFzaWMtZ2VuMl83MjBwIiwieHB2X2Fzc2V0X2lkIjoxODEwOTE0MDk1MzAyMTQxNiwiYXNzZXRfYWdlX2RheXMiOjIxLCJ2aV91c2VjYXNlX2lkIjoxMjM3NCwiZHVyYXRpb25fcyI6NTksInVybGdlbl9zb3VyY2UiOiJ3d3cifQ%3D%3D&ccb=17-1&_nc_gid=tQduCzYr8t7gJRVYeOHhGA&_nc_ss=7b289&_nc_map=urlgen_bucketless&_nc_zt=28&oh=00_AQKOUInkcJ2Xshen1FnwMEFa6PRKxJ0M3Wgt0IWSEZj5mw&oe=6AA6B50D,https://www.facebook.com/ads/library/?id=1096290769748453,الحبوب الناتجة عن العرق,2026-09-09T04:21:42+00:00
28251396601168065,TN,Mbio Para,2026-08-21,19,0,19,تخفيض… تخفيض… تخفيض 🥳🥳🥳 29د اكهو و التوصيل مجانيّ 🚗🚗🚗 تتحصل على علبتين في عوض علبة واحدة ✌️✌️✌️ كريم Toudol الحل الأمثل لتخفيف الأوجاع والآلام المرتبطة بالبرد والمفاصل✅✅✅. مصنوع من مكونات طبيعية وفعالة✨🍀. 🌸 زيت الإكليل 🌸 الفليو 🌸 زيت عود القرنفل 🌸 زيت النعناع 🌸 مستخلص نبتة عشبة مخلب الشيطان. باش تعدي كومند ما عليك كان تبعثلنا العنوان ونومرو التاليفون والا تعمر المعطيات في الموقع الالكتروني: https://mbiopara.com/products/toudol مرحبا بيكم 💯 يضمنلك تسكين سريع للأوجاع و التسطير🥰 و يقاوم التهاب المفاصل من اول الاستعمالات🤩. | علاش تقعد في العذاب و الوجايع؟ تبع الفيديو,https://mbiopara.com/products/toudol,https://video.forn3-2.fna.fbcdn.net/o1/v/t2/f2/m366/AQNSi-IbCIbohyvKedbEkolXhz0WgwsdUb-579yJmX3ur2XfiAAHJRrvuQaZt3CcmsOPW8aWbW6rmGfKtzcMDU3XskhXHWpWSmIp832ItgiG-Q.mp4?_nc_cat=109&_nc_oc=AdqgpATVUjWfMeOcCJHNVjuLm1NkmHhvpn9wsBVtefOtLGxlSGfhRYqR9DGhWS2WTdU&_nc_sid=b66105&_nc_ht=video.forn3-2.fna.fbcdn.net&_nc_ohc=XvjzqAHElyUQ7kNvwFs2Ykt&efg=eyJ2ZW5jb2RlX3RhZyI6Inhwdl9wcm9ncmVzc2l2ZS5WSV9VU0VDQVNFX1BST0RVQ1RfVFlQRS4uQzMuNzE2LmRhc2hfaDI2NC1iYXNpYy1nZW4yXzcyMHAiLCJ4cHZfYXNzZXRfaWQiOjg2NDM5NDM1NTY0NzkzMSwiYXNzZXRfYWdlX2RheXMiOjYwOSwidmlfdXNlY2FzZV9pZCI6MTA3OTksImR1cmF0aW9uX3MiOjc2LCJ1cmxnZW5fc291cmNlIjoid3d3In0%3D&ccb=17-1&vs=7b32cac36cc3afcb&_nc_vs=HBksFQIYRWZiX2VwaGVtZXJhbC8zMjRCQzMzQzEzQTAyMDU5Qzc3RTgzRjM5Nzk1NTg5Ql9tdF8xX3ZpZGVvX2Rhc2hpbml0Lm1wNBUAAsgBEgAVAhg6cGFzc3Rocm91Z2hfZXZlcnN0b3JlL0dNT2pIeHdhX0FwVVctd0ZBSFdtS3lPcmNxMHlidjRHQUFBRhUCAsgBEgAoABgAGwKIB3VzZV9vaWwBMRJwcm9ncmVzc2l2ZV9yZWNpcGUBMRUAACb2lp3or4qJAxUCKAJDMywXQFM5mZmZmZoYGWRhc2hfaDI2NC1iYXNpYy1nZW4yXzcyMHARAHUAZd6oAQA&_nc_gid=jAMSvUsbwXJU-Ny3WXW0bQ&_nc_ss=7a289&_nc_map=urlgen_bucketless&_nc_zt=28&oh=00_AQIUOcJNssQog1g78qc6bvGi4P8kEmEkhf_UEXa_I6r_EA&oe=6AA7174F,https://www.facebook.com/ads/library/?id=28251396601168065,تتحصل كريم,2026-09-09T11:51:52+00:00
1043791371734481,TN,Mbio Para,2026-08-21,19,0,19,تعاني من آلام الركبة و التهاب المفاصل؟ 🥺 كريم Toudol الحل الأمثل لتخفيف الأوجاع والآلام المرتبطة بالبرد والمفاصل✅✅✅. تعطيك شعور مش عادي بالحرارة 🔥يضمنلك تسكين سريع للأوجاع و التسطير و يقاوم التهاب المفاصل من اول الاستعمالات 👌🏻 29د اكهو و التوصيل مجانيّ 🚗🚗🚗 تتحصل على علبتين في عوض علبة واحدة ✌️✌️✌️ باش تعدي كومند ما عليك كان تبعثلنا العنوان ونومرو التاليفون والا تعمر المعطيات في الموقع الالكتروني: https://mbiopara.com/products/toudol مرحبا بيكم 💯 يضمنلك تسكين سريع للأوجاع و التسطير🥰 و يقاوم التهاب المفاصل من اول الاستعمالات🤩. | تعاني من آلام الركبة و التهاب المفاصل؟ 🥺,https://mbiopara.com/products/toudol,https://video.forn3-6.fna.fbcdn.net/o1/v/t2/f2/m366/AQPtBk1w8hwA8lzCo74_wSZ3w_gTKawiTiN8tLiBWTEZJjxIq3HaaFuZSxmHYWAlKS7iU3hRKkb0rnQUCY-26g28HSC9DBkchphdyrY7z5myNA.mp4?_nc_cat=109&_nc_oc=AdohJ6ywjeyKf9l45alnLN17174L2FRkwmXWhrn_WDivWMtCOVBBy5lHMMRYs0-TBHA&_nc_sid=b66105&_nc_ht=video.forn3-6.fna.fbcdn.net&_nc_ohc=d_QRjX_i9RIQ7kNvwEzO1Y0&efg=eyJ2ZW5jb2RlX3RhZyI6Inhwdl9wcm9ncmVzc2l2ZS5WSV9VU0VDQVNFX1BST0RVQ1RfVFlQRS4uQzMuNzE2LmRhc2hfaDI2NC1iYXNpYy1nZW4yXzcyMHAiLCJ4cHZfYXNzZXRfaWQiOjE3MjA1MTk3NTg1MDY4MzEsImFzc2V0X2FnZV9kYXlzIjo2MDksInZpX3VzZWNhc2VfaWQiOjEwNzk5LCJkdXJhdGlvbl9zIjo3NiwidXJsZ2VuX3NvdXJjZSI6Ind3dyJ9&ccb=17-1&vs=7146cb9b64fc8255&_nc_vs=HBksFQIYRWZiX2VwaGVtZXJhbC81NzQ3OUIxQkMxOEFGMEM1MDE5Q0UzM0REQjBGMDg5RF9tdF8xX3ZpZGVvX2Rhc2hpbml0Lm1wNBUAAsgBEgAVAhg6cGFzc3Rocm91Z2hfZXZlcnN0b3JlL0dGU3RIeHdWODhIWXJLa0JBQ1VXWTRrX2Rudy1idjRHQUFBRhUCAsgBEgAoABgAGwKIB3VzZV9vaWwBMRJwcm9ncmVzc2l2ZV9yZWNpcGUBMRUAACaerceQt7OOBhUCKAJDMywXQFMkOVgQYk4YGWRhc2hfaDI2NC1iYXNpYy1nZW4yXzcyMHARAHUAZd6oAQA&_nc_gid=jAMSvUsbwXJU-Ny3WXW0bQ&_nc_ss=7a289&_nc_map=urlgen_bucketless&_nc_zt=28&oh=00_AQLzDnMWeOYNsIjYEU92yPb0nUU6VabCDMWnGBbVfwGwtA&oe=6AA7124B,https://www.facebook.com/ads/library/?id=1043791371734481,تتحصل كريم,2026-09-09T11:51:52+00:00
1551707705957061,TN,Mbio Para,2026-08-21,19,0,19,تخفيض… تخفيض… تخفيض 🥳🥳🥳 29د اكهو و التوصيل مجانيّ 🚗🚗🚗 تتحصل على علبتين في عوض علبة واحدة ✌️✌️✌️ كريم Toudol الحل الأمثل لتخفيف الأوجاع والآلام المرتبطة بالبرد والمفاصل✅✅✅. مصنوع من مكونات طبيعية وفعالة✨🍀. 🌸 زيت الإكليل 🌸 الفليو 🌸 زيت عود القرنفل 🌸 زيت النعناع 🌸 مستخلص نبتة عشبة مخلب الشيطان باش تعدي كومند ما عليك كان تبعثلنا العنوان ونومرو التاليفون والا تعمر المعطيات في الموقع الالكتروني: https://mbiopara.com/products/toudol مرحبا بيكم 💯 يضمنلك تسكين سريع للأوجاع و التسطير🥰 و يقاوم التهاب المفاصل من اول الاستعمالات🤩. | تعذبت من الوجايع؟ الفيديو هذا ماظهرلكش بالصدفة,https://mbiopara.com/products/toudol,https://video.forn3-2.fna.fbcdn.net/o1/v/t2/f2/m366/AQMs78qutxNrFWj8ZPsRPAEInWIVZnJiraDyY6HyFZZiOUDi2XkccAAE481bhpaen_E9l-rFXTFehRanNl9p-lzHGfaiFH7_UARlfwJdMn1yog.mp4?_nc_cat=103&_nc_oc=AdqTHzBkmPV1vguWiIjPu0vE_l-H3tsmHV-KFCievxbNSk13u6GmFmwqa6sL-PTyIjw&_nc_sid=b66105&_nc_ht=video.forn3-2.fna.fbcdn.net&_nc_ohc=mjeZ5oS0LqIQ7kNvwGARqnx&efg=eyJ2ZW5jb2RlX3RhZyI6Inhwdl9wcm9ncmVzc2l2ZS5WSV9VU0VDQVNFX1BST0RVQ1RfVFlQRS4uQzMuNzE2LmRhc2hfaDI2NC1iYXNpYy1nZW4yXzcyMHAiLCJ4cHZfYXNzZXRfaWQiOjQ4ODE2NDA3NDMwMDM2NSwiYXNzZXRfYWdlX2RheXMiOjYwOSwidmlfdXNlY2FzZV9pZCI6MTA3OTksImR1cmF0aW9uX3MiOjc3LCJ1cmxnZW5fc291cmNlIjoid3d3In0%3D&ccb=17-1&vs=79a76dfcc8476e11&_nc_vs=HBksFQIYRWZiX2VwaGVtZXJhbC81NDQ3RTA4OUU4NUQ0QzY2OTY2QkQ5RjVGQUM2RDU4Ml9tdF8xX3ZpZGVvX2Rhc2hpbml0Lm1wNBUAAsgBEgAVAhg6cGFzc3Rocm91Z2hfZXZlcnN0b3JlL0dIR25IeHpaXzNJYW1vZ0VBTGN2ZTB3UllPSU9idjRHQUFBRhUCAsgBEgAoABgAGwKIB3VzZV9vaWwBMRJwcm9ncmVzc2l2ZV9yZWNpcGUBMRUAACaaj-3j8f7dARUCKAJDMywXQFNZmZmZmZoYGWRhc2hfaDI2NC1iYXNpYy1nZW4yXzcyMHARAHUAZd6oAQA&_nc_gid=SVB8pXtIQ30ZElxK8b851g&_nc_ss=7a289&_nc_map=urlgen_bucketless&_nc_zt=28&oh=00_AQKsKtkTVglFN3isNFE9exoIrgmmQBwkcT-9kZOY-yb6Zw&oe=6AA7150D,https://www.facebook.com/ads/library/?id=1551707705957061,تتحصل كريم,2026-09-09T11:51:52+00:00
3299729910211046,TN,Mbio Para,2026-08-21,19,0,19,"تخفيض 🤩 تخفيض 🤩 تخفيض 🤩 علبتين ب 29د و التوصيل مجاني 🔥🔥🔥 كريم Toudol الطبيعي الغني بالزيوت و مستخلصات النباتات ✅✅✅ كيما: زيت أكليل الجبل، عود القرنفل، الفليو، النعناع، الكافور، نبتة مهال الشيطان، الارنيكا ❤️💯 يعطيك شعور مش عادي بالحرارة 🔥 يقاوم التهاب المفاصل من اول الاستعمالات 👌🏻 يقضي على الوجايع و التسطير و ترجع تتحرك كانك كنت تكذب في ظرف 15دقيقة اكهو السعر🎁 29د اكهو و التوصيل مجاني 💯 يوصلوك علبتين في عوض علبة واحدة🤩🤩🤩 فاش تستنى, ابعثلنا العنوان ورقم الهاتف و احنا نوصلولك لباب الدار 😍 | موش وقيت تقول يزيني من العذاب والوجيعة؟؟",https://mbiopara.com/products/toudol,https://video.forn3-6.fna.fbcdn.net/o1/v/t2/f2/m366/AQMwk33bNyiaqSY0m4Fdqhm_piMrsyov6IIzLQFfNAb9OOEznCsoHE804hBELFY-DzmDLEv6bjAkNLmAqH9io5bEUc_p7UpbkFAhemksMC2bNg.mp4?_nc_cat=106&_nc_oc=AdpkKiohZjdA1LGY2fbW9j9WcEIOUv6er0GPv6JuQ7u-onY0c5ECug9rB7ImKuv6m4Q&_nc_sid=b66105&_nc_ht=video.forn3-6.fna.fbcdn.net&_nc_ohc=4pqiiP-W7UAQ7kNvwFlq16r&efg=eyJ2ZW5jb2RlX3RhZyI6Inhwdl9wcm9ncmVzc2l2ZS5WSV9VU0VDQVNFX1BST0RVQ1RfVFlQRS4uQzMuNzE2LmRhc2hfaDI2NC1iYXNpYy1nZW4yXzcyMHAiLCJ4cHZfYXNzZXRfaWQiOjgyMjk4Mzk5MzI5MjA2NywiYXNzZXRfYWdlX2RheXMiOjU5MywidmlfdXNlY2FzZV9pZCI6MTA3OTksImR1cmF0aW9uX3MiOjQ4LCJ1cmxnZW5fc291cmNlIjoid3d3In0%3D&ccb=17-1&vs=8b2b8d1739623842&_nc_vs=HBksFQIYRWZiX2VwaGVtZXJhbC9DQTRDNzg5OTlCRjM5N0QyMzFDRDNBMTM1MEI1RTZCQl9tdF8xX3ZpZGVvX2Rhc2hpbml0Lm1wNBUAAsgBEgAVAhg6cGFzc3Rocm91Z2hfZXZlcnN0b3JlL0dNVWlQUnpHcXEtQnJlc0RBTE5XWUhnV2djMW9idjRHQUFBRhUCAsgBEgAoABgAGwKIB3VzZV9vaWwBMRJwcm9ncmVzc2l2ZV9yZWNpcGUBMRUAACbG1JvJ_J_2AhUCKAJDMywXQEgVP3ztkWgYGWRhc2hfaDI2NC1iYXNpYy1nZW4yXzcyMHARAHUAZd6oAQA&_nc_gid=SVB8pXtIQ30ZElxK8b851g&_nc_ss=7a289&_nc_map=urlgen_bucketless&_nc_zt=28&oh=00_AQL4CDhe2g0OSAWUDylugGwN12R3tqMN4lwStu8P0s1e3A&oe=6AA71A86,https://www.facebook.com/ads/library/?id=3299729910211046,تتحصل كريم,2026-09-09T11:51:52+00:00
1418838243459273,TN,Mbio Para,2026-08-21,19,0,19,"تخفيض… تخفيض… تخفيض 🥳🥳🥳 29د اكهو و التوصيل مجانيّ 🚗🚗🚗 تتحصل على علبتين في عوض علبة واحدة ✌️✌️✌️ كريم Toudol الحل الأمثل لتخفيف الأوجاع والآلام المرتبطة بالبرد والمفاصل✅✅✅. مصنوع من مكونات طبيعية وفعالة✨🍀. 🌸 زيت الإكليل 🌸 الفليو 🌸 زيت عود القرنفل 🌸 زيت النعناع 🌸 مستخلص نبتة عشبة مخلب الشيطان باش تعدي كومند ما عليك كان تبعثلنا العنوان ونومرو التاليفون والا تعمر المعطيات في الموقع الالكتروني: https://mbiopara.com/products/toudol مرحبا بيكم 💯 يضمنلك تسكين سريع للأوجاع و التسطير🥰 و يقاوم التهاب المفاصل من اول الاستعمالات🤩. | التهاب المفاصل, الروماتيزم, الوجايع, و التسطير...😱",https://mbiopara.com/products/toudol,https://video.forn3-1.fna.fbcdn.net/o1/v/t2/f2/m366/AQMO9-E1jJGh2Ch51B7hANtZeicFl1EU3eo8-34FpmEaTN1tftGR-h96VtS9h8g7SorM9S7hDHi3LNewX2mdNjWDiemNHkNzAtRSVTQwv1biXA.mp4?_nc_cat=100&_nc_oc=AdoqxDw0zusLARF1g9piCazhd3Frk-bUQsCI4aILuz_ANadvnDGbZO9n7AStb0SfudA&_nc_sid=b66105&_nc_ht=video.forn3-1.fna.fbcdn.net&_nc_ohc=lA1NgSIRcokQ7kNvwE_URpX&efg=eyJ2ZW5jb2RlX3RhZyI6Inhwdl9wcm9ncmVzc2l2ZS5WSV9VU0VDQVNFX1BST0RVQ1RfVFlQRS4uQzMuNzE2LmRhc2hfaDI2NC1iYXNpYy1nZW4yXzcyMHAiLCJ4cHZfYXNzZXRfaWQiOjE1ODI4ODIxMzkwMzgzMjMsImFzc2V0X2FnZV9kYXlzIjo2MDksInZpX3VzZWNhc2VfaWQiOjEwNzk5LCJkdXJhdGlvbl9zIjo3NCwidXJsZ2VuX3NvdXJjZSI6Ind3dyJ9&ccb=17-1&vs=c6ab444c4df367ad&_nc_vs=HBksFQIYRWZiX2VwaGVtZXJhbC8xRjQ5MEE4RTdBRTk1QTFDMDdBMEY5MTZCODc5RThCNF9tdF8xX3ZpZGVvX2Rhc2hpbml0Lm1wNBUAAsgBEgAVAhg6cGFzc3Rocm91Z2hfZXZlcnN0b3JlL0dFY1ZKUnhmaGlpMWt6QUNBRFFaVlFXTzVmY0xidjRHQUFBRhUCAsgBEgAoABgAGwKIB3VzZV9vaWwBMRJwcm9ncmVzc2l2ZV9yZWNpcGUBMRUAACbmifP57ufPBRUCKAJDMywXQFKZmZmZmZoYGWRhc2hfaDI2NC1iYXNpYy1nZW4yXzcyMHARAHUAZd6oAQA&_nc_gid=SVB8pXtIQ30ZElxK8b851g&_nc_ss=7a289&_nc_map=urlgen_bucketless&_nc_zt=28&oh=00_AQIZvIKRRQKUpy7-Tl4Emqzb5A9HaoYlY2df_oVkSSh0oQ&oe=6AA72DE8,https://www.facebook.com/ads/library/?id=1418838243459273,تتحصل كريم,2026-09-09T11:51:52+00:00
1071595729114792,TN,Novita Cosmetics,2026-08-21,19,0,19,"تخفيض❤️‍🔥 تخفيض❤️‍🔥 تخفيض ❤️‍🔥 ب 39د اكهو و التوصيل مجاني 🥳 تتحصل على pack éclaircissant visage من Narcisse gold🌸 ✅ متكون من crème pure lumière تفتح البقع الداكنة في الوجه،تعطي لمعة و نضارة من اول استعمال، ترطب من الأعماق و تقاوم ظهور التجاعيد. ✅ مع Ecran teinté بلون موحد يتماشى مع جميع أنواع البشرة غني بال aloe Vera, provitamine b5 و vitamine E. الزوز منتجات هذم ب 39د و التوصيل مجاني على كامل تراب الجمهورية🥳🥳🥳 باش تعدي كومند يكفي انك تبعثلنا رقم الهاتف و العنوان واحنا نوصلولك لباب الدار 🤩 | وجهك شاحب ومعبي بالتصبغات و les tâches؟",https://novitasplus.com/products/serum-contour-des-yeux,https://video.forn3-5.fna.fbcdn.net/o1/v/t2/f2/m366/AQMsRA8e9-cSAP5szS3bO5VLGJEKEN4w2E4-sxTrjKrTRAwbGXn5-WxMvuUVUSx3jRvn3IT6uZ51RwfvJkQngjU36bgz0oshhipMgteeRrI1-g.mp4?_nc_cat=105&_nc_oc=Adr87xF77MNVbbDV-_WDVN4jBdOMvoZcrn4MpcWIk3m1nmcEbw79SNnR_fazhlF-U7E&_nc_sid=b66105&_nc_ht=video.forn3-5.fna.fbcdn.net&_nc_ohc=LgEI73MR9IMQ7kNvwHqu0VQ&efg=eyJ2ZW5jb2RlX3RhZyI6Inhwdl9wcm9ncmVzc2l2ZS5WSV9VU0VDQVNFX1BST0RVQ1RfVFlQRS4uQzMuNzE2LmRhc2hfaDI2NC1iYXNpYy1nZW4yXzcyMHAiLCJ4cHZfYXNzZXRfaWQiOjYyNTI4Mzk2MzMxMzI4MCwiYXNzZXRfYWdlX2RheXMiOjU5MiwidmlfdXNlY2FzZV9pZCI6MTA3OTksImR1cmF0aW9uX3MiOjg3LCJ1cmxnZW5fc291cmNlIjoid3d3In0%3D&ccb=17-1&vs=f75b405f7e01cb6a&_nc_vs=HBksFQIYRWZiX2VwaGVtZXJhbC80RDQwQkVFNTAzMUY0NTFENjdBQkVERTdFQkRBNzY4Rl9tdF8xX3ZpZGVvX2Rhc2hpbml0Lm1wNBUAAsgBEgAVAhg6cGFzc3Rocm91Z2hfZXZlcnN0b3JlL0dJWHZTUngyNHdSNkJ4MEVBUGViQllTNkphd09idjRHQUFBRhUCAsgBEgAoABgAGwKIB3VzZV9vaWwBMRJwcm9ncmVzc2l2ZV9yZWNpcGUBMRUAACaA8qLIqKycAhUCKAJDMywXQFXO6XjU_fQYGWRhc2hfaDI2NC1iYXNpYy1nZW4yXzcyMHARAHUAZd6oAQA&_nc_gid=SVB8pXtIQ30ZElxK8b851g&_nc_ss=7a289&_nc_map=urlgen_bucketless&_nc_zt=28&oh=00_AQJBTNXiFD7zV_yTtTMxE4d5JBskFWVY4x0lFInnfGD-8w&oe=6AA7036B,https://www.facebook.com/ads/library/?id=1071595729114792,تتحصل كريم,2026-09-09T11:51:52+00:00
987068997719067,TN,Ehdilou,2026-08-21,19,0,19,تحب دارك ديما منورة بذكر الله وصوت القرآن؟ 🌙 جهاز الذكر والسكينة هو الحل باش تخلي جو الهدوء والراحة النفسية في كل ركن من بيتك. ✅ شامل ومنوع: فيه أزرار مخصصة للذكر (Zikir)، الأدعية (Du'a)، الرقية الشرعية (Ruqyah)، والسور القرآنية (Surah). ✅ راديو إسلامي: يخدم 24 ساعة على 7 أيام باش ما يقطعش عليك النفحات الإيمانية. ✅ سهل التحكم: تنجم تزيد وتنقص في الصوت، تعاود الآية، وتتحكم في كل شي بلمسة وحدة. ✅ خاصية الإسقاط (Projection): فيه زر خاص للتسليط الضوئي المزيان. خلي دارك ديما محمية بذكر الله! 🙏 اضغط هنا واطلب الجهاز متاعك 👇 | دخل السكينة والبركة لدارك مع جهاز الذكر! 🕌✨ | أعز كادو تنجم تهديه لوالديك.. السكينة الروحية! 🎁❤️,https://ehdilou.shop/products/%D8%B3%D8%B1%D8%A7%D8%AC-%D8%A7%D9%84%D8%B0%D9%90%D9%91%D9%83%D8%B1%E2%84%A2-%D9%85%D8%B4%D8%BA%D9%91%D9%84-%D8%A7%D9%84%D8%AA%D9%84%D8%A7%D9%88%D8%A7%D8%AA-%D9%88%D8%A7%D9%84%D8%A3%D8%B0%D9%83%D8%A7%D8%B1-%D8%A7%D9%84%D8%AC%D8%AF%D8%A7%D8%B1%D9%8A-%D9%85%D8%B9-%D8%A5%D8%B6%D8%A7%D8%A1%D8%A9-%D9%84%D9%8A%D9%84%D9%8A%D8%A9,https://video.forn3-6.fna.fbcdn.net/o1/v/t2/f2/m366/AQMVD5O7w6bULZLt4tuCHjw5y4c7Xz-2kMErj5vbLuUAMa6xMyOpf9ISEyfeupPK4O9NDpo8Gn7-pBT9Nfw7vDlFQg00ZQ5WI9UUWZFYYBqUeg.mp4?_nc_cat=103&_nc_oc=Adoi4i_K19uYIg9MPpYEWgxNPNwZCaBSTOaYMB75gCCVch395bsZij7dXBj1DoRBegE&_nc_sid=b66105&_nc_ht=video.forn3-6.fna.fbcdn.net&_nc_ohc=rmzhp6bBPMwQ7kNvwEFjseX&efg=eyJ2ZW5jb2RlX3RhZyI6Inhwdl9wcm9ncmVzc2l2ZS5WSV9VU0VDQVNFX1BST0RVQ1RfVFlQRS4uQzMuNzIwLmRhc2hfaDI2NC1iYXNpYy1nZW4yXzcyMHAiLCJ4cHZfYXNzZXRfaWQiOjk4MDQ0NTUxNTA1NzExNywiYXNzZXRfYWdlX2RheXMiOjE4LCJ2aV91c2VjYXNlX2lkIjoxMDc5OSwiZHVyYXRpb25fcyI6NjgsInVybGdlbl9zb3VyY2UiOiJ3d3cifQ%3D%3D&ccb=17-1&vs=468bda94d855c544&_nc_vs=HBksFQIYRWZiX2VwaGVtZXJhbC8wNTRFQjc1OTkyQjgzQzk0M0RDMkY1MjRFRkJGMUQ4Nl9tdF8xX3ZpZGVvX2Rhc2hpbml0Lm1wNBUAAsgBEgAVAhhAZmJfcGVybWFuZW50LzBGNDhCNTJDNjk3RjlCRDk2NjU5OUYyQTk3NjUxQzlGX2F1ZGlvX2Rhc2hpbml0Lm1wNBUCAsgBEgAoABgAGwKIB3VzZV9vaWwBMRJwcm9ncmVzc2l2ZV9yZWNpcGUBMRUAACa6n6yquO29AxUCKAJDMywXQFEzMzMzMzMYGWRhc2hfaDI2NC1iYXNpYy1nZW4yXzcyMHARAHUAZd6oAQA&_nc_gid=L_Ueg4MIXOk-Zk2tjrkBBg&_nc_ss=7b289&_nc_map=urlgen_bucketless&_nc_zt=28&oh=00_AQLI-taXHsjjQEff1665mVGzxQ_1q2_SoCTl1MBeWmfgNw&oe=6AA71525,https://www.facebook.com/ads/library/?id=987068997719067,بيتك جهاز,2026-09-09T10:58:58+00:00
1821386305878457,OM,Macrofit Coaching,2026-08-21,19,0,19,“اتمنى لو اخذت هذا الاختبار من قبل!” 🤯 | ⚡️ اختبار مجاني يكشف سرعة الايض و كيفية زيادته ⚡️ | اضغط على Learn more لتأخذ الاختبار المجاني الان!,https://macrofitcoaching.co/caloriescalculator,https://video.forn3-6.fna.fbcdn.net/o1/v/t2/f2/m366/AQNpLwBVwfedeXWAhHRll0HhhNjcgiXB8CLyl7k26az1jmfV-h_NTCYGOxjVG9fdaB08T9b5pZM8V2isHgrJe_x9uW1hH7oALkS8nr6Q0Hquyw.mp4?_nc_cat=100&_nc_oc=AdplF4tMXE1B8DItKvWROmXOajpNaBkBVejCh09w_JllFAvnkQUil7vVZ9-AUwygpFU&_nc_sid=b66105&_nc_ht=video.forn3-6.fna.fbcdn.net&_nc_ohc=fzZcct2QL7YQ7kNvwFZX5L-&efg=eyJ2ZW5jb2RlX3RhZyI6Inhwdl9wcm9ncmVzc2l2ZS5WSV9VU0VDQVNFX1BST0RVQ1RfVFlQRS4uQzMuNzIwLmRhc2hfaDI2NC1iYXNpYy1nZW4yXzcyMHAiLCJ4cHZfYXNzZXRfaWQiOjE3MTUyNTgxOTI5MjE4MjgsImFzc2V0X2FnZV9kYXlzIjoyMiwidmlfdXNlY2FzZV9pZCI6MTA3OTksImR1cmF0aW9uX3MiOjY2LCJ1cmxnZW5fc291cmNlIjoid3d3In0%3D&ccb=17-1&vs=d561dc5743f6f79e&_nc_vs=HBksFQIYRWZiX2VwaGVtZXJhbC9FMzQxNDhDQ0Y4NjhEODE1NjkyMjkwMjNEMDM0RTM5OF9tdF8xX3ZpZGVvX2Rhc2hpbml0Lm1wNBUAAsgBEgAVAhhAZmJfcGVybWFuZW50LzBCNEQ2ODBDOEYxOTUwRkNERjZFN0I3QTk2ODdDQkJBX2F1ZGlvX2Rhc2hpbml0Lm1wNBUCAsgBEgAoABgAGwKIB3VzZV9vaWwBMRJwcm9ncmVzc2l2ZV9yZWNpcGUBMRUAACbIk8y0lYGMBhUCKAJDMywXQFC5mZmZmZoYGWRhc2hfaDI2NC1iYXNpYy1nZW4yXzcyMHARAHUAZd6oAQA&_nc_gid=CceyMiVC_7yQsEwiJ3v_0Q&_nc_ss=7b289&_nc_map=urlgen_bucketless&_nc_zt=28&oh=00_AQLwY52ANKcCFQtWCz-EyN3_ael5dOSuQ9oSTRsDorI9_w&oe=6AA6DE68,https://www.facebook.com/ads/library/?id=1821386305878457,ساعة بس لو,2026-09-09T09:07:46+00:00
1055574190415044,LB,Deal.com.lb,2026-08-22,18,0,18,🎒🔥 مش شنطة وبس… طقم مدرسة كامل 3 قطع بـ $39! إذا بدكن شنطة تعيش مع الولد طول السنة وتكون مريحة وعملية، شوفوا أطقم CLICK Back to School 😍 🎒 Backpack واسعة ومتينة 🍱 Lunch Bag معزولة للحرارة ✏️ Pencil Case مطابقة للتصميم والشنطة معمولة لتتحمّل الاستخدام اليومي 👌 ✅ ظهر مبطّن لراحة أكبر ✅ أحزمة كتف قابلة للتعديل ✅ قاعدة مقاومة للماء ✅ جيوب متعددة وتنظيم عملي ✅ موديلات بألوان ورسومات كتيرة 🛡️ كفالة سنة كاملة ضد عطل السحاب أو التمزّق 💥 الطقم الكامل: $39 كفالة سنة من تاريخ الشراء 💥 الطقم الكامل: $19 نوعية ممتازة من دون كفالة 📲 للطلب عالواتساب 71749998 أو اطلبوا مباشرة من تطبيق أو موقع Deal.com.lb. 🚚 توصيل لكل لبنان 🔥 بدكن أسعار قوية وعروض يومية؟ 🔥 اعمل Follow لقناة Deal على واتساب: https://whatsapp.com/channel/0029VaAWbpN4IBhDKBohac2g,https://api.whatsapp.com/send,https://video.forn3-2.fna.fbcdn.net/o1/v/t2/f2/m366/AQNFXhuH8KPKqISyJiB0QsIbV4-xfUfBz8QJWtbSOSI18chkOpI_jWe5z_Q1nEBgOdXjHlrBfPVyHQxz-cen66QtaSqOPUv5-TDWJkri6ZEUlg.mp4?_nc_cat=103&_nc_oc=Adr5Vs2ZpZ8r7mCfm863mIYXjaeSbPGTZJ2KnR6r8uKCaDbfXAap7NFMqdSVef7pdaE&_nc_sid=b66105&_nc_ht=video.forn3-2.fna.fbcdn.net&_nc_ohc=QLDAq996OJkQ7kNvwGjgVpF&efg=eyJ2ZW5jb2RlX3RhZyI6Inhwdl9wcm9ncmVzc2l2ZS5WSV9VU0VDQVNFX1BST0RVQ1RfVFlQRS4uQzMuNzIwLmRhc2hfaDI2NC1iYXNpYy1nZW4yXzcyMHAiLCJ4cHZfYXNzZXRfaWQiOjE1NjUyNDg5OTg0MjQ4NzMsImFzc2V0X2FnZV9kYXlzIjoxOCwidmlfdXNlY2FzZV9pZCI6MTIzNzMsImR1cmF0aW9uX3MiOjc3LCJ1cmxnZW5fc291cmNlIjoid3d3In0%3D&ccb=17-1&vs=7602c551bbcbf5f0&_nc_vs=HBksFQIYRWZiX2VwaGVtZXJhbC81RjRENEY3Mjk2QkY4QkU3NDRCMTI3RjJEOUU1QzM4NF9tdF8xX3ZpZGVvX2Rhc2hpbml0Lm1wNBUAAsgBEgAVAhhAZmJfcGVybWFuZW50L0U2NDczMUMyNjZGQkQyRjVBMzQ0RTE0MjI2QkZFQzk4X2F1ZGlvX2Rhc2hpbml0Lm1wNBUCAsgBEgAoABgAGwKIB3VzZV9vaWwBMRJwcm9ncmVzc2l2ZV9yZWNpcGUBMRUAACbShMroveXHBRUCKAJDMywXQFNxBiTdLxsYGWRhc2hfaDI2NC1iYXNpYy1nZW4yXzcyMHARAHUAZarBAQA&_nc_gid=yjsW889VdN_P2J51A7mdkw&_nc_ss=7a289&_nc_map=urlgen_bucketless&_nc_zt=28&oh=00_AQK31jMzHTwxLowrZ4_JykhUTqKkuK3pIpu2YYnD5A5xAQ&oe=6AA702B5,https://www.facebook.com/ads/library/?id=1055574190415044,مروحة قوية، وفي نفس,2026-09-09T11:08:14+00:00
2505578036532730,MA,NewShopy,2026-08-22,18,0,18,🚗✨ خلي سيارتك تتكلم بطريقتك! 🔥 اكتشف لوحة LED Matrix المرنة بتأثيرات وألوان RGB رائعة، مثالية للسيارات وتسمح لك بعرض النصوص، الصور، الرموز والتأثيرات المضيئة بطريقة مميزة. 📱 التحكم بسهولة عبر الهاتف 🎨 ألوان وإضاءة متعددة 📝 إمكانية كتابة رسائل مخصصة 🎵 تأثيرات وحركات ضوئية 🎮 تأتي مع جهاز تحكم عن بعد ✨ تصميم مرن وسهل التركيب اجعل سيارتك مختلفة عن الجميع 😎🔥 📩 للطلب والاستفسار، تواصل معنا عبر الخاص أو واتساب. | لوحة LED Matrix RGB للسيارة 🚘✨ | ✨ لوحة LED Matrix RGB مرنة وعصرية للسيارات 🚘🌈 استمتع بإضاءة RGB متعددة الألوان مع إمكانية عرض النصوص، الرموز والصور بطريقة مميزة. تحكم فيها بسهولة عبر الهاتف أو جهاز التحكم عن بُعد، مع تأثيرات ضوئية متحركة تلفت الأنظار. 💡🔥,https://api.whatsapp.com/send,https://video.forn3-5.fna.fbcdn.net/o1/v/t2/f2/m366/AQNLmd50vbum7D0H0YvqLHxD-I-AQT_aQ4gfJD1XABWFIk8EjGuf7yjUoYrVqnkb6dM_VUfilakKhyFSnkYR0e6cSN1VRVLRi_okH9cdAHCH1A.mp4?_nc_cat=111&_nc_oc=AdrWoqr2UmrZWXz28_gnEYgf-crR83gM4XXA2ZLRYyoSSvlrumm6WODaqOmL6hwNheU&_nc_sid=b66105&_nc_ht=video.forn3-5.fna.fbcdn.net&_nc_ohc=Xhz294Xkf34Q7kNvwEhbLuI&efg=eyJ2ZW5jb2RlX3RhZyI6Inhwdl9wcm9ncmVzc2l2ZS5WSV9VU0VDQVNFX1BST0RVQ1RfVFlQRS4uQzMuNTc2LmRhc2hfaDI2NC1iYXNpYy1nZW4yXzcyMHAiLCJ4cHZfYXNzZXRfaWQiOjEwNTk4ODUyMzYzOTk5NzYsImFzc2V0X2FnZV9kYXlzIjoxNywidmlfdXNlY2FzZV9pZCI6MTA3OTksImR1cmF0aW9uX3MiOjM2LCJ1cmxnZW5fc291cmNlIjoid3d3In0%3D&ccb=17-1&vs=be48b75a6e26c9bd&_nc_vs=HBksFQIYRWZiX2VwaGVtZXJhbC8wQjRCMzMwNjEwNDAxQzEyQURFRDJDMUQwOUY0NjM4OV9tdF8xX3ZpZGVvX2Rhc2hpbml0Lm1wNBUAAsgBEgAVAhhAZmJfcGVybWFuZW50L0JBNDYxODc0NTU2MEVBMkU4NEJFMDNCMzM5MjY4MzlGX2F1ZGlvX2Rhc2hpbml0Lm1wNBUCAsgBEgAoABgAGwKIB3VzZV9vaWwBMRJwcm9ncmVzc2l2ZV9yZWNpcGUBMRUAACbQvaWwuP3hAxUCKAJDMywXQEI3bItDlYEYGWRhc2hfaDI2NC1iYXNpYy1nZW4yXzcyMHARAHUAZd6oAQA&_nc_gid=g2EZ6B5NxzjNmHGEjs2dug&_nc_ss=7b289&_nc_map=urlgen_bucketless&_nc_zt=28&oh=00_AQJfLveFJKITxh83XRZ1DHi9yOT-Xy6efVnV2bu4Sp4jjQ&oe=6AA7009D,https://www.facebook.com/ads/library/?id=2505578036532730,جهاز تحكم بعد، يوفر,2026-09-09T11:07:45+00:00
1977689286270217,KW,Trust Pharmacy - صيدلية تراست,2026-08-22,18,0,18,✨ خلطة د. كلينك الثلاثية… روتين متكامل لبشرة أنعم وأكثر إشراقًا! 🌟 تساعد على تحسين مظهر التصبغات والبقع الداكنة. 🤍 توحّد مظهر لون البشرة وتمنحها نضارة واضحة. 🫧 تجدّد مظهر البشرة وتساعد على تقليل الخشونة والبهتان. 3 منتجات تكمل بعضها لروتين تفتيح متكامل ونتيجة أفضل مع الاستمرار 💖 🛍️ اطلبي خلطة د. كلينك الثلاثية الحين واستعيدي إشراقة بشرتك! | 🛍️ اطلبي خلطة د. كلينك الثلاثية الحين واستعيدي إشراقة بشرتك! | 🛍️ اطلبيه الحين وجدّدي نضارة بشرتك!,https://api.whatsapp.com/send,https://video.forn3-2.fna.fbcdn.net/o1/v/t2/f2/m366/AQNuGqK7Pku71vo5qcXFlK88PBv0VH2YEvq4msX-b-WF3vc48u-IY_T4kX5Yon3JJmMzwqC1qXfMMmOrteX2_XLKSainxCmySFgzvjno0_A0CA.mp4?_nc_cat=110&_nc_oc=AdqQkGLplwyQQOmaCVavR-XuWFByaLFAmLI08sMRLiVcSzspMD1dIRCWU5xk9tb7ejo&_nc_sid=b66105&_nc_ht=video.forn3-2.fna.fbcdn.net&_nc_ohc=F11TWuViXbsQ7kNvwFiyD2j&efg=eyJ2ZW5jb2RlX3RhZyI6Inhwdl9wcm9ncmVzc2l2ZS5WSV9VU0VDQVNFX1BST0RVQ1RfVFlQRS4uQzMuNzIwLmRhc2hfaDI2NC1iYXNpYy1nZW4yXzcyMHAiLCJ4cHZfYXNzZXRfaWQiOjk4OTk1MzQ4MDcxMjE5NywiYXNzZXRfYWdlX2RheXMiOjQ1LCJ2aV91c2VjYXNlX2lkIjoxMDc5OSwiZHVyYXRpb25fcyI6NTUsInVybGdlbl9zb3VyY2UiOiJ3d3cifQ%3D%3D&ccb=17-1&vs=11f5444e34505bc6&_nc_vs=HBksFQIYRWZiX2VwaGVtZXJhbC80QzQ0QzFEMTZGMjNDRERFMzlBOUE4RTk1RDY3MTg4Ql9tdF8xX3ZpZGVvX2Rhc2hpbml0Lm1wNBUAAsgBEgAVAhhAZmJfcGVybWFuZW50LzA2NEE0OTQ4NkI3RDNDQjk3ODdBN0VEN0ZFMTkzRkJFX2F1ZGlvX2Rhc2hpbml0Lm1wNBUCAsgBEgAoABgAGwKIB3VzZV9vaWwBMRJwcm9ncmVzc2l2ZV9yZWNpcGUBMRUAACaKgP-Y8JbCAxUCKAJDMywXQEv3bItDlYEYGWRhc2hfaDI2NC1iYXNpYy1nZW4yXzcyMHARAHUAZd6oAQA&_nc_gid=8DiWrtAskkh8lunZOPOAVg&_nc_ss=7b289&_nc_map=urlgen_bucketless&_nc_zt=28&oh=00_AQIsAXPVW9l3aTuvnG5NB_ODpCCzdf6PUJrfRuI5IbKXXg&oe=6AA6ECD6,https://www.facebook.com/ads/library/?id=1977689286270217,البشرة كريم تفتيح,2026-09-09T09:32:49+00:00
1900830084222613,SA,Roxa - روكسا,2026-08-22,18,0,18,اختاري البكج اللي ما يخليك تحتاجين تكملين بعده👀✨ بكج النسخة الأصيلة بإصدار اليوم الوطني 🇸🇦 جايه لك بكل احتياجاتك : 🤍 عدسة الجسم 🤍 عدسة الوجه 🤍 عدسة المنطقة الحساسة 🤍 عدسة SR 🤍 عدسة AC وفوقها؟ كريم جنتل بعد الليزر + كريم جنتل للترطيب هدية 🎁 بكج واحد… وروتين عناية كامل إصدار محدود واستثنائي، استغليه قبل ما يخلص,https://roxashop.com/products/%D8%A8%D9%83%D8%AC-%D8%A7%D9%84%D9%86%D8%B3%D8%AE%D8%A9-%D8%A7%D9%84%D8%A7%D8%B5%D9%8A%D9%84%D8%A9,https://video.forn3-5.fna.fbcdn.net/o1/v/t2/f2/m366/AQPOF30aD34L_pSHo-Muvh8QCwBb7z8OzuXwJO1fje9kS4k6YrBid5gy1C4ktXwgtzgMFsTvjqfmSR0pShwhgDauOnsgPLJOaFPqt4HRwi5ToA.mp4?_nc_cat=111&_nc_oc=Adr3nQB05_ghzZF8T_Cr9O_NRB7OdZ2bgKXYJtG5PuqHcvIOhfqeYv-iIrxzpR09ME8&_nc_sid=b66105&_nc_ht=video.forn3-5.fna.fbcdn.net&_nc_ohc=GwwqidgkKakQ7kNvwG1vDuq&efg=eyJ2ZW5jb2RlX3RhZyI6Inhwdl9wcm9ncmVzc2l2ZS5WSV9VU0VDQVNFX1BST0RVQ1RfVFlQRS4uQzMuNzIwLmRhc2hfaDI2NC1iYXNpYy1nZW4yXzcyMHAiLCJ4cHZfYXNzZXRfaWQiOjEwMDAxMTE3Mjk3MjY4MTgsImFzc2V0X2FnZV9kYXlzIjoxNywidmlfdXNlY2FzZV9pZCI6MTA3OTksImR1cmF0aW9uX3MiOjE5LCJ1cmxnZW5fc291cmNlIjoid3d3In0%3D&ccb=17-1&vs=5a306135de354bb3&_nc_vs=HBksFQIYRWZiX2VwaGVtZXJhbC9CRTRENzJDNDkxODBDMTg5QzA0QUE1RjhCRkY5OTQ4Ml9tdF8xX3ZpZGVvX2Rhc2hpbml0Lm1wNBUAAsgBEgAVAhhAZmJfcGVybWFuZW50LzAzNEM3NzkzQzcwQUIzMTcxRTZFM0Q0QkRDOEQ2QkEwX2F1ZGlvX2Rhc2hpbml0Lm1wNBUCAsgBEgAoABgAGwKIB3VzZV9vaWwBMRJwcm9ncmVzc2l2ZV9yZWNpcGUBMRUAACbE1ZaGlebGAxUCKAJDMywXQDMQ5WBBiTcYGWRhc2hfaDI2NC1iYXNpYy1nZW4yXzcyMHARAHUAZd6oAQA&_nc_gid=6xcJ2L7VBpbUwhoSoIS0JQ&_nc_ss=7a289&_nc_map=urlgen_bucketless&_nc_zt=28&oh=00_AQJDsoAV_UUTw0Dw8Vy0QgAhUooIQGD2npJ8ivAdmStrdg&oe=6AA7108D,https://www.facebook.com/ads/library/?id=1900830084222613,ترضيك؟ كريم,2026-09-09T09:28:01+00:00
3503912606422777,EG,Solo Cream,2026-08-21,18,0,18,⁨ لما البشرة تتعرض للشمس، أو طفح جلدي ، العرق، أو لدغات الحشرات، فهي مش محتاجة ترطيب بس.. لكنها تحتاج كمان إلى تهدئة ودعم لتجددها. 💙 Solo Lotion بتركيبة تجمع بين أكسيد الزنك، والديكسبانثينول، وفيتامين E، والجلسرين، وزيت الزيتون، وثاني أكسيد التيتانيوم، يساعد على تهدئة البشرة، ودعم تجددها، ومنحها ترطيبًا عميقًا، مع المساعدة على حمايتها من تأثير العوامل الخارجية. عناية متكاملة تساعد البشرة ترجع لإحساسها بالراحة. | Solo Cream | Healthwell,https://healthwell-eg.com/products/softwell?utm_content=Facebook_UA&utm_source=facebook&variant=53349528076651,https://video.forn3-2.fna.fbcdn.net/o1/v/t2/f2/m366/AQMRNafNAHcfunEvBpUWPV7LA__vN5TnO_pel4PWxjXkP3AeHi6k4dncPwBcBaZ_4J1xDo310mZHpNl_61id3TcvnjiKl50gYEMaBvasT2jVwA.mp4?_nc_cat=109&_nc_oc=AdqaKXZ8UIRGvXOj98FTNrkEEPB-wwIbNJ9A0TTLJ461H-CbmHk5r6s9VOYn7Ru81dY&_nc_sid=b66105&_nc_ht=video.forn3-2.fna.fbcdn.net&_nc_ohc=IDUKr-ak00sQ7kNvwGhrLYJ&efg=eyJ2ZW5jb2RlX3RhZyI6Inhwdl9wcm9ncmVzc2l2ZS5WSV9VU0VDQVNFX1BST0RVQ1RfVFlQRS4uQzMuNzIwLmRhc2hfaDI2NC1iYXNpYy1nZW4yXzcyMHAiLCJ4cHZfYXNzZXRfaWQiOjEwODczOTUyMzcxOTYzNzEsImFzc2V0X2FnZV9kYXlzIjozMSwidmlfdXNlY2FzZV9pZCI6MTA3OTksImR1cmF0aW9uX3MiOjU2LCJ1cmxnZW5fc291cmNlIjoid3d3In0%3D&ccb=17-1&vs=d804e73d58867b29&_nc_vs=HBksFQIYRWZiX2VwaGVtZXJhbC83RDQ5NzIzQkJGOEI4M0Y4QzQ5QkMzQzI5NkQ5MUNBMV9tdF8xX3ZpZGVvX2Rhc2hpbml0Lm1wNBUAAsgBEgAVAhhAZmJfcGVybWFuZW50Lzg5NEFBNUExQTAwRjE4NzFGMEZFOEY2Q0NCQjMyQ0EyX2F1ZGlvX2Rhc2hpbml0Lm1wNBUCAsgBEgAoABgAGwKIB3VzZV9vaWwBMRJwcm9ncmVzc2l2ZV9yZWNpcGUBMRUAACamyb_t3b7uAxUCKAJDMywXQEwAIMSbpeMYGWRhc2hfaDI2NC1iYXNpYy1nZW4yXzcyMHARAHUAZd6oAQA&_nc_gid=28by_qeVqbyqZQsk2sVabw&_nc_ss=7b289&_nc_map=urlgen_bucketless&_nc_zt=28&oh=00_AQLoZk2tjDnDhYTU1rIHBZJo8a0pi7HcABpcGKb1LJCqPg&oe=6AA6E53F,https://www.facebook.com/ads/library/?id=3503912606422777,طفح جلدي بعد الوشم,2026-09-09T08:23:34+00:00
1872688347474198,KW,Automax Tools,2026-08-21,18,0,18,جهاز فحص السيارات Autel MaxiSys MS906MAX – إصدار 2026 جهاز Autel MaxiSys MS906MAX هو إصدار متقدم لعام 2026 من سلسلة أجهزة أوتيل الاحترافية، ويعتبر ترقية قوية عن أجهزة MS906PRO، MS906BT، MP900BT، و MK906 PRO. #autel #906max يوفر الجهاز تشخيصًا احترافيًا للسيارات، مع دعم برمجة وحدات التحكم الإلكترونية ECU، وظائف الصيانة المتقدمة، التحكم ثنائي الاتجاه، ودعم أنظمة ADAS. أهم المميزات • أحدث إصدار لعام 2026 من سلسلة Autel MaxiSys • أداء أسرع حتى 10 مرات بفضل نظام Android 10.0 والمعالج ثماني النواة • ذاكرة قوية بسعة 4GB RAM + 128GB Storage لتشغيل سلس وسريع • شاشة لمس كبيرة 10.1 بوصة بدقة 1920 × 1200 • كاميرا خلفية بدقة 13 ميجابكسل لتوثيق الأعطال والتقارير • بطارية قوية بسعة 11600mAh تعمل لأكثر من 10 ساعات • تقنية Auto Scan 2.0 لفحص سريع وشامل خلال ثوانٍ • يدعم برمجة وحدة التحكم الإلكترونية ECU الاحترافية • أكثر من 40 وظيفة صيانة وخدمة متقدمة • يدعم بروتوكولات CAN FD و DoIP للسيارات الحديثة • تحكم ثنائي الاتجاه لاختبار المكونات والأنظمة مباشرة • دعم أنظمة ADAS للمركبات المتقدمة مناسب لـ • الورش الاحترافية • مراكز صيانة السيارات • فنيي التشخيص المتقدم • المختصين في برمجة وفحص أنظمة السيارات الحديثة,https://api.whatsapp.com/send,https://video.forn3-1.fna.fbcdn.net/o1/v/t2/f2/m367/AQO4OsrKlZuB8lnGHwg1Dx-VkOiEMHCzYqmwGZ3xy6vNEOSxc5Qn9KMhf0f31xl3ExGpRPFeYgHqWWUYh5aC2fS8_7Om17oos7VUWjb95w.mp4?_nc_cat=106&_nc_oc=Adre4d5uaUfsjtEuxHmu7XFipMoa8w5fAEg1xsoNL_Cmfi_VkxleuBKzl8l2_DtJqbY&_nc_sid=ef5aa3&_nc_ht=video.forn3-1.fna.fbcdn.net&_nc_ohc=_1XdUVthwHoQ7kNvwG0ZBdv&efg=eyJ2ZW5jb2RlX3RhZyI6Inhwdl9wcm9ncmVzc2l2ZS5WSV9VU0VDQVNFX1BST0RVQ1RfVFlQRS4uQzMuNzIwLnByb2dyZXNzaXZlX2gyNjQtYmFzaWMtZ2VuMl83MjBwIiwieHB2X2Fzc2V0X2lkIjoxNzg2NzYyOTc5NzYxMjc3MiwiYXNzZXRfYWdlX2RheXMiOjEzNywidmlfdXNlY2FzZV9pZCI6MTIzNzQsImR1cmF0aW9uX3MiOjgxLCJ1cmxnZW5fc291cmNlIjoid3d3In0%3D&ccb=17-1&_nc_gid=r4CBUZZwFRkKWtjqRC-XRg&_nc_ss=7a289&_nc_map=urlgen_bucketless&_nc_zt=28&oh=00_AQLFc4nXtEzOTNFT0-DIXTsPLSoG-Chkcgx6pDST4Q16UA&oe=6AA6CF80,https://www.facebook.com/ads/library/?id=1872688347474198,كاميرا خلفية للسيارات مع شاشة,2026-09-09T05:09:50+00:00
1054859400634523,EG,دنيا حامد - Donia Hamed,2026-08-22,17,0,17,"خصم 40% لمدة 48 ساعة ❌ 🔥 العرض اللي هيخليكي ما تفكريش مرتين! 🔥 لو بتدوري على حل سريع وفعّال للتصبغات، الغمقان، وآثار الحبوب… ولو زهقتي من الكريمات اللي بتسيب أثر أبيض أو بتسببلك تهيج… وجربتي كل حاجة ولسه مش لاقية نتيجة ترضيك؟ 📌 كريم العرقسوس هو الحل! ٣ فوائد في منتج واحد: ✅ بيفتح ويوحد لون البشرة ✅ بيعالج التصبغات وآثار الحبوب ✅ فيه صن بلوك طبيعي يحميكي من الشمس 💯 مناسب لكل أنواع البشرة، حتى الحساسة تقدري تستخدميه يوميًا قبل الشغل، الجامعة، أو الخروجات بتركيبة طبيعية فيها خلاصة العرقسوس… يعني نتيجة سريعة من غير خوف! لو طلبتيه دلوقتي هتاخديه بسعر السنة اللي فاتت 🔥 الكمية محدودة… والفرصة دي مش هتتكرر 💥 الحقّي العرض وعيشي إحساس ""وشك منور"" كل يوم ✨ https://devoria-cosmetics.myeasyorders.com/products/licorice-cream | خصم 135 جنيه لما تشتري النهاردة بس ❌",https://devoria-cosmetics.myeasyorders.com/products/licorice-cream,https://video.forn3-6.fna.fbcdn.net/o1/v/t2/f2/m366/AQNb5ro2pgYceRJxNbULuqg8zDZiqBEDWKVtkCJCpFfQ-TC06vhKApJWflNtPeArISvbv48tPKnU87cbiLQZpvWmcE0OTmOx709XLQWzBpBspw.mp4?_nc_cat=111&_nc_oc=AdposOzXv4bFMXQi6DXQ64IozKNzeZOGqSg2u-XxBTxced342CHceKASVQAPOJQV7Ow&_nc_sid=b66105&_nc_ht=video.forn3-6.fna.fbcdn.net&_nc_ohc=S54GJJMcOIsQ7kNvwE4Vcoc&efg=eyJ2ZW5jb2RlX3RhZyI6Inhwdl9wcm9ncmVzc2l2ZS5WSV9VU0VDQVNFX1BST0RVQ1RfVFlQRS4uQzMuNzIwLmRhc2hfaDI2NC1iYXNpYy1nZW4yXzcyMHAiLCJ4cHZfYXNzZXRfaWQiOjE3MTMyOTc1NDk5NTgwMzMsImFzc2V0X2FnZV9kYXlzIjoxNywidmlfdXNlY2FzZV9pZCI6MTA3OTksImR1cmF0aW9uX3MiOjY1LCJ1cmxnZW5fc291cmNlIjoid3d3In0%3D&ccb=17-1&vs=337bfb69b71b782d&_nc_vs=HBksFQIYRWZiX2VwaGVtZXJhbC81MDQ4QTc2QUIwMjkzRjcxNTRGNjM3MjFCQjVFN0RBMF9tdF8xX3ZpZGVvX2Rhc2hpbml0Lm1wNBUAAsgBEgAVAhhAZmJfcGVybWFuZW50LzYzNDkzQjY2ODM1RDZBNDBDRDhCNTk5ODlEMUY0NThCX2F1ZGlvX2Rhc2hpbml0Lm1wNBUCAsgBEgAoABgAGwKIB3VzZV9vaWwBMRJwcm9ncmVzc2l2ZV9yZWNpcGUBMRUAACai7uC9hY-LBhUCKAJDMywXQFB5mZmZmZoYGWRhc2hfaDI2NC1iYXNpYy1nZW4yXzcyMHARAHUAZd6oAQA&_nc_gid=4NFwGkU36bDKwNb1MxvFuQ&_nc_ss=7b289&_nc_map=urlgen_bucketless&_nc_zt=28&oh=00_AQIkoV9No1nvDUgEIXl-ynTkR94HurZ951axYv9IFbap2g&oe=6AA6B6C1,https://www.facebook.com/ads/library/?id=1054859400634523,الحبوب الناتجة عن العرق,2026-09-09T04:21:42+00:00
2489317514911336,KM,Cleora Leorawlb,2026-08-24,16,0,16,استمتع بمجموعة متنوعة من الأعمال الدرامية والأفلام القصيرة الجديدة على HD Reels. قصتك المفضلة القادمة بانتظارك! | اضغط لمشاهدة الحلقة الكاملة.,http://play.google.com/store/apps/details?id=com.drama.video.streaming.watch,https://video.forn3-5.fna.fbcdn.net/o1/v/t2/f2/m366/AQP34GG1ai6LsMI_R0F1JUZ2naCe5kM_2cdPmj6xTnNQRpmZKibrwID2hEjUuHxV0y9MaGgbcv_tgj5wQdGEKjJoADRQPEHSwzNt3fBzx0ZXlQ.mp4?_nc_cat=108&_nc_oc=AdpTZ8s8F5j0hbzwS0QD93oc9i8GKxGffz_RNrZDtZMs0RTELVWlo5tcOqKIa1VF0KE&_nc_sid=b66105&_nc_ht=video.forn3-5.fna.fbcdn.net&_nc_ohc=Pi5rQ7aVkIwQ7kNvwGwfHr0&efg=eyJ2ZW5jb2RlX3RhZyI6Inhwdl9wcm9ncmVzc2l2ZS5WSV9VU0VDQVNFX1BST0RVQ1RfVFlQRS4uQzMuNzIwLmRhc2hfaDI2NC1iYXNpYy1nZW4yXzcyMHAiLCJ4cHZfYXNzZXRfaWQiOjI3ODk3MjMxNTY2NjA2MTg0LCJhc3NldF9hZ2VfZGF5cyI6MTksInZpX3VzZWNhc2VfaWQiOjEwMTM5LCJkdXJhdGlvbl9zIjo4ODUsInVybGdlbl9zb3VyY2UiOiJ3d3cifQ%3D%3D&ccb=17-1&vs=381f7f3fd698593d&_nc_vs=HBksFQIYRWZiX2VwaGVtZXJhbC8yMDRCMkEwOTk5QzlBNkM3M0IzMjdCNzlFMTI4QTZBOF9tdF8xX3ZpZGVvX2Rhc2hpbml0Lm1wNBUAAsgBEgAVAhhAZmJfcGVybWFuZW50LzcwNDZBM0U3OEM3MzBCMjQ2NEMyMjcwMEVGOEI5Mzk1X2F1ZGlvX2Rhc2hpbml0Lm1wNBUCAsgBEgAoABgAGwKIB3VzZV9vaWwBMRJwcm9ncmVzc2l2ZV9yZWNpcGUBMRUAACbQvfSbzJiOYxUCKAJDMywXQIuqqfvnbIsYGWRhc2hfaDI2NC1iYXNpYy1nZW4yXzcyMHARAHUAZbaeAQA&_nc_gid=fLBdp5KdO-jA7vFI7RIA2w&_nc_ss=7a289&_nc_map=urlgen_bucketless&_nc_zt=28&oh=00_AQKleAb-DL4EB5-RXEavROZCPhIpKmqM89eAOXjQJszBAQ&oe=6AA71F20,https://www.facebook.com/ads/library/?id=2489317514911336,مجاناً كريم,2026-09-09T11:46:51+00:00
1722356625551257,AE,Softskin By Secretreza,2026-08-24,16,0,16,بعدِك عم تعذّبي حالِك بالحلاقة والواكس كل فترة؟ 😩 خلّي هالقصّة تصير من الماضي! ✨ مع @softbysecretreza ، بتقدري تخفّفي نمو الشعر بشكل ملحوظ وتودّعي الروتين المزعج. وكمان، المناطق اللي بتسودّ أو بيغمق لونها بسبب الشفرة والحلاقة المتكررة، رح ترتاح من هالإزعاج لأنك ما بقى بحاجة تعتمدي على هالطرق التقليدية. استثمري ببشرتِك وراحتِك… لأنك بتستحقي نتيجة تدوم أكثر. 💖 لحقي حالك هلّق وبلشي رحلتِك لبشرة أنعم وثقة أكبر. ✨ #thefancypositivity #secretrezalaser #comfort | جهاز ازالة الشعر من المنزل 💗 | استخدام كامل للجسم، بما في ذلك منطقة البيكيني 🌹,https://www.secretreza.com/,https://video.forn3-2.fna.fbcdn.net/o1/v/t2/f2/m366/AQPISsQ8qv1oFURnNLnxConeruh74tMmT6K9Q82vvD1fibO0gfTqh93OEEolHlykJ_QlU5lPzwZ30ZgbvjVLzHUMvKABXFJVytulghyHPKk_fQ.mp4?_nc_cat=111&_nc_oc=Adpfjdot1I_9Vjoarddy0taz3piCyA2sQkpfIlqfsruenRdM1Yyt8Tdl7dfOph8s1m0&_nc_sid=b66105&_nc_ht=video.forn3-2.fna.fbcdn.net&_nc_ohc=3x3xVoOBi4MQ7kNvwFHZRf-&efg=eyJ2ZW5jb2RlX3RhZyI6Inhwdl9wcm9ncmVzc2l2ZS5WSV9VU0VDQVNFX1BST0RVQ1RfVFlQRS4uQzMuNzIwLmRhc2hfaDI2NC1iYXNpYy1nZW4yXzcyMHAiLCJ4cHZfYXNzZXRfaWQiOjIxNjYyODEwMDc2NTM1NDgsImFzc2V0X2FnZV9kYXlzIjoxNSwidmlfdXNlY2FzZV9pZCI6MTAxMzksImR1cmF0aW9uX3MiOjU0LCJ1cmxnZW5fc291cmNlIjoid3d3In0%3D&ccb=17-1&vs=788f645e0125daa1&_nc_vs=HBksFQIYRWZiX2VwaGVtZXJhbC9FRDQyODQ0QzE2NUM3QkYwNjFCRDBCQ0NFN0UxRjg5N19tdF8xX3ZpZGVvX2Rhc2hpbml0Lm1wNBUAAsgBEgAVAhhAZmJfcGVybWFuZW50LzkzNEJGMzhCRjkyMkREOTc3MkNBRkI0NTZCMzg5NTlBX2F1ZGlvX2Rhc2hpbml0Lm1wNBUCAsgBEgAoABgAGwKIB3VzZV9vaWwBMRJwcm9ncmVzc2l2ZV9yZWNpcGUBMRUAACbYio-fk47ZBxUCKAJDMywXQEsd0vGp--cYGWRhc2hfaDI2NC1iYXNpYy1nZW4yXzcyMHARAHUAZbaeAQA&_nc_gid=IQsccFzH_fo3A6qlBrAcKw&_nc_ss=7a289&_nc_map=urlgen_bucketless&_nc_zt=28&oh=00_AQJ0dwnCrDU0s8YHXpkCkkirCNfSj0V-wok6-bieCEhU_w&oe=6AA7086D,https://www.facebook.com/ads/library/?id=1722356625551257,أنعم وثقة أكبر جهاز,2026-09-09T11:00:27+00:00
2332981947249813,AE,Softskin By Secretreza,2026-08-24,16,0,16,بعدِك عم تعذّبي حالِك بالحلاقة والواكس كل فترة؟ 😩 خلّي هالقصّة تصير من الماضي! ✨ مع @softbysecretreza ، بتقدري تخفّفي نمو الشعر بشكل ملحوظ وتودّعي الروتين المزعج. وكمان، المناطق اللي بتسودّ أو بيغمق لونها بسبب الشفرة والحلاقة المتكررة، رح ترتاح من هالإزعاج لأنك ما بقى بحاجة تعتمدي على هالطرق التقليدية. استثمري ببشرتِك وراحتِك… لأنك بتستحقي نتيجة تدوم أكثر. 💖 لحقي حالك هلّق وبلشي رحلتِك لبشرة أنعم وثقة أكبر. ✨ #thefancypositivity #secretrezalaser #comfort | جهاز ازالة الشعر من المنزل 💗 | استخدام كامل للجسم، بما في ذلك منطقة البيكيني 🌹,https://www.secretreza.com/,https://video.forn3-2.fna.fbcdn.net/o1/v/t2/f2/m366/AQO0ACUKhGf2Fkb0-ApbnEpX1gk76sKMt0PyznUN9MyPJinZryetL3El7MckUUxUF9AdGUJAE_EN1KoeUSElZpRbZRtydlsnMgnNS1Ky1IGr0Q.mp4?_nc_cat=104&_nc_oc=AdpjScRIaD9YfBz0AfbjS8w15j0GP-bizUxXKI-Q_VcWmg_PR7hNj0MNw6iNkpjmMGM&_nc_sid=b66105&_nc_ht=video.forn3-2.fna.fbcdn.net&_nc_ohc=rhpAbInToncQ7kNvwFeX_GD&efg=eyJ2ZW5jb2RlX3RhZyI6Inhwdl9wcm9ncmVzc2l2ZS5WSV9VU0VDQVNFX1BST0RVQ1RfVFlQRS4uQzMuNzIwLmRhc2hfaDI2NC1iYXNpYy1nZW4yXzcyMHAiLCJ4cHZfYXNzZXRfaWQiOjExMDA3NjgxNDkzOTA0NjEsImFzc2V0X2FnZV9kYXlzIjoxNSwidmlfdXNlY2FzZV9pZCI6MTAxMzksImR1cmF0aW9uX3MiOjYxLCJ1cmxnZW5fc291cmNlIjoid3d3In0%3D&ccb=17-1&vs=23e65ae7626a558b&_nc_vs=HBksFQIYRWZiX2VwaGVtZXJhbC8wRTQ2QjIwQ0Y1N0QwMjc0OUE2N0YyODkxQzlGQjlBNV9tdF8xX3ZpZGVvX2Rhc2hpbml0Lm1wNBUAAsgBEgAVAhhAZmJfcGVybWFuZW50L0QwNDRCNDUxRDdGM0ZGMUQzRjRBQTFDRDZFOTNBMzk1X2F1ZGlvX2Rhc2hpbml0Lm1wNBUCAsgBEgAoABgAGwKIB3VzZV9vaWwBMRJwcm9ncmVzc2l2ZV9yZWNpcGUBMRUAACb6kbLokcn0AxUCKAJDMywXQE6zMzMzMzMYGWRhc2hfaDI2NC1iYXNpYy1nZW4yXzcyMHARAHUAZbaeAQA&_nc_gid=IQsccFzH_fo3A6qlBrAcKw&_nc_ss=7a289&_nc_map=urlgen_bucketless&_nc_zt=28&oh=00_AQI3etvmiW--j94j6T4l_1iQwX5J-vV33ORDM_Hh_FIajQ&oe=6AA6F3FC,https://www.facebook.com/ads/library/?id=2332981947249813,أنعم وثقة أكبر جهاز,2026-09-09T11:00:27+00:00
2923188761362188,TN,Family-TV CARD,2026-08-24,16,0,16,البطاقة البنفسجية وصلت لتونس 💜😱 أقوى عوالم الترفيه في بطاقة وحدة ولمدة سنة كاملة: ⚽ كل المباريات المباشرة + 🎬 أضخم مكتبة أفلام عالمية + 🌟 أقوى الإنتاجات العربية. ⚠️ العرض محدود جداً والكمية باش توفى فيسع. ✅ | ⚠️ العرض محدود جداً والكمية باش توفى فيسع. ✅,https://family-tv-card.converty.shop/product/family-tv-card-1,https://video.forn3-6.fna.fbcdn.net/o1/v/t2/f2/m366/AQMJ8ULb5B2TR-cHna2QcQivFcWof7or5Ar_pexOJWjLrGcM8DwwdXyFCdXpBte5muoMpouevQFNSDDt8HdLvufu0fpYV0IxXI463dWyHew68Q.mp4?_nc_cat=110&_nc_oc=AdrEt_TixuOTSqaNmtvBp1y8NwCcJ1D40lboX6JOK5Oqbmwfgy5w9iO1f0VxVyWlYqg&_nc_sid=b66105&_nc_ht=video.forn3-6.fna.fbcdn.net&_nc_ohc=3jO1y-zgzfsQ7kNvwEQa3uV&efg=eyJ2ZW5jb2RlX3RhZyI6Inhwdl9wcm9ncmVzc2l2ZS5WSV9VU0VDQVNFX1BST0RVQ1RfVFlQRS4uQzMuNzIwLmRhc2hfaDI2NC1iYXNpYy1nZW4yXzcyMHAiLCJ4cHZfYXNzZXRfaWQiOjE1NjI5MTM0ODg1MjczMTYsImFzc2V0X2FnZV9kYXlzIjo1MywidmlfdXNlY2FzZV9pZCI6MTIzNzMsImR1cmF0aW9uX3MiOjY0LCJ1cmxnZW5fc291cmNlIjoid3d3In0%3D&ccb=17-1&vs=4a8832e4b4073574&_nc_vs=HBksFQIYRWZiX2VwaGVtZXJhbC8yNTQ5Qjg4MUE5NzFBRUIxRUJGN0QxRkQwMkREMDJBMV9tdF8xX3ZpZGVvX2Rhc2hpbml0Lm1wNBUAAsgBEgAVAhhAZmJfcGVybWFuZW50Lzg5NDMxQkJCRTM4OTJDNENBQURBQjBGRjIzQkRENjk1X2F1ZGlvX2Rhc2hpbml0Lm1wNBUCAsgBEgAoABgAGwKIB3VzZV9vaWwBMRJwcm9ncmVzc2l2ZV9yZWNpcGUBMRUAACao_-L0xN3GBRUCKAJDMywXQFAXCj1wo9cYGWRhc2hfaDI2NC1iYXNpYy1nZW4yXzcyMHARAHUAZarBAQA&_nc_gid=y4-heURqHVPg01zSR8NIsw&_nc_ss=7a289&_nc_map=urlgen_bucketless&_nc_zt=28&oh=00_AQL6wVTR1XY3ectPHmcmJqh9krjOR2cCXOKysZSmMgdgFQ&oe=6AA6E4F6,https://www.facebook.com/ads/library/?id=2923188761362188,لمدة ساعة العرض اللي,2026-09-09T09:14:02+00:00
1694513534989094,SA,Bestsavenow965,2026-08-25,15,0,15,✨ نحيفة فورية! سلاح فتيات الشرق الأوسط السري للحصول على قوام مثالي غير مرئي ✨ هل ما زلتِ قلقة بشأن ظهور بطنكِ تحت العباءة أو القفطان؟ أو ظهور علامات محرجة من الفساتين الضيقة؟ سيداتي، لقد وجدتُ أخيرًا هذه السراويل الداخلية عالية الخصر، الرقيقة، التي تُشدّ البطن وترفع الأرداف، وهي رائجة جدًا في دول مجلس التعاون الخليجي! لا داعي للجوع، احصلي على قوام الساعة الرملية فورًا! 💖 لماذا تتهافت فتيات الشرق الأوسط عليها؟ شدّ البطن ورفع الأرداف بخطوة واحدة: تصميمها عالي الخصر ومتعدد الأزرار يضغط البطن بدقة ويرفع الأرداف، مما يخلق منحنيات جذابة وتأثيرًا رائعًا على الفور! خفيفة الوزن وجيدة التهوية: مصممة خصيصًا لمناخ الشرق الأوسط! نسيج عالي المرونة وجيد التهوية (ألياف مسامية) لا يلتصق بالجلد إطلاقاً، ويمنحكِ شعوراً كأنه طبقة ثانية من الجلد حتى تحت العباءة في الصيف. تصميم انسيابي وغير مرئي: ملاءمة مثالية! عند ارتداء الفساتين الضيقة أو العباءات أو الجينز عالي الخصر، لن تظهر خطوط حمالة الصدر على الإطلاق. شهادة OEKO-TEX® + حماية مضادة للبكتيريا: منطقة الحوض محمية بمضادات البكتيريا، والنسيج معتمد لضمان السلامة، مما يجعله آمناً على البشرة الحساسة للارتداء طوال اليوم. سواءً كنتِ ترتدينه في نزهات يومية، أو للعمل، أو لحضور حفلات الزفاف والمناسبات، فإن ارتدائه سيمنحكِ ثقة فورية ويجعلكِ تتألقين بثقة! 📦 خدمة حصرية محلية الدفع عند الاستلام متاح مع شحن مجاني. التوصيل إلى باب منزلكِ خلال 2-10 أيام. ادفعي فقط بعد الاستلام والرضا التام - تجربة خالية من المخاطر! 👇 انقري على الرابط/الصورة أدناه للطلب الآن والاستفادة من الخصم للحصول على تصميم مثالي يُبرز جمال قوامكِ! #أزياء_السعودية #أزياء_الشرق_الأوسط #توصيات_بسراويل_التنحيف #سحر_التنحيف #الدفع_عند_الاستلام #أزياء_السعودية #تسوق_في_الخليج #أزياء_العبايات #ملابس_التنحيف_في_الخليج #أزياء_الرياض | 💖 قوامكِ أجمل بدون مجهود | ✨ قوام مثالي في ثوانٍ! السر الخفي لفتيات الخليج للحصول على إطلالة أكثر أناقة وثقة ✨,https://sa.bestsavenow.com/index/detail.html?sno=MTAxMjkwMTQ0Nw==&coll_id=1011452148&csspzpoybgyiyfc=&utm_content={{campaign.id}}&from=facebook&adset_id={{adset.id}}&ad_id={{ad.id}}&opt_id=637662,https://video.forn3-1.fna.fbcdn.net/o1/v/t2/f2/m366/AQNne03r6V2VOQJUTJKrkAJIZBwJftZTGAwTTkz1APGaZy2IeA5VdL6BarYUndkmV1IFUndikvCCPzle5IW51FtRUdRpSiPejmmQg5cGbvHZXg.mp4?_nc_cat=111&_nc_oc=Adr3dFrVx8wia50WgRA8GIl5zAoscmPU7FgZ47S4NxVxJk1Hq273gt7iHuIR2jgaGvU&_nc_sid=b66105&_nc_ht=video.forn3-1.fna.fbcdn.net&_nc_ohc=OFt_ePDVEEcQ7kNvwEn9F2-&efg=eyJ2ZW5jb2RlX3RhZyI6Inhwdl9wcm9ncmVzc2l2ZS5WSV9VU0VDQVNFX1BST0RVQ1RfVFlQRS4uQzMuNzIwLmRhc2hfaDI2NC1iYXNpYy1nZW4yXzcyMHAiLCJ4cHZfYXNzZXRfaWQiOjQ1NzU1MzU5MzkzODY1OTksImFzc2V0X2FnZV9kYXlzIjoxNSwidmlfdXNlY2FzZV9pZCI6MTAxMzksImR1cmF0aW9uX3MiOjgsInVybGdlbl9zb3VyY2UiOiJ3d3cifQ%3D%3D&ccb=17-1&vs=14418b8eef202ade&_nc_vs=HBksFQIYRWZiX2VwaGVtZXJhbC8wOTRCQjRGN0IyNzNBODExNUUwOTc0MEVGMEJGNUQ4N19tdF8xX3ZpZGVvX2Rhc2hpbml0Lm1wNBUAAsgBEgAVAhhAZmJfcGVybWFuZW50L0Q4NDk2MERGQ0Y1QzhFQ0QxRDY2MzEwMDA5OTBGRjlFX2F1ZGlvX2Rhc2hpbml0Lm1wNBUCAsgBEgAoABgAGwKIB3VzZV9vaWwBMRJwcm9ncmVzc2l2ZV9yZWNpcGUBMRUAACbO85eln9ugEBUCKAJDMywXQCDMzMzMzM0YGWRhc2hfaDI2NC1iYXNpYy1nZW4yXzcyMHARAHUAZbaeAQA&_nc_gid=LxkuTZXUp2WZC3d2U82fYQ&_nc_ss=7a289&_nc_map=urlgen_bucketless&_nc_zt=28&oh=00_AQKCwCtaZa1AVpVP-oIA5EDj4OiFaTxBoE2gr0LvIvsjTw&oe=6AA73669,https://www.facebook.com/ads/library/?id=1694513534989094,الساعة الرملية,2026-09-09T12:16:20+00:00
2624035748069098,SA,Bestsavenow965,2026-08-25,15,0,15,✨ نحيفة فورية! سلاح فتيات الشرق الأوسط السري للحصول على قوام مثالي غير مرئي ✨ هل ما زلتِ قلقة بشأن ظهور بطنكِ تحت العباءة أو القفطان؟ أو ظهور علامات محرجة من الفساتين الضيقة؟ سيداتي، لقد وجدتُ أخيرًا هذه السراويل الداخلية عالية الخصر، الرقيقة، التي تُشدّ البطن وترفع الأرداف، وهي رائجة جدًا في دول مجلس التعاون الخليجي! لا داعي للجوع، احصلي على قوام الساعة الرملية فورًا! 💖 لماذا تتهافت فتيات الشرق الأوسط عليها؟ شدّ البطن ورفع الأرداف بخطوة واحدة: تصميمها عالي الخصر ومتعدد الأزرار يضغط البطن بدقة ويرفع الأرداف، مما يخلق منحنيات جذابة وتأثيرًا رائعًا على الفور! خفيفة الوزن وجيدة التهوية: مصممة خصيصًا لمناخ الشرق الأوسط! نسيج عالي المرونة وجيد التهوية (ألياف مسامية) لا يلتصق بالجلد إطلاقاً، ويمنحكِ شعوراً كأنه طبقة ثانية من الجلد حتى تحت العباءة في الصيف. تصميم انسيابي وغير مرئي: ملاءمة مثالية! عند ارتداء الفساتين الضيقة أو العباءات أو الجينز عالي الخصر، لن تظهر خطوط حمالة الصدر على الإطلاق. شهادة OEKO-TEX® + حماية مضادة للبكتيريا: منطقة الحوض محمية بمضادات البكتيريا، والنسيج معتمد لضمان السلامة، مما يجعله آمناً على البشرة الحساسة للارتداء طوال اليوم. سواءً كنتِ ترتدينه في نزهات يومية، أو للعمل، أو لحضور حفلات الزفاف والمناسبات، فإن ارتدائه سيمنحكِ ثقة فورية ويجعلكِ تتألقين بثقة! 📦 خدمة حصرية محلية الدفع عند الاستلام متاح مع شحن مجاني. التوصيل إلى باب منزلكِ خلال 2-10 أيام. ادفعي فقط بعد الاستلام والرضا التام - تجربة خالية من المخاطر! 👇 انقري على الرابط/الصورة أدناه للطلب الآن والاستفادة من الخصم للحصول على تصميم مثالي يُبرز جمال قوامكِ! #أزياء_السعودية #أزياء_الشرق_الأوسط #توصيات_بسراويل_التنحيف #سحر_التنحيف #الدفع_عند_الاستلام #أزياء_السعودية #تسوق_في_الخليج #أزياء_العبايات #ملابس_التنحيف_في_الخليج #أزياء_الرياض | 💖 قوامكِ أجمل بدون مجهود | ✨ قوام مثالي في ثوانٍ! السر الخفي لفتيات الخليج للحصول على إطلالة أكثر أناقة وثقة ✨,https://sa.bestsavenow.com/index/detail.html?sno=MTAxMjkwMTQ0Nw==&coll_id=1011452148&csspzpoybgyiyfc=&utm_content={{campaign.id}}&from=facebook&adset_id={{adset.id}}&ad_id={{ad.id}}&opt_id=637662,https://video.forn3-5.fna.fbcdn.net/o1/v/t2/f2/m366/AQP10NWABL7TZ6NJia8vcHMOO0fc1ZBsLV-t4ytCLrdzPC-I9miQZU0oziqrqdkg49aiiFpV6fjzHcgg3ziI8WvwVTNgtv9Q5wuQxN7IymWknQ.mp4?_nc_cat=110&_nc_oc=Adr8LB29CG35MlG4GYwdp4DLeh8bg3C3aCjiyYRrryOLnH6ih5eK5gSWSfmPRThFoK0&_nc_sid=b66105&_nc_ht=video.forn3-5.fna.fbcdn.net&_nc_ohc=2ZXs-R_7uwMQ7kNvwHsoBsk&efg=eyJ2ZW5jb2RlX3RhZyI6Inhwdl9wcm9ncmVzc2l2ZS5WSV9VU0VDQVNFX1BST0RVQ1RfVFlQRS4uQzMuNzIwLmRhc2hfaDI2NC1iYXNpYy1nZW4yXzcyMHAiLCJ4cHZfYXNzZXRfaWQiOjEzNzQyNDg5MzQyMzk3NzMsImFzc2V0X2FnZV9kYXlzIjoxNSwidmlfdXNlY2FzZV9pZCI6MTAxMzksImR1cmF0aW9uX3MiOjYsInVybGdlbl9zb3VyY2UiOiJ3d3cifQ%3D%3D&ccb=17-1&vs=e049cbe4bde1a1f&_nc_vs=HBksFQIYRWZiX2VwaGVtZXJhbC9DOTQ3MENEQjY1NUIzQjYxNThEQkU1M0I1MDU2NzA4Nl9tdF8xX3ZpZGVvX2Rhc2hpbml0Lm1wNBUAAsgBEgAVAhhAZmJfcGVybWFuZW50L0UyNDU1NUU1NDk0ODcyRTM3OENFRjUwRjBGNjJBNTlDX2F1ZGlvX2Rhc2hpbml0Lm1wNBUCAsgBEgAoABgAGwKIB3VzZV9vaWwBMRJwcm9ncmVzc2l2ZV9yZWNpcGUBMRUAACa6uPe46PfwBBUCKAJDMywXQBtcKPXCj1wYGWRhc2hfaDI2NC1iYXNpYy1nZW4yXzcyMHARAHUAZbaeAQA&_nc_gid=LxkuTZXUp2WZC3d2U82fYQ&_nc_ss=7a289&_nc_map=urlgen_bucketless&_nc_zt=28&oh=00_AQIN335E0LHCmIWj115J1yeVGhCGMuX72K0pmkmE2HcOIw&oe=6AA73302,https://www.facebook.com/ads/library/?id=2624035748069098,الساعة الرملية,2026-09-09T12:16:20+00:00
1051712564119422,SA,Bestsavenow965,2026-08-25,15,0,15,✨ نحيفة فورية! سلاح فتيات الشرق الأوسط السري للحصول على قوام مثالي غير مرئي ✨ هل ما زلتِ قلقة بشأن ظهور بطنكِ تحت العباءة أو القفطان؟ أو ظهور علامات محرجة من الفساتين الضيقة؟ سيداتي، لقد وجدتُ أخيرًا هذه السراويل الداخلية عالية الخصر، الرقيقة، التي تُشدّ البطن وترفع الأرداف، وهي رائجة جدًا في دول مجلس التعاون الخليجي! لا داعي للجوع، احصلي على قوام الساعة الرملية فورًا! 💖 لماذا تتهافت فتيات الشرق الأوسط عليها؟ شدّ البطن ورفع الأرداف بخطوة واحدة: تصميمها عالي الخصر ومتعدد الأزرار يضغط البطن بدقة ويرفع الأرداف، مما يخلق منحنيات جذابة وتأثيرًا رائعًا على الفور! خفيفة الوزن وجيدة التهوية: مصممة خصيصًا لمناخ الشرق الأوسط! نسيج عالي المرونة وجيد التهوية (ألياف مسامية) لا يلتصق بالجلد إطلاقاً، ويمنحكِ شعوراً كأنه طبقة ثانية من الجلد حتى تحت العباءة في الصيف. تصميم انسيابي وغير مرئي: ملاءمة مثالية! عند ارتداء الفساتين الضيقة أو العباءات أو الجينز عالي الخصر، لن تظهر خطوط حمالة الصدر على الإطلاق. شهادة OEKO-TEX® + حماية مضادة للبكتيريا: منطقة الحوض محمية بمضادات البكتيريا، والنسيج معتمد لضمان السلامة، مما يجعله آمناً على البشرة الحساسة للارتداء طوال اليوم. سواءً كنتِ ترتدينه في نزهات يومية، أو للعمل، أو لحضور حفلات الزفاف والمناسبات، فإن ارتدائه سيمنحكِ ثقة فورية ويجعلكِ تتألقين بثقة! 📦 خدمة حصرية محلية الدفع عند الاستلام متاح مع شحن مجاني. التوصيل إلى باب منزلكِ خلال 2-10 أيام. ادفعي فقط بعد الاستلام والرضا التام - تجربة خالية من المخاطر! 👇 انقري على الرابط/الصورة أدناه للطلب الآن والاستفادة من الخصم للحصول على تصميم مثالي يُبرز جمال قوامكِ! #أزياء_السعودية #أزياء_الشرق_الأوسط #توصيات_بسراويل_التنحيف #سحر_التنحيف #الدفع_عند_الاستلام #أزياء_السعودية #تسوق_في_الخليج #أزياء_العبايات #ملابس_التنحيف_في_الخليج #أزياء_الرياض | 💖 قوامكِ أجمل بدون مجهود | ✨ قوام مثالي في ثوانٍ! السر الخفي لفتيات الخليج للحصول على إطلالة أكثر أناقة وثقة ✨,https://sa.bestsavenow.com/index/detail.html?sno=MTAxMjkwMTQ0Nw==&coll_id=1011452148&csspzpoybgyiyfc=&utm_content={{campaign.id}}&from=facebook&adset_id={{adset.id}}&ad_id={{ad.id}}&opt_id=637662,https://video.forn3-6.fna.fbcdn.net/o1/v/t2/f2/m366/AQOJWx5kyUGvOOO30YldqM5UMHLGwhgSLtJRtVq51ps5lQysqNJ8kDpxPCB2S_Wn-bYjHE9o6dnNtNr1-yt70IZdPzGii7Ggmt_VuR3WDs5KNg.mp4?_nc_cat=107&_nc_oc=AdojyKMgFXszWQn58TFdtbLreYAWDIDsz-3q6ZQABr3rHRLLlW3j6sy2PSw_l2m0qFI&_nc_sid=b66105&_nc_ht=video.forn3-6.fna.fbcdn.net&_nc_ohc=GRO-pWGwl4MQ7kNvwHkNffD&efg=eyJ2ZW5jb2RlX3RhZyI6Inhwdl9wcm9ncmVzc2l2ZS5WSV9VU0VDQVNFX1BST0RVQ1RfVFlQRS4uQzMuNzIwLmRhc2hfaDI2NC1iYXNpYy1nZW4yXzcyMHAiLCJ4cHZfYXNzZXRfaWQiOjEzMjQxNTgwMDI4ODQ3NzIsImFzc2V0X2FnZV9kYXlzIjoxNSwidmlfdXNlY2FzZV9pZCI6MTAxMzksImR1cmF0aW9uX3MiOjYsInVybGdlbl9zb3VyY2UiOiJ3d3cifQ%3D%3D&ccb=17-1&vs=a578774a6a8f1337&_nc_vs=HBksFQIYRWZiX2VwaGVtZXJhbC9DRDRCNUE4QzBEQjZDQkUwRTkzRDFFQ0I3MjQ2NDBCRF9tdF8xX3ZpZGVvX2Rhc2hpbml0Lm1wNBUAAsgBEgAVAhhAZmJfcGVybWFuZW50LzVGNEUxQ0EzMzk3REI3Q0M1QUQ3QTE4NEI1NTcwNjkzX2F1ZGlvX2Rhc2hpbml0Lm1wNBUCAsgBEgAoABgAGwKIB3VzZV9vaWwBMRJwcm9ncmVzc2l2ZV9yZWNpcGUBMRUAACbIwpv2kZTaBBUCKAJDMywXQBqPXCj1wo8YGWRhc2hfaDI2NC1iYXNpYy1nZW4yXzcyMHARAHUAZbaeAQA&_nc_gid=LxkuTZXUp2WZC3d2U82fYQ&_nc_ss=7a289&_nc_map=urlgen_bucketless&_nc_zt=28&oh=00_AQIJlIv0EOgjiHdsyqPrt9trQApHSH_qpJYsy_O6JqIh3Q&oe=6AA736F1,https://www.facebook.com/ads/library/?id=1051712564119422,الساعة الرملية,2026-09-09T12:16:20+00:00
855144070896362,SA,Bestsavenow965,2026-08-25,15,0,15,✨ نحيفة فورية! سلاح فتيات الشرق الأوسط السري للحصول على قوام مثالي غير مرئي ✨ هل ما زلتِ قلقة بشأن ظهور بطنكِ تحت العباءة أو القفطان؟ أو ظهور علامات محرجة من الفساتين الضيقة؟ سيداتي، لقد وجدتُ أخيرًا هذه السراويل الداخلية عالية الخصر، الرقيقة، التي تُشدّ البطن وترفع الأرداف، وهي رائجة جدًا في دول مجلس التعاون الخليجي! لا داعي للجوع، احصلي على قوام الساعة الرملية فورًا! 💖 لماذا تتهافت فتيات الشرق الأوسط عليها؟ شدّ البطن ورفع الأرداف بخطوة واحدة: تصميمها عالي الخصر ومتعدد الأزرار يضغط البطن بدقة ويرفع الأرداف، مما يخلق منحنيات جذابة وتأثيرًا رائعًا على الفور! خفيفة الوزن وجيدة التهوية: مصممة خصيصًا لمناخ الشرق الأوسط! نسيج عالي المرونة وجيد التهوية (ألياف مسامية) لا يلتصق بالجلد إطلاقاً، ويمنحكِ شعوراً كأنه طبقة ثانية من الجلد حتى تحت العباءة في الصيف. تصميم انسيابي وغير مرئي: ملاءمة مثالية! عند ارتداء الفساتين الضيقة أو العباءات أو الجينز عالي الخصر، لن تظهر خطوط حمالة الصدر على الإطلاق. شهادة OEKO-TEX® + حماية مضادة للبكتيريا: منطقة الحوض محمية بمضادات البكتيريا، والنسيج معتمد لضمان السلامة، مما يجعله آمناً على البشرة الحساسة للارتداء طوال اليوم. سواءً كنتِ ترتدينه في نزهات يومية، أو للعمل، أو لحضور حفلات الزفاف والمناسبات، فإن ارتدائه سيمنحكِ ثقة فورية ويجعلكِ تتألقين بثقة! 📦 خدمة حصرية محلية الدفع عند الاستلام متاح مع شحن مجاني. التوصيل إلى باب منزلكِ خلال 2-10 أيام. ادفعي فقط بعد الاستلام والرضا التام - تجربة خالية من المخاطر! 👇 انقري على الرابط/الصورة أدناه للطلب الآن والاستفادة من الخصم للحصول على تصميم مثالي يُبرز جمال قوامكِ! #أزياء_السعودية #أزياء_الشرق_الأوسط #توصيات_بسراويل_التنحيف #سحر_التنحيف #الدفع_عند_الاستلام #أزياء_السعودية #تسوق_في_الخليج #أزياء_العبايات #ملابس_التنحيف_في_الخليج #أزياء_الرياض | 💖 قوامكِ أجمل بدون مجهود | ✨ قوام مثالي في ثوانٍ! السر الخفي لفتيات الخليج للحصول على إطلالة أكثر أناقة وثقة ✨,https://sa.bestsavenow.com/index/detail.html?sno=MTAxMjkwMTQ0Nw==&coll_id=1011452148&csspzpoybgyiyfc=&utm_content={{campaign.id}}&from=facebook&adset_id={{adset.id}}&ad_id={{ad.id}}&opt_id=637662,https://video.forn3-6.fna.fbcdn.net/o1/v/t2/f2/m366/AQO87FFRN_SLjOHf8fLKM-a-_E2CCATH2FetLOQ18jDofk8IwHsfJLlrA-KbeMhf1971hop96MwP6wnKKnM3arlcLjZnsgcsPniG8Y1sNBcIhQ.mp4?_nc_cat=105&_nc_oc=AdoQpjEsqiDWyWZKBi3cYWnEOpgPEh2lUIGkfHzAY3B_6QT4sjuTiyt9z8xowSLqNHc&_nc_sid=b66105&_nc_ht=video.forn3-6.fna.fbcdn.net&_nc_ohc=HAlxoG2GRWMQ7kNvwFCAhLf&efg=eyJ2ZW5jb2RlX3RhZyI6Inhwdl9wcm9ncmVzc2l2ZS5WSV9VU0VDQVNFX1BST0RVQ1RfVFlQRS4uQzMuNzIwLmRhc2hfaDI2NC1iYXNpYy1nZW4yXzcyMHAiLCJ4cHZfYXNzZXRfaWQiOjE0NzYzMDA2ODQ1MjYyODAsImFzc2V0X2FnZV9kYXlzIjoxNSwidmlfdXNlY2FzZV9pZCI6MTAxMzksImR1cmF0aW9uX3MiOjcsInVybGdlbl9zb3VyY2UiOiJ3d3cifQ%3D%3D&ccb=17-1&vs=15e94b6eb804d372&_nc_vs=HBksFQIYRWZiX2VwaGVtZXJhbC8yNjQ2QzBCOEY1NEVBRTc5OEUyNEJFN0U4RjE2RDE5Ql9tdF8xX3ZpZGVvX2Rhc2hpbml0Lm1wNBUAAsgBEgAVAhhAZmJfcGVybWFuZW50LzI2NDZCOUM4Mzk0NkJDMDk3QTY2Mzk0QTYzODg4QUEwX2F1ZGlvX2Rhc2hpbml0Lm1wNBUCAsgBEgAoABgAGwKIB3VzZV9vaWwBMRJwcm9ncmVzc2l2ZV9yZWNpcGUBMRUAACaQi5CegayfBRUCKAJDMywXQB1wo9cKPXEYGWRhc2hfaDI2NC1iYXNpYy1nZW4yXzcyMHARAHUAZbaeAQA&_nc_gid=LxkuTZXUp2WZC3d2U82fYQ&_nc_ss=7a289&_nc_map=urlgen_bucketless&_nc_zt=28&oh=00_AQJGGWIUIls8rkzL13J_bW8rJpundvmVvpYQf7SO7q-bow&oe=6AA70E0F,https://www.facebook.com/ads/library/?id=855144070896362,الساعة الرملية,2026-09-09T12:16:20+00:00
1038215945708230,SA,Bestsavenow965,2026-08-25,15,0,15,✨ نحيفة فورية! سلاح فتيات الشرق الأوسط السري للحصول على قوام مثالي غير مرئي ✨ هل ما زلتِ قلقة بشأن ظهور بطنكِ تحت العباءة أو القفطان؟ أو ظهور علامات محرجة من الفساتين الضيقة؟ سيداتي، لقد وجدتُ أخيرًا هذه السراويل الداخلية عالية الخصر، الرقيقة، التي تُشدّ البطن وترفع الأرداف، وهي رائجة جدًا في دول مجلس التعاون الخليجي! لا داعي للجوع، احصلي على قوام الساعة الرملية فورًا! 💖 لماذا تتهافت فتيات الشرق الأوسط عليها؟ شدّ البطن ورفع الأرداف بخطوة واحدة: تصميمها عالي الخصر ومتعدد الأزرار يضغط البطن بدقة ويرفع الأرداف، مما يخلق منحنيات جذابة وتأثيرًا رائعًا على الفور! خفيفة الوزن وجيدة التهوية: مصممة خصيصًا لمناخ الشرق الأوسط! نسيج عالي المرونة وجيد التهوية (ألياف مسامية) لا يلتصق بالجلد إطلاقاً، ويمنحكِ شعوراً كأنه طبقة ثانية من الجلد حتى تحت العباءة في الصيف. تصميم انسيابي وغير مرئي: ملاءمة مثالية! عند ارتداء الفساتين الضيقة أو العباءات أو الجينز عالي الخصر، لن تظهر خطوط حمالة الصدر على الإطلاق. شهادة OEKO-TEX® + حماية مضادة للبكتيريا: منطقة الحوض محمية بمضادات البكتيريا، والنسيج معتمد لضمان السلامة، مما يجعله آمناً على البشرة الحساسة للارتداء طوال اليوم. سواءً كنتِ ترتدينه في نزهات يومية، أو للعمل، أو لحضور حفلات الزفاف والمناسبات، فإن ارتدائه سيمنحكِ ثقة فورية ويجعلكِ تتألقين بثقة! 📦 خدمة حصرية محلية الدفع عند الاستلام متاح مع شحن مجاني. التوصيل إلى باب منزلكِ خلال 2-10 أيام. ادفعي فقط بعد الاستلام والرضا التام - تجربة خالية من المخاطر! 👇 انقري على الرابط/الصورة أدناه للطلب الآن والاستفادة من الخصم للحصول على تصميم مثالي يُبرز جمال قوامكِ! #أزياء_السعودية #أزياء_الشرق_الأوسط #توصيات_بسراويل_التنحيف #سحر_التنحيف #الدفع_عند_الاستلام #أزياء_السعودية #تسوق_في_الخليج #أزياء_العبايات #ملابس_التنحيف_في_الخليج #أزياء_الرياض | 💖 قوامكِ أجمل بدون مجهود | ✨ قوام مثالي في ثوانٍ! السر الخفي لفتيات الخليج للحصول على إطلالة أكثر أناقة وثقة ✨,https://sa.bestsavenow.com/index/detail.html?sno=MTAxMjkwMTQ0Nw==&coll_id=1011452148&csspzpoybgyiyfc=&utm_content={{campaign.id}}&from=facebook&adset_id={{adset.id}}&ad_id={{ad.id}}&opt_id=637662,https://video.forn3-6.fna.fbcdn.net/o1/v/t2/f2/m366/AQO87FFRN_SLjOHf8fLKM-a-_E2CCATH2FetLOQ18jDofk8IwHsfJLlrA-KbeMhf1971hop96MwP6wnKKnM3arlcLjZnsgcsPniG8Y1sNBcIhQ.mp4?_nc_cat=105&_nc_oc=AdoQpjEsqiDWyWZKBi3cYWnEOpgPEh2lUIGkfHzAY3B_6QT4sjuTiyt9z8xowSLqNHc&_nc_sid=b66105&_nc_ht=video.forn3-6.fna.fbcdn.net&_nc_ohc=HAlxoG2GRWMQ7kNvwFCAhLf&efg=eyJ2ZW5jb2RlX3RhZyI6Inhwdl9wcm9ncmVzc2l2ZS5WSV9VU0VDQVNFX1BST0RVQ1RfVFlQRS4uQzMuNzIwLmRhc2hfaDI2NC1iYXNpYy1nZW4yXzcyMHAiLCJ4cHZfYXNzZXRfaWQiOjE0NzYzMDA2ODQ1MjYyODAsImFzc2V0X2FnZV9kYXlzIjoxNSwidmlfdXNlY2FzZV9pZCI6MTAxMzksImR1cmF0aW9uX3MiOjcsInVybGdlbl9zb3VyY2UiOiJ3d3cifQ%3D%3D&ccb=17-1&vs=15e94b6eb804d372&_nc_vs=HBksFQIYRWZiX2VwaGVtZXJhbC8yNjQ2QzBCOEY1NEVBRTc5OEUyNEJFN0U4RjE2RDE5Ql9tdF8xX3ZpZGVvX2Rhc2hpbml0Lm1wNBUAAsgBEgAVAhhAZmJfcGVybWFuZW50LzI2NDZCOUM4Mzk0NkJDMDk3QTY2Mzk0QTYzODg4QUEwX2F1ZGlvX2Rhc2hpbml0Lm1wNBUCAsgBEgAoABgAGwKIB3VzZV9vaWwBMRJwcm9ncmVzc2l2ZV9yZWNpcGUBMRUAACaQi5CegayfBRUCKAJDMywXQB1wo9cKPXEYGWRhc2hfaDI2NC1iYXNpYy1nZW4yXzcyMHARAHUAZbaeAQA&_nc_gid=LxkuTZXUp2WZC3d2U82fYQ&_nc_ss=7a289&_nc_map=urlgen_bucketless&_nc_zt=28&oh=00_AQJGGWIUIls8rkzL13J_bW8rJpundvmVvpYQf7SO7q-bow&oe=6AA70E0F,https://www.facebook.com/ads/library/?id=1038215945708230,الساعة الرملية,2026-09-09T12:16:20+00:00
1666203488843639,SA,Bestsavenow965,2026-08-25,15,0,15,✨ نحيفة فورية! سلاح فتيات الشرق الأوسط السري للحصول على قوام مثالي غير مرئي ✨ هل ما زلتِ قلقة بشأن ظهور بطنكِ تحت العباءة أو القفطان؟ أو ظهور علامات محرجة من الفساتين الضيقة؟ سيداتي، لقد وجدتُ أخيرًا هذه السراويل الداخلية عالية الخصر، الرقيقة، التي تُشدّ البطن وترفع الأرداف، وهي رائجة جدًا في دول مجلس التعاون الخليجي! لا داعي للجوع، احصلي على قوام الساعة الرملية فورًا! 💖 لماذا تتهافت فتيات الشرق الأوسط عليها؟ شدّ البطن ورفع الأرداف بخطوة واحدة: تصميمها عالي الخصر ومتعدد الأزرار يضغط البطن بدقة ويرفع الأرداف، مما يخلق منحنيات جذابة وتأثيرًا رائعًا على الفور! خفيفة الوزن وجيدة التهوية: مصممة خصيصًا لمناخ الشرق الأوسط! نسيج عالي المرونة وجيد التهوية (ألياف مسامية) لا يلتصق بالجلد إطلاقاً، ويمنحكِ شعوراً كأنه طبقة ثانية من الجلد حتى تحت العباءة في الصيف. تصميم انسيابي وغير مرئي: ملاءمة مثالية! عند ارتداء الفساتين الضيقة أو العباءات أو الجينز عالي الخصر، لن تظهر خطوط حمالة الصدر على الإطلاق. شهادة OEKO-TEX® + حماية مضادة للبكتيريا: منطقة الحوض محمية بمضادات البكتيريا، والنسيج معتمد لضمان السلامة، مما يجعله آمناً على البشرة الحساسة للارتداء طوال اليوم. سواءً كنتِ ترتدينه في نزهات يومية، أو للعمل، أو لحضور حفلات الزفاف والمناسبات، فإن ارتدائه سيمنحكِ ثقة فورية ويجعلكِ تتألقين بثقة! 📦 خدمة حصرية محلية الدفع عند الاستلام متاح مع شحن مجاني. التوصيل إلى باب منزلكِ خلال 2-10 أيام. ادفعي فقط بعد الاستلام والرضا التام - تجربة خالية من المخاطر! 👇 انقري على الرابط/الصورة أدناه للطلب الآن والاستفادة من الخصم للحصول على تصميم مثالي يُبرز جمال قوامكِ! #أزياء_السعودية #أزياء_الشرق_الأوسط #توصيات_بسراويل_التنحيف #سحر_التنحيف #الدفع_عند_الاستلام #أزياء_السعودية #تسوق_في_الخليج #أزياء_العبايات #ملابس_التنحيف_في_الخليج #أزياء_الرياض | 💖 قوامكِ أجمل بدون مجهود | ✨ قوام مثالي في ثوانٍ! السر الخفي لفتيات الخليج للحصول على إطلالة أكثر أناقة وثقة ✨,https://sa.bestsavenow.com/index/detail.html?sno=MTAxMjkwMTQ0Nw==&coll_id=1011452148&csspzpoybgyiyfc=&utm_content={{campaign.id}}&from=facebook&adset_id={{adset.id}}&ad_id={{ad.id}}&opt_id=637662,https://video.forn3-5.fna.fbcdn.net/o1/v/t2/f2/m366/AQPnsND3YfUTnOH2vD1fZmhWmRTQDbX4WH6AWvhN1PUMI0iI2_lz_V0ksKh5g20fO6OXfC3a7NwfkaO8aDDymy94OUAMXAWn3VozYfbmsscvhg.mp4?_nc_cat=102&_nc_oc=Adpytm6CwzZSRzQ1dBF1DElvE88yCizY4jr5Bll3c_bdkBw0OMDt0DeXqC5J1EFRmuo&_nc_sid=b66105&_nc_ht=video.forn3-5.fna.fbcdn.net&_nc_ohc=zX_EwcwXQewQ7kNvwGF5cpa&efg=eyJ2ZW5jb2RlX3RhZyI6Inhwdl9wcm9ncmVzc2l2ZS5WSV9VU0VDQVNFX1BST0RVQ1RfVFlQRS4uQzMuNzIwLmRhc2hfaDI2NC1iYXNpYy1nZW4yXzcyMHAiLCJ4cHZfYXNzZXRfaWQiOjEwODA1MTUzMjEyNjk4NTQsImFzc2V0X2FnZV9kYXlzIjoxNSwidmlfdXNlY2FzZV9pZCI6MTAxMzksImR1cmF0aW9uX3MiOjYsInVybGdlbl9zb3VyY2UiOiJ3d3cifQ%3D%3D&ccb=17-1&vs=7d5d42033bdc4299&_nc_vs=HBksFQIYRWZiX2VwaGVtZXJhbC85MDQ0QkI3RkU5QkNFQTM2OTdBNjhGMjg2NDhGMDlCMl9tdF8xX3ZpZGVvX2Rhc2hpbml0Lm1wNBUAAsgBEgAVAhhAZmJfcGVybWFuZW50L0IwNDI2QTFFQzJCNUQxNUNFNkRDMTlGNkM5MUE0N0I0X2F1ZGlvX2Rhc2hpbml0Lm1wNBUCAsgBEgAoABgAGwKIB3VzZV9vaWwBMRJwcm9ncmVzc2l2ZV9yZWNpcGUBMRUAACa8ubC-oq7rAxUCKAJDMywXQBjMzMzMzM0YGWRhc2hfaDI2NC1iYXNpYy1nZW4yXzcyMHARAHUAZbaeAQA&_nc_gid=LxkuTZXUp2WZC3d2U82fYQ&_nc_ss=7a289&_nc_map=urlgen_bucketless&_nc_zt=28&oh=00_AQJQC5FMtA-SYAmmB8gD3gGN92EMBB8JPl4USkgcwvEGXQ&oe=6AA72F7A,https://www.facebook.com/ads/library/?id=1666203488843639,الساعة الرملية,2026-09-09T12:16:20+00:00
1070129722056778,SA,Bestsavenow965,2026-08-25,15,0,15,✨ نحيفة فورية! سلاح فتيات الشرق الأوسط السري للحصول على قوام مثالي غير مرئي ✨ هل ما زلتِ قلقة بشأن ظهور بطنكِ تحت العباءة أو القفطان؟ أو ظهور علامات محرجة من الفساتين الضيقة؟ سيداتي، لقد وجدتُ أخيرًا هذه السراويل الداخلية عالية الخصر، الرقيقة، التي تُشدّ البطن وترفع الأرداف، وهي رائجة جدًا في دول مجلس التعاون الخليجي! لا داعي للجوع، احصلي على قوام الساعة الرملية فورًا! 💖 لماذا تتهافت فتيات الشرق الأوسط عليها؟ شدّ البطن ورفع الأرداف بخطوة واحدة: تصميمها عالي الخصر ومتعدد الأزرار يضغط البطن بدقة ويرفع الأرداف، مما يخلق منحنيات جذابة وتأثيرًا رائعًا على الفور! خفيفة الوزن وجيدة التهوية: مصممة خصيصًا لمناخ الشرق الأوسط! نسيج عالي المرونة وجيد التهوية (ألياف مسامية) لا يلتصق بالجلد إطلاقاً، ويمنحكِ شعوراً كأنه طبقة ثانية من الجلد حتى تحت العباءة في الصيف. تصميم انسيابي وغير مرئي: ملاءمة مثالية! عند ارتداء الفساتين الضيقة أو العباءات أو الجينز عالي الخصر، لن تظهر خطوط حمالة الصدر على الإطلاق. شهادة OEKO-TEX® + حماية مضادة للبكتيريا: منطقة الحوض محمية بمضادات البكتيريا، والنسيج معتمد لضمان السلامة، مما يجعله آمناً على البشرة الحساسة للارتداء طوال اليوم. سواءً كنتِ ترتدينه في نزهات يومية، أو للعمل، أو لحضور حفلات الزفاف والمناسبات، فإن ارتدائه سيمنحكِ ثقة فورية ويجعلكِ تتألقين بثقة! 📦 خدمة حصرية محلية الدفع عند الاستلام متاح مع شحن مجاني. التوصيل إلى باب منزلكِ خلال 2-10 أيام. ادفعي فقط بعد الاستلام والرضا التام - تجربة خالية من المخاطر! 👇 انقري على الرابط/الصورة أدناه للطلب الآن والاستفادة من الخصم للحصول على تصميم مثالي يُبرز جمال قوامكِ! #أزياء_السعودية #أزياء_الشرق_الأوسط #توصيات_بسراويل_التنحيف #سحر_التنحيف #الدفع_عند_الاستلام #أزياء_السعودية #تسوق_في_الخليج #أزياء_العبايات #ملابس_التنحيف_في_الخليج #أزياء_الرياض | 💖 قوامكِ أجمل بدون مجهود | ✨ قوام مثالي في ثوانٍ! السر الخفي لفتيات الخليج للحصول على إطلالة أكثر أناقة وثقة ✨,https://sa.bestsavenow.com/index/detail.html?sno=MTAxMjkwMTQ0Nw==&coll_id=1011452148&csspzpoybgyiyfc=&utm_content={{campaign.id}}&from=facebook&adset_id={{adset.id}}&ad_id={{ad.id}}&opt_id=637662,https://video.forn3-2.fna.fbcdn.net/o1/v/t2/f2/m366/AQNp-JyrTyvdEPjW1RzolbxDm8suShjkm74ZrY0tTSgBm_NeESL78mCSaAxaFcxiezFsxy6l0fhHpKcGc17WOGxpOWJBbMWq6EI8bK1NRlucGA.mp4?_nc_cat=110&_nc_oc=AdoPmrZyUEQdZzXCmReYY07eXMaRq4OPLnry6AMkQqwJdTFn-YE2DhNSly1OxKqOYjA&_nc_sid=b66105&_nc_ht=video.forn3-2.fna.fbcdn.net&_nc_ohc=YKToTsEIvaoQ7kNvwE33-rZ&efg=eyJ2ZW5jb2RlX3RhZyI6Inhwdl9wcm9ncmVzc2l2ZS5WSV9VU0VDQVNFX1BST0RVQ1RfVFlQRS4uQzMuNzIwLmRhc2hfaDI2NC1iYXNpYy1nZW4yXzcyMHAiLCJ4cHZfYXNzZXRfaWQiOjIxMTc0MDc5OTU1MzQwNjksImFzc2V0X2FnZV9kYXlzIjoxNSwidmlfdXNlY2FzZV9pZCI6MTAxMzksImR1cmF0aW9uX3MiOjcsInVybGdlbl9zb3VyY2UiOiJ3d3cifQ%3D%3D&ccb=17-1&vs=377787f37921afdb&_nc_vs=HBksFQIYRWZiX2VwaGVtZXJhbC83OTRCNjE5Mjc0RTIwNzA4NUY1RDRBQUUwQzA5RTQ4Ml9tdF8xX3ZpZGVvX2Rhc2hpbml0Lm1wNBUAAsgBEgAVAhhAZmJfcGVybWFuZW50L0EzNEM0NEVDRTY5OTE4ODhEMzIxNTREODI5QjcxQTlGX2F1ZGlvX2Rhc2hpbml0Lm1wNBUCAsgBEgAoABgAGwKIB3VzZV9vaWwBMRJwcm9ncmVzc2l2ZV9yZWNpcGUBMRUAACbq69j2rvHCBxUCKAJDMywXQByj1wo9cKQYGWRhc2hfaDI2NC1iYXNpYy1nZW4yXzcyMHARAHUAZbaeAQA&_nc_gid=1r-FoiDwX1tBamRQbLQ5WQ&_nc_ss=7a289&_nc_map=urlgen_bucketless&_nc_zt=28&oh=00_AQKlZMgtUwtNJOAgHBEaARb2Sep50sKZcVWtrCFN5hLamg&oe=6AA706EE,https://www.facebook.com/ads/library/?id=1070129722056778,الساعة الرملية,2026-09-09T12:16:20+00:00
1628744045263391,SA,Bestsavenow965,2026-08-25,15,0,15,✨ نحيفة فورية! سلاح فتيات الشرق الأوسط السري للحصول على قوام مثالي غير مرئي ✨ هل ما زلتِ قلقة بشأن ظهور بطنكِ تحت العباءة أو القفطان؟ أو ظهور علامات محرجة من الفساتين الضيقة؟ سيداتي، لقد وجدتُ أخيرًا هذه السراويل الداخلية عالية الخصر، الرقيقة، التي تُشدّ البطن وترفع الأرداف، وهي رائجة جدًا في دول مجلس التعاون الخليجي! لا داعي للجوع، احصلي على قوام الساعة الرملية فورًا! 💖 لماذا تتهافت فتيات الشرق الأوسط عليها؟ شدّ البطن ورفع الأرداف بخطوة واحدة: تصميمها عالي الخصر ومتعدد الأزرار يضغط البطن بدقة ويرفع الأرداف، مما يخلق منحنيات جذابة وتأثيرًا رائعًا على الفور! خفيفة الوزن وجيدة التهوية: مصممة خصيصًا لمناخ الشرق الأوسط! نسيج عالي المرونة وجيد التهوية (ألياف مسامية) لا يلتصق بالجلد إطلاقاً، ويمنحكِ شعوراً كأنه طبقة ثانية من الجلد حتى تحت العباءة في الصيف. تصميم انسيابي وغير مرئي: ملاءمة مثالية! عند ارتداء الفساتين الضيقة أو العباءات أو الجينز عالي الخصر، لن تظهر خطوط حمالة الصدر على الإطلاق. شهادة OEKO-TEX® + حماية مضادة للبكتيريا: منطقة الحوض محمية بمضادات البكتيريا، والنسيج معتمد لضمان السلامة، مما يجعله آمناً على البشرة الحساسة للارتداء طوال اليوم. سواءً كنتِ ترتدينه في نزهات يومية، أو للعمل، أو لحضور حفلات الزفاف والمناسبات، فإن ارتدائه سيمنحكِ ثقة فورية ويجعلكِ تتألقين بثقة! 📦 خدمة حصرية محلية الدفع عند الاستلام متاح مع شحن مجاني. التوصيل إلى باب منزلكِ خلال 2-10 أيام. ادفعي فقط بعد الاستلام والرضا التام - تجربة خالية من المخاطر! 👇 انقري على الرابط/الصورة أدناه للطلب الآن والاستفادة من الخصم للحصول على تصميم مثالي يُبرز جمال قوامكِ! #أزياء_السعودية #أزياء_الشرق_الأوسط #توصيات_بسراويل_التنحيف #سحر_التنحيف #الدفع_عند_الاستلام #أزياء_السعودية #تسوق_في_الخليج #أزياء_العبايات #ملابس_التنحيف_في_الخليج #أزياء_الرياض | 💖 قوامكِ أجمل بدون مجهود | ✨ قوام مثالي في ثوانٍ! السر الخفي لفتيات الخليج للحصول على إطلالة أكثر أناقة وثقة ✨,https://sa.bestsavenow.com/index/detail.html?sno=MTAxMjkwMTQ0Nw==&coll_id=1011452148&csspzpoybgyiyfc=&utm_content={{campaign.id}}&from=facebook&adset_id={{adset.id}}&ad_id={{ad.id}}&opt_id=637662,https://video.forn3-2.fna.fbcdn.net/o1/v/t2/f2/m366/AQNp-JyrTyvdEPjW1RzolbxDm8suShjkm74ZrY0tTSgBm_NeESL78mCSaAxaFcxiezFsxy6l0fhHpKcGc17WOGxpOWJBbMWq6EI8bK1NRlucGA.mp4?_nc_cat=110&_nc_oc=AdoPmrZyUEQdZzXCmReYY07eXMaRq4OPLnry6AMkQqwJdTFn-YE2DhNSly1OxKqOYjA&_nc_sid=b66105&_nc_ht=video.forn3-2.fna.fbcdn.net&_nc_ohc=YKToTsEIvaoQ7kNvwE33-rZ&efg=eyJ2ZW5jb2RlX3RhZyI6Inhwdl9wcm9ncmVzc2l2ZS5WSV9VU0VDQVNFX1BST0RVQ1RfVFlQRS4uQzMuNzIwLmRhc2hfaDI2NC1iYXNpYy1nZW4yXzcyMHAiLCJ4cHZfYXNzZXRfaWQiOjIxMTc0MDc5OTU1MzQwNjksImFzc2V0X2FnZV9kYXlzIjoxNSwidmlfdXNlY2FzZV9pZCI6MTAxMzksImR1cmF0aW9uX3MiOjcsInVybGdlbl9zb3VyY2UiOiJ3d3cifQ%3D%3D&ccb=17-1&vs=377787f37921afdb&_nc_vs=HBksFQIYRWZiX2VwaGVtZXJhbC83OTRCNjE5Mjc0RTIwNzA4NUY1RDRBQUUwQzA5RTQ4Ml9tdF8xX3ZpZGVvX2Rhc2hpbml0Lm1wNBUAAsgBEgAVAhhAZmJfcGVybWFuZW50L0EzNEM0NEVDRTY5OTE4ODhEMzIxNTREODI5QjcxQTlGX2F1ZGlvX2Rhc2hpbml0Lm1wNBUCAsgBEgAoABgAGwKIB3VzZV9vaWwBMRJwcm9ncmVzc2l2ZV9yZWNpcGUBMRUAACbq69j2rvHCBxUCKAJDMywXQByj1wo9cKQYGWRhc2hfaDI2NC1iYXNpYy1nZW4yXzcyMHARAHUAZbaeAQA&_nc_gid=1r-FoiDwX1tBamRQbLQ5WQ&_nc_ss=7a289&_nc_map=urlgen_bucketless&_nc_zt=28&oh=00_AQKlZMgtUwtNJOAgHBEaARb2Sep50sKZcVWtrCFN5hLamg&oe=6AA706EE,https://www.facebook.com/ads/library/?id=1628744045263391,الساعة الرملية,2026-09-09T12:16:20+00:00
1818637966174951,SA,Bestsavenow965,2026-08-25,15,0,15,✨ نحيفة فورية! سلاح فتيات الشرق الأوسط السري للحصول على قوام مثالي غير مرئي ✨ هل ما زلتِ قلقة بشأن ظهور بطنكِ تحت العباءة أو القفطان؟ أو ظهور علامات محرجة من الفساتين الضيقة؟ سيداتي، لقد وجدتُ أخيرًا هذه السراويل الداخلية عالية الخصر، الرقيقة، التي تُشدّ البطن وترفع الأرداف، وهي رائجة جدًا في دول مجلس التعاون الخليجي! لا داعي للجوع، احصلي على قوام الساعة الرملية فورًا! 💖 لماذا تتهافت فتيات الشرق الأوسط عليها؟ شدّ البطن ورفع الأرداف بخطوة واحدة: تصميمها عالي الخصر ومتعدد الأزرار يضغط البطن بدقة ويرفع الأرداف، مما يخلق منحنيات جذابة وتأثيرًا رائعًا على الفور! خفيفة الوزن وجيدة التهوية: مصممة خصيصًا لمناخ الشرق الأوسط! نسيج عالي المرونة وجيد التهوية (ألياف مسامية) لا يلتصق بالجلد إطلاقاً، ويمنحكِ شعوراً كأنه طبقة ثانية من الجلد حتى تحت العباءة في الصيف. تصميم انسيابي وغير مرئي: ملاءمة مثالية! عند ارتداء الفساتين الضيقة أو العباءات أو الجينز عالي الخصر، لن تظهر خطوط حمالة الصدر على الإطلاق. شهادة OEKO-TEX® + حماية مضادة للبكتيريا: منطقة الحوض محمية بمضادات البكتيريا، والنسيج معتمد لضمان السلامة، مما يجعله آمناً على البشرة الحساسة للارتداء طوال اليوم. سواءً كنتِ ترتدينه في نزهات يومية، أو للعمل، أو لحضور حفلات الزفاف والمناسبات، فإن ارتدائه سيمنحكِ ثقة فورية ويجعلكِ تتألقين بثقة! 📦 خدمة حصرية محلية الدفع عند الاستلام متاح مع شحن مجاني. التوصيل إلى باب منزلكِ خلال 2-10 أيام. ادفعي فقط بعد الاستلام والرضا التام - تجربة خالية من المخاطر! 👇 انقري على الرابط/الصورة أدناه للطلب الآن والاستفادة من الخصم للحصول على تصميم مثالي يُبرز جمال قوامكِ! #أزياء_السعودية #أزياء_الشرق_الأوسط #توصيات_بسراويل_التنحيف #سحر_التنحيف #الدفع_عند_الاستلام #أزياء_السعودية #تسوق_في_الخليج #أزياء_العبايات #ملابس_التنحيف_في_الخليج #أزياء_الرياض | 💖 قوامكِ أجمل بدون مجهود | ✨ قوام مثالي في ثوانٍ! السر الخفي لفتيات الخليج للحصول على إطلالة أكثر أناقة وثقة ✨,https://sa.bestsavenow.com/index/detail.html?sno=MTAxMjkwMTQ0Nw==&coll_id=1011452148&csspzpoybgyiyfc=&utm_content={{campaign.id}}&from=facebook&adset_id={{adset.id}}&ad_id={{ad.id}}&opt_id=637662,https://video.forn3-2.fna.fbcdn.net/o1/v/t2/f2/m366/AQPdEpTzExtGaP56EW_YulyfR0PWT65MspKiLVJjd0ncEk8i7sG1a-8iVxBclvcTSMxDFtHCiDZRofxokWYsM-5zbzjyfgiBuepHrdyjabv4hg.mp4?_nc_cat=105&_nc_oc=Adrize9uwCyTjz2KNXVP6rDwCOD9Y-yGLs5DTaWzn_LWByEwfrQKjnHZ9SqgeWyVvyA&_nc_sid=b66105&_nc_ht=video.forn3-2.fna.fbcdn.net&_nc_ohc=QaBs7cU8XUEQ7kNvwFs8-O5&efg=eyJ2ZW5jb2RlX3RhZyI6Inhwdl9wcm9ncmVzc2l2ZS5WSV9VU0VDQVNFX1BST0RVQ1RfVFlQRS4uQzMuNzIwLmRhc2hfaDI2NC1iYXNpYy1nZW4yXzcyMHAiLCJ4cHZfYXNzZXRfaWQiOjIwNjgxMTY4ODA0ODMxOTIsImFzc2V0X2FnZV9kYXlzIjoxNSwidmlfdXNlY2FzZV9pZCI6MTAxMzksImR1cmF0aW9uX3MiOjcsInVybGdlbl9zb3VyY2UiOiJ3d3cifQ%3D%3D&ccb=17-1&vs=79d2e2540c2b0c6c&_nc_vs=HBksFQIYRWZiX2VwaGVtZXJhbC9FMjQ3QTY3REIwOEYxN0UyM0QzRDQ3MDFBMzBFNTVBRl9tdF8xX3ZpZGVvX2Rhc2hpbml0Lm1wNBUAAsgBEgAVAhhAZmJfcGVybWFuZW50LzdFNEQwMkFGNTk5NTVFOEY1MDU3QjIyMUZEMkIyNkJFX2F1ZGlvX2Rhc2hpbml0Lm1wNBUCAsgBEgAoABgAGwKIB3VzZV9vaWwBMRJwcm9ncmVzc2l2ZV9yZWNpcGUBMRUAACbwjZ_An7ysBxUCKAJDMywXQBwAAAAAAAAYGWRhc2hfaDI2NC1iYXNpYy1nZW4yXzcyMHARAHUAZbaeAQA&_nc_gid=1r-FoiDwX1tBamRQbLQ5WQ&_nc_ss=7a289&_nc_map=urlgen_bucketless&_nc_zt=28&oh=00_AQLIbtZ94oozApCgCM17dk5Udk1JiT412rIbKzb0swFPhA&oe=6AA73A4B,https://www.facebook.com/ads/library/?id=1818637966174951,الساعة الرملية,2026-09-09T12:16:20+00:00
2947926138891651,SA,Bestsavenow965,2026-08-25,15,0,15,✨ نحيفة فورية! سلاح فتيات الشرق الأوسط السري للحصول على قوام مثالي غير مرئي ✨ هل ما زلتِ قلقة بشأن ظهور بطنكِ تحت العباءة أو القفطان؟ أو ظهور علامات محرجة من الفساتين الضيقة؟ سيداتي، لقد وجدتُ أخيرًا هذه السراويل الداخلية عالية الخصر، الرقيقة، التي تُشدّ البطن وترفع الأرداف، وهي رائجة جدًا في دول مجلس التعاون الخليجي! لا داعي للجوع، احصلي على قوام الساعة الرملية فورًا! 💖 لماذا تتهافت فتيات الشرق الأوسط عليها؟ شدّ البطن ورفع الأرداف بخطوة واحدة: تصميمها عالي الخصر ومتعدد الأزرار يضغط البطن بدقة ويرفع الأرداف، مما يخلق منحنيات جذابة وتأثيرًا رائعًا على الفور! خفيفة الوزن وجيدة التهوية: مصممة خصيصًا لمناخ الشرق الأوسط! نسيج عالي المرونة وجيد التهوية (ألياف مسامية) لا يلتصق بالجلد إطلاقاً، ويمنحكِ شعوراً كأنه طبقة ثانية من الجلد حتى تحت العباءة في الصيف. تصميم انسيابي وغير مرئي: ملاءمة مثالية! عند ارتداء الفساتين الضيقة أو العباءات أو الجينز عالي الخصر، لن تظهر خطوط حمالة الصدر على الإطلاق. شهادة OEKO-TEX® + حماية مضادة للبكتيريا: منطقة الحوض محمية بمضادات البكتيريا، والنسيج معتمد لضمان السلامة، مما يجعله آمناً على البشرة الحساسة للارتداء طوال اليوم. سواءً كنتِ ترتدينه في نزهات يومية، أو للعمل، أو لحضور حفلات الزفاف والمناسبات، فإن ارتدائه سيمنحكِ ثقة فورية ويجعلكِ تتألقين بثقة! 📦 خدمة حصرية محلية الدفع عند الاستلام متاح مع شحن مجاني. التوصيل إلى باب منزلكِ خلال 2-10 أيام. ادفعي فقط بعد الاستلام والرضا التام - تجربة خالية من المخاطر! 👇 انقري على الرابط/الصورة أدناه للطلب الآن والاستفادة من الخصم للحصول على تصميم مثالي يُبرز جمال قوامكِ! #أزياء_السعودية #أزياء_الشرق_الأوسط #توصيات_بسراويل_التنحيف #سحر_التنحيف #الدفع_عند_الاستلام #أزياء_السعودية #تسوق_في_الخليج #أزياء_العبايات #ملابس_التنحيف_في_الخليج #أزياء_الرياض | 💖 قوامكِ أجمل بدون مجهود | ✨ قوام مثالي في ثوانٍ! السر الخفي لفتيات الخليج للحصول على إطلالة أكثر أناقة وثقة ✨,https://sa.bestsavenow.com/index/detail.html?sno=MTAxMjkwMTQ0Nw==&coll_id=1011452148&csspzpoybgyiyfc=&utm_content={{campaign.id}}&from=facebook&adset_id={{adset.id}}&ad_id={{ad.id}}&opt_id=637662,https://video.forn3-5.fna.fbcdn.net/o1/v/t2/f2/m366/AQNYy04jJmEZiqqJomUW1GaDpz9JVbVKxxAov0bFzW6_IhvfU5LyeinThi8d4SSgU8cSKecMNzofaCshEPlrMMp0Z9EO1W59dO5NbXJMiONv6A.mp4?_nc_cat=110&_nc_oc=AdrW02gCGTFp-kFxMVP-FlCaumNd7TkwFTxlLDRjLC1kUfnbug9mc5CXzSBVSArqyUo&_nc_sid=b66105&_nc_ht=video.forn3-5.fna.fbcdn.net&_nc_ohc=sKg7SC2vGmIQ7kNvwEzC1tF&efg=eyJ2ZW5jb2RlX3RhZyI6Inhwdl9wcm9ncmVzc2l2ZS5WSV9VU0VDQVNFX1BST0RVQ1RfVFlQRS4uQzMuNzIwLmRhc2hfaDI2NC1iYXNpYy1nZW4yXzcyMHAiLCJ4cHZfYXNzZXRfaWQiOjE0MTM0MDQyMDA2OTYzMzMsImFzc2V0X2FnZV9kYXlzIjoxNSwidmlfdXNlY2FzZV9pZCI6MTAxMzksImR1cmF0aW9uX3MiOjgsInVybGdlbl9zb3VyY2UiOiJ3d3cifQ%3D%3D&ccb=17-1&vs=66309c4dabce74b0&_nc_vs=HBksFQIYRWZiX2VwaGVtZXJhbC9BQzRENThDQ0VDOTZGNTNGOUUyN0YwNTY4MzBCN0VCRF9tdF8xX3ZpZGVvX2Rhc2hpbml0Lm1wNBUAAsgBEgAVAhhAZmJfcGVybWFuZW50L0VGNDQyQTI0NTI5QTJBMEJDOUQ0RjE0MDQwNDg5N0JGX2F1ZGlvX2Rhc2hpbml0Lm1wNBUCAsgBEgAoABgAGwKIB3VzZV9vaWwBMRJwcm9ncmVzc2l2ZV9yZWNpcGUBMRUAACaa6PP0-d6CBRUCKAJDMywXQCCPXCj1wo8YGWRhc2hfaDI2NC1iYXNpYy1nZW4yXzcyMHARAHUAZbaeAQA&_nc_gid=1r-FoiDwX1tBamRQbLQ5WQ&_nc_ss=7a289&_nc_map=urlgen_bucketless&_nc_zt=28&oh=00_AQIJJs4HxixYc3neIffogwjIwefjHmZmiXQQKNCruh4dTA&oe=6AA72C26,https://www.facebook.com/ads/library/?id=2947926138891651,الساعة الرملية,2026-09-09T12:16:20+00:00
2129967254253892,TN,Tunigo,2026-08-25,15,0,15,“ما عندكش وقت باش تمشي للجيم؟ 🚫 JOYO Pedal Trainer يخليك تتمرّن في دارك بلا آلات كبيرة. ✅ بطن وذراعين ✅ صدر ورجلين ✅ خفيف وينجم يتخبّى في أي بلاصة اطلبه اليوم وخلي الرياضة تجيك لعندك!” | “⏳ آخر الكمية… جهاز التمارين 4×1 متاع JOYO!”,https://tuni-go.com/product/jhz-shdw-ljsm-4x1-lldhraa-lbtn-lrjlyn-wlydyn?utm_medium={{campaign.name}}&utm_campaign={{adset.name}}&utm_content={{ad.name}}&+ad_id={{ad.id}}&%0A+adset_id={{adset.id}}&%0A+campaign_id={{campaign.id}}&%0A+placement={{placement}}&%0A+site_source_name={{site_source_name}}&%0A+cuid=mef4ip7a1f06ivme1,https://video.forn3-6.fna.fbcdn.net/o1/v/t2/f2/m366/AQN44TZNSbohvVu0xwOV6Uk_TyQqN12GgKyDLKmxADnHF-Z5W-vxhPaGu-mvLg-Q-q77fsoudaZ0IkzimssOMSRvoSCNR4tiLz_ynErhNJvz0A.mp4?_nc_cat=111&_nc_oc=AdoW-Lj4BM-fZkpXyw4KLneW03I_XWCQh55MD9irB4qjcyaRVNSM7QE7IvmOZRpTLkA&_nc_sid=b66105&_nc_ht=video.forn3-6.fna.fbcdn.net&_nc_ohc=LmRXJ9ooy0wQ7kNvwFHAqj9&efg=eyJ2ZW5jb2RlX3RhZyI6Inhwdl9wcm9ncmVzc2l2ZS5WSV9VU0VDQVNFX1BST0RVQ1RfVFlQRS4uQzMuNzIwLmRhc2hfaDI2NC1iYXNpYy1nZW4yXzcyMHAiLCJ4cHZfYXNzZXRfaWQiOjEzNDUwNDE3ODA5MzI1MzcsImFzc2V0X2FnZV9kYXlzIjo2NiwidmlfdXNlY2FzZV9pZCI6MTAxMzksImR1cmF0aW9uX3MiOjMyLCJ1cmxnZW5fc291cmNlIjoid3d3In0%3D&ccb=17-1&vs=5d9c48378a174ddb&_nc_vs=HBksFQIYRWZiX2VwaGVtZXJhbC9EQzQwQkVEOEVDNzg2MTUyQzhGMzE3RjgwOTM5ODQ5Ql9tdF8xX3ZpZGVvX2Rhc2hpbml0Lm1wNBUAAsgBEgAVAhhAZmJfcGVybWFuZW50L0MxNEI4OUFENzJCNTdBODNFQTU3NjRBOTc0MDc4QTgwX2F1ZGlvX2Rhc2hpbml0Lm1wNBUCAsgBEgAoABgAGwKIB3VzZV9vaWwBMRJwcm9ncmVzc2l2ZV9yZWNpcGUBMRUAACby_vuY3tPjBBUCKAJDMywXQEBzMzMzMzMYGWRhc2hfaDI2NC1iYXNpYy1nZW4yXzcyMHARAHUAZbaeAQA&_nc_gid=L_Ueg4MIXOk-Zk2tjrkBBg&_nc_ss=7b289&_nc_map=urlgen_bucketless&_nc_zt=28&oh=00_AQItJwiu9ck7LT0LSUa_W3VVx90fl4gonVfp0L2hFhR5OQ&oe=6AA6FF9D,https://www.facebook.com/ads/library/?id=2129967254253892,بيتك جهاز,2026-09-09T10:58:58+00:00
1253325570252520,AE,Softskin By Secretreza,2026-08-25,15,0,15,بدون ألم وبدون شعر 💗 مع جهاز الليزر البريطاني الأصلي Secretreza 🇬🇧 ✨ احصلي عليه الآن بأفضل سعر لهذا العام! مميزات إصدار الخط الأحمر (Redline Edition): 🧊 مزود بنظام تبريد ثلجي مريح للبشرة ⚡️ جلسة كاملة في أقل من 10 دقائق بفضل نظام النبضات السريعة 💥 قوة فعالة تصل إلى 21 جول لنتائج أسرع وأوضح ♾ عدد نبضات غير محدود 🇬🇧 صناعة بريطانية أصلية 💯 ضمان لمدة 5 سنوات 🚚 توصيل مجاني إلى باب المنزل | جهاز ازالة الشعر من المنزل 💗 | استخدام كامل للجسم، بما في ذلك منطقة البيكيني 🌹,http://secretreza.com/,https://video.forn3-6.fna.fbcdn.net/o1/v/t2/f2/m366/AQN59ML04kF8fmmgw2av9wQUHvj_3WkibyHuIEPDDVm00k2ZsQOKKerOOFhtIL52kh2EDf8iyQVlDly3OGNk4mMVbsuNTu3cTbabdLp8voHTjQ.mp4?_nc_cat=108&_nc_oc=AdoUErpRdGyTwTBV5pWJ5HLMmvCkfEbMyf-3xjcr2naSUjURPyCzU8NsbahJ64fPAco&_nc_sid=b66105&_nc_ht=video.forn3-6.fna.fbcdn.net&_nc_ohc=g0KxZWB1SlkQ7kNvwFBlYT2&efg=eyJ2ZW5jb2RlX3RhZyI6Inhwdl9wcm9ncmVzc2l2ZS5WSV9VU0VDQVNFX1BST0RVQ1RfVFlQRS4uQzMuNzIwLmRhc2hfaDI2NC1iYXNpYy1nZW4yXzcyMHAiLCJ4cHZfYXNzZXRfaWQiOjEwMTczNzUyMzQxODg5NTAsImFzc2V0X2FnZV9kYXlzIjoxMDAsInZpX3VzZWNhc2VfaWQiOjEwNzk5LCJkdXJhdGlvbl9zIjoyMiwidXJsZ2VuX3NvdXJjZSI6Ind3dyJ9&ccb=17-1&vs=46d00eb99d2a0112&_nc_vs=HBksFQIYRWZiX2VwaGVtZXJhbC85ODRDNEVGREUyMDFFM0E3NTgxQjZGOEExOEEzOTVBM19tdF8xX3ZpZGVvX2Rhc2hpbml0Lm1wNBUAAsgBEgAVAhhAZmJfcGVybWFuZW50LzQ3NDM5MzM4MzMwMzFFQzhCNEQxOTM2OTQxMzI1M0I5X2F1ZGlvX2Rhc2hpbml0Lm1wNBUCAsgBEgAoABgAGwKIB3VzZV9vaWwBMRJwcm9ncmVzc2l2ZV9yZWNpcGUBMRUAACasmv-WhNPOAxUCKAJDMywXQDaqfvnbItEYGWRhc2hfaDI2NC1iYXNpYy1nZW4yXzcyMHARAHUAZd6oAQA&_nc_gid=iZmbzSnHskWIVw5TF5CFXw&_nc_ss=7b289&_nc_map=urlgen_bucketless&_nc_zt=28&oh=00_AQKp9VRUCzI4LwzXMoQCuiKnIlqAOd4Lz8GBhSfE9kRQow&oe=6AA70CC4,https://www.facebook.com/ads/library/?id=1253325570252520,شعر جهاز الليزر البريطاني,2026-09-09T10:49:54+00:00
934880786335320,AE,Softskin By Secretreza,2026-08-25,15,0,15,بدون ألم وبدون شعر 💗 مع جهاز الليزر البريطاني الأصلي Secretreza 🇬🇧 ✨ احصلي عليه الآن بأفضل سعر لهذا العام! مميزات إصدار الخط الأحمر (Redline Edition): 🧊 مزود بنظام تبريد ثلجي مريح للبشرة ⚡️ جلسة كاملة في أقل من 10 دقائق بفضل نظام النبضات السريعة 💥 قوة فعالة تصل إلى 21 جول لنتائج أسرع وأوضح ♾ عدد نبضات غير محدود 🇬🇧 صناعة بريطانية أصلية 💯 ضمان لمدة 5 سنوات 🚚 توصيل مجاني إلى باب المنزل | جهاز ازالة الشعر من المنزل 💗 | استخدام كامل للجسم، بما في ذلك منطقة البيكيني 🌹,http://secretreza.com/,https://video.forn3-6.fna.fbcdn.net/o1/v/t2/f2/m366/AQNF-mzim3G7Evs769zzlkZg4sJo3DU6v2rdaHFM9uYAp-99qJheUuFdbjC6uFmqZEC3E40ArSL1EiKqxsoAm7fAnDlt_JZDbu7jBhgE13gYrA.mp4?_nc_cat=109&_nc_oc=AdoIl1b6AkrDYJ-tpPENuzWwsq-msACjReut3Fsa_g0gRq_4zb3-8djlmnrgYGDOOy8&_nc_sid=b66105&_nc_ht=video.forn3-6.fna.fbcdn.net&_nc_ohc=GfXwXTwY3iYQ7kNvwHzP4X_&efg=eyJ2ZW5jb2RlX3RhZyI6Inhwdl9wcm9ncmVzc2l2ZS5WSV9VU0VDQVNFX1BST0RVQ1RfVFlQRS4uQzMuNzIwLmRhc2hfaDI2NC1iYXNpYy1nZW4yXzcyMHAiLCJ4cHZfYXNzZXRfaWQiOjEzNjU1MTQ0MjIzMzgxNDgsImFzc2V0X2FnZV9kYXlzIjozOSwidmlfdXNlY2FzZV9pZCI6MTA3OTksImR1cmF0aW9uX3MiOjE0LCJ1cmxnZW5fc291cmNlIjoid3d3In0%3D&ccb=17-1&vs=7fe1b04c7cf5db81&_nc_vs=HBksFQIYRWZiX2VwaGVtZXJhbC8yRDRDNTZGNzk2MDExMTY5Q0ExREU5MEI5ODk2QTNCQV9tdF8xX3ZpZGVvX2Rhc2hpbml0Lm1wNBUAAsgBEgAVAhhAZmJfcGVybWFuZW50L0FCNDIxMzBCQzA0MDQ2NjQ0QkNBMUE2QTZCMTg0REFDX2F1ZGlvX2Rhc2hpbml0Lm1wNBUCAsgBEgAoABgAGwKIB3VzZV9vaWwBMRJwcm9ncmVzc2l2ZV9yZWNpcGUBMRUAACbIiaKhs_vsBBUCKAJDMywXQC3MzMzMzM0YGWRhc2hfaDI2NC1iYXNpYy1nZW4yXzcyMHARAHUAZd6oAQA&_nc_gid=iZmbzSnHskWIVw5TF5CFXw&_nc_map=urlgen_bucketless&_nc_zt=28&_nc_ss=7b289&oh=00_AQIvtnlJnqOUtshbgMTIOyjtwJS33rRPZUKwK-PKG3hP1g&oe=6AA6F0CF,https://www.facebook.com/ads/library/?id=934880786335320,شعر جهاز الليزر البريطاني,2026-09-09T10:49:54+00:00
2113663569554406,EG,Daftra - دفترة,2026-08-25,15,0,15,مستني إيه؟ 😄 لو لسه بتتعامل مع جهاز بصمة كل يوم وبيطلعلك “لم يتم التعرف”… جرّب الحل الجديد من دفترة. تسجيل حضور وانصراف من الموبايل وبسيلفي، ومعاه خدمات زي طلبات الإجازات وطلبات الموظفين. حمّله الآن مجانًا. | تجربة مجانية الآن | الفواتير الإلكترونية من دفترة متوافقة مع شروط مصلحة الضرائب المصرية 🇪🇬 والفواتير مربوطة ببرنامج الحسابات والكاشير وكلهم مربوطين بالمخازن كل حاجة ماشية مع بعض!.. 📌ومع أكثر من 20 تطبيق في الحسابات والمبيعات والعملاء والموظفين.. لمجالات العمل اللي أكثر من 50 في المحلات والمطاعم والشركات. شوف… #دفترة للّي مش عايز يتنازل.. للّي عايز كل حاجة في مكان واحد. جرب دفترة الآن مجانًا,https://www.daftra.com/register?utm_source=facebook&utm_medium=social&utm_campaign=egypt&utm_term=general&utm_content=eg_5ad_hz&trk=facebook_eg_5ad_hz,https://video.forn3-1.fna.fbcdn.net/o1/v/t2/f2/m366/AQOkftlSAUs4Hueopg_FpedX-K22eOsSjsmLdBF5hU5aYFlfQW2NsZWthuI5EIfMfFjIvJNKenMboKZy_GD4K0LusIjwBL7BmwjRoVQxtWuOsA.mp4?_nc_cat=104&_nc_oc=Adoy86-BzDBn7GS0HpPUqC2yHk8ZoZ4qmPLlX1xqH4dBXV_CTgoLxDg1yyr2r5UN5Xk&_nc_sid=b66105&_nc_ht=video.forn3-1.fna.fbcdn.net&_nc_ohc=ZIksCZnk-TAQ7kNvwE9it0p&efg=eyJ2ZW5jb2RlX3RhZyI6Inhwdl9wcm9ncmVzc2l2ZS5WSV9VU0VDQVNFX1BST0RVQ1RfVFlQRS4uQzMuNzIwLmRhc2hfaDI2NC1iYXNpYy1nZW4yXzcyMHAiLCJ4cHZfYXNzZXRfaWQiOjE1MDIwMTc2NjA5MTAwOTcsImFzc2V0X2FnZV9kYXlzIjoyNTQsInZpX3VzZWNhc2VfaWQiOjEwNzk5LCJkdXJhdGlvbl9zIjozNywidXJsZ2VuX3NvdXJjZSI6Ind3dyJ9&ccb=17-1&vs=bf4a27a0028459cb&_nc_vs=HBksFQIYRWZiX2VwaGVtZXJhbC9DRTRERkM2RkJBMERGODBBNzAyMzc5NDc5NEEwNjBCOF9tdF8xX3ZpZGVvX2Rhc2hpbml0Lm1wNBUAAsgBEgAVAhhAZmJfcGVybWFuZW50L0Y1NDgyQUZBOUYzRENFNEZFQzREOEZCNTk4NUU1RTkwX2F1ZGlvX2Rhc2hpbml0Lm1wNBUCAsgBEgAoABgAGwKIB3VzZV9vaWwBMRJwcm9ncmVzc2l2ZV9yZWNpcGUBMRUAACai6P_R94SrBRUCKAJDMywXQEKZmZmZmZoYGWRhc2hfaDI2NC1iYXNpYy1nZW4yXzcyMHARAHUAZd6oAQA&_nc_gid=natJSsIdUJxsnaJRPxCyQQ&_nc_ss=7a289&_nc_map=urlgen_bucketless&_nc_zt=28&oh=00_AQKRUc50frVStJgQ9UFn8pPX5WQzB0DPFO_rG4U3FQQpcw&oe=6AA725F8,https://www.facebook.com/ads/library/?id=2113663569554406,الجديد جهاز,2026-09-09T10:40:02+00:00
1737325317587161,BH,NS-tdd-AZ033,2026-08-25,15,0,15,(مدبلج) السر فوق الطاولة | بعد خروج ماهر من السجن، تعلّم من وليد مهارات مكافحة الغش. اكتشف أن ابنه وقع في فخ القمار، فحاول إنقاذه دون جدوى. دخل اللعبة وكشف الخداع، لكن الخاسرين اختطفوا ليلى لإجباره على اللعب مرة أخرى. انتقم ماهر لوالده بهزيمة المحتالين واستعادة الأموال. وصلت الشرطة واعتقلت الجناة، لتعيش الأسرة بسعادة.,https://fb.netshort.com/netshort-h5-landing-page/wTtyU5koFIK.html?pid=metaweb_int&c={{campaign.name}}&af_c_id={{campaign.id}}&af_adset={{adset.name}}&af_adset_id={{adset.id}}&af_ad={{ad.name}}&af_ad_id={{ad.id}}&af_channel={{placement}}&af_siteid={{site_source_name}}&af_force_deeplink=true&type=1&link_id=2092266416080187393&af_sub2=0,https://video.forn3-5.fna.fbcdn.net/o1/v/t2/f2/m366/AQN8hHuGpwQ2Xr8gbw-SLeK5UZ7z8OpmLSH24JKSovgMeCEMCuhyq7JYVvkzLTstvdRAEGbwFCmbf0cIeXwI_wc-7xq7qWLxP35Y-1KJFDR1_w.mp4?_nc_cat=101&_nc_oc=Ado6bmQATzZ4tQv3GhK_jt48z7r67B7CCOAKZQX-nq4pU7on3ykJnOhKH1H6vY1MiyY&_nc_sid=b66105&_nc_ht=video.forn3-5.fna.fbcdn.net&_nc_ohc=jvoUj3ecxZYQ7kNvwFuuPY0&efg=eyJ2ZW5jb2RlX3RhZyI6Inhwdl9wcm9ncmVzc2l2ZS5WSV9VU0VDQVNFX1BST0RVQ1RfVFlQRS4uQzMuNzIwLmRhc2hfaDI2NC1iYXNpYy1nZW4yXzcyMHAiLCJ4cHZfYXNzZXRfaWQiOjIxODIzMDkxNjI2Mjc3NjcsImFzc2V0X2FnZV9kYXlzIjoxNCwidmlfdXNlY2FzZV9pZCI6MTAxMzksImR1cmF0aW9uX3MiOjExODUsInVybGdlbl9zb3VyY2UiOiJ3d3cifQ%3D%3D&ccb=17-1&vs=83741bb332920fc0&_nc_vs=HBksFQIYRWZiX2VwaGVtZXJhbC85QTRDOURFMTJGM0Y5MDZBMzYxRTU3OTlDN0MxRTJBRV9tdF8xX3ZpZGVvX2Rhc2hpbml0Lm1wNBUAAsgBEgAVAhhAZmJfcGVybWFuZW50LzEwNEI4Rjk1QTIzOTRCQ0FCNEI0OTlERUE2OTNCQzk5X2F1ZGlvX2Rhc2hpbml0Lm1wNBUCAsgBEgAoABgAGwKIB3VzZV9vaWwBMRJwcm9ncmVzc2l2ZV9yZWNpcGUBMRUAACbuyu2mjrPgBxUCKAJDMywXQJKHmZmZmZoYGWRhc2hfaDI2NC1iYXNpYy1nZW4yXzcyMHARAHUAZbaeAQA&_nc_gid=-xUhceOrUJc4lifbiQQe-Q&_nc_ss=7b289&_nc_map=urlgen_bucketless&_nc_zt=28&oh=00_AQKL208T7UJ0qW_fVdrvG-OK4bof6qLvzmEOBVZzvaIeBQ&oe=6AA6F237,https://www.facebook.com/ads/library/?id=1737325317587161,أسرع السيروم هو السر,2026-09-09T10:22:31+00:00
1071339718776392,BH,Ns-shengdan-666,2026-08-25,15,0,15,(مدبلج) السر فوق الطاولة | بعد خروج ماهر من السجن، تعلّم من وليد مهارات مكافحة الغش. اكتشف أن ابنه وقع في فخ القمار، فحاول إنقاذه دون جدوى. دخل اللعبة وكشف الخداع، لكن الخاسرين اختطفوا ليلى لإجباره على اللعب مرة أخرى. انتقم ماهر لوالده بهزيمة المحتالين واستعادة الأموال. وصلت الشرطة واعتقلت الجناة، لتعيش الأسرة بسعادة.,https://fb.netshort.com/netshort-h5-landing-page/wTtwPnS_FUS.html?pid=metaweb_int&c={{campaign.name}}&af_c_id={{campaign.id}}&af_adset={{adset.name}}&af_adset_id={{adset.id}}&af_ad={{ad.name}}&af_ad_id={{ad.id}}&af_channel={{placement}}&af_siteid={{site_source_name}}&af_force_deeplink=true&type=1&link_id=2092212123776090113&af_sub2=0,https://video.forn3-2.fna.fbcdn.net/o1/v/t2/f2/m366/AQPt_RYoQ5EbMoB9CudDOoYyYMSTsi6cEHuiqHCnsqGc2RGroxgr6gXr3aNOm1xDsH1vSlg1Vap-qrYealLfIyHW3CWLoYc0G900Yc2LazyilQ.mp4?_nc_cat=108&_nc_oc=AdpNu70jb3Bg8LiiW8cb78Gcz2KPk9IdvRGjDaUbY38VBIpagkwCpVRTzStnH8eX73k&_nc_sid=b66105&_nc_ht=video.forn3-2.fna.fbcdn.net&_nc_ohc=rfQBBacuXswQ7kNvwF1NCvV&efg=eyJ2ZW5jb2RlX3RhZyI6Inhwdl9wcm9ncmVzc2l2ZS5WSV9VU0VDQVNFX1BST0RVQ1RfVFlQRS4uQzMuNzIwLmRhc2hfaDI2NC1iYXNpYy1nZW4yXzcyMHAiLCJ4cHZfYXNzZXRfaWQiOjEwNDI1NTYyNjE4OTU4MDIsImFzc2V0X2FnZV9kYXlzIjoxNCwidmlfdXNlY2FzZV9pZCI6MTAxMzksImR1cmF0aW9uX3MiOjExODUsInVybGdlbl9zb3VyY2UiOiJ3d3cifQ%3D%3D&ccb=17-1&vs=25dc8b3f0da05a22&_nc_vs=HBksFQIYRWZiX2VwaGVtZXJhbC9CMjQxMUIzQjIwM0NCQUEyOEYwNjVCRTRFN0E4NTM4Nl9tdF8xX3ZpZGVvX2Rhc2hpbml0Lm1wNBUAAsgBEgAVAhhAZmJfcGVybWFuZW50L0Y5NDUyNzY5NUNBNURFOTAzQTY3M0EyRDdGNTQxNEI4X2F1ZGlvX2Rhc2hpbml0Lm1wNBUCAsgBEgAoABgAGwKIB3VzZV9vaWwBMRJwcm9ncmVzc2l2ZV9yZWNpcGUBMRUAACb0ubC64YzaAxUCKAJDMywXQJKHmZmZmZoYGWRhc2hfaDI2NC1iYXNpYy1nZW4yXzcyMHARAHUAZbaeAQA&_nc_gid=5YnxnIUD2rjUGbm1r-N1Vg&_nc_ss=7b289&_nc_map=urlgen_bucketless&_nc_zt=28&oh=00_AQKZVamcdBArKdystIlD8OVwtgAo4CPIHhB5uhoYuwblaA&oe=6AA704A4,https://www.facebook.com/ads/library/?id=1071339718776392,أسرع السيروم هو السر,2026-09-09T10:22:31+00:00
1473667577610660,BH,Neutrogena,2026-08-25,15,0,15,البشرة الجافة تحتاج أكثر من مجرد حماية من الشمس. ☀️💧 جربو المنتج الجديد من Neutrogena، Ultra Sheer Invisible Hydration، الذي يجمع بين: ✔️ حماية واسعة من أشعة UVA وUVB وحتى Visible Light بفضل Helioplex SL Technology. ✔️ مضادات أكسدة للمساعدة على مقاومة الجذور الحرة. ✔️ مرطبات تساعد على دعم حاجز البشرة والحفاظ على ترطيبها طوال اليوم. متوفر بقوامين ليناسب احتياج بشرتك: 💙 Invisible Fluid Hydration SPF 50 💙 Invisible Cream Hydration SPF 50 @neutrogename #NeutrogenaUltrasheer #HelioplexSLtechnology #NeutrogenaPartner *ad,https://www.nahdionline.com/en-sa/neutrogena-ultra-sheer-sunscreen-spf-50-50ml/pdp/104031872,https://video.forn3-5.fna.fbcdn.net/o1/v/t2/f2/m367/AQMQQYWO-BHh5h-1IbvnhHw-XtqlG_yt-yiL5ldjs2z0CrARy_4jrhiMqJcmXCvO7l5gy65DM1N-AGyUjlfUdxdtVIpyIdagBfE2e6l_og.mp4?_nc_cat=100&_nc_oc=Adop8eIFx3G9P-L2NG4VmG6ECyPmDEFY7QFtO4D_YUdprPQgp-Gv2tJLPBleGRf8_Uo&_nc_sid=ef5aa3&_nc_ht=video.forn3-5.fna.fbcdn.net&_nc_ohc=qAf4rmJADB0Q7kNvwEzeJlR&efg=eyJ2ZW5jb2RlX3RhZyI6Inhwdl9wcm9ncmVzc2l2ZS5WSV9VU0VDQVNFX1BST0RVQ1RfVFlQRS4uQzMuNzIwLnByb2dyZXNzaXZlX2gyNjQtYmFzaWMtZ2VuMl83MjBwIiwieHB2X2Fzc2V0X2lkIjo4OTgxMTc0MTYxOTE2NzIsImFzc2V0X2FnZV9kYXlzIjo0MCwidmlfdXNlY2FzZV9pZCI6MTIzNzQsImR1cmF0aW9uX3MiOjQ3LCJ1cmxnZW5fc291cmNlIjoid3d3In0%3D&ccb=17-1&_nc_gid=Hx8m0EIShqCKLdN1bCqOMA&_nc_ss=7a289&_nc_map=urlgen_bucketless&_nc_zt=28&oh=00_AQJrdH0jWCOLUQMmNOlS01F0j93c-OodufmxpELNgwCrRg&oe=6AA6FFEE,https://www.facebook.com/ads/library/?id=1473667577610660,الصيف كريم,2026-09-09T10:11:56+00:00
1069963442565134,SY,SanoLife,2026-08-25,15,0,15,🚨 فراغات الشعر تبدأ صغيرة… ومع تجاهلها قد تصبح أكثر وضوحًا! امنح المناطق الخفيفة عناية يومية مركزة مع iHair ، المصمم للوصول مباشرة إلى فروة الرأس وتغذية الجذور، مما يساعد على تقوية الشعر الضعيف وتحسين مظهر كثافته مع الاستخدام المنتظم. 🌱✨ ✅ يُطبّق مباشرة على مناطق الفراغات ✅ مناسب للنساء والرجال ✅ سهل الاستخدام في المنزل ✅ لا يحتاج إلى جلسات مكلفة ✅ دقائق قليلة ضمن روتينك اليومي لا تنتظر حتى تصبح الفراغات أكثر وضوحًا… ابدأ العناية بشعرك من اليوم! 💪🏻🌿 🚚 توصيل سريع إلى جميع المحافظات السورية 📦 تغليف آمن 💵 الدفع عند الاستلام 👇 اطلبه الآن وابدأ روتين العناية بشعرك! | 🚚 توصيل لجميع المحافظات السورية 💵 الدفع عند الاستلام | قبل زراعة الشعر… جرّب iHair الوصف: حل عملي للعناية بالشعر الخفيف والفراغات.,https://bioluxuuryshop.mydropify.shop/lp/lp-gcc-pntcw90d,https://video.forn3-2.fna.fbcdn.net/o1/v/t2/f2/m412/AQPU97_Yd5noprHlSt5r9Gj9wnjs9gRsY1SdNp29OEPtKyVUJPcae7SSNC7sqxSqA_1Emk065Fzs7hfCIOpwj23h_XL8BwTfyw6tveybSQ.mp4?_nc_cat=108&_nc_oc=AdrYy2ox2GeZOCl9nveEbwblFWcm-RqmpeI6wwrmazZGzqvJiv0dj1dC1A656VT6OKs&_nc_sid=ef5aa3&_nc_ht=video.forn3-2.fna.fbcdn.net&_nc_ohc=cMDC0nD0gpwQ7kNvwEzqqVM&efg=eyJ2ZW5jb2RlX3RhZyI6Inhwdl9wcm9ncmVzc2l2ZS5WSV9VU0VDQVNFX1BST0RVQ1RfVFlQRS4uQzMuMzYwLnN2ZV9zZCIsInhwdl9hc3NldF9pZCI6MjA1MDgyOTUwMjIwNzU5NiwiYXNzZXRfYWdlX2RheXMiOjE0LCJ2aV91c2VjYXNlX2lkIjoxMDEzOSwiZHVyYXRpb25fcyI6NjIsInVybGdlbl9zb3VyY2UiOiJ3d3cifQ%3D%3D&ccb=17-1&_nc_gid=ZgqcQspoytFstw3szMNrbw&_nc_ss=7a289&_nc_map=urlgen_bucketless&_nc_zt=28&oh=00_AQL9b38Qpgl9IqI9kwU868-Z5wAZ2l1cNAQyYK7Ri6RGdA&oe=6AA71792,https://www.facebook.com/ads/library/?id=1069963442565134,للعناية سيروم,2026-09-09T09:56:38+00:00
1380076270857837,SY,SanoLife,2026-08-25,15,0,15,🚨 فراغات الشعر تبدأ صغيرة… ومع تجاهلها قد تصبح أكثر وضوحًا! امنح المناطق الخفيفة عناية يومية مركزة مع iHair ، المصمم للوصول مباشرة إلى فروة الرأس وتغذية الجذور، مما يساعد على تقوية الشعر الضعيف وتحسين مظهر كثافته مع الاستخدام المنتظم. 🌱✨ ✅ يُطبّق مباشرة على مناطق الفراغات ✅ مناسب للنساء والرجال ✅ سهل الاستخدام في المنزل ✅ لا يحتاج إلى جلسات مكلفة ✅ دقائق قليلة ضمن روتينك اليومي لا تنتظر حتى تصبح الفراغات أكثر وضوحًا… ابدأ العناية بشعرك من اليوم! 💪🏻🌿 🚚 توصيل سريع إلى جميع المحافظات السورية 📦 تغليف آمن 💵 الدفع عند الاستلام 👇 اطلبه الآن وابدأ روتين العناية بشعرك! | 🚚 توصيل لجميع المحافظات السورية 💵 الدفع عند الاستلام | قبل زراعة الشعر… جرّب iHair الوصف: حل عملي للعناية بالشعر الخفيف والفراغات.,https://bioluxuuryshop.mydropify.shop/lp/lp-gcc-pntcw90d,https://video.forn3-5.fna.fbcdn.net/o1/v/t2/f2/m366/AQPNBDqeEv4UAcsOAMHlSHDcWwrQgjV0LXcXMIHVmMQtM8dSyyuRvIIiPInxLCotN0BeeQ-3zfrYvGFSQYvtLJZYGA4Q28lZ6FTXuG7bASs00A.mp4?_nc_cat=100&_nc_oc=AdrdOYHsFLXmNxbQq5xMGd18B9j_j_YAkv8bqkSFc-Mvyk0JnqmAeq4kce45QOmaftg&_nc_sid=b66105&_nc_ht=video.forn3-5.fna.fbcdn.net&_nc_ohc=8AGeGb3eS1EQ7kNvwF1TZLL&efg=eyJ2ZW5jb2RlX3RhZyI6Inhwdl9wcm9ncmVzc2l2ZS5WSV9VU0VDQVNFX1BST0RVQ1RfVFlQRS4uQzMuNzIwLmRhc2hfaDI2NC1iYXNpYy1nZW4yXzcyMHAiLCJ4cHZfYXNzZXRfaWQiOjI3OTgxNTY2NDMxNDYxMzk0LCJhc3NldF9hZ2VfZGF5cyI6NDgsInZpX3VzZWNhc2VfaWQiOjEwNzk5LCJkdXJhdGlvbl9zIjo0MiwidXJsZ2VuX3NvdXJjZSI6Ind3dyJ9&ccb=17-1&vs=dd860fe39135bdc2&_nc_vs=HBksFQIYRWZiX2VwaGVtZXJhbC80NjRFMkY0RTQ4QTg0MTVBNzk1RDY3RTkyOEUzRTA5MV9tdF8xX3ZpZGVvX2Rhc2hpbml0Lm1wNBUAAsgBEgAVAhhAZmJfcGVybWFuZW50LzAzNDA4MjAxQTA4RjAxM0EyMjg1RDhDNDlGMjlBOEI4X2F1ZGlvX2Rhc2hpbml0Lm1wNBUCAsgBEgAoABgAGwKIB3VzZV9vaWwBMRJwcm9ncmVzc2l2ZV9yZWNpcGUBMRUAACakgMD2w8W0YxUCKAJDMywXQEUd0vGp--cYGWRhc2hfaDI2NC1iYXNpYy1nZW4yXzcyMHARAHUAZd6oAQA&_nc_gid=ZgqcQspoytFstw3szMNrbw&_nc_ss=7a289&_nc_map=urlgen_bucketless&_nc_zt=28&oh=00_AQI0hGndc-UT1vFpSBIKzYG4if_02vNn2ot-P_M63z2IOA&oe=6AA705F4,https://www.facebook.com/ads/library/?id=1380076270857837,للعناية سيروم,2026-09-09T09:56:38+00:00
1567956468130764,SY,SanoLife,2026-08-25,15,0,15,🚨 فراغات الشعر تبدأ صغيرة… ومع تجاهلها قد تصبح أكثر وضوحًا! امنح المناطق الخفيفة عناية يومية مركزة مع iHair ، المصمم للوصول مباشرة إلى فروة الرأس وتغذية الجذور، مما يساعد على تقوية الشعر الضعيف وتحسين مظهر كثافته مع الاستخدام المنتظم. 🌱✨ ✅ يُطبّق مباشرة على مناطق الفراغات ✅ مناسب للنساء والرجال ✅ سهل الاستخدام في المنزل ✅ لا يحتاج إلى جلسات مكلفة ✅ دقائق قليلة ضمن روتينك اليومي لا تنتظر حتى تصبح الفراغات أكثر وضوحًا… ابدأ العناية بشعرك من اليوم! 💪🏻🌿 🚚 توصيل سريع إلى جميع المحافظات السورية 📦 تغليف آمن 💵 الدفع عند الاستلام 👇 اطلبه الآن وابدأ روتين العناية بشعرك! | 🚚 توصيل لجميع المحافظات السورية 💵 الدفع عند الاستلام | قبل زراعة الشعر… جرّب iHair الوصف: حل عملي للعناية بالشعر الخفيف والفراغات.,https://bioluxuuryshop.mydropify.shop/lp/lp-gcc-pntcw90d,https://video.forn3-2.fna.fbcdn.net/o1/v/t2/f2/m412/AQPgyYQhrSvCKOe1sLiNzvsNZkGAEqS310Gn20R0m6CabePqfs365GvX6Ytlvr4bpANjNVYKc-QnQlu82_3RCt9WUjgsbY45xgDVb3xbHA.mp4?_nc_cat=108&_nc_oc=AdrgWgPODH2o5lBy4obXGQb8MfuwyXZBaI7ucKofHvv41c62-8vzlTFDsVMykrNamV4&_nc_sid=ef5aa3&_nc_ht=video.forn3-2.fna.fbcdn.net&_nc_ohc=4g-wlw4BC5EQ7kNvwGQnRFt&efg=eyJ2ZW5jb2RlX3RhZyI6Inhwdl9wcm9ncmVzc2l2ZS5WSV9VU0VDQVNFX1BST0RVQ1RfVFlQRS4uQzMuMzYwLnN2ZV9zZCIsInhwdl9hc3NldF9pZCI6MjQ2NDQ2NTA3NzM4MDk4NCwiYXNzZXRfYWdlX2RheXMiOjE0LCJ2aV91c2VjYXNlX2lkIjoxMDEzOSwiZHVyYXRpb25fcyI6MjUsInVybGdlbl9zb3VyY2UiOiJ3d3cifQ%3D%3D&ccb=17-1&_nc_gid=ZgqcQspoytFstw3szMNrbw&_nc_ss=7a289&_nc_map=urlgen_bucketless&_nc_zt=28&oh=00_AQIU0mezhjdzAHNuBy6QiILtcwqJugrvxVh5q5q9rUKaYw&oe=6AA70602,https://www.facebook.com/ads/library/?id=1567956468130764,للعناية سيروم,2026-09-09T09:56:38+00:00
1572231457981357,AE,سرب للسياحة والسفر,2026-08-25,15,0,15,❗️أسبوع في تايلاند بـ 599$ فقط؟! 😳🔥 بوكيت + بانكوك… عرض خيالي 🇹🇭✈️ تخيل رحلتك متقسمة بأفضل طريقة 👇 🏝 4 ليالي بوكيت (شواطئ ومنتجعات فخمة) 🏙 3 ليالي بانكوك (تسوق + فعاليات) ✔️ سكن مريح ومختار بعناية ✔️ إفطار يومي ✔️ طيران داخلي بين المدن ✈️ ✔️ سائق خاص طوال الرحلة 🚗 ✔️ خدمة عملاء 24 ساعة 🤍 كل شيء جاهز لك… وأنت بس استمتع 🔥 🔥 السعر يبدأ من 599$ فقط! (العرض محدود والمقاعد تنفذ بسرعة) | تايلاند أسبوع بـ 599$ 🔥 | بوكيت + بانكوك | سكن + طيران + سائق خاص,https://api.whatsapp.com/send,https://video.forn3-5.fna.fbcdn.net/o1/v/t2/f2/m366/AQMivc0Qa1BVT-WpID6Pp1bIBGGJaG6Cjd6X8THuuIhEGBgRpWccU4l39MkY7gDYX-5NkiU9oQnJYTZJUTty-gK0NAgcl3DpUMVsF50MmtoLaQ.mp4?_nc_cat=103&_nc_oc=AdqRM6p0L5tM9tivFs3MlwFywtTzJ8rXQjR6ZIkZA-q4EDvdxub1kHRmPtdvh_TV_sw&_nc_sid=b66105&_nc_ht=video.forn3-5.fna.fbcdn.net&_nc_ohc=C55WdgWuYsoQ7kNvwHxvLhT&efg=eyJ2ZW5jb2RlX3RhZyI6Inhwdl9wcm9ncmVzc2l2ZS5WSV9VU0VDQVNFX1BST0RVQ1RfVFlQRS4uQzMuNzIwLmRhc2hfaDI2NC1iYXNpYy1nZW4yXzcyMHAiLCJ4cHZfYXNzZXRfaWQiOjM2NzExNjg4MzMxODIwMTMsImFzc2V0X2FnZV9kYXlzIjo0NDIsInZpX3VzZWNhc2VfaWQiOjEwNzk5LCJkdXJhdGlvbl9zIjoyNywid2F0Y2hfdGltZV9zIjo0MzkwMDIsInVybGdlbl9zb3VyY2UiOiJ3d3cifQ%3D%3D&ccb=17-1&vs=e6796c45f5f33a1c&_nc_vs=HBksFQIYRWZiX2VwaGVtZXJhbC81MTRDNDY1N0JBRTVFN0Q5NUEwMEI2QjYxNTQ1NzFBOF9tdF8xX3ZpZGVvX2Rhc2hpbml0Lm1wNBUAAsgBEgAVAhg6cGFzc3Rocm91Z2hfZXZlcnN0b3JlL0dCLW5sUjV6MWVEM3Y0NERBS1RESUk4dzIyRmVidjRHQUFBRhUCAsgBEgAoABgAGwKIB3VzZV9vaWwBMRJwcm9ncmVzc2l2ZV9yZWNpcGUBMRUAACb65LKjk7qFDRUCKAJDMywXQDulYEGJN0wYGWRhc2hfaDI2NC1iYXNpYy1nZW4yXzcyMHARAHUAZd6oAQA&_nc_gid=Ol_5t_Zdfh4B7VMMBrAuOg&_nc_ss=7a289&_nc_map=urlgen_bucketless&_nc_zt=28&oh=00_AQLTDK_VhYQ5k727WvtCA-Og_QW_LDsCErJFf2SlgAj9aQ&oe=6AA6EE39,https://www.facebook.com/ads/library/?id=1572231457981357,لمدة ساعة العرض,2026-09-09T09:15:50+00:00
1500787548520155,AE,سرب للسياحة والسفر,2026-08-25,15,0,15,❗️أسبوع في تايلاند بـ 599$ فقط؟! 😳🔥 بوكيت + بانكوك… عرض خيالي 🇹🇭✈️ تخيل رحلتك متقسمة بأفضل طريقة 👇 🏝 4 ليالي بوكيت (شواطئ ومنتجعات فخمة) 🏙 3 ليالي بانكوك (تسوق + فعاليات) ✔️ سكن مريح ومختار بعناية ✔️ إفطار يومي ✔️ طيران داخلي بين المدن ✈️ ✔️ سائق خاص طوال الرحلة 🚗 ✔️ خدمة عملاء 24 ساعة 🤍 كل شيء جاهز لك… وأنت بس استمتع 🔥 🔥 السعر يبدأ من 599$ فقط! (العرض محدود والمقاعد تنفذ بسرعة) | تايلاند أسبوع بـ 599$ 🔥 | بوكيت + بانكوك | سكن + طيران + سائق خاص,https://api.whatsapp.com/send,https://video.forn3-2.fna.fbcdn.net/o1/v/t2/f2/m366/AQMz-o653KRlZfbQSaVVw3jvSGpe597fV5xUOTthWX7e48dix9FAh1LoJrQQ1MYXZJnQB4UHJVohBsCXF1KlFgWZTCniQF7Ux4HZOthweNjbag.mp4?_nc_cat=103&_nc_oc=AdqzXqlS6R3G9SLKTPcvZgjFQ_KDo6tJQP61LOkmBVwUnl4PQ4Z3HQdwLUvozZJoZnk&_nc_sid=b66105&_nc_ht=video.forn3-2.fna.fbcdn.net&_nc_ohc=TiG1GIPsFp4Q7kNvwHSi36z&efg=eyJ2ZW5jb2RlX3RhZyI6Inhwdl9wcm9ncmVzc2l2ZS5WSV9VU0VDQVNFX1BST0RVQ1RfVFlQRS4uQzMuNzIwLmRhc2hfaDI2NC1iYXNpYy1nZW4yXzcyMHAiLCJ4cHZfYXNzZXRfaWQiOjEwMjc5MTAyODk0OTc3NzEsImFzc2V0X2FnZV9kYXlzIjo0NDIsInZpX3VzZWNhc2VfaWQiOjEwNzk5LCJkdXJhdGlvbl9zIjoyNSwidXJsZ2VuX3NvdXJjZSI6Ind3dyJ9&ccb=17-1&vs=f43c6633ac31789e&_nc_vs=HBksFQIYRWZiX2VwaGVtZXJhbC9GQjRDN0I3NjE0RTFEM0M2NkM1RTRCRTI1QTk0MDBCN19tdF8xX3ZpZGVvX2Rhc2hpbml0Lm1wNBUAAsgBEgAVAhg6cGFzc3Rocm91Z2hfZXZlcnN0b3JlL0dDanJsaDVNbHdZQkx5VUlBTzdEVmdxR29KZFVidjRHQUFBRhUCAsgBEgAoABgAGwKIB3VzZV9vaWwBMRJwcm9ncmVzc2l2ZV9yZWNpcGUBMRUAACbW-tS6oLjTAxUCKAJDMywXQDkUeuFHrhQYGWRhc2hfaDI2NC1iYXNpYy1nZW4yXzcyMHARAHUAZd6oAQA&_nc_gid=XcRjNRgDvpeslVe3HcnfDA&_nc_ss=7a289&_nc_map=urlgen_bucketless&_nc_zt=28&oh=00_AQL8p-tW4R0jZdwWIShedvmAWX931VQB0dvLs-fkOSIhDA&oe=6AA6ECDD,https://www.facebook.com/ads/library/?id=1500787548520155,لمدة ساعة العرض,2026-09-09T09:15:50+00:00
1582337193386311,JO,MY Coaching,2026-08-25,15,0,15,في بيئة أعمال سريعة النمو، تحتاج الشركات إلى أكثر من فكرة جيدة؛ تحتاج إلى رؤية استراتيجية، قرارات واضحة، وخبرة تساعدها على تحقيق نتائج مستدامة. هنا يأتي دور Business Coach المحترف. من خلال برنامج Elite Business Coach المعتمد من ICF، طوّر قدرتك على مساعدة رواد الأعمال والقيادات وأصحاب الشركات على مواجهة التحديات، اكتشاف فرص النمو، وبناء أعمال أكثر كفاءة واستدامة. خلال البرنامج ستتعرّف على منهجيات عملية في: • عقلية الأعمال والقيادة. • بناء الاستراتيجيات وتطوير العروض. • التسويق والمبيعات. • الإدارة المالية وتحسين الأداء. • تطوير الشركات ودعم أصحاب الأعمال. • تأسيس وتنمية ممارستك الخاصة كـ Business Coach. البرنامج مصمم للمدربين، المستشارين، رواد الأعمال، القيادات، والمتخصصين الراغبين في إضافة Business Coaching إلى خبراتهم وبناء مسار مهني احترافي في هذا المجال. طوّر أعمال عملائك، وابنِ مشروعك الخاص كمدرب أعمال محترف، مستفيدًا من منهج يجمع بين خبرة الأعمال ومهارات الكوتشينج. المقاعد محدودة. راسلنا الآن، وسيتواصل معك فريق خدمة العملاء لتزويدك بكافة تفاصيل البرنامج، المواعيد، وطريقة التسجيل. | تعلّم كيف تقود الشركات نحو النجاح,https://api.whatsapp.com/send,https://video.forn3-6.fna.fbcdn.net/o1/v/t2/f2/m366/AQNGex97mNadYKu3vLIjZL_k-_vMire8yY0Bd8PNkx5YszygY17Rba0j-Nrj7ZV4JBVxCz81ENH_WJT0Prpc2pSP95wT2qlPOE6J2ov8i4olCg.mp4?_nc_cat=111&_nc_oc=AdpL7rOO_oPHn578w88kR8a52x67FP1RgdH-Av7OjyV-JcjRRR5ETZvqHhA0Vmi3xFQ&_nc_sid=b66105&_nc_ht=video.forn3-6.fna.fbcdn.net&_nc_ohc=IbwgoS3aGoEQ7kNvwEkWOFD&efg=eyJ2ZW5jb2RlX3RhZyI6Inhwdl9wcm9ncmVzc2l2ZS5WSV9VU0VDQVNFX1BST0RVQ1RfVFlQRS4uQzMuNzIwLmRhc2hfaDI2NC1iYXNpYy1nZW4yXzcyMHAiLCJ4cHZfYXNzZXRfaWQiOjI2OTAxNjU4MDQyODYyMDMwLCJhc3NldF9hZ2VfZGF5cyI6OTksInZpX3VzZWNhc2VfaWQiOjEwNzk5LCJkdXJhdGlvbl9zIjoxNzksInVybGdlbl9zb3VyY2UiOiJ3d3cifQ%3D%3D&ccb=17-1&vs=37e209bf0da7d16b&_nc_vs=HBksFQIYRWZiX2VwaGVtZXJhbC81RTQwMjEyMzk5QjA5NTY3RkJGRTBDMDAwODgwOUNBQV9tdF8xX3ZpZGVvX2Rhc2hpbml0Lm1wNBUAAsgBEgAVAhhAZmJfcGVybWFuZW50LzUyNDI4RUYwOTJGNTE0NjM5QTc2M0U3RjZGOTcyQkJGX2F1ZGlvX2Rhc2hpbml0Lm1wNBUCAsgBEgAoABgAGwKIB3VzZV9vaWwBMRJwcm9ncmVzc2l2ZV9yZWNpcGUBMRUAACacp5y4y7rJXxUCKAJDMywXQGZ0AAAAAAAYGWRhc2hfaDI2NC1iYXNpYy1nZW4yXzcyMHARAHUAZd6oAQA&_nc_gid=irtyDX8J64Xxey-QH28dgg&_nc_ss=7b289&_nc_map=urlgen_bucketless&_nc_zt=28&oh=00_AQJXA0zAzTEsMXJ7YrTrcHiqMBUixjJohKej6HINc2GgRg&oe=6AA70809,https://www.facebook.com/ads/library/?id=1582337193386311,لمدة ساعة بس لو,2026-09-09T09:06:13+00:00
1611886290674032,LB,Softskin By Secretreza,2026-08-24,15,0,15,بعدِك عم تعذّبي حالِك بالحلاقة والواكس كل فترة؟ 😩 خلّي هالقصّة تصير من الماضي! ✨ مع @softbysecretreza ، بتقدري تخفّفي نمو الشعر بشكل ملحوظ وتودّعي الروتين المزعج. وكمان، المناطق اللي بتسودّ أو بيغمق لونها بسبب الشفرة والحلاقة المتكررة، رح ترتاح من هالإزعاج لأنك ما بقى بحاجة تعتمدي على هالطرق التقليدية. استثمري ببشرتِك وراحتِك… لأنك بتستحقي نتيجة تدوم أكثر. 💖 لحقي حالك هلّق وبلشي رحلتِك لبشرة أنعم وثقة أكبر. ✨ #thefancypositivity #secretrezalaser #comfort | جهاز ازالة الشعر من المنزل 💗 | استخدام كامل للجسم، بما في ذلك منطقة البيكيني 🌹,https://www.secretreza.com/,https://video.forn3-1.fna.fbcdn.net/o1/v/t2/f2/m366/AQMen2XTNfqk3Ka_TZWo1ZlazpfaeQGIRQOShqaBavQGVAkssqtKuexbD7chXeAFcoaJ7-vlEjrSTCtpTkuMlP_cRJ3Pq3M5VKNNDyKVe2URaQ.mp4?_nc_cat=101&_nc_oc=Adr_5tW3kTrUxMYvS5mnM3uHVKzxcuzfpzJSiWTQzckDm9zx35rAXv8v4DP4Mwl4zzI&_nc_sid=b66105&_nc_ht=video.forn3-1.fna.fbcdn.net&_nc_ohc=v1H7tRDxDDEQ7kNvwGTtRao&efg=eyJ2ZW5jb2RlX3RhZyI6Inhwdl9wcm9ncmVzc2l2ZS5WSV9VU0VDQVNFX1BST0RVQ1RfVFlQRS4uQzMuNzIwLmRhc2hfaDI2NC1iYXNpYy1nZW4yXzcyMHAiLCJ4cHZfYXNzZXRfaWQiOjE0MTI4NDIzNzQwNTYyMDYsImFzc2V0X2FnZV9kYXlzIjoxNSwidmlfdXNlY2FzZV9pZCI6MTAxMzksImR1cmF0aW9uX3MiOjc3LCJ1cmxnZW5fc291cmNlIjoid3d3In0%3D&ccb=17-1&vs=82affa8820d52ef3&_nc_vs=HBksFQIYRWZiX2VwaGVtZXJhbC9CNDRFRTZGN0ZCMUFFNUE1QzYxRDdBQjQ3NDk3NTE4QV9tdF8xX3ZpZGVvX2Rhc2hpbml0Lm1wNBUAAsgBEgAVAhhAZmJfcGVybWFuZW50L0NDNEM1QzBFREQzQzQyNzNBNDBFQ0YwMDY0MkY2RkI3X2F1ZGlvX2Rhc2hpbml0Lm1wNBUCAsgBEgAoABgAGwKIB3VzZV9vaWwBMRJwcm9ncmVzc2l2ZV9yZWNpcGUBMRUAACacpKL9n76CBRUCKAJDMywXQFN90vGp--cYGWRhc2hfaDI2NC1iYXNpYy1nZW4yXzcyMHARAHUAZbaeAQA&_nc_gid=Ejo4no-ZwMlTGP0C3Ffblg&_nc_ss=7b289&_nc_map=urlgen_bucketless&_nc_zt=28&oh=00_AQJYHvdOBVPQ_O3Sx6030BBKRh17HIFcImYs11ECt4sBtw&oe=6AA6E56B,https://www.facebook.com/ads/library/?id=1611886290674032,تقرحات ما بعد إزالة الشعر,2026-09-09T06:03:36+00:00
1145336708226248,LB,Softskin By Secretreza,2026-08-24,15,0,15,😍😍10/10 #foryoupage#laser#homelaser#explore#viraltrend | جهاز ازالة الشعر من المنزل 💗 | استخدام كامل للجسم، بما في ذلك منطقة البيكيني 🌹,https://www.secretreza.com/,https://video.forn3-5.fna.fbcdn.net/o1/v/t2/f2/m366/AQPL78MaKpf02pCsd1Q_tT7uyN5bK2I3Hu8SNzqQo9Q4IPFsnp81hyclSDky7fEkUaCnS_6ygyrc-9nLo9plqTQLcGjoZJOZN3gmygdcCoPuUg.mp4?_nc_cat=106&_nc_oc=AdqF-3QCw_cDdpUYdVh6L7nem0Y0VEYjFgUiP30MWPjVZLaaIQ-OnZdFh8cvSEReGEc&_nc_sid=b66105&_nc_ht=video.forn3-5.fna.fbcdn.net&_nc_ohc=vsiXTQiWimMQ7kNvwEQK3jF&efg=eyJ2ZW5jb2RlX3RhZyI6Inhwdl9wcm9ncmVzc2l2ZS5WSV9VU0VDQVNFX1BST0RVQ1RfVFlQRS4uQzMuNzIwLmRhc2hfaDI2NC1iYXNpYy1nZW4yXzcyMHAiLCJ4cHZfYXNzZXRfaWQiOjEwMDgxNjY5Njg5MzQwMjAsImFzc2V0X2FnZV9kYXlzIjoxNSwidmlfdXNlY2FzZV9pZCI6MTAxMzksImR1cmF0aW9uX3MiOjc3LCJ1cmxnZW5fc291cmNlIjoid3d3In0%3D&ccb=17-1&vs=116fe1c3ce44b6cc&_nc_vs=HBksFQIYRWZiX2VwaGVtZXJhbC9ENTQzOUI5Nzg1MTVBNUU1OTJDQTRBOEVGQzM0NzZBOF9tdF8xX3ZpZGVvX2Rhc2hpbml0Lm1wNBUAAsgBEgAVAhhAZmJfcGVybWFuZW50L0Y0NDY5RjA5QjE4NUQ4REJFREQ1MTYwQUY1NEJBQUFDX2F1ZGlvX2Rhc2hpbml0Lm1wNBUCAsgBEgAoABgAGwKIB3VzZV9vaWwBMRJwcm9ncmVzc2l2ZV9yZWNpcGUBMRUAACaI-vWghbvKAxUCKAJDMywXQFNmZmZmZmYYGWRhc2hfaDI2NC1iYXNpYy1nZW4yXzcyMHARAHUAZbaeAQA&_nc_gid=Ejo4no-ZwMlTGP0C3Ffblg&_nc_ss=7b289&_nc_map=urlgen_bucketless&_nc_zt=28&oh=00_AQLXfi1C6IKqFed5CDNQFnDJ0XNry7ekqdM_7571ZXM3GQ&oe=6AA6D146,https://www.facebook.com/ads/library/?id=1145336708226248,تقرحات ما بعد إزالة الشعر,2026-09-09T06:03:36+00:00
2314315929332748,SA,DotDrama,2026-08-26,14,0,14,في هذا التطبيق، يمكنك مشاهدة جميع المسلسلات القصيرة الشهيرة مجاناً.,http://play.google.com/store/apps/details?id=com.vividshort.drama.vivid,https://video.forn3-5.fna.fbcdn.net/o1/v/t2/f2/m366/AQMk9jC4sj3_9cj_C5ZmbzK-cAlJHdvIJC8d2IA64Tl4cPQh0dpdr-mAw-I5Tlmr1JF-BcM5Hvw2HSnJknjoACX_IhwUKe8BW8nbk_GRJzYPZA.mp4?_nc_cat=108&_nc_oc=AdprABts0j_naznXU29kgi3piWof2lB5aO92ZXeZoea-aRtClVcHE8O3FdQWtAkfqb0&_nc_sid=b66105&_nc_ht=video.forn3-5.fna.fbcdn.net&_nc_ohc=pU2ZWZfSoeMQ7kNvwF5v8pq&efg=eyJ2ZW5jb2RlX3RhZyI6Inhwdl9wcm9ncmVzc2l2ZS5WSV9VU0VDQVNFX1BST0RVQ1RfVFlQRS4uQzMuNzIwLmRhc2hfaDI2NC1iYXNpYy1nZW4yXzcyMHAiLCJ4cHZfYXNzZXRfaWQiOjIwMTE2OTUyODYxMDM1NzEsImFzc2V0X2FnZV9kYXlzIjoxMTcsInZpX3VzZWNhc2VfaWQiOjEwMTM5LCJkdXJhdGlvbl9zIjoxNTIxLCJ1cmxnZW5fc291cmNlIjoid3d3In0%3D&ccb=17-1&vs=4f55fe47d7d19608&_nc_vs=HBksFQIYRWZiX2VwaGVtZXJhbC8yRTQxM0E1ODRFQUU3RTQ3RTA4MTdENjA1QzNDOTY5M19tdF8xX3ZpZGVvX2Rhc2hpbml0Lm1wNBUAAsgBEgAVAhhAZmJfcGVybWFuZW50L0E3NDI5QkUzQkUwRDcxRUIwMDgxNUI1OUJGQzI0MTg3X2F1ZGlvX2Rhc2hpbml0Lm1wNBUCAsgBEgAoABgAGwKIB3VzZV9vaWwBMRJwcm9ncmVzc2l2ZV9yZWNpcGUBMRUAACamuOXuieiSBxUCKAJDMywXQJfHEGJN0vIYGWRhc2hfaDI2NC1iYXNpYy1nZW4yXzcyMHARAHUAZbaeAQA&_nc_gid=MQuXdXGRkqSEHqurSGTV9Q&_nc_ss=7b289&_nc_map=urlgen_bucketless&_nc_zt=28&oh=00_AQINW9xWu9SJ_u5HDPJT-DU8s37EW-EVUUlsshS_xj29aQ&oe=6AA735A0,https://www.facebook.com/ads/library/?id=2314315929332748,الأول هل تبحثين كريم,2026-09-09T12:05:49+00:00
960162930436602,SA,Đường Cát,2026-08-26,14,0,14,في هذا التطبيق، يمكنك مشاهدة جميع المسلسلات القصيرة الشهيرة مجاناً.,http://play.google.com/store/apps/details?id=com.rapid.short.tv,https://video.forn3-1.fna.fbcdn.net/o1/v/t2/f2/m366/AQOK1Uu3W5aJkpJq4NQgxp8CkR0RrmnMbg4FpIozueB14hvmlZ0UgwO_8bNnQUBVcSyvF1k_eJwwyLyktAuLz4HXk4wzNmCLyXTzlfsChT_WvQ.mp4?_nc_cat=102&_nc_oc=AdpWXI6EdG1OGWRk7pWreGXiXd3rsgcGeUEkIvZTbOyGYmCpz7c969k5xOGgrCYaX3I&_nc_sid=b66105&_nc_ht=video.forn3-1.fna.fbcdn.net&_nc_ohc=3MJ3WdtyqfQQ7kNvwHCz9ej&efg=eyJ2ZW5jb2RlX3RhZyI6Inhwdl9wcm9ncmVzc2l2ZS5WSV9VU0VDQVNFX1BST0RVQ1RfVFlQRS4uQzMuNzIwLmRhc2hfaDI2NC1iYXNpYy1nZW4yXzcyMHAiLCJ4cHZfYXNzZXRfaWQiOjE0NTA3ODM1NDI5NzUyODEsImFzc2V0X2FnZV9kYXlzIjoxMjUsInZpX3VzZWNhc2VfaWQiOjEwMTM5LCJkdXJhdGlvbl9zIjoxNTIxLCJ1cmxnZW5fc291cmNlIjoid3d3In0%3D&ccb=17-1&vs=55f4f296835d8f6d&_nc_vs=HBksFQIYRWZiX2VwaGVtZXJhbC9CRTQ4N0Q1RkFDMTczMUUxNURCNkZBRDAwRTA0QTE4Ql9tdF8xX3ZpZGVvX2Rhc2hpbml0Lm1wNBUAAsgBEgAVAhhAZmJfcGVybWFuZW50LzQxNDFGNDZERjJCNzE5Qjk3Nzk1REY1MDFGNjE0MUIwX2F1ZGlvX2Rhc2hpbml0Lm1wNBUCAsgBEgAoABgAGwKIB3VzZV9vaWwBMRJwcm9ncmVzc2l2ZV9yZWNpcGUBMRUAACbi7Mzb296TBRUCKAJDMywXQJfHJN0vGqAYGWRhc2hfaDI2NC1iYXNpYy1nZW4yXzcyMHARAHUAZbaeAQA&_nc_gid=MQuXdXGRkqSEHqurSGTV9Q&_nc_ss=7b289&_nc_map=urlgen_bucketless&_nc_zt=28&oh=00_AQINk0JUVkpt6FB0zz4oC8qj0RZHUOK0OX0Ka4Snpzqa2A&oe=6AA709DE,https://www.facebook.com/ads/library/?id=960162930436602,الأول هل تبحثين كريم,2026-09-09T12:05:49+00:00
3170776256452965,KM,DotDrama,2026-08-26,14,0,14,في هذا التطبيق، يمكنك مشاهدة جميع المسلسلات القصيرة الشهيرة مجاناً.,http://play.google.com/store/apps/details?id=com.vividshort.drama.vivid,https://video.forn3-1.fna.fbcdn.net/o1/v/t2/f2/m366/AQOtlrfkfNqx7ApRwj3GgNj8QXfy7L6eRWpCU9-hUTOyTxy7ma-Cw9Y-9xVoPoRKNdn6jD5sLe_hwGTrc2i3gbiNnx-D0OTMh2EshYV6m_mouA.mp4?_nc_cat=109&_nc_oc=Ado6AmudWvsE3lXXMAWHgm0TgzACTAziNDCpVjzZhCnp_N8LUszFbGqGKCNYh1o2GpA&_nc_sid=b66105&_nc_ht=video.forn3-1.fna.fbcdn.net&_nc_ohc=fDGsGXPdlU0Q7kNvwGJ1yYU&efg=eyJ2ZW5jb2RlX3RhZyI6Inhwdl9wcm9ncmVzc2l2ZS5WSV9VU0VDQVNFX1BST0RVQ1RfVFlQRS4uQzMuNzIwLmRhc2hfaDI2NC1iYXNpYy1nZW4yXzcyMHAiLCJ4cHZfYXNzZXRfaWQiOjE5ODU5MDIwMDg3Mzk1OTksImFzc2V0X2FnZV9kYXlzIjoxNCwidmlfdXNlY2FzZV9pZCI6MTAxMzksImR1cmF0aW9uX3MiOjExOCwidXJsZ2VuX3NvdXJjZSI6Ind3dyJ9&ccb=17-1&vs=2d25a34833948c62&_nc_vs=HBksFQIYRWZiX2VwaGVtZXJhbC9BQTRBRjY5MkFGOURGMzEzQzhCREQ4MzIxNzVCMzBBQV9tdF8xX3ZpZGVvX2Rhc2hpbml0Lm1wNBUAAsgBEgAVAhhAZmJfcGVybWFuZW50L0U1NDZCQUVCMzdBNDVGMzEyRjYzNjlGMUE3MDIzRjhCX2F1ZGlvX2Rhc2hpbml0Lm1wNBUCAsgBEgAoABgAGwKIB3VzZV9vaWwBMRJwcm9ncmVzc2l2ZV9yZWNpcGUBMRUAACaenNH82oqHBxUCKAJDMywXQF25mZmZmZoYGWRhc2hfaDI2NC1iYXNpYy1nZW4yXzcyMHARAHUAZbaeAQA&_nc_gid=-uPgR1Y8R_i0d5tZ8P-cXA&_nc_ss=7a289&_nc_map=urlgen_bucketless&_nc_zt=28&oh=00_AQLgTzkllxiOUH2LIFyYDZb_We--IgbSrv1Y9G7-0LZ2Vg&oe=6AA70383,https://www.facebook.com/ads/library/?id=3170776256452965,مجاناً كريم,2026-09-09T11:46:51+00:00
1588438012943955,KM,Đường Cát,2026-08-26,14,0,14,في هذا التطبيق، يمكنك مشاهدة جميع المسلسلات القصيرة الشهيرة مجاناً.,http://play.google.com/store/apps/details?id=com.rapid.short.tv,https://video.forn3-6.fna.fbcdn.net/o1/v/t2/f2/m366/AQM4wycHkBwp46DxmyvwTtInjnhz55gW44g61FSWu0otX_Fhw_MTOVsZes8sHEhvz57tP5XtVWfPl95pM74U3YxhETUA4kOigrhsQLw6zvdjiw.mp4?_nc_cat=103&_nc_oc=Adq8Xn5H8LUCCu7Y8MqvIqkIzcWrr3KSKdQv3iYz4J1cPstasm0Aqlr65O1XJs199lk&_nc_sid=b66105&_nc_ht=video.forn3-6.fna.fbcdn.net&_nc_ohc=qotnQyYo0ZwQ7kNvwGHf944&efg=eyJ2ZW5jb2RlX3RhZyI6Inhwdl9wcm9ncmVzc2l2ZS5WSV9VU0VDQVNFX1BST0RVQ1RfVFlQRS4uQzMuNzIwLmRhc2hfaDI2NC1iYXNpYy1nZW4yXzcyMHAiLCJ4cHZfYXNzZXRfaWQiOjIwMTczMTUzMzg5MTM0MTMsImFzc2V0X2FnZV9kYXlzIjoxNCwidmlfdXNlY2FzZV9pZCI6MTAxMzksImR1cmF0aW9uX3MiOjExOCwidXJsZ2VuX3NvdXJjZSI6Ind3dyJ9&ccb=17-1&vs=f2903c2784acbd51&_nc_vs=HBksFQIYRWZiX2VwaGVtZXJhbC9GODQyRjY0NjczNTY0NERDNTlGRDM3Njc5RjUyNDA5Q19tdF8xX3ZpZGVvX2Rhc2hpbml0Lm1wNBUAAsgBEgAVAhhAZmJfcGVybWFuZW50L0RCNEY1MjA2M0MzMTE2QzBDMkE1MjQ0QUMyQkJFM0E3X2F1ZGlvX2Rhc2hpbml0Lm1wNBUCAsgBEgAoABgAGwKIB3VzZV9vaWwBMRJwcm9ncmVzc2l2ZV9yZWNpcGUBMRUAACaKmujCmq-VBxUCKAJDMywXQF25mZmZmZoYGWRhc2hfaDI2NC1iYXNpYy1nZW4yXzcyMHARAHUAZbaeAQA&_nc_gid=fLBdp5KdO-jA7vFI7RIA2w&_nc_ss=7a289&_nc_map=urlgen_bucketless&_nc_zt=28&oh=00_AQKF8e53t8bzys1B_PvnqZCZvYHVX8-RWMVOpFdblhOETg&oe=6AA72625,https://www.facebook.com/ads/library/?id=1588438012943955,مجاناً كريم,2026-09-09T11:46:51+00:00
2433174050506024,SY,Ete home,2026-08-26,14,0,14,🎵 ارفع مستوى الصوت… وخلي الأجواء تبدأ! 🎵 إذا كنت تبحث عن صوت قوي + إضاءة LED مبهرة + بطارية مدمجة + ميكروفون لاسلكي، فهذه السماعة مصممة لتكون نجمة الحفلة! 🌈🔊 ⭐ GY-8847 Portable Party Speaker بتصميم عصري وجذاب، تجمع بين الأداء القوي والشكل الملفت لتكون خيارًا مثاليًا للحفلات والمناسبات والاستخدام المنزلي. 🔊 GY-8847 Portable Party Speaker – سماعة حفلات محمولة 8 إنش، تمنحك صوتًا قويًا وأجواءً مميزة مع إضاءة RGB متعددة الألوان. ✨ أبرز المميزات: ✅ صوت قوي وواضح ومناسب للحفلات والمناسبات ✅ إضاءة LED RGB متعددة الألوان تضيف أجواء حماسية 🌈 ✅ بطارية مدمجة للاستخدام بسهولة ✅ ميكروفون لاسلكي للغناء والكلام والفعاليات 🎤 ✅ ريموت كنترول للتحكم بسهولة ✅ منافذ وخصائص تشغيل متعددة ✅ تصميم أنيق وجذاب وسهل الحمل ✅ مناسبة للمنزل، الرحلات، الحفلات، المناسبات والفعاليات 💥 GY-8847 Portable Party Speaker ليست مجرد سماعة، بل أجواء كاملة في جهاز واحد! 🎤 شغّل أغانيك، استخدم الميكروفون، واستمتع بإضاءة RGB التي تضيف لمسة احتفالية تخطف الأنظار. 📦 محتويات العبوة: 🔊 السماعة 🎤 ميكروفون لاسلكي 🎛️ ريموت كنترول 🔌 كابل توصيل/شحن 🏆 GY-8847 Portable Party Speaker 🔥 GY-8847 Portable Party Speaker ⭐ GY-8847 Portable Party Speaker 🚀 منتج ملفت، مواصفات قوية، وتصميم يبيع نفسه! 💯 اختيار ممتاز لكل من يريد الصوت والحضور والأجواء في منتج واحد,https://api.whatsapp.com/send,https://video.forn3-5.fna.fbcdn.net/o1/v/t2/f2/m367/AQOsdyxBsyndPMH-Wcz1wb6v7Jqme0lJbZRHD31kmSqFOr6_xrXwKFK1fVlwDJklycGt0X8bBhWo1VDgDQnnJ1UggD4zUP8J1q49A7Q5Vg.mp4?_nc_cat=111&_nc_oc=AdrQqY9wD6MqwFrQ1-Jm4zW93mX4s4KOrRvc9MrMJIx7W710iH6jZhbNpZ_gC7gQ0-c&_nc_sid=ef5aa3&_nc_ht=video.forn3-5.fna.fbcdn.net&_nc_ohc=sSbJPPmSr-kQ7kNvwHaXH3r&efg=eyJ2ZW5jb2RlX3RhZyI6Inhwdl9wcm9ncmVzc2l2ZS5WSV9VU0VDQVNFX1BST0RVQ1RfVFlQRS4uQzMuNzIwLnByb2dyZXNzaXZlX2gyNjQtYmFzaWMtZ2VuMl83MjBwIiwieHB2X2Fzc2V0X2lkIjoxMDI2MTM0NTc2OTI3OTgxLCJhc3NldF9hZ2VfZGF5cyI6MzEsInZpX3VzZWNhc2VfaWQiOjEyMzc0LCJkdXJhdGlvbl9zIjo1NywidXJsZ2VuX3NvdXJjZSI6Ind3dyJ9&ccb=17-1&_nc_gid=IG16B-C-0noPtWswUHWXSw&_nc_ss=7b289&_nc_map=urlgen_bucketless&_nc_zt=28&oh=00_AQKOMcpveaw3gU1JEyXLPMue7UcGXbSlarZN546MAtlK5A&oe=6AA704CB,https://www.facebook.com/ads/library/?id=2433174050506024,جهاز واحد بتصميم عصري,2026-09-09T11:10:27+00:00
1069716258735743,MA,Shoproduct,2026-08-26,14,0,14,💡 تهنّى من فاتورة الضو الخيالية وضوّي دارك ولا المزرعة ديالك بـ 0 درهم زيادة! مصباح الشارع الشمسي القوي 400W كايتشحن بالنهار كافيًا بالضوء د الشمس، وكيضوي ليك الليل كامل بأعلى كفاءة! ☀️🔋 ✨ علاش غايعجبك هاد المصباح؟ إضاءة 400 واط فائقة القوة: كتغطي مساحة كبيرة بزاف (للمنازل، الحدائق، الطرق، والمستودعات). حساس حركة ذكي (Motion Sensor): كيكتشف الحركة من 5 لـ 8 أمتار ويزيد فالضوء تلقائياً. مقاوم للماء والشتاء (IP67): مصمم باش يصبر لجميع الظروف المناخية. جهاز تحكم عن بعد (Telecommande): كتحكم فالإضاءة والوضعيات وأنت مرتاح. | الحل الأمثل والأنسب ليك هو مصباح الشارع الشمسي 400W! ☀️ | 💡 تهنّى من فاتورة الضو الخيالية وضوّي دارك ولا المزرعة ديالك بـ 0 درهم زيادة!,https://shoproduct.ma/pages/solar-light,https://video.forn3-6.fna.fbcdn.net/o1/v/t2/f2/m366/AQNocG6Z4GvutSDikRD81VQWdbyitI1jXPUJYpGhSFUXXXCqX__TkDG6Q389DDxSIyS5-USry2_ZtXY3fhJWt910ULnRLODlitNWnHtdOJO7zg.mp4?_nc_cat=110&_nc_oc=Adpu6UXaWCSSv6wAiNiwLSPyEewExRsec0TZKdGMO_UODvgqtIdpUnuRQq3aCpDqZQE&_nc_sid=b66105&_nc_ht=video.forn3-6.fna.fbcdn.net&_nc_ohc=IgJCkIied0IQ7kNvwFXk2pm&efg=eyJ2ZW5jb2RlX3RhZyI6Inhwdl9wcm9ncmVzc2l2ZS5WSV9VU0VDQVNFX1BST0RVQ1RfVFlQRS4uQzMuNzIwLmRhc2hfaDI2NC1iYXNpYy1nZW4yXzcyMHAiLCJ4cHZfYXNzZXRfaWQiOjIyNDA5NjcyNDMzNjg1OTgsImFzc2V0X2FnZV9kYXlzIjoxMywidmlfdXNlY2FzZV9pZCI6MTA3OTksImR1cmF0aW9uX3MiOjEyNiwidXJsZ2VuX3NvdXJjZSI6Ind3dyJ9&ccb=17-1&vs=e0c73d16243437e7&_nc_vs=HBksFQIYRWZiX2VwaGVtZXJhbC8yOTQzRUQzNjBBMkNGNzhDOTFDQzc4RkNBMUEyNUNCNF9tdF8xX3ZpZGVvX2Rhc2hpbml0Lm1wNBUAAsgBEgAVAhhAZmJfcGVybWFuZW50LzhCNENCRUJGMDMzRDA5OTU5NzhFNjA1RDY2OTNBODg2X2F1ZGlvX2Rhc2hpbml0Lm1wNBUCAsgBEgAoABgAGwKIB3VzZV9vaWwBMRJwcm9ncmVzc2l2ZV9yZWNpcGUBMRUAACasovSHu4n7BxUCKAJDMywXQF-AAAAAAAAYGWRhc2hfaDI2NC1iYXNpYy1nZW4yXzcyMHARAHUAZd6oAQA&_nc_gid=g2EZ6B5NxzjNmHGEjs2dug&_nc_ss=7b289&_nc_map=urlgen_bucketless&_nc_zt=28&oh=00_AQL6YfurWN5Y6tODjEa6fFtAB6w2EC42gODrTafPtcHDBg&oe=6AA71A22,https://www.facebook.com/ads/library/?id=1069716258735743,جهاز تحكم بعد، يوفر,2026-09-09T11:07:45+00:00
1602807968221664,PS,Softskin By Secretreza,2026-08-26,14,0,14,افضل استثمار لازاله الشعر من الجسم وتتخلصي من العيادات وتوفري @secretrezaltd @softbysecretreza | جهاز ازالة الشعر من المنزل 💗 | استخدام كامل للجسم، بما في ذلك منطقة البيكيني 🌹,http://secretreza.com/,https://video.forn3-6.fna.fbcdn.net/o1/v/t2/f2/m366/AQOtm-XGAUGY7sB39TqGprnFWRZui5Li5Uwo4uxNeLHrgOXSqAwDbghvmBTPG-TepZn8l8QLgFOkKMpy-cldWTQjAVcVAOZZ7edhe9zrl5yN5A.mp4?_nc_cat=101&_nc_oc=AdqTjS5OHG_CvbyGPQFsMi2-e6-NDiqdPjj7Ukm5_JPB2e_wnnjYnJNoOYv5BpLE2AA&_nc_sid=b66105&_nc_ht=video.forn3-6.fna.fbcdn.net&_nc_ohc=njh1r2bQAVYQ7kNvwGwiAoL&efg=eyJ2ZW5jb2RlX3RhZyI6Inhwdl9wcm9ncmVzc2l2ZS5WSV9VU0VDQVNFX1BST0RVQ1RfVFlQRS4uQzMuNzIwLmRhc2hfaDI2NC1iYXNpYy1nZW4yXzcyMHAiLCJ4cHZfYXNzZXRfaWQiOjE2ODcxNjIxOTI2NDk3NTEsImFzc2V0X2FnZV9kYXlzIjoyMDAsInZpX3VzZWNhc2VfaWQiOjEwNzk5LCJkdXJhdGlvbl9zIjozMywidXJsZ2VuX3NvdXJjZSI6Ind3dyJ9&ccb=17-1&vs=b4c2ad9cb04b311b&_nc_vs=HBksFQIYRWZiX2VwaGVtZXJhbC8zNzQyRkVFRUY1NTE4RkNBOUQ1MkQ4NDAxNTIzNjhCRl9tdF8xX3ZpZGVvX2Rhc2hpbml0Lm1wNBUAAsgBEgAVAhhAZmJfcGVybWFuZW50LzYwNDk5RDA4MDg0ODc5RUNFM0YwRjZERUFEODM4RUE2X2F1ZGlvX2Rhc2hpbml0Lm1wNBUCAsgBEgAoABgAGwKIB3VzZV9vaWwBMRJwcm9ncmVzc2l2ZV9yZWNpcGUBMRUAACau-N7y4Z3_BRUCKAJDMywXQECMzMzMzM0YGWRhc2hfaDI2NC1iYXNpYy1nZW4yXzcyMHARAHUAZd6oAQA&_nc_gid=O2M0E6Yo-7WLZVjwV89XRA&_nc_ss=7b289&_nc_map=urlgen_bucketless&_nc_zt=28&oh=00_AQKncUEpGm71lXR-p8PnhYszvLq56uEc2_7WmBuZRnTF3w&oe=6AA7273B,https://www.facebook.com/ads/library/?id=1602807968221664,المنزل جهاز ازالة,2026-09-09T10:55:16+00:00
1085691274401224,PS,Softskin By Secretreza,2026-08-26,14,0,14,فعلاً احلى استثمار 🤍 @softbysecretreza | جهاز ازالة الشعر من المنزل 💗 | استخدام كامل للجسم، بما في ذلك منطقة البيكيني 🌹,http://secretreza.com/,https://video.forn3-1.fna.fbcdn.net/o1/v/t2/f2/m366/AQMibWUxwksOKRTyNJo2pBGAiYLdMvFXtDZ267i3QxI1K47OlW3U9GGQQ7HcKgJKfVSfk-btbWG2qe3ewt8rLfusWIxUVmj41jOPerPM1e6e_Q.mp4?_nc_cat=103&_nc_oc=AdqIgD5Y1c_o3dFoUoFRDiv7MrHgz4I9dnll3mCC9FDbZIYM1dKn_H60UKeM0JhfY_U&_nc_sid=b66105&_nc_ht=video.forn3-1.fna.fbcdn.net&_nc_ohc=9ZEV_i27hJ0Q7kNvwGC8Ruf&efg=eyJ2ZW5jb2RlX3RhZyI6Inhwdl9wcm9ncmVzc2l2ZS5WSV9VU0VDQVNFX1BST0RVQ1RfVFlQRS4uQzMuNzIwLmRhc2hfaDI2NC1iYXNpYy1nZW4yXzcyMHAiLCJ4cHZfYXNzZXRfaWQiOjEwMzQwMTM5MzI4ODc2MDEsImFzc2V0X2FnZV9kYXlzIjozOSwidmlfdXNlY2FzZV9pZCI6MTA3OTksImR1cmF0aW9uX3MiOjEwOCwidXJsZ2VuX3NvdXJjZSI6Ind3dyJ9&ccb=17-1&vs=fd3110e1a149c2de&_nc_vs=HBksFQIYRWZiX2VwaGVtZXJhbC8yNDQwOTFDMTk3OEIwMkNBQUZBNEEwRUU4QzRERTVBMV9tdF8xX3ZpZGVvX2Rhc2hpbml0Lm1wNBUAAsgBEgAVAhhAZmJfcGVybWFuZW50L0I5NEQxNzY1Nzg4NkIzODA4MDYyNzM4QUNDRkE1MEI4X2F1ZGlvX2Rhc2hpbml0Lm1wNBUCAsgBEgAoABgAGwKIB3VzZV9vaWwBMRJwcm9ncmVzc2l2ZV9yZWNpcGUBMRUAACbi-MySxJvWAxUCKAJDMywXQFsKn752yLQYGWRhc2hfaDI2NC1iYXNpYy1nZW4yXzcyMHARAHUAZd6oAQA&_nc_gid=O2M0E6Yo-7WLZVjwV89XRA&_nc_ss=7b289&_nc_map=urlgen_bucketless&_nc_zt=28&oh=00_AQK11nKjfFKgjdyLCwuD4kCwAkjst0K8dKpRzvW85eonnw&oe=6AA714DD,https://www.facebook.com/ads/library/?id=1085691274401224,المنزل جهاز ازالة,2026-09-09T10:55:16+00:00
1614424806708559,PS,Softskin By Secretreza,2026-08-26,14,0,14,بدون ألم وبدون شعر 💗 مع جهاز الليزر البريطاني الأصلي Secretreza 🇬🇧 ✨ احصلي عليه الآن بأفضل سعر لهذا العام! مميزات إصدار الخط الأحمر (Redline Edition): 🧊 مزود بنظام تبريد ثلجي مريح للبشرة ⚡️ جلسة كاملة في أقل من 10 دقائق بفضل نظام النبضات السريعة 💥 قوة فعالة تصل إلى 21 جول لنتائج أسرع وأوضح ♾ عدد نبضات غير محدود 🇬🇧 صناعة بريطانية أصلية 💯 ضمان لمدة 5 سنوات 🚚 توصيل مجاني إلى باب المنزل | جهاز ازالة الشعر من المنزل 💗 | استخدام كامل للجسم، بما في ذلك منطقة البيكيني 🌹,http://secretreza.com/,https://video.forn3-6.fna.fbcdn.net/o1/v/t2/f2/m366/AQNF-mzim3G7Evs769zzlkZg4sJo3DU6v2rdaHFM9uYAp-99qJheUuFdbjC6uFmqZEC3E40ArSL1EiKqxsoAm7fAnDlt_JZDbu7jBhgE13gYrA.mp4?_nc_cat=109&_nc_oc=AdoIl1b6AkrDYJ-tpPENuzWwsq-msACjReut3Fsa_g0gRq_4zb3-8djlmnrgYGDOOy8&_nc_sid=b66105&_nc_ht=video.forn3-6.fna.fbcdn.net&_nc_ohc=GfXwXTwY3iYQ7kNvwHzP4X_&efg=eyJ2ZW5jb2RlX3RhZyI6Inhwdl9wcm9ncmVzc2l2ZS5WSV9VU0VDQVNFX1BST0RVQ1RfVFlQRS4uQzMuNzIwLmRhc2hfaDI2NC1iYXNpYy1nZW4yXzcyMHAiLCJ4cHZfYXNzZXRfaWQiOjEzNjU1MTQ0MjIzMzgxNDgsImFzc2V0X2FnZV9kYXlzIjozOSwidmlfdXNlY2FzZV9pZCI6MTA3OTksImR1cmF0aW9uX3MiOjE0LCJ1cmxnZW5fc291cmNlIjoid3d3In0%3D&ccb=17-1&vs=7fe1b04c7cf5db81&_nc_vs=HBksFQIYRWZiX2VwaGVtZXJhbC8yRDRDNTZGNzk2MDExMTY5Q0ExREU5MEI5ODk2QTNCQV9tdF8xX3ZpZGVvX2Rhc2hpbml0Lm1wNBUAAsgBEgAVAhhAZmJfcGVybWFuZW50L0FCNDIxMzBCQzA0MDQ2NjQ0QkNBMUE2QTZCMTg0REFDX2F1ZGlvX2Rhc2hpbml0Lm1wNBUCAsgBEgAoABgAGwKIB3VzZV9vaWwBMRJwcm9ncmVzc2l2ZV9yZWNpcGUBMRUAACbIiaKhs_vsBBUCKAJDMywXQC3MzMzMzM0YGWRhc2hfaDI2NC1iYXNpYy1nZW4yXzcyMHARAHUAZd6oAQA&_nc_gid=O2M0E6Yo-7WLZVjwV89XRA&_nc_ss=7b289&_nc_map=urlgen_bucketless&_nc_zt=28&oh=00_AQK_HbR5gRI2QuNGF_ClyC1OONJtWM8nvVuqHes0B14-NA&oe=6AA7290F,https://www.facebook.com/ads/library/?id=1614424806708559,المنزل جهاز ازالة,2026-09-09T10:55:16+00:00
1744623620424783,EG,Softskin By Secretreza,2026-08-26,14,0,14,بدون ألم وبدون شعر 💗 مع جهاز الليزر البريطاني الأصلي Secretreza 🇬🇧 ✨ احصلي عليه الآن بأفضل سعر لهذا العام! مميزات إصدار الخط الأحمر (Redline Edition): 🧊 مزود بنظام تبريد ثلجي مريح للبشرة ⚡️ جلسة كاملة في أقل من 10 دقائق بفضل نظام النبضات السريعة 💥 قوة فعالة تصل إلى 21 جول لنتائج أسرع وأوضح ♾ عدد نبضات غير محدود 🇬🇧 صناعة بريطانية أصلية 💯 ضمان لمدة 5 سنوات 🚚 توصيل مجاني إلى باب المنزل | جهاز ازالة الشعر من المنزل 💗,https://secretreza.com/,https://video.forn3-6.fna.fbcdn.net/o1/v/t2/f2/m366/AQN7PJXHpKxZAVFX5a-UaW6WXKfE-c9QQlVZONoXLqYuwhDRDghPGC4cUVwDxUFPaB90L_K73Rv8Dtp64_Bk5u7ycba117fLZVlney-FswhCRQ.mp4?_nc_cat=100&_nc_oc=Adpo24RvGGM5J2x4Wpjq9GlM1nDVkUAInn0qfKbCDJmEVG-SIZg3LQb97B46lPIHQWc&_nc_sid=b66105&_nc_ht=video.forn3-6.fna.fbcdn.net&_nc_ohc=tlPrcShmjdUQ7kNvwHtte47&efg=eyJ2ZW5jb2RlX3RhZyI6Inhwdl9wcm9ncmVzc2l2ZS5WSV9VU0VDQVNFX1BST0RVQ1RfVFlQRS4uQzMuNzIwLmRhc2hfaDI2NC1iYXNpYy1nZW4yXzcyMHAiLCJ4cHZfYXNzZXRfaWQiOjE1MjMxNjU2MDg2OTI2MzYsImFzc2V0X2FnZV9kYXlzIjozNTAsInZpX3VzZWNhc2VfaWQiOjEwNzk5LCJkdXJhdGlvbl9zIjoxMzgsInVybGdlbl9zb3VyY2UiOiJ3d3cifQ%3D%3D&ccb=17-1&vs=effdee3bbdd50ab4&_nc_vs=HBksFQIYRWZiX2VwaGVtZXJhbC82RTRCNTRBRjcxRkIxQUQwNEREMENCQTU3N0IyRkY5Q19tdF8xX3ZpZGVvX2Rhc2hpbml0Lm1wNBUAAsgBEgAVAhhAZmJfcGVybWFuZW50LzRGNDk4QkQ3MTNEMzlFRTYxMTY2OUIyNkUwOTU4NEI2X2F1ZGlvX2Rhc2hpbml0Lm1wNBUCAsgBEgAoABgAGwKIB3VzZV9vaWwBMRJwcm9ncmVzc2l2ZV9yZWNpcGUBMRUAACa4rtKQ9NO0BRUCKAJDMywXQGFN2yLQ5WAYGWRhc2hfaDI2NC1iYXNpYy1nZW4yXzcyMHARAHUAZd6oAQA&_nc_gid=6YGtpTbldBQPRxokZD3x9g&_nc_ss=7a289&_nc_map=urlgen_bucketless&_nc_zt=28&oh=00_AQLbD7vxOz2913YedfzD14pZRdgzbbyNjVYzbJPMyFYkUw&oe=6AA71464,https://www.facebook.com/ads/library/?id=1744623620424783,جهاز الليزر البريطاني الأصلي,2026-09-09T10:50:30+00:00
2486653108511396,EG,Softskin By Secretreza,2026-08-26,14,0,14,بدون ألم وبدون شعر 💗 مع جهاز الليزر البريطاني الأصلي Secretreza 🇬🇧 ✨ احصلي عليه الآن بأفضل سعر لهذا العام! مميزات إصدار الخط الأحمر (Redline Edition): 🧊 مزود بنظام تبريد ثلجي مريح للبشرة ⚡️ جلسة كاملة في أقل من 10 دقائق بفضل نظام النبضات السريعة 💥 قوة فعالة تصل إلى 21 جول لنتائج أسرع وأوضح ♾ عدد نبضات غير محدود 🇬🇧 صناعة بريطانية أصلية 💯 ضمان لمدة 5 سنوات 🚚 توصيل مجاني إلى باب المنزل | جهاز ازالة الشعر من المنزل 💗 | استخدام كامل للجسم، بما في ذلك منطقة البيكيني 🌹,https://secretreza.com/,https://video.forn3-2.fna.fbcdn.net/o1/v/t2/f2/m366/AQNKT5i6MqN8MfEGazDqC1E4vQrAGASAb9SJWccAuT2dGk_otm93jxkITgY75OjQ4ajjD4DPS6HB1iCqj0LVpZilTHvjNutdDgtsAg6G3iZspA.mp4?_nc_cat=104&_nc_oc=AdpQy3cIj0EC8BFWK_UcGUW11z9iNtjxPFD-2LVAc8IuEh1ru1Yg8S2Zb3uezgKw-xM&_nc_sid=b66105&_nc_ht=video.forn3-2.fna.fbcdn.net&_nc_ohc=-J2yOkfd4Z0Q7kNvwEwjivV&efg=eyJ2ZW5jb2RlX3RhZyI6Inhwdl9wcm9ncmVzc2l2ZS5WSV9VU0VDQVNFX1BST0RVQ1RfVFlQRS4uQzMuNzIwLmRhc2hfaDI2NC1iYXNpYy1nZW4yXzcyMHAiLCJ4cHZfYXNzZXRfaWQiOjE0ODI5ODg4MjI4NzgxMzksImFzc2V0X2FnZV9kYXlzIjo0MzMsInZpX3VzZWNhc2VfaWQiOjEwNzk5LCJkdXJhdGlvbl9zIjo2OSwidXJsZ2VuX3NvdXJjZSI6Ind3dyJ9&ccb=17-1&vs=9e094a1e4cfd7e22&_nc_vs=HBksFQIYRWZiX2VwaGVtZXJhbC84RTQ5MDdBRDUxNUVFRUYzODhDOTA5RjdGQ0M1QjE5MF9tdF8xX3ZpZGVvX2Rhc2hpbml0Lm1wNBUAAsgBEgAVAhg6cGFzc3Rocm91Z2hfZXZlcnN0b3JlL0dETDN1UjdUNVVHLTZKRUNBRmZKR3hKUU5DZ0xidjRHQUFBRhUCAsgBEgAoABgAGwKIB3VzZV9vaWwBMRJwcm9ncmVzc2l2ZV9yZWNpcGUBMRUAACb23vLfp7GiBRUCKAJDMywXQFFqn752yLQYGWRhc2hfaDI2NC1iYXNpYy1nZW4yXzcyMHARAHUAZd6oAQA&_nc_gid=9jO6EFmAHxe-IXPHBRJ1-A&_nc_ss=7a289&_nc_map=urlgen_bucketless&_nc_zt=28&oh=00_AQIyfljvY7cb5ufQZOprHVXJq9lcafsQOCEbA89FmVf_Zw&oe=6AA72174,https://www.facebook.com/ads/library/?id=2486653108511396,جهاز الليزر البريطاني الأصلي,2026-09-09T10:50:30+00:00
2103227666941037,EG,Softskin By Secretreza,2026-08-26,14,0,14,بدون ألم وبدون شعر 💗 مع جهاز الليزر البريطاني الأصلي Secretreza 🇬🇧 ✨ احصلي عليه الآن بأفضل سعر لهذا العام! مميزات إصدار الخط الأحمر (Redline Edition): 🧊 مزود بنظام تبريد ثلجي مريح للبشرة ⚡️ جلسة كاملة في أقل من 10 دقائق بفضل نظام النبضات السريعة 💥 قوة فعالة تصل إلى 21 جول لنتائج أسرع وأوضح ♾ عدد نبضات غير محدود 🇬🇧 صناعة بريطانية أصلية 💯 ضمان لمدة 5 سنوات 🚚 توصيل مجاني إلى باب المنزل | جهاز ازالة الشعر من المنزل 💗 | استخدام كامل للجسم، بما في ذلك منطقة البيكيني 🌹,https://secretreza.com/,https://video.forn3-5.fna.fbcdn.net/o1/v/t2/f2/m366/AQOL1jQzokyLcpxvwxIA9BA-NtxtKyDkBX8fx9n4FwXJ7VZ3jZg4Bjc5Bjd1396eC5IJz-BvPmQOCNaixKXmJQJvk5PZbpliQjWdkTyS0N5XCw.mp4?_nc_cat=101&_nc_oc=AdoUvz7c-6sBMJU9oVKaC5koasVU0JVLkbo9UxgOT2LOK0S3esBQGaGzeZCRlBn3HHs&_nc_sid=b66105&_nc_ht=video.forn3-5.fna.fbcdn.net&_nc_ohc=rEGDR18ngpQQ7kNvwHD4Kqd&efg=eyJ2ZW5jb2RlX3RhZyI6Inhwdl9wcm9ncmVzc2l2ZS5WSV9VU0VDQVNFX1BST0RVQ1RfVFlQRS4uQzMuNzIwLmRhc2hfaDI2NC1iYXNpYy1nZW4yXzcyMHAiLCJ4cHZfYXNzZXRfaWQiOjE0Nzk5ODY4NTk5MTM0ODMsImFzc2V0X2FnZV9kYXlzIjozNjQsInZpX3VzZWNhc2VfaWQiOjEwNzk5LCJkdXJhdGlvbl9zIjoxNSwidXJsZ2VuX3NvdXJjZSI6Ind3dyJ9&ccb=17-1&vs=8306d4abcdfb0a2c&_nc_vs=HBksFQIYRWZiX2VwaGVtZXJhbC83MzRGRkI0MkVENTQ4MkRGRENEMzk0RDNDQTVFRjk5OF9tdF8xX3ZpZGVvX2Rhc2hpbml0Lm1wNBUAAsgBEgAVAhhAZmJfcGVybWFuZW50L0UzNEQ4MzFGMDhGMjY0M0MyQjdFMTcwNDdGNTE1OTk5X2F1ZGlvX2Rhc2hpbml0Lm1wNBUCAsgBEgAoABgAGwKIB3VzZV9vaWwBMRJwcm9ncmVzc2l2ZV9yZWNpcGUBMRUAACaWxPWwyYKhBRUCKAJDMywXQC6IMSbpeNUYGWRhc2hfaDI2NC1iYXNpYy1nZW4yXzcyMHARAHUAZd6oAQA&_nc_gid=xZfaleDQNrXJ9zRR8zUPJQ&_nc_ss=7a289&_nc_map=urlgen_bucketless&_nc_zt=28&oh=00_AQL37qlj0OZwZ5Xl5Kqig9tE1RlhrDu7iFYN6lExBo1qsw&oe=6AA72677,https://www.facebook.com/ads/library/?id=2103227666941037,جهاز الليزر البريطاني الأصلي,2026-09-09T10:50:30+00:00
1784412582575027,EG,Softskin By Secretreza,2026-08-26,14,0,14,بدون ألم وبدون شعر 💗 مع جهاز الليزر البريطاني الأصلي Secretreza 🇬🇧 ✨ احصلي عليه الآن بأفضل سعر لهذا العام! مميزات إصدار الخط الأحمر (Redline Edition): 🧊 مزود بنظام تبريد ثلجي مريح للبشرة ⚡️ جلسة كاملة في أقل من 10 دقائق بفضل نظام النبضات السريعة 💥 قوة فعالة تصل إلى 21 جول لنتائج أسرع وأوضح ♾ عدد نبضات غير محدود 🇬🇧 صناعة بريطانية أصلية 💯 ضمان لمدة 5 سنوات 🚚 توصيل مجاني إلى باب المنزل | جهاز ازالة الشعر من المنزل 💗 | استخدام كامل للجسم، بما في ذلك منطقة البيكيني 🌹,https://secretreza.com/,https://video.forn3-1.fna.fbcdn.net/o1/v/t2/f2/m366/AQMlIFOA_4uhyenHacE3iADtmn1t4ys3MuC8tiR9UxRUIQW5-8roiGgXFYcsz274I4IX_ZMSpFQCPFN0zCYxO2RVNoBNJbYIaA3h9IJrTQS3sw.mp4?_nc_cat=106&_nc_oc=Adqx4nBhdk-HkBhHHX4Vks1YTM7J5lVaglj0mXoDc4toMJcDaNtWTrLvUHQKig-Fn78&_nc_sid=b66105&_nc_ht=video.forn3-1.fna.fbcdn.net&_nc_ohc=8iq7iZg_igoQ7kNvwHOPcOe&efg=eyJ2ZW5jb2RlX3RhZyI6Inhwdl9wcm9ncmVzc2l2ZS5WSV9VU0VDQVNFX1BST0RVQ1RfVFlQRS4uQzMuNzIwLmRhc2hfaDI2NC1iYXNpYy1nZW4yXzcyMHAiLCJ4cHZfYXNzZXRfaWQiOjI0ODU3ODc3ODEwNTM2MjY5LCJhc3NldF9hZ2VfZGF5cyI6MzE4LCJ2aV91c2VjYXNlX2lkIjoxMDc5OSwiZHVyYXRpb25fcyI6NDIsInVybGdlbl9zb3VyY2UiOiJ3d3cifQ%3D%3D&ccb=17-1&vs=8444066e00218c9&_nc_vs=HBksFQIYRWZiX2VwaGVtZXJhbC85RDQ4MkY1QTczMDA1OEZFMjY5RDdBNTFGMDEwODVCM19tdF8xX3ZpZGVvX2Rhc2hpbml0Lm1wNBUAAsgBEgAVAhhAZmJfcGVybWFuZW50LzA2NEEyMDJFMzhFMTQ4ODQzOTIyRDA4QUEzQkRDQ0E0X2F1ZGlvX2Rhc2hpbml0Lm1wNBUCAsgBEgAoABgAGwKIB3VzZV9vaWwBMRJwcm9ncmVzc2l2ZV9yZWNpcGUBMRUAACaa_aKM9oaoWBUCKAJDMywXQEVMzMzMzM0YGWRhc2hfaDI2NC1iYXNpYy1nZW4yXzcyMHARAHUAZd6oAQA&_nc_gid=xZfaleDQNrXJ9zRR8zUPJQ&_nc_ss=7a289&_nc_map=urlgen_bucketless&_nc_zt=28&oh=00_AQL7CB3o2KsIq80mv6sNPIuUDsmqEp4h7CVvBO0qxIUVfQ&oe=6AA7011A,https://www.facebook.com/ads/library/?id=1784412582575027,جهاز الليزر البريطاني الأصلي,2026-09-09T10:50:30+00:00
1095452412878695,EG,Softskin By Secretreza,2026-08-26,14,0,14,بدون ألم وبدون شعر 💗 مع جهاز الليزر البريطاني الأصلي Secretreza 🇬🇧 ✨ احصلي عليه الآن بأفضل سعر لهذا العام! مميزات إصدار الخط الأحمر (Redline Edition): 🧊 مزود بنظام تبريد ثلجي مريح للبشرة ⚡️ جلسة كاملة في أقل من 10 دقائق بفضل نظام النبضات السريعة 💥 قوة فعالة تصل إلى 21 جول لنتائج أسرع وأوضح ♾ عدد نبضات غير محدود 🇬🇧 صناعة بريطانية أصلية 💯 ضمان لمدة 5 سنوات 🚚 توصيل مجاني إلى باب المنزل | جهاز ازالة الشعر من المنزل 💗 | استخدام كامل للجسم، بما في ذلك منطقة البيكيني 🌹,https://secretreza.com/,https://video.forn3-1.fna.fbcdn.net/o1/v/t2/f2/m366/AQPNOk6WHRZrUS0m_MYIRSKSSXzl5Qi_2by4cYRcWN1-t_MystM9PBvwtje6v9NTqwAZ8mqh70gk5llJJz81Oo6WNUHtXtgftPr-Jdi3hckMGQ.mp4?_nc_cat=101&_nc_oc=AdqOrqSroNB6ug9Cl6GiGUt6GxQcVW_yUDi1JIByVuc_i6vtGM5vDfTPhtP12IYj0IY&_nc_sid=b66105&_nc_ht=video.forn3-1.fna.fbcdn.net&_nc_ohc=v_lARVLPgGcQ7kNvwFE39ym&efg=eyJ2ZW5jb2RlX3RhZyI6Inhwdl9wcm9ncmVzc2l2ZS5WSV9VU0VDQVNFX1BST0RVQ1RfVFlQRS4uQzMuNzIwLmRhc2hfaDI2NC1iYXNpYy1nZW4yXzcyMHAiLCJ4cHZfYXNzZXRfaWQiOjIzODA5ODA0OTU2NzE5NjksImFzc2V0X2FnZV9kYXlzIjoyMzAsInZpX3VzZWNhc2VfaWQiOjEwNzk5LCJkdXJhdGlvbl9zIjo1MCwidXJsZ2VuX3NvdXJjZSI6Ind3dyJ9&ccb=17-1&vs=d0b3d639394f36eb&_nc_vs=HBksFQIYRWZiX2VwaGVtZXJhbC84ODRDOUFCQjMzM0E3RjcyQTU0RjE5RkQ3N0ZCQjRCQ19tdF8xX3ZpZGVvX2Rhc2hpbml0Lm1wNBUAAsgBEgAVAhhAZmJfcGVybWFuZW50LzdFNERFMTczMzYzN0FEMTRFRDgyODIwNkVGNDYzNUJFX2F1ZGlvX2Rhc2hpbml0Lm1wNBUCAsgBEgAoABgAGwKIB3VzZV9vaWwBMRJwcm9ncmVzc2l2ZV9yZWNpcGUBMRUAACbCisuKp9-6CBUCKAJDMywXQElZmZmZmZoYGWRhc2hfaDI2NC1iYXNpYy1nZW4yXzcyMHARAHUAZd6oAQA&_nc_gid=xZfaleDQNrXJ9zRR8zUPJQ&_nc_ss=7a289&_nc_map=urlgen_bucketless&_nc_zt=28&oh=00_AQItBbxOicQ_0-ciRcqfyKD5DBTMU1Km4gacI9Xvf0iT6Q&oe=6AA71B73,https://www.facebook.com/ads/library/?id=1095452412878695,جهاز الليزر البريطاني الأصلي,2026-09-09T10:50:30+00:00
1603860234703880,EG,Softskin By Secretreza,2026-08-26,14,0,14,بدون ألم وبدون شعر 💗 مع جهاز الليزر البريطاني الأصلي Secretreza 🇬🇧 ✨ احصلي عليه الآن بأفضل سعر لهذا العام! مميزات إصدار الخط الأحمر (Redline Edition): 🧊 مزود بنظام تبريد ثلجي مريح للبشرة ⚡️ جلسة كاملة في أقل من 10 دقائق بفضل نظام النبضات السريعة 💥 قوة فعالة تصل إلى 21 جول لنتائج أسرع وأوضح ♾ عدد نبضات غير محدود 🇬🇧 صناعة بريطانية أصلية 💯 ضمان لمدة 5 سنوات 🚚 توصيل مجاني إلى باب المنزل | جهاز ازالة الشعر من المنزل 💗 | استخدام كامل للجسم، بما في ذلك منطقة البيكيني 🌹,https://secretreza.com/,https://video.forn3-1.fna.fbcdn.net/o1/v/t2/f2/m366/AQNsbOiOmqF1Lc78mB2tF5VJE4PS8-30W8I3MBudT7Ke1lnHPOswd1Os3VRTGm4nB97Yvx6d5XCkR-GYQw9UnmTDe_T3hkXpD4NOEcQN-eNTzg.mp4?_nc_cat=101&_nc_oc=AdqrZP9qjeBi8obAqjLpB0uI2GJ_ox-Is3G7EFkFEJYIJkql-ucqF8OHwRkDr3XxR4I&_nc_sid=b66105&_nc_ht=video.forn3-1.fna.fbcdn.net&_nc_ohc=eLT-nQrkVmQQ7kNvwEUQ-Xq&efg=eyJ2ZW5jb2RlX3RhZyI6Inhwdl9wcm9ncmVzc2l2ZS5WSV9VU0VDQVNFX1BST0RVQ1RfVFlQRS4uQzMuNzIwLmRhc2hfaDI2NC1iYXNpYy1nZW4yXzcyMHAiLCJ4cHZfYXNzZXRfaWQiOjIxMjIwNDU5OTE5MzM4OTQsImFzc2V0X2FnZV9kYXlzIjoyNDAsInZpX3VzZWNhc2VfaWQiOjEwNzk5LCJkdXJhdGlvbl9zIjo3OCwidXJsZ2VuX3NvdXJjZSI6Ind3dyJ9&ccb=17-1&vs=9cfd99d8dae3fc58&_nc_vs=HBksFQIYRWZiX2VwaGVtZXJhbC82NzQ4ODFCOUFDRTk2RjYyOTMzNzM2MjY1RTQ2NDk5OV9tdF8xX3ZpZGVvX2Rhc2hpbml0Lm1wNBUAAsgBEgAVAhhAZmJfcGVybWFuZW50LzVGNEEyQkE0QUU0QzM0OEZDRUQ2MUM3NkFENUQ3REFDX2F1ZGlvX2Rhc2hpbml0Lm1wNBUCAsgBEgAoABgAGwKIB3VzZV9vaWwBMRJwcm9ncmVzc2l2ZV9yZWNpcGUBMRUAACaM397Yqv_EBxUCKAJDMywXQFOCHKwIMScYGWRhc2hfaDI2NC1iYXNpYy1nZW4yXzcyMHARAHUAZd6oAQA&_nc_gid=xZfaleDQNrXJ9zRR8zUPJQ&_nc_ss=7a289&_nc_map=urlgen_bucketless&_nc_zt=28&oh=00_AQKf4_oBVLVeKE3uj-LK23xfbm-rTsxrhkGpHqPKYpyMbg&oe=6AA713B7,https://www.facebook.com/ads/library/?id=1603860234703880,جهاز الليزر البريطاني الأصلي,2026-09-09T10:50:30+00:00
1390177583257174,PS,Softskin By Secretreza,2026-08-26,14,0,14,بدون ألم وبدون شعر 💗 مع جهاز الليزر البريطاني الأصلي Secretreza 🇬🇧 ✨ احصلي عليه الآن بأفضل سعر لهذا العام! مميزات إصدار الخط الأحمر (Redline Edition): 🧊 مزود بنظام تبريد ثلجي مريح للبشرة ⚡️ جلسة كاملة في أقل من 10 دقائق بفضل نظام النبضات السريعة 💥 قوة فعالة تصل إلى 21 جول لنتائج أسرع وأوضح ♾ عدد نبضات غير محدود 🇬🇧 صناعة بريطانية أصلية 💯 ضمان لمدة 5 سنوات 🚚 توصيل مجاني إلى باب المنزل | جهاز ازالة الشعر من المنزل 💗 | استخدام كامل للجسم، بما في ذلك منطقة البيكيني 🌹,http://secretreza.com/,https://video.forn3-6.fna.fbcdn.net/o1/v/t2/f2/m366/AQN59ML04kF8fmmgw2av9wQUHvj_3WkibyHuIEPDDVm00k2ZsQOKKerOOFhtIL52kh2EDf8iyQVlDly3OGNk4mMVbsuNTu3cTbabdLp8voHTjQ.mp4?_nc_cat=108&_nc_oc=AdoUErpRdGyTwTBV5pWJ5HLMmvCkfEbMyf-3xjcr2naSUjURPyCzU8NsbahJ64fPAco&_nc_sid=b66105&_nc_ht=video.forn3-6.fna.fbcdn.net&_nc_ohc=g0KxZWB1SlkQ7kNvwFBlYT2&efg=eyJ2ZW5jb2RlX3RhZyI6Inhwdl9wcm9ncmVzc2l2ZS5WSV9VU0VDQVNFX1BST0RVQ1RfVFlQRS4uQzMuNzIwLmRhc2hfaDI2NC1iYXNpYy1nZW4yXzcyMHAiLCJ4cHZfYXNzZXRfaWQiOjEwMTczNzUyMzQxODg5NTAsImFzc2V0X2FnZV9kYXlzIjoxMDAsInZpX3VzZWNhc2VfaWQiOjEwNzk5LCJkdXJhdGlvbl9zIjoyMiwidXJsZ2VuX3NvdXJjZSI6Ind3dyJ9&ccb=17-1&vs=46d00eb99d2a0112&_nc_vs=HBksFQIYRWZiX2VwaGVtZXJhbC85ODRDNEVGREUyMDFFM0E3NTgxQjZGOEExOEEzOTVBM19tdF8xX3ZpZGVvX2Rhc2hpbml0Lm1wNBUAAsgBEgAVAhhAZmJfcGVybWFuZW50LzQ3NDM5MzM4MzMwMzFFQzhCNEQxOTM2OTQxMzI1M0I5X2F1ZGlvX2Rhc2hpbml0Lm1wNBUCAsgBEgAoABgAGwKIB3VzZV9vaWwBMRJwcm9ncmVzc2l2ZV9yZWNpcGUBMRUAACasmv-WhNPOAxUCKAJDMywXQDaqfvnbItEYGWRhc2hfaDI2NC1iYXNpYy1nZW4yXzcyMHARAHUAZd6oAQA&_nc_gid=7pBNhiYy-HaiOyw4sSzlZQ&_nc_ss=7b289&_nc_map=urlgen_bucketless&_nc_zt=28&oh=00_AQLt58EBmXvP6YFxSTzmbmuevpCIM8Z2EJ5b4qZHgfx9gA&oe=6AA70CC4,https://www.facebook.com/ads/library/?id=1390177583257174,وجع جهاز الليزر البريطاني,2026-09-09T10:34:03+00:00
1614633976853234,YE,متجر غيث,2026-08-26,14,0,14,✨ الحل المتكامل لنعومة فائقة في ثوانٍ! ✨* وداعاً للألم وطرق إزالة الشعر التقليدية المملة! نقدم لكِ ماكينة الحلاقة النسائية المزدوجة 2 في 1 💖 المصممة لتمنحكِ بشرة حريرية بكل سهولة وأمان. لماذا ستحبين هذه الماكينة؟ 🤔 *2 في 1 (تصميم مزدوج الرأس):-* *رأس الحلاقة الدوار:-* مثالي للوجه، الذقن، والشفة العليا لنعومة لا تقاوم. *➖رأس التشذيب (Clipper):-* مثالي للمناطق الواسعة مثل الساقين، الذراعين، ومنطقة البيكيني. *➖بشرة بلا تهيج:-* تقنية متطورة تضمن لكِ حلاقة بدون احمرار، بدون خدوش، وبدون ألم 🙅‍♀️. *➖سرعة وأداء عالي:-* محرك بقوة 6500 دورة في الدقيقة يزيل الشعر بلمسة واحدة دون أن يعلق. *➖شحن Type-C:-* شحن سريع وعصري يدوم معكِ طويلاً 🔋. *➖مقاومة للماء:-* سهلة التنظيف ويمكنكِ استخدامها بكل راحة 💦. *➖تصميم أنيق وعصري:-* متوفرة بألوان رائعة (وردي، أزرق، بنفسجي) لتناسب ذوقك 🌸. *--محتويات العلبة 📦:-* ✅ الماكينة المزدوجة. ✅ مشط تحديد الطول. ✅ فرشاة تنظيف صغيرة. ✅ كابل شحن USB. ✅ حقيبة مخملية أنيقة للتخزين. *💡 نصيحة الخبراء:-* استخدمي الرأس المسطح للمناطق الحساسة والوجه، ورأس التشذيب للشعر الطويل في الساقين واليدين للحصول على أفضل نتيجة! احصلي عليها الآن واستمتعي بثقة لا حدود لها! 🛍️✨ *الاصلي رقم واحد سراميك السعر فقط 4500 ريال فقط السعر فقط 32 ريال سعودي 🔴للحجز او الأستفسار واتساب على الرقم: 📞 780804014 ➖➖➖➖➖➖➖➖ 🎉 انضم إلى عائلة متجر غيث 🛒 ✔️ أفضل العروض ✔️ أحدث المنتجات ✔️ كل جديد أولًا بأول ➖ رابط المجتمع: https://chat.whatsapp.com/J0ZTVW6fNYI46uarWgylky ➖ رابط القناة: https://whatsapp.com/channel/0029VbBbsuYCRs1uhXSMST3X ➖ رابط الكتلوج: https://wa.me/c/967780804014,https://api.whatsapp.com/send,https://video.forn3-2.fna.fbcdn.net/o1/v/t2/f2/m412/AQOfmwsqOyB89E70wrZICNwGK5dIYtBde9jLFZfsvgE0FieMhB7xkO21qPBQFyO-XlHLnncLWIZQQpcpkDZ7rnQVbEl92ZbrzFPq9yOaDg.mp4?_nc_cat=105&_nc_oc=AdoLMKnZvqke23FkrZyzauBRMoK4QbNEQeWAdkVEiH_iS1grkqecK6xywpE5Xz7pUIE&_nc_sid=ef5aa3&_nc_ht=video.forn3-2.fna.fbcdn.net&_nc_ohc=5VSkqDaq6YYQ7kNvwH2UtWa&efg=eyJ2ZW5jb2RlX3RhZyI6Inhwdl9wcm9ncmVzc2l2ZS5WSV9VU0VDQVNFX1BST0RVQ1RfVFlQRS4uQzMuMzYwLnN2ZV9zZCIsInhwdl9hc3NldF9pZCI6MTA4ODc3Nzc3MzY2MjY5MiwiYXNzZXRfYWdlX2RheXMiOjE0LCJ2aV91c2VjYXNlX2lkIjoxMjM3MywiZHVyYXRpb25fcyI6MjIsInVybGdlbl9zb3VyY2UiOiJ3d3cifQ%3D%3D&ccb=17-1&_nc_gid=arF1JJ9oYrL65gA7H74bEA&_nc_ss=7a289&_nc_map=urlgen_bucketless&_nc_zt=28&oh=00_AQLTn0vERrSLNIROl0e3gpjRx3uidFQCRwFQffEVLvhEyg&oe=6AA72389,https://www.facebook.com/ads/library/?id=1614633976853234,جهاز ازالة,2026-09-09T10:32:22+00:00
1994769854557757,LY,SYY-A,2026-08-26,14,0,14,(مدبلج) صانع الإمبراطورية ومدمرها | الملياردير كريم المرشدي، عاش متخفيًا لدعم زوجته ليلى سالم. لكنها ردت الجميل بخيانة طعنت شرفه مع مدربها. وعندماتجرأ عشيقها واعتدى على عائلته، كانت الصدمة وقوفها في صفه ضدهم! الآن، سقط قناع التواضع وانكشفت الحقيقة.,https://fb.netshort.com/netshort-h5-landing-page/wTuId1LQfE4.html?pid=metaweb_int&c={{campaign.name}}&af_c_id={{campaign.id}}&af_adset={{adset.name}}&af_adset_id={{adset.id}}&af_ad={{ad.name}}&af_ad_id={{ad.id}}&af_channel={{placement}}&af_siteid={{site_source_name}}&af_force_deeplink=true&type=1&link_id=2092538998868185090&af_sub2=0,https://video.forn3-5.fna.fbcdn.net/o1/v/t2/f2/m366/AQOXRaasKQASxQlDzgC39Qu3bQL_VdFdGAd9OSKXBR2dDD9z_HvQ05Ayvz6QEP1X_4jc8sDx5nFO9zYVq31BaUrbpZyaEDZ_3AjPetOgG2HYFA.mp4?_nc_cat=105&_nc_oc=AdpzmU4RDMVD4QGZjquFc7E3aHflANEWFRsROTBxsx2tHG2-MwR5VXiHWNiKE6zURUA&_nc_sid=b66105&_nc_ht=video.forn3-5.fna.fbcdn.net&_nc_ohc=P-rT__uklT4Q7kNvwFP6SQQ&efg=eyJ2ZW5jb2RlX3RhZyI6Inhwdl9wcm9ncmVzc2l2ZS5WSV9VU0VDQVNFX1BST0RVQ1RfVFlQRS4uQzMuNzIwLmRhc2hfaDI2NC1iYXNpYy1nZW4yXzcyMHAiLCJ4cHZfYXNzZXRfaWQiOjI0MjYyMzA2Nzc5MDEwMjQsImFzc2V0X2FnZV9kYXlzIjoxNywidmlfdXNlY2FzZV9pZCI6MTAxMzksImR1cmF0aW9uX3MiOjExOTYsInVybGdlbl9zb3VyY2UiOiJ3d3cifQ%3D%3D&ccb=17-1&vs=8ce3f8af76fb8f15&_nc_vs=HBksFQIYRWZiX2VwaGVtZXJhbC9GNzRBRjIyMEFFOUNCQkIxQjMwOUE0QjA0Njk1NTc4NF9tdF8xX3ZpZGVvX2Rhc2hpbml0Lm1wNBUAAsgBEgAVAhhAZmJfcGVybWFuZW50L0E3NDc0MzczODM0MTI1NzFFM0ExNDc5NDQ4NjI3QTg5X2F1ZGlvX2Rhc2hpbml0Lm1wNBUCAsgBEgAoABgAGwKIB3VzZV9vaWwBMRJwcm9ncmVzc2l2ZV9yZWNpcGUBMRUAACbAu5ibm6nPCBUCKAJDMywXQJKzVP3ztkYYGWRhc2hfaDI2NC1iYXNpYy1nZW4yXzcyMHARAHUAZbaeAQA&_nc_gid=hJglbvW5AauAVXFriWsP6g&_nc_ss=7a289&_nc_map=urlgen_bucketless&_nc_zt=28&oh=00_AQIvMlXiimwxmQ82yL_zHtN5OjFrTAhH_kjZioqnl34obQ&oe=6AA6F3A3,https://www.facebook.com/ads/library/?id=1994769854557757,إصدار جهاز هو إصدار,2026-09-09T10:12:45+00:00
1671963741165875,TN,Noor Pharma,2026-08-26,14,0,14,تعبت من الفطريات والتشققات؟ الحل عندنا! كريم نوور فارما للتخلص منها. نتيجة واضحة في أسبوع واحد فقط! وفّر الآن: 27 دينار للعبوة الواحدة 39 دينار لعبوتين (-15 دينار) 51 دينار لثلاث عبوات (-30 دينار) تركيبة طبيعية غنية بالمواد الطبيعة، مثل زبدة الشيا وزيت اللوز الحلو وفيتامين B12. يحدّ من تكاثر الفطريات ويخفف الجفاف والتشققات. لماذا تتردد؟ اتصل بنا على 23107027 للمزيد من المعلومات. العرض محدود لفترة قصيرة! | الحل الأول للشومبنيون 🦠في تونس,https://joudpharma.co/products/joud-pharma-anti-fungus,https://video.forn3-2.fna.fbcdn.net/o1/v/t2/f2/m366/AQN8AdujT7Ggc6LhDrMsWTHSaejp2wqx3JGORyOCxo8qlYFLRvhCSkEtujDov-1moorOm28GKDN2fIAf94b_OFCP3JBMokO0kEunkz_0MWBMgQ.mp4?_nc_cat=108&_nc_oc=Adqelfu0BpfAMJNZGkiyqRDEd6o8Ef2huar37Dfu_qQjctOvw3AiLqIh1qVskZLHkjk&_nc_sid=b66105&_nc_ht=video.forn3-2.fna.fbcdn.net&_nc_ohc=odqGuHkTsiEQ7kNvwHFcEIZ&efg=eyJ2ZW5jb2RlX3RhZyI6Inhwdl9wcm9ncmVzc2l2ZS5WSV9VU0VDQVNFX1BST0RVQ1RfVFlQRS4uQzMuNzIwLmRhc2hfaDI2NC1iYXNpYy1nZW4yXzcyMHAiLCJ4cHZfYXNzZXRfaWQiOjEwNDI4Nzk5Nzg2MjU1ODUsImFzc2V0X2FnZV9kYXlzIjoxMywidmlfdXNlY2FzZV9pZCI6MTAxMzksImR1cmF0aW9uX3MiOjEzNCwidXJsZ2VuX3NvdXJjZSI6Ind3dyJ9&ccb=17-1&vs=862c6a63eb2722ce&_nc_vs=HBksFQIYRWZiX2VwaGVtZXJhbC9EMTQwQUExQ0RBOTdBOEYzMkM5MTA3NUZFODJGMTZBM19tdF8xX3ZpZGVvX2Rhc2hpbml0Lm1wNBUAAsgBEgAVAhhAZmJfcGVybWFuZW50LzQ2NDlEMTlDMjJDRDEyQ0YxMjg4ODdDMzczNzJFRUI4X2F1ZGlvX2Rhc2hpbml0Lm1wNBUCAsgBEgAoABgAGwKIB3VzZV9vaWwBMRJwcm9ncmVzc2l2ZV9yZWNpcGUBMRUAACbi6NqqzZ_aAxUCKAJDMywXQGDep--dsi0YGWRhc2hfaDI2NC1iYXNpYy1nZW4yXzcyMHARAHUAZbaeAQA&_nc_gid=y4-heURqHVPg01zSR8NIsw&_nc_ss=7a289&_nc_map=urlgen_bucketless&_nc_zt=28&oh=00_AQKT1rDDV_hJ5P8KVAqoa0tskvyG0Iw8BFrIlK5htmigog&oe=6AA6F870,https://www.facebook.com/ads/library/?id=1671963741165875,لمدة ساعة العرض اللي,2026-09-09T09:14:02+00:00
1076593154817269,TN,Noor Pharma,2026-08-26,14,0,14,تعبت من الفطريات والتشققات؟ الحل عندنا! كريم نوور فارما للتخلص منها. نتيجة واضحة في أسبوع واحد فقط! وفّر الآن: 27 دينار للعبوة الواحدة 39 دينار لعبوتين (-15 دينار) 51 دينار لثلاث عبوات (-30 دينار) تركيبة طبيعية غنية بالمواد الطبيعة، مثل زبدة الشيا وزيت اللوز الحلو وفيتامين B12. يحدّ من تكاثر الفطريات ويخفف الجفاف والتشققات. لماذا تتردد؟ اتصل بنا على 23107027 للمزيد من المعلومات. العرض محدود لفترة قصيرة! | الحل الأول للشومبنيون 🦠في تونس,https://joudpharma.co/products/joud-pharma-anti-fungus,https://video.forn3-5.fna.fbcdn.net/o1/v/t2/f2/m366/AQMbrIk8nUQcg3IbbXvAmoL05NllLsVKWyNsw4bEieTrnAn_bCo5BtfD2weawpZLZSr_N66iM1da_DAaXgKH8e3Kjbv43grT3CfK1PdPHmx30g.mp4?_nc_cat=111&_nc_oc=AdqV4k81TkAtHhpbmR2JddlLsv-Hn9GQ7t-VHej-aqnAA_nmmYqFJAseSBqZ1t4Xgls&_nc_sid=b66105&_nc_ht=video.forn3-5.fna.fbcdn.net&_nc_ohc=X6Xgmpj0KFgQ7kNvwGAnEoy&efg=eyJ2ZW5jb2RlX3RhZyI6Inhwdl9wcm9ncmVzc2l2ZS5WSV9VU0VDQVNFX1BST0RVQ1RfVFlQRS4uQzMuNzIwLmRhc2hfaDI2NC1iYXNpYy1nZW4yXzcyMHAiLCJ4cHZfYXNzZXRfaWQiOjE3ODk1MDcyNzU1MTgzODAsImFzc2V0X2FnZV9kYXlzIjoxMywidmlfdXNlY2FzZV9pZCI6MTAxMzksImR1cmF0aW9uX3MiOjEzNCwidXJsZ2VuX3NvdXJjZSI6Ind3dyJ9&ccb=17-1&vs=ccb8c974889323b9&_nc_vs=HBksFQIYRWZiX2VwaGVtZXJhbC9CRDQzOUUyN0UyNEI1RDY1MDFEOERBODk2MkEyMDZBMV9tdF8xX3ZpZGVvX2Rhc2hpbml0Lm1wNBUAAsgBEgAVAhhAZmJfcGVybWFuZW50LzIyNDdCQzYzNzc1NjhDMTlFRjZBM0Q5RDc2NUI0N0E5X2F1ZGlvX2Rhc2hpbml0Lm1wNBUCAsgBEgAoABgAGwKIB3VzZV9vaWwBMRJwcm9ncmVzc2l2ZV9yZWNpcGUBMRUAACbYxteXhOOtBhUCKAJDMywXQGDYAAAAAAAYGWRhc2hfaDI2NC1iYXNpYy1nZW4yXzcyMHARAHUAZbaeAQA&_nc_gid=33ux97tUoGe-kxgcWR7LCw&_nc_ss=7a289&_nc_map=urlgen_bucketless&_nc_zt=28&oh=00_AQLvxgVjtIQorTaDshTjvmpFVTKk3cPnp29uAPdLFyJX4Q&oe=6AA70DF5,https://www.facebook.com/ads/library/?id=1076593154817269,لمدة ساعة العرض اللي,2026-09-09T09:14:02+00:00
1731706221441955,TN,Noor Pharma,2026-08-26,14,0,14,تعبت من الفطريات والتشققات؟ الحل عندنا! كريم نوور فارما للتخلص منها. نتيجة واضحة في أسبوع واحد فقط! وفّر الآن: 27 دينار للعبوة الواحدة 39 دينار لعبوتين (-15 دينار) 51 دينار لثلاث عبوات (-30 دينار) تركيبة طبيعية غنية بالمواد الطبيعة، مثل زبدة الشيا وزيت اللوز الحلو وفيتامين B12. يحدّ من تكاثر الفطريات ويخفف الجفاف والتشققات. لماذا تتردد؟ اتصل بنا على 23107027 للمزيد من المعلومات. العرض محدود لفترة قصيرة! | الحل الأول للشومبنيون 🦠في تونس,https://joudpharma.co/products/joud-pharma-anti-fungus,https://video.forn3-1.fna.fbcdn.net/o1/v/t2/f2/m366/AQPEmKJ9LBWMwPfLuMpYGdpof-hW0_W4wfrwa6TW9JoIwZRVA5Etf8g5TuqfZQa_sg6bLOpr8s33-PdZ3Nhv-MWOwhCOUWaiA6dQ8d8VBxVhIg.mp4?_nc_cat=108&_nc_oc=Adp0BFRlyFLCq2_y4_715fjZfcdk4s75FhkyYJTYZuYtVZO28kjnrvU1oeDH9BZSm1I&_nc_sid=b66105&_nc_ht=video.forn3-1.fna.fbcdn.net&_nc_ohc=VuD3Oy9SbxkQ7kNvwG8Qv7u&efg=eyJ2ZW5jb2RlX3RhZyI6Inhwdl9wcm9ncmVzc2l2ZS5WSV9VU0VDQVNFX1BST0RVQ1RfVFlQRS4uQzMuNzIwLmRhc2hfaDI2NC1iYXNpYy1nZW4yXzcyMHAiLCJ4cHZfYXNzZXRfaWQiOjEwMDEyOTI1Njk2MjMwMjQsImFzc2V0X2FnZV9kYXlzIjoxMywidmlfdXNlY2FzZV9pZCI6MTAxMzksImR1cmF0aW9uX3MiOjEzNCwidXJsZ2VuX3NvdXJjZSI6Ind3dyJ9&ccb=17-1&vs=2ec252ad26e46cb5&_nc_vs=HBksFQIYRWZiX2VwaGVtZXJhbC9ENjRBNjc4NDBDMjcyMkI2RTRENkU0QzQ1ODdBNDM4Nl9tdF8xX3ZpZGVvX2Rhc2hpbml0Lm1wNBUAAsgBEgAVAhhAZmJfcGVybWFuZW50LzBENDdGQ0UyMzU0NkNENzREOTg2QTNCRTNGRTBEMkIzX2F1ZGlvX2Rhc2hpbml0Lm1wNBUCAsgBEgAoABgAGwKIB3VzZV9vaWwBMRJwcm9ncmVzc2l2ZV9yZWNpcGUBMRUAACbg5-3-8qrHAxUCKAJDMywXQGDep--dsi0YGWRhc2hfaDI2NC1iYXNpYy1nZW4yXzcyMHARAHUAZbaeAQA&_nc_gid=33ux97tUoGe-kxgcWR7LCw&_nc_ss=7a289&_nc_map=urlgen_bucketless&_nc_zt=28&oh=00_AQIZVXsi7RYBu49Mso_k3ZZDwzALsC_16czww9z7Ov6V8g&oe=6AA6EFA0,https://www.facebook.com/ads/library/?id=1731706221441955,لمدة ساعة العرض اللي,2026-09-09T09:14:02+00:00
